date,revenue,room_nights,bookings,active_units_count,contributing_units_count,excluded_units_count,adr,occupancy_pct,revpar,revpar_smoothed,contributing_units_min_14d,contributing_units_max_14d,composition_shift_flag,revpar_percentile,base_tier_id,base_tier_label,tier_id,tier_label,tier_method
2024-01-01,3110.6666666666665,1.0,1.0,1,1,0,3110.67,4.35,1036.888888888889,444.3809523809524,1.0,1.0,False,100.0,5,Tier 5,5,Peak,quantile_fallback
2024-01-02,3110.6666666666665,1.0,0.0,1,1,0,3110.67,4.35,1036.888888888889,388.83333333333337,1.0,1.0,False,97.07673568818514,5,Tier 5,5,Peak,quantile_fallback
2024-01-03,3110.6666666666665,1.0,0.0,1,1,0,3110.67,4.35,1036.888888888889,345.6296296296297,1.0,1.0,False,87.4543239951279,5,Tier 5,5,Peak,quantile_fallback
2024-01-04,0.0,0.0,0.0,1,1,0,,0.0,0.0,311.0666666666667,1.0,1.0,False,77.95371498172959,4,Tier 4,4,High,quantile_fallback
2024-01-05,0.0,0.0,0.0,1,1,0,,0.0,0.0,282.7878787878788,1.0,1.0,False,70.28014616321559,4,Tier 4,4,High,quantile_fallback
2024-01-06,0.0,0.0,0.0,1,1,0,,0.0,0.0,264.84490740740745,1.0,3.0,True,65.16443361753959,4,Tier 4,4,High,quantile_fallback
2024-01-07,0.0,0.0,0.0,1,1,0,,0.0,0.0,253.85470085470087,1.0,3.0,True,59.926918392204634,3,Tier 3,3,Shoulder,quantile_fallback
2024-01-08,0.0,0.0,0.0,1,1,0,,0.0,0.0,242.49801587301587,1.0,3.0,True,55.66382460414129,3,Tier 3,3,Shoulder,quantile_fallback
2024-01-09,0.0,0.0,0.0,1,1,0,,0.0,0.0,171.3174603174603,1.0,3.0,True,34.348355663824606,2,Tier 2,2,Low,quantile_fallback
2024-01-10,0.0,0.0,0.0,1,1,0,,0.0,0.0,97.25396825396827,1.0,3.0,True,5.84652862362972,1,Tier 1,1,Soft,quantile_fallback
2024-01-11,0.0,0.0,0.0,1,1,0,,0.0,0.0,23.190476190476193,1.0,3.0,True,0.24360535931790497,1,Tier 1,1,Soft,quantile_fallback
2024-01-12,607.25,3.0,3.0,3,3,0,202.42,13.04,67.47222222222223,23.190476190476193,1.0,3.0,True,0.24360535931790497,1,Tier 1,1,Soft,quantile_fallback
2024-01-13,1097.75,5.0,2.0,3,3,0,219.55,21.74,121.97222222222223,23.190476190476193,1.0,3.0,True,0.24360535931790497,1,Tier 1,1,Soft,quantile_fallback
2024-01-14,853.75,4.0,0.0,3,3,0,213.44,17.39,94.86111111111111,49.19312169312169,1.0,3.0,True,1.9488428745432398,1,Tier 1,1,Soft,quantile_fallback
2024-01-15,363.25,2.0,0.0,3,3,0,181.62,8.7,40.361111111111114,77.03082010582011,1.0,4.0,True,3.7758830694275276,1,Tier 1,1,Soft,quantile_fallback
2024-01-16,0.0,0.0,0.0,3,3,0,,0.0,0.0,104.86851851851851,1.0,4.0,True,7.064555420219245,1,Tier 1,1,Soft,quantile_fallback
2024-01-17,0.0,0.0,0.0,3,3,0,,0.0,0.0,113.2042328042328,1.0,4.0,True,9.622411693057249,1,Tier 1,1,Soft,quantile_fallback
2024-01-18,0.0,0.0,0.0,3,3,0,,0.0,0.0,121.53994708994709,1.0,4.0,True,12.058465286236297,1,Tier 1,1,Soft,quantile_fallback
2024-01-19,0.0,0.0,0.0,3,3,0,,0.0,0.0,129.8756613756614,3.0,4.0,True,14.372716199756393,1,Tier 1,1,Soft,quantile_fallback
2024-01-20,0.0,0.0,0.0,3,3,0,,0.0,364.037037037037,137.02883597883599,3.0,5.0,True,16.443361753958587,1,Tier 1,1,Soft,quantile_fallback
2024-01-21,1400.4,1.0,1.0,4,4,0,1400.4,4.35,389.7277777777778,141.68915343915344,3.0,5.0,True,18.757612667478686,1,Tier 1,1,Soft,quantile_fallback
2024-01-22,1400.4,1.0,0.0,4,4,0,1400.4,4.35,389.7277777777778,145.75978835978836,3.0,5.0,True,20.584652862362972,2,Tier 2,2,Low,quantile_fallback
2024-01-23,1400.4,1.0,0.0,4,4,0,1400.4,4.35,116.7,172.3728835978836,3.0,6.0,True,34.71376370280146,2,Tier 2,2,Low,quantile_fallback
2024-01-24,1400.4,1.0,0.0,4,4,0,1400.4,4.35,116.7,212.1724867724868,3.0,6.0,True,46.28501827040195,3,Tier 3,3,Shoulder,quantile_fallback
2024-01-25,1400.4,1.0,0.0,4,4,0,1400.4,4.35,116.7,252.4522486772487,3.0,6.0,True,59.43970767356882,3,Tier 3,3,Shoulder,quantile_fallback
2024-01-26,236.5,1.0,1.0,5,5,0,236.5,4.35,167.61666666666667,292.0435185185185,3.0,6.0,True,73.5688185140073,4,Tier 4,4,High,quantile_fallback
2024-01-27,530.5,2.0,1.0,5,5,0,265.25,8.7,187.21666666666667,314.74341931216935,3.0,8.0,True,79.04993909866018,4,Tier 4,4,High,quantile_fallback
2024-01-28,0.0,0.0,0.0,5,5,0,,0.0,151.85,300.04484126984124,4.0,8.0,True,75.51766138855055,4,Tier 4,4,High,quantile_fallback
2024-01-29,2107.0,1.0,1.0,6,6,0,2107.0,4.35,412.94444444444446,278.51170634920635,4.0,8.0,True,69.42752740560292,4,Tier 4,4,High,quantile_fallback
2024-01-30,2107.0,1.0,0.0,6,6,0,2107.0,4.35,557.1944444444445,261.7816468253968,4.0,8.0,True,64.31181485992693,4,Tier 4,4,High,quantile_fallback
2024-01-31,2107.0,1.0,0.0,6,6,0,2107.0,4.35,563.9166666666666,268.12400793650795,4.0,8.0,True,66.99147381242388,4,Tier 4,4,High,quantile_fallback
2024-02-01,4359.0,2.0,1.0,6,6,0,2179.5,8.7,554.2777777777778,263.35873015873017,4.0,8.0,True,64.92082825822169,4,Tier 4,4,High,quantile_fallback
2024-02-02,3504.1666666666665,7.0,6.0,8,8,0,500.6,30.43,317.79861111111114,289.19761904761907,5.0,8.0,True,72.71619975639464,4,Tier 4,4,High,quantile_fallback
2024-02-03,3798.1666666666665,8.0,1.0,8,8,0,474.77,34.78,158.25694444444443,307.8291666666667,5.0,8.0,True,77.10109622411693,4,Tier 4,4,High,quantile_fallback
2024-02-04,552.6666666666666,3.0,1.0,8,8,0,184.22,13.04,88.2638888888889,329.2244047619048,5.0,8.0,True,84.04384896467722,5,Tier 5,5,Peak,quantile_fallback
2024-02-05,2166.5,1.0,1.0,8,8,0,2166.5,4.35,155.50694444444446,323.2738095238095,6.0,8.0,True,81.36419001218027,5,Tier 5,5,Peak,quantile_fallback
2024-02-06,2166.5,1.0,0.0,8,8,0,2166.5,4.35,205.49305555555557,297.94146825396825,6.0,8.0,True,74.42143727161998,4,Tier 4,4,High,quantile_fallback
2024-02-07,0.0,0.0,0.0,8,8,0,,0.0,49.986111111111114,273.79067460317464,6.0,8.0,True,68.69671132764921,4,Tier 4,4,High,quantile_fallback
2024-02-08,8466.0,2.0,2.0,8,8,0,4233.0,8.7,478.4444444444445,249.15972222222223,6.0,8.0,True,57.97807551766139,3,Tier 3,3,Shoulder,quantile_fallback
2024-02-09,8466.0,2.0,0.0,8,8,0,4233.0,8.7,428.4583333333333,222.7202380952381,8.0,8.0,False,49.20828258221681,3,Tier 3,3,Shoulder,quantile_fallback
2024-02-10,8466.0,2.0,0.0,8,8,0,4233.0,8.7,486.75,221.48759920634922,8.0,8.0,False,48.84287454323995,3,Tier 3,3,Shoulder,quantile_fallback
2024-02-11,0.0,0.0,0.0,8,8,0,,0.0,68.54166666666667,231.65079365079364,8.0,8.0,False,51.76613885505481,3,Tier 3,3,Shoulder,quantile_fallback
2024-02-12,0.0,0.0,0.0,8,8,0,,0.0,58.291666666666664,248.07390873015873,8.0,8.0,False,57.36906211936662,3,Tier 3,3,Shoulder,quantile_fallback
2024-02-13,221.5,1.0,1.0,8,8,0,221.5,4.35,219.08333333333334,246.6433531746032,8.0,8.0,False,57.247259439707676,3,Tier 3,3,Shoulder,quantile_fallback
2024-02-14,221.5,1.0,0.0,8,8,0,221.5,4.35,219.08333333333334,285.38690476190476,8.0,8.0,False,71.37637028014616,4,Tier 4,4,High,quantile_fallback
2024-02-15,0.0,0.0,0.0,8,8,0,,0.0,184.125,335.23809523809524,8.0,8.0,False,84.77466504263094,5,Tier 5,5,Peak,quantile_fallback
2024-02-16,7050.0,1.0,1.0,8,8,0,7050.0,4.35,300.5416666666667,337.68973214285717,8.0,8.0,False,85.3836784409257,5,Tier 5,5,Peak,quantile_fallback
2024-02-17,7050.0,1.0,0.0,8,8,0,7050.0,4.35,300.5416666666667,349.4136904761905,8.0,8.0,False,88.42874543239951,5,Tier 5,5,Peak,quantile_fallback
2024-02-18,7050.0,1.0,0.0,8,8,0,7050.0,4.35,318.1875,348.9486607142857,8.0,8.0,False,88.06333739342266,5,Tier 5,5,Peak,quantile_fallback
2024-02-19,0.0,0.0,0.0,8,8,0,,0.0,135.47916666666666,356.2113095238095,8.0,8.0,False,90.4993909866017,5,Tier 5,5,Peak,quantile_fallback
2024-02-20,3198.6666666666665,1.0,1.0,8,8,0,3198.67,4.35,747.9027777777778,364.9892857142857,8.0,8.0,False,92.08282582216809,5,Tier 5,5,Peak,quantile_fallback
2024-02-21,3198.6666666666665,1.0,0.0,8,8,0,3198.67,4.35,747.9027777777778,376.01924603174604,8.0,8.0,False,94.27527405602923,5,Tier 5,5,Peak,quantile_fallback
2024-02-22,3198.6666666666665,1.0,0.0,8,8,0,3198.67,4.35,512.7673611111111,390.0968253968254,8.0,8.0,False,97.32034104750305,5,Tier 5,5,Peak,quantile_fallback
2024-02-23,7411.5,12.0,12.0,8,8,0,617.62,52.17,592.59375,404.99920634920636,8.0,8.0,False,98.90377588306943,5,Tier 5,5,Peak,quantile_fallback
2024-02-24,7277.5,12.0,4.0,8,8,0,606.46,52.17,480.2395833333333,397.85257936507935,8.0,8.0,False,98.05115712545675,5,Tier 5,5,Peak,quantile_fallback
2024-02-25,224.0,1.0,1.0,8,8,0,224.0,4.35,170.21875,386.65218253968254,8.0,8.0,False,95.98051157125457,5,Tier 5,5,Peak,quantile_fallback
2024-02-26,2354.4,1.0,1.0,8,8,0,2354.4,4.35,181.1833333333333,398.89970238095236,8.0,8.0,False,98.29476248477467,5,Tier 5,5,Peak,quantile_fallback
2024-02-27,4520.9,2.0,1.0,8,8,0,2260.45,8.7,373.50277777777774,429.62490079365085,8.0,8.0,False,99.87819732034104,5,Tier 5,5,Peak,quantile_fallback
2024-02-28,4520.9,2.0,0.0,8,8,0,2260.45,8.7,416.1694444444444,424.7231150793651,8.0,8.0,False,99.7563946406821,5,Tier 5,5,Peak,quantile_fallback
2024-02-29,3142.0666666666666,5.0,4.0,8,8,0,628.41,21.74,392.7583333333333,401.7784226190476,8.0,8.0,False,98.53836784409256,5,Tier 5,5,Peak,quantile_fallback
2024-03-01,3615.0666666666666,7.0,2.0,8,8,0,516.44,30.43,200.4888888888889,405.0909226190476,8.0,8.0,False,99.02557856272838,5,Tier 5,5,Peak,quantile_fallback
2024-03-02,1850.6666666666665,8.0,3.0,8,8,0,231.33,34.78,143.73611111111111,390.7332120811288,8.0,9.0,True,97.56394640682095,5,Tier 5,5,Peak,quantile_fallback
2024-03-03,9974.333333333334,2.0,2.0,8,8,0,4987.17,8.7,489.6527777777778,378.63757164903006,8.0,9.0,True,95.00609013398295,5,Tier 5,5,Peak,quantile_fallback
2024-03-04,9974.333333333334,2.0,0.0,8,8,0,4987.17,8.7,565.6319444444445,389.3193893298061,8.0,9.0,True,97.1985383678441,5,Tier 5,5,Peak,quantile_fallback
2024-03-05,9974.333333333334,2.0,0.0,8,8,0,4987.17,8.7,679.2777777777779,401.1267526455027,8.0,9.0,True,98.41656516443362,5,Tier 5,5,Peak,quantile_fallback
2024-03-06,1218.0833333333333,6.0,6.0,8,8,0,203.01,26.09,426.6770833333333,391.6392526455027,8.0,9.0,True,97.6857490864799,5,Tier 5,5,Peak,quantile_fallback
2024-03-07,3398.75,15.0,9.0,8,8,0,226.58,65.22,559.1423611111111,388.31780202821875,8.0,9.0,True,96.95493300852618,5,Tier 5,5,Peak,quantile_fallback
2024-03-08,4923.65,18.0,10.0,9,9,0,273.54,78.26,391.58580246913584,390.10464065255735,8.0,9.0,True,97.442143727162,5,Tier 5,5,Peak,quantile_fallback
2024-03-09,5602.816666666667,19.0,7.0,9,9,0,294.89,82.61,310.90061728395057,403.1896494708995,8.0,9.0,True,98.78197320341047,5,Tier 5,5,Peak,quantile_fallback
2024-03-10,3885.633333333333,17.0,12.0,9,9,0,228.57,73.91,319.7641975308642,420.73054453262785,8.0,9.0,True,99.63459196102315,5,Tier 5,5,Peak,quantile_fallback
2024-03-11,4607.133333333333,19.0,4.0,9,9,0,242.48,82.61,346.4864197530864,410.7099757495591,8.0,9.0,True,99.2691839220463,5,Tier 5,5,Peak,quantile_fallback
2024-03-12,3450.2999999999997,16.0,5.0,9,9,0,215.64,69.57,240.67777777777778,386.9968915343916,8.0,9.0,True,96.46772228989038,5,Tier 5,5,Peak,quantile_fallback
2024-03-13,3069.5666666666666,14.0,5.0,9,9,0,219.25,60.87,369.6691358024691,355.5436728395062,8.0,9.0,True,90.37758830694276,5,Tier 5,5,Peak,quantile_fallback
2024-03-14,2652.9,12.0,5.0,9,9,0,221.08,52.17,417.77407407407406,356.6633432539683,8.0,9.0,True,90.62119366626065,5,Tier 5,5,Peak,quantile_fallback
2024-03-15,3845.8333333333335,15.0,11.0,9,9,0,256.39,65.22,383.67901234567904,363.46957671957676,9.0,9.0,False,91.96102314250913,5,Tier 5,5,Peak,quantile_fallback
2024-03-16,4092.3333333333335,16.0,4.0,9,9,0,255.77,69.57,389.30864197530866,387.27649911816576,9.0,9.0,False,96.58952496954933,5,Tier 5,5,Peak,quantile_fallback
2024-03-17,3013.85,5.0,3.0,9,9,0,602.77,21.74,349.36481481481485,402.2425925925926,9.0,9.0,False,98.66017052375152,5,Tier 5,5,Peak,quantile_fallback
2024-03-18,2746.516666666667,4.0,1.0,9,9,0,686.63,17.39,233.64876543209877,392.9706349206349,9.0,9.0,False,97.80755176613886,5,Tier 5,5,Peak,quantile_fallback
2024-03-19,2889.1833333333334,5.0,1.0,9,9,0,577.84,21.74,238.9327160493827,383.10123456790126,9.0,9.0,False,95.3714981729598,5,Tier 5,5,Peak,quantile_fallback
2024-03-20,3294.6833333333334,7.0,2.0,9,9,0,470.67,30.43,442.35246913580255,398.508950617284,9.0,9.0,False,98.17295980511571,5,Tier 5,5,Peak,quantile_fallback
2024-03-21,3870.766666666667,9.0,4.0,9,9,0,430.09,39.13,654.4296296296296,408.03853615520285,9.0,9.0,False,99.14738124238734,5,Tier 5,5,Peak,quantile_fallback
2024-03-22,9787.5,1.0,1.0,9,9,0,9787.5,4.35,724.8827160493828,416.01697530864203,9.0,9.0,False,99.51278928136419,5,Tier 5,5,Peak,quantile_fallback
2024-03-23,9787.5,1.0,0.0,9,9,0,9787.5,4.35,520.425925925926,415.38536155202826,9.0,9.0,False,99.39098660170524,5,Tier 5,5,Peak,quantile_fallback
2024-03-24,798.3333333333333,4.0,4.0,9,9,0,199.58,17.39,189.95679012345678,394.0714285714286,9.0,9.0,False,97.92935444579781,5,Tier 5,5,Peak,quantile_fallback
2024-03-25,1095.0,6.0,3.0,9,9,0,182.5,26.09,208.3148148148148,378.27376543209874,9.0,9.0,False,94.76248477466504,5,Tier 5,5,Peak,quantile_fallback
2024-03-26,3681.75,8.0,2.0,9,9,0,460.22,34.78,456.38580246913585,376.01049382716053,9.0,9.0,False,94.15347137637028,5,Tier 5,5,Peak,quantile_fallback
2024-03-27,3021.9166666666665,5.0,1.0,9,9,0,604.38,21.74,503.0833333333333,373.8440035273369,9.0,9.0,False,93.54445797807551,5,Tier 5,5,Peak,quantile_fallback
2024-03-28,3734.4166666666665,8.0,4.0,9,9,0,466.8,34.78,529.4722222222222,385.8651234567901,9.0,9.0,False,95.85870889159561,5,Tier 5,5,Peak,quantile_fallback
2024-03-29,4840.916666666667,12.0,6.0,9,9,0,403.41,52.17,374.83641975308643,385.3192239858907,9.0,9.0,False,95.49330085261876,5,Tier 5,5,Peak,quantile_fallback
2024-03-30,2454.6666666666665,11.0,3.0,9,9,0,223.15,47.83,90.91358024691357,386.73368606701945,9.0,9.0,False,96.10231425091352,5,Tier 5,5,Peak,quantile_fallback
2024-03-31,3461.3333333333335,1.0,1.0,9,9,0,3461.33,4.35,128.19753086419755,378.3328924162258,9.0,9.0,False,94.884287454324,5,Tier 5,5,Peak,quantile_fallback
2024-04-01,3461.3333333333335,1.0,0.0,9,9,0,3461.33,4.35,201.96296296296296,377.95568783068785,9.0,9.0,False,94.64068209500608,5,Tier 5,5,Peak,quantile_fallback
2024-04-02,3461.3333333333335,1.0,0.0,9,9,0,3461.33,4.35,208.60185185185185,373.8796296296297,9.0,9.0,False,93.66626065773447,5,Tier 5,5,Peak,quantile_fallback
2024-04-03,4723.5,2.0,2.0,9,9,0,2361.75,8.7,610.6481481481483,352.0842151675485,9.0,9.0,False,89.03775883069429,5,Tier 5,5,Peak,quantile_fallback
2024-04-04,4723.5,2.0,0.0,9,9,0,2361.75,8.7,646.7870370370371,326.9532627865961,9.0,9.0,False,83.19123020706456,5,Tier 5,5,Peak,quantile_fallback
2024-04-05,6869.666666666667,3.0,3.0,9,9,0,2289.89,13.04,744.6851851851852,289.1338183421517,9.0,9.0,False,72.59439707673569,4,Tier 4,4,High,quantile_fallback
2024-04-06,7250.666666666667,5.0,2.0,9,9,0,1450.13,21.74,402.81481481481484,273.98015873015873,9.0,9.0,False,68.81851400730817,4,Tier 4,4,High,quantile_fallback
2024-04-07,601.6666666666666,3.0,0.0,9,9,0,200.56,13.04,184.67592592592592,281.1324955908289,9.0,9.0,False,70.15834348355664,4,Tier 4,4,High,quantile_fallback
2024-04-08,0.0,0.0,0.0,9,9,0,,0.0,151.25,279.5542328042328,9.0,9.0,False,69.79293544457978,4,Tier 4,4,High,quantile_fallback
2024-04-09,0.0,0.0,0.0,9,9,0,,0.0,151.25,267.22354497354496,9.0,9.0,False,66.38246041412911,4,Tier 4,4,High,quantile_fallback
2024-04-10,0.0,0.0,0.0,9,9,0,,0.0,151.25,252.3234126984127,9.0,9.0,False,59.31790499390986,3,Tier 3,3,Shoulder,quantile_fallback
2024-04-11,0.0,0.0,0.0,9,9,0,,0.0,0.0,208.70568783068782,9.0,9.0,False,45.55420219244824,3,Tier 3,3,Shoulder,quantile_fallback
2024-04-12,2928.3333333333335,11.0,11.0,9,9,0,266.21,47.83,162.6851851851852,164.85582010582013,9.0,9.0,False,30.81607795371498,2,Tier 2,2,Low,quantile_fallback
2024-04-13,3438.8333333333335,13.0,3.0,9,9,0,264.53,56.52,191.0462962962963,123.57208994708995,9.0,9.0,False,12.78928136419001,1,Tier 1,1,Soft,quantile_fallback
2024-04-14,1909.8333333333335,7.0,0.0,9,9,0,272.83,30.43,106.10185185185186,110.55092592592591,9.0,9.0,False,9.013398294762483,1,Tier 1,1,Soft,quantile_fallback
2024-04-15,528.0,2.0,0.0,9,9,0,264.0,8.7,29.333333333333332,112.8449074074074,9.0,10.0,True,9.500609013398295,1,Tier 1,1,Soft,quantile_fallback
2024-04-16,0.0,0.0,0.0,9,9,0,,0.0,0.0,115.2243716931217,9.0,10.0,True,10.596833130328868,1,Tier 1,1,Soft,quantile_fallback
2024-04-17,0.0,0.0,0.0,9,9,0,,0.0,0.0,117.60383597883597,9.0,10.0,True,11.449451887941535,1,Tier 1,1,Soft,quantile_fallback
2024-04-18,592.0,3.0,3.0,9,9,0,197.33,13.04,32.888888888888886,119.98330026455027,9.0,10.0,True,11.571254567600487,1,Tier 1,1,Soft,quantile_fallback
2024-04-19,3000.833333333333,13.0,10.0,9,9,0,230.83,56.52,166.71296296296293,128.30026455026456,9.0,10.0,True,14.12911084043849,1,Tier 1,1,Soft,quantile_fallback
2024-04-20,3969.333333333333,16.0,3.0,9,9,0,248.08,69.57,220.5185185185185,127.32007275132274,9.0,10.0,True,13.398294762484774,1,Tier 1,1,Soft,quantile_fallback
2024-04-21,4335.833333333333,12.0,2.0,10,10,0,361.32,52.17,216.79166666666666,126.49444444444444,9.0,10.0,True,13.276492082825822,1,Tier 1,1,Soft,quantile_fallback
2024-04-22,3691.25,2.0,1.0,10,10,0,1845.62,8.7,184.5625,122.5898478835979,9.0,10.0,True,12.18026796589525,1,Tier 1,1,Soft,quantile_fallback
2024-04-23,3691.25,2.0,0.0,10,10,0,1845.62,8.7,184.5625,129.3776455026455,9.0,10.0,True,14.250913520097441,1,Tier 1,1,Soft,quantile_fallback
2024-04-24,3691.25,2.0,0.0,10,10,0,1845.62,8.7,184.5625,152.6556216931217,9.0,10.0,True,24.725943970767357,2,Tier 2,2,Low,quantile_fallback
2024-04-25,2328.75,3.0,2.0,10,10,0,776.25,13.04,116.4375,177.773955026455,9.0,10.0,True,36.4190012180268,2,Tier 2,2,Low,quantile_fallback
2024-04-26,2979.25,12.0,10.0,10,10,0,248.27,52.17,148.9625,200.54308201058203,9.0,10.0,True,44.579780755176614,3,Tier 3,3,Shoulder,quantile_fallback
2024-04-27,3589.75,14.0,3.0,10,10,0,256.41,60.87,179.4875,209.21882275132273,9.0,10.0,True,45.676004872107185,3,Tier 3,3,Shoulder,quantile_fallback
2024-04-28,1028.75,5.0,0.0,10,10,0,205.75,21.74,51.4375,214.99059523809524,10.0,10.0,False,47.198538367844094,3,Tier 3,3,Shoulder,quantile_fallback
2024-04-29,197.75,1.0,0.0,10,10,0,197.75,4.35,124.3625,212.18571428571428,10.0,10.0,False,46.467722289890375,3,Tier 3,3,Shoulder,quantile_fallback
2024-04-30,4228.333333333334,2.0,2.0,10,10,0,2114.17,8.7,325.8916666666667,199.81339285714287,10.0,10.0,False,44.214372716199755,3,Tier 3,3,Shoulder,quantile_fallback
2024-05-01,4228.333333333334,2.0,0.0,10,10,0,2114.17,8.7,351.65666666666664,193.72321428571428,10.0,10.0,False,41.961023142509134,3,Tier 3,3,Shoulder,quantile_fallback
2024-05-02,4228.333333333334,2.0,0.0,10,10,0,2114.17,8.7,351.65666666666664,187.63303571428574,10.0,10.0,False,39.342265529841654,2,Tier 2,2,Low,quantile_fallback
2024-05-03,2958.6666666666665,12.0,12.0,10,10,0,246.56,52.17,288.17333333333335,187.21964285714284,10.0,10.0,False,38.79415347137637,2,Tier 2,2,Low,quantile_fallback
2024-05-04,3221.6666666666665,13.0,3.0,10,10,0,247.82,56.52,301.3233333333334,197.82589285714286,10.0,10.0,False,43.057247259439706,3,Tier 3,3,Shoulder,quantile_fallback
2024-05-05,745.6666666666666,3.0,0.0,10,10,0,248.56,13.04,177.52333333333334,217.49464285714288,10.0,10.0,False,47.929354445797806,3,Tier 3,3,Shoulder,quantile_fallback
2024-05-06,227.0,1.0,1.0,10,10,0,227.0,4.35,11.35,225.06339285714287,10.0,10.0,False,49.87819732034105,3,Tier 3,3,Shoulder,quantile_fallback
2024-05-07,1986.0,1.0,1.0,10,10,0,1986.0,4.35,99.3,216.18035714285716,10.0,10.0,False,47.442143727162,3,Tier 3,3,Shoulder,quantile_fallback
2024-05-08,1986.0,1.0,0.0,10,10,0,1986.0,4.35,99.3,192.90238095238095,10.0,10.0,False,40.92570036540804,3,Tier 3,3,Shoulder,quantile_fallback
2024-05-09,2213.0,1.0,1.0,10,10,0,2213.0,4.35,110.65,180.13285714285715,10.0,10.0,False,37.088915956151034,2,Tier 2,2,Low,quantile_fallback
2024-05-10,5949.0,2.0,1.0,10,10,0,2974.5,8.7,297.45,168.63119047619048,10.0,10.0,False,33.19123020706456,2,Tier 2,2,Low,quantile_fallback
2024-05-11,5949.0,2.0,0.0,10,10,0,2974.5,8.7,454.85,165.9527380952381,10.0,10.0,False,31.912302070645556,2,Tier 2,2,Low,quantile_fallback
2024-05-12,0.0,0.0,0.0,10,10,0,,0.0,157.4,157.84815476190474,10.0,10.0,False,27.22289890377588,2,Tier 2,2,Low,quantile_fallback
2024-05-13,0.0,0.0,0.0,10,10,0,,0.0,0.0,158.63642857142855,10.0,10.0,False,28.197320341047504,2,Tier 2,2,Low,quantile_fallback
2024-05-14,0.0,0.0,0.0,10,10,0,,0.0,0.0,168.8519642857143,10.0,10.0,False,33.43483556638246,2,Tier 2,2,Low,quantile_fallback
2024-05-15,0.0,0.0,0.0,10,10,0,,0.0,172.88333333333333,167.32999999999998,10.0,10.0,False,32.70401948842874,2,Tier 2,2,Low,quantile_fallback
2024-05-16,355.0,2.0,2.0,10,10,0,177.5,8.7,190.63333333333333,161.3857142857143,10.0,10.0,False,29.415347137637028,2,Tier 2,2,Low,quantile_fallback
2024-05-17,1555.8333333333333,8.0,6.0,10,10,0,194.48,34.78,250.675,185.65267857142857,10.0,10.0,False,38.00243605359318,2,Tier 2,2,Low,quantile_fallback
2024-05-18,2284.9333333333334,12.0,4.0,10,10,0,190.41,52.17,187.85916666666668,196.57678571428573,10.0,10.0,False,42.50913520097443,3,Tier 3,3,Shoulder,quantile_fallback
2024-05-19,864.9333333333333,6.0,1.0,10,10,0,144.16,26.09,188.55916666666667,192.36517857142854,10.0,10.0,False,40.74299634591961,3,Tier 3,3,Shoulder,quantile_fallback
2024-05-20,181.1,2.0,0.0,10,10,0,90.55,8.7,154.3675,193.54285714285717,10.0,10.0,False,41.71741778319123,3,Tier 3,3,Shoulder,quantile_fallback
2024-05-21,87.6,1.0,0.0,10,10,0,87.6,4.35,77.99249999999999,193.54285714285717,10.0,10.0,False,41.71741778319123,3,Tier 3,3,Shoulder,quantile_fallback
2024-05-22,321.6,2.0,1.0,10,10,0,160.8,8.7,16.080000000000002,194.46785714285716,10.0,10.0,False,42.265529841656516,3,Tier 3,3,Shoulder,quantile_fallback
2024-05-23,6904.75,2.0,2.0,10,10,0,3452.38,8.7,450.3875,227.60952380952378,10.0,10.0,False,50.548112058465286,3,Tier 3,3,Shoulder,quantile_fallback
2024-05-24,6904.75,2.0,0.0,10,10,0,3452.38,8.7,450.3875,267.01547619047614,10.0,10.0,False,66.1388550548112,4,Tier 4,4,High,quantile_fallback
2024-05-25,6904.75,2.0,0.0,10,10,0,3452.38,8.7,395.8875,316.37023809523805,10.0,10.0,False,79.65895249695494,4,Tier 4,4,High,quantile_fallback
2024-05-26,3477.75,2.0,1.0,10,10,0,1738.88,8.7,173.8875,325.64636904761903,10.0,10.0,False,82.03410475030451,5,Tier 5,5,Peak,quantile_fallback
2024-05-27,0.0,0.0,0.0,10,10,0,,0.0,0.0,326.1921428571428,10.0,10.0,False,82.76492082825823,5,Tier 5,5,Peak,quantile_fallback
2024-05-28,259.0,1.0,1.0,10,10,0,259.0,4.35,12.95,320.7230357142857,10.0,10.0,False,80.20706455542022,5,Tier 5,5,Peak,quantile_fallback
2024-05-29,259.0,1.0,0.0,10,10,0,259.0,4.35,636.8666666666666,315.15214285714285,10.0,10.0,False,79.53714981729598,4,Tier 4,4,High,quantile_fallback
2024-05-30,2368.0,1.0,1.0,10,10,0,2368.0,4.35,742.3166666666666,321.8571428571428,10.0,10.0,False,80.45066991473813,5,Tier 5,5,Peak,quantile_fallback
2024-05-31,6354.5,2.0,1.0,10,10,0,3177.25,8.7,941.6416666666667,308.5741071428571,10.0,10.0,False,77.64920828258222,4,Tier 4,4,High,quantile_fallback
2024-06-01,6354.5,2.0,0.0,10,10,0,3177.25,8.7,317.725,296.6392857142857,10.0,10.0,False,74.23873325213155,4,Tier 4,4,High,quantile_fallback
2024-06-02,2368.0,1.0,0.0,10,10,0,2368.0,4.35,196.2,269.70982142857144,10.0,10.0,False,67.41778319123021,4,Tier 4,4,High,quantile_fallback
2024-06-03,0.0,0.0,0.0,10,10,0,,0.0,77.8,268.38392857142856,10.0,10.0,False,67.1741778319123,4,Tier 4,4,High,quantile_fallback
2024-06-04,0.0,0.0,0.0,10,10,0,,0.0,0.0,278.9392857142857,10.0,10.0,False,69.61023142509136,4,Tier 4,4,High,quantile_fallback
2024-06-05,0.0,0.0,0.0,10,10,0,,0.0,109.95,284.5285714285714,10.0,10.0,False,70.95006090133982,4,Tier 4,4,High,quantile_fallback
2024-06-06,0.0,0.0,0.0,10,10,0,,0.0,264.425,252.12738095238092,10.0,10.0,False,59.074299634591966,3,Tier 3,3,Shoulder,quantile_fallback
2024-06-07,377.5,2.0,2.0,10,10,0,188.75,8.7,283.3,220.65119047619046,10.0,10.0,False,48.59926918392205,3,Tier 3,3,Shoulder,quantile_fallback
2024-06-08,377.5,2.0,0.0,10,10,0,188.75,8.7,18.875,168.4232142857143,10.0,10.0,False,32.947624847746646,2,Tier 2,2,Low,quantile_fallback
2024-06-09,151.0,1.0,0.0,10,10,0,151.0,4.35,155.325,154.18571428571428,10.0,10.0,False,25.6394640682095,2,Tier 2,2,Low,quantile_fallback
2024-06-10,0.0,0.0,0.0,10,10,0,,0.0,147.775,148.62857142857143,10.0,10.0,False,22.228989037758833,2,Tier 2,2,Low,quantile_fallback
2024-06-11,1824.0,1.0,1.0,10,10,0,1824.0,4.35,91.2,143.07142857142858,10.0,10.0,False,19.549330085261875,1,Tier 1,1,Soft,quantile_fallback
2024-06-12,1824.0,1.0,0.0,10,10,0,1824.0,4.35,183.25,143.07142857142858,10.0,10.0,False,19.549330085261875,1,Tier 1,1,Soft,quantile_fallback
2024-06-13,4192.0,2.0,1.0,10,10,0,2096.0,8.7,301.65,152.18809523809523,10.0,10.0,False,24.543239951278927,2,Tier 2,2,Low,quantile_fallback
2024-06-14,2368.0,1.0,0.0,10,10,0,2368.0,4.35,210.45,158.12440476190474,10.0,10.0,False,27.40560292326431,2,Tier 2,2,Low,quantile_fallback
2024-06-15,2368.0,1.0,0.0,10,10,0,2368.0,4.35,118.4,173.83392857142854,10.0,10.0,False,35.07917174177832,2,Tier 2,2,Low,quantile_fallback
2024-06-16,2368.0,1.0,0.0,10,10,0,2368.0,4.35,118.4,198.55357142857142,10.0,10.0,False,43.54445797807552,3,Tier 3,3,Shoulder,quantile_fallback
2024-06-17,0.0,0.0,0.0,10,10,0,,0.0,0.0,187.45892857142857,10.0,10.0,False,39.03775883069427,2,Tier 2,2,Low,quantile_fallback
2024-06-18,0.0,0.0,0.0,10,10,0,,0.0,0.0,176.90357142857144,10.0,10.0,False,36.23629719853837,2,Tier 2,2,Low,quantile_fallback
2024-06-19,1986.0,1.0,1.0,10,10,0,1986.0,4.35,237.58333333333331,170.38928571428573,10.0,10.0,False,33.982947624847746,2,Tier 2,2,Low,quantile_fallback
2024-06-20,1986.0,1.0,0.0,10,10,0,1986.0,4.35,347.5333333333333,157.29999999999998,10.0,10.0,False,26.73568818514007,2,Tier 2,2,Low,quantile_fallback
2024-06-21,5100.0,1.0,1.0,10,10,0,5100.0,4.35,503.2333333333333,153.81666666666666,10.0,10.0,False,25.395858708891595,2,Tier 2,2,Low,quantile_fallback
2024-06-22,5100.0,1.0,0.0,10,10,0,5100.0,4.35,364.95,157.65654761904761,10.0,10.0,False,26.979293544457978,2,Tier 2,2,Low,quantile_fallback
2024-06-23,0.0,0.0,0.0,10,10,0,,0.0,0.0,158.55357142857142,10.0,10.0,False,28.01461632155907,2,Tier 2,2,Low,quantile_fallback
2024-06-24,0.0,0.0,0.0,10,10,0,,0.0,0.0,150.09642857142856,10.0,10.0,False,23.26431181485993,2,Tier 2,2,Low,quantile_fallback
2024-06-25,0.0,0.0,0.0,10,10,0,,0.0,0.0,154.46785714285713,10.0,10.0,False,25.883069427527406,2,Tier 2,2,Low,quantile_fallback
2024-06-26,0.0,0.0,0.0,10,10,0,,0.0,0.0,165.56666666666663,10.0,10.0,False,31.181485992691837,2,Tier 2,2,Low,quantile_fallback
2024-06-27,0.0,0.0,0.0,10,10,0,,0.0,252.8833333333333,165.78154761904761,10.0,10.0,False,31.485992691839222,2,Tier 2,2,Low,quantile_fallback
2024-06-28,226.5,1.0,1.0,10,10,0,226.5,4.35,264.2083333333333,163.44464285714284,10.0,10.0,False,30.633373934226555,2,Tier 2,2,Low,quantile_fallback
2024-06-29,226.5,1.0,0.0,10,10,0,226.5,4.35,130.95833333333331,134.38928571428573,10.0,10.0,False,15.590742996345918,1,Tier 1,1,Soft,quantile_fallback
2024-06-30,0.0,0.0,0.0,10,10,0,,0.0,0.0,109.09464285714286,10.0,10.0,False,8.343483556638246,1,Tier 1,1,Soft,quantile_fallback
2024-07-01,1224.0,1.0,1.0,10,10,0,1224.0,4.35,61.2,115.10892857142858,10.0,10.0,False,10.414129110840438,1,Tier 1,1,Soft,quantile_fallback
2024-07-02,3107.666666666667,2.0,1.0,10,10,0,1553.83,8.7,155.38333333333335,127.59910714285716,10.0,10.0,False,13.885505481120585,1,Tier 1,1,Soft,quantile_fallback
2024-07-03,2074.3333333333335,2.0,1.0,10,10,0,1037.17,8.7,240.5916666666667,134.8482142857143,10.0,10.0,False,15.834348355663824,1,Tier 1,1,Soft,quantile_fallback
2024-07-04,2280.8333333333335,3.0,1.0,10,10,0,760.28,13.04,314.8166666666667,142.09732142857143,10.0,10.0,False,19.18392204628502,1,Tier 1,1,Soft,quantile_fallback
2024-07-05,651.1666666666666,3.0,1.0,10,10,0,217.06,13.04,96.45833333333333,143.97261904761905,10.0,10.0,False,19.914738124238735,1,Tier 1,1,Soft,quantile_fallback
2024-07-06,216.5,1.0,1.0,10,10,0,216.5,4.35,10.825,139.5095238095238,10.0,10.0,False,18.087697929354444,1,Tier 1,1,Soft,quantile_fallback
2024-07-07,216.5,1.0,0.0,10,10,0,216.5,4.35,84.2,137.3845238095238,10.0,10.0,False,16.626065773447017,1,Tier 1,1,Soft,quantile_fallback
2024-07-08,2029.75,1.0,1.0,10,10,0,2029.75,4.35,174.8625,149.98869047619047,10.0,10.0,False,22.959805115712545,2,Tier 2,2,Low,quantile_fallback
2024-07-09,2029.75,1.0,0.0,10,10,0,2029.75,4.35,101.4875,158.2214285714286,10.0,10.0,False,27.77101096224117,2,Tier 2,2,Low,quantile_fallback
2024-07-10,2029.75,1.0,0.0,10,10,0,2029.75,4.35,101.4875,151.49404761904765,10.0,10.0,False,24.056029232643116,2,Tier 2,2,Low,quantile_fallback
2024-07-11,2029.75,1.0,0.0,10,10,0,2029.75,4.35,279.1375,148.2029761904762,10.0,10.0,False,21.985383678440925,2,Tier 2,2,Low,quantile_fallback
2024-07-12,481.5,2.0,2.0,10,10,0,240.75,8.7,201.725,135.7779761904762,10.0,10.0,False,16.07795371498173,1,Tier 1,1,Soft,quantile_fallback
2024-07-13,481.5,2.0,0.0,10,10,0,240.75,8.7,101.20833333333334,139.75892857142858,10.0,10.0,False,18.331303288672352,1,Tier 1,1,Soft,quantile_fallback
2024-07-14,1986.5,1.0,1.0,10,10,0,1986.5,4.35,176.45833333333334,140.33392857142857,10.0,10.0,False,18.574908647990256,1,Tier 1,1,Soft,quantile_fallback
2024-07-15,1986.5,1.0,0.0,10,10,0,1986.5,4.35,176.45833333333334,134.31964285714287,10.0,10.0,False,15.347137637028013,1,Tier 1,1,Soft,quantile_fallback
2024-07-16,1224.0,1.0,1.0,10,10,0,1224.0,4.35,61.2,130.94553571428574,10.0,10.0,False,14.859926918392205,1,Tier 1,1,Soft,quantile_fallback
2024-07-17,1224.0,1.0,0.0,10,10,0,1224.0,4.35,194.51666666666668,132.8125,10.0,10.0,False,15.042630937880633,1,Tier 1,1,Soft,quantile_fallback
2024-07-18,151.0,1.0,1.0,10,10,0,151.0,4.35,140.86666666666667,130.15089285714285,10.0,10.0,False,14.494518879415347,1,Tier 1,1,Soft,quantile_fallback
2024-07-19,377.5,2.0,1.0,10,10,0,188.75,8.7,152.19166666666666,115.48839285714284,10.0,10.0,False,10.71863580998782,1,Tier 1,1,Soft,quantile_fallback
2024-07-20,377.5,2.0,0.0,10,10,0,188.75,8.7,18.875,101.76785714285714,10.0,10.0,False,6.455542021924482,1,Tier 1,1,Soft,quantile_fallback
2024-07-21,0.0,0.0,0.0,10,10,0,,0.0,0.0,95.22708333333334,10.0,10.0,False,5.724725943970768,1,Tier 1,1,Soft,quantile_fallback
2024-07-22,2552.5,1.0,1.0,10,10,0,2552.5,4.35,127.625,83.31130952380953,10.0,10.0,False,4.689403166869671,1,Tier 1,1,Soft,quantile_fallback
2024-07-23,2552.5,1.0,0.0,10,10,0,2552.5,4.35,127.625,72.28214285714286,10.0,10.0,False,3.5931790499390983,1,Tier 1,1,Soft,quantile_fallback
2024-07-24,1284.5,2.0,2.0,10,10,0,642.25,8.7,64.225,67.91071428571429,10.0,10.0,False,3.1059683313032886,1,Tier 1,1,Soft,quantile_fallback
2024-07-25,1477.25,3.0,1.0,10,10,0,492.42,13.04,73.8625,62.47380952380952,10.0,10.0,False,2.6187576126674785,1,Tier 1,1,Soft,quantile_fallback
2024-07-26,192.75,1.0,0.0,10,10,0,192.75,4.35,9.6375,60.86904761904761,10.0,10.0,False,2.3751522533495737,1,Tier 1,1,Soft,quantile_fallback
2024-07-27,192.75,1.0,0.0,10,10,0,192.75,4.35,9.6375,68.3625,10.0,10.0,False,3.3495736906211935,1,Tier 1,1,Soft,quantile_fallback
2024-07-28,192.75,1.0,0.0,10,10,0,192.75,4.35,9.6375,85.37857142857145,10.0,10.0,False,5.054811205846529,1,Tier 1,1,Soft,quantile_fallback
2024-07-29,441.0,1.0,1.0,10,10,0,441.0,4.35,22.05,85.37857142857145,10.0,10.0,False,5.054811205846529,1,Tier 1,1,Soft,quantile_fallback
2024-07-30,0.0,0.0,0.0,10,10,0,,0.0,0.0,80.73928571428573,10.0,10.0,False,4.202192448233861,1,Tier 1,1,Soft,quantile_fallback
2024-07-31,2368.0,1.0,1.0,10,10,0,2368.0,4.35,118.4,77.77142857142859,10.0,10.0,False,3.958587088915956,1,Tier 1,1,Soft,quantile_fallback
2024-08-01,2368.0,1.0,0.0,10,10,0,2368.0,4.35,118.4,82.42857142857143,10.0,10.0,False,4.445797807551767,1,Tier 1,1,Soft,quantile_fallback
2024-08-02,5142.0,2.0,1.0,10,10,0,2571.0,8.7,257.1,98.48660714285714,10.0,10.0,False,6.272838002436054,1,Tier 1,1,Soft,quantile_fallback
2024-08-03,5142.0,2.0,0.0,10,10,0,2571.0,8.7,257.1,127.33035714285714,10.0,10.0,False,13.580998781973202,1,Tier 1,1,Soft,quantile_fallback
2024-08-04,0.0,0.0,0.0,10,10,0,,0.0,0.0,145.00625,10.0,10.0,False,20.15834348355664,1,Tier 1,1,Soft,quantile_fallback
2024-08-05,1253.5,1.0,1.0,10,10,0,1253.5,4.35,62.675,145.78333333333333,10.0,10.0,False,20.767356881851402,2,Tier 2,2,Low,quantile_fallback
2024-08-06,1721.5,3.0,2.0,10,10,0,573.83,13.04,86.075,146.44166666666666,10.0,10.0,False,21.254567600487213,2,Tier 2,2,Low,quantile_fallback
2024-08-07,2588.5,2.0,2.0,10,10,0,1294.25,8.7,129.425,150.11726190476193,10.0,10.0,False,23.447015834348356,2,Tier 2,2,Low,quantile_fallback
2024-08-08,2846.5,3.0,1.0,10,10,0,948.83,13.04,298.675,149.44583333333335,10.0,10.0,False,22.472594397076737,2,Tier 2,2,Low,quantile_fallback
2024-08-09,5142.0,2.0,1.0,10,10,0,2571.0,8.7,413.45,162.13869047619048,10.0,10.0,False,29.90255785627284,2,Tier 2,2,Low,quantile_fallback
2024-08-10,5142.0,2.0,0.0,10,10,0,2571.0,8.7,257.1,161.10416666666669,10.0,10.0,False,28.68453105968331,2,Tier 2,2,Low,quantile_fallback
2024-08-11,410.33333333333337,2.0,2.0,10,10,0,205.17,8.7,20.51666666666667,152.7547619047619,10.0,10.0,False,24.908647990255787,2,Tier 2,2,Low,quantile_fallback
2024-08-12,625.3333333333334,3.0,1.0,10,10,0,208.44,13.04,31.26666666666667,161.79761904761907,10.0,10.0,False,29.65895249695493,2,Tier 2,2,Low,quantile_fallback
2024-08-13,1029.1666666666667,5.0,2.0,10,10,0,205.83,21.74,51.458333333333336,162.42321428571427,10.0,10.0,False,30.146163215590743,2,Tier 2,2,Low,quantile_fallback
2024-08-14,2180.0,5.0,3.0,10,10,0,436.0,21.74,109.0,161.37738095238095,10.0,10.0,False,29.17174177831912,2,Tier 2,2,Low,quantile_fallback
2024-08-15,2406.0,6.0,1.0,10,10,0,401.0,26.09,296.1,157.26130952380953,10.0,10.0,False,26.492082825822166,2,Tier 2,2,Low,quantile_fallback
2024-08-16,1336.3333333333333,6.0,3.0,10,10,0,222.72,26.09,242.61666666666665,136.67619047619047,10.0,10.0,False,16.260657734470158,1,Tier 1,1,Soft,quantile_fallback
2024-08-17,2804.1666666666665,4.0,1.0,10,10,0,701.04,17.39,140.20833333333331,107.89285714285714,10.0,10.0,False,7.856272838002436,1,Tier 1,1,Soft,quantile_fallback
2024-08-18,2532.0,3.0,1.0,10,10,0,844.0,13.04,126.6,98.06071428571428,10.0,10.0,False,6.029232643118148,1,Tier 1,1,Soft,quantile_fallback
2024-08-19,1428.6666666666665,2.0,1.0,10,10,0,714.33,8.7,71.43333333333332,106.02738095238097,10.0,10.0,False,7.2472594397076735,1,Tier 1,1,Soft,quantile_fallback
2024-08-20,1428.6666666666665,2.0,0.0,10,10,0,714.33,8.7,71.43333333333332,108.1654761904762,10.0,10.0,False,8.099878197320342,1,Tier 1,1,Soft,quantile_fallback
2024-08-21,1436.0,2.0,1.0,10,10,0,718.0,8.7,71.8,113.23273809523809,10.0,10.0,False,9.805115712545675,1,Tier 1,1,Soft,quantile_fallback
2024-08-22,209.66666666666666,1.0,0.0,10,10,0,209.67,4.35,10.483333333333333,109.81845238095238,10.0,10.0,False,8.830694275274057,1,Tier 1,1,Soft,quantile_fallback
2024-08-23,209.66666666666666,1.0,0.0,10,10,0,209.67,4.35,10.483333333333333,107.30892857142858,10.0,10.0,False,7.490864799025579,1,Tier 1,1,Soft,quantile_fallback
2024-08-24,2389.0,1.0,1.0,10,10,0,2389.0,4.35,119.45,109.34821428571426,10.0,10.0,False,8.587088915956151,1,Tier 1,1,Soft,quantile_fallback
2024-08-25,2641.0,2.0,1.0,10,10,0,1320.5,8.7,132.05,123.27321428571427,10.0,10.0,False,12.362971985383679,1,Tier 1,1,Soft,quantile_fallback
2024-08-26,1224.0,1.0,1.0,10,10,0,1224.0,4.35,61.2,123.52261904761905,10.0,10.0,False,12.606577344701583,1,Tier 1,1,Soft,quantile_fallback
2024-08-27,2448.0,2.0,1.0,10,10,0,1224.0,8.7,122.4,121.38214285714285,10.0,10.0,False,11.875761266747869,1,Tier 1,1,Soft,quantile_fallback
2024-08-28,1224.0,1.0,0.0,10,10,0,1224.0,4.35,61.2,116.2797619047619,10.0,10.0,False,11.0231425091352,1,Tier 1,1,Soft,quantile_fallback
2024-08-29,0.0,0.0,0.0,10,10,0,,0.0,260.96666666666664,111.15119047619046,10.0,10.0,False,9.317904993909867,1,Tier 1,1,Soft,quantile_fallback
2024-08-30,204.0,1.0,1.0,10,10,0,204.0,4.35,271.16666666666663,141.83184523809524,10.0,10.0,False,18.940316686967112,1,Tier 1,1,Soft,quantile_fallback
2024-08-31,1483.8333333333335,7.0,6.0,10,10,0,211.98,30.43,335.1583333333333,178.06369047619046,10.0,10.0,False,36.601705237515226,2,Tier 2,2,Low,quantile_fallback
2024-09-01,2601.8333333333335,10.0,3.0,10,10,0,260.18,43.48,130.09166666666667,184.84077380952382,10.0,10.0,False,37.81973203410475,2,Tier 2,2,Low,quantile_fallback
2024-09-02,829.3333333333334,2.0,0.0,10,10,0,414.67,8.7,41.46666666666667,190.71785714285716,10.0,10.0,False,40.2557856272838,3,Tier 3,3,Shoulder,quantile_fallback
2024-09-03,0.0,0.0,0.0,10,10,0,,0.0,0.0,186.3464285714286,10.0,10.0,False,38.30694275274056,2,Tier 2,2,Low,quantile_fallback
2024-09-04,0.0,0.0,0.0,10,10,0,,0.0,0.0,197.5577380952381,10.0,10.0,False,42.69183922046285,3,Tier 3,3,Shoulder,quantile_fallback
2024-09-05,2732.25,2.0,2.0,10,10,0,1366.12,8.7,440.0125,228.0261904761905,10.0,10.0,False,50.85261875761267,3,Tier 3,3,Shoulder,quantile_fallback
2024-09-06,4286.583333333334,2.0,1.0,10,10,0,2143.29,8.7,517.7291666666667,244.22559523809528,10.0,10.0,False,56.33373934226553,3,Tier 3,3,Shoulder,quantile_fallback
2024-09-07,4286.583333333334,2.0,0.0,10,10,0,2143.29,8.7,214.3291666666667,265.31904761904764,10.0,10.0,False,65.34713763702801,4,Tier 4,4,High,quantile_fallback
2024-09-08,4286.583333333334,2.0,0.0,10,10,0,2143.29,8.7,214.3291666666667,255.04761904761907,10.0,10.0,False,60.59683313032886,4,Tier 4,4,High,quantile_fallback
2024-09-09,0.0,0.0,0.0,10,10,0,,0.0,0.0,259.42380952380955,10.0,10.0,False,63.64190012180268,4,Tier 4,4,High,quantile_fallback
2024-09-10,1424.6666666666667,1.0,1.0,10,10,0,1424.67,4.35,279.35833333333335,262.53571428571433,10.0,10.0,False,64.49451887941535,4,Tier 4,4,High,quantile_fallback
2024-09-11,1424.6666666666667,1.0,0.0,10,10,0,1424.67,4.35,487.7583333333333,268.01160714285714,10.0,10.0,False,66.80876979293544,4,Tier 4,4,High,quantile_fallback
2024-09-12,1424.6666666666667,1.0,0.0,10,10,0,1424.67,4.35,487.7583333333333,273.4875,10.0,10.0,False,68.27040194884287,4,Tier 4,4,High,quantile_fallback
2024-09-13,2999.0,1.0,1.0,10,10,0,2999.0,4.35,566.475,273.38511904761907,10.0,10.0,False,68.02679658952498,4,Tier 4,4,High,quantile_fallback
2024-09-14,3827.166666666667,2.0,2.0,10,10,0,1913.58,8.7,191.35833333333335,267.73154761904766,10.0,10.0,False,66.56516443361754,4,Tier 4,4,High,quantile_fallback
2024-09-15,3827.166666666667,2.0,0.0,10,10,0,1913.58,8.7,191.35833333333335,265.9199404761905,10.0,10.0,False,65.59074299634592,4,Tier 4,4,High,quantile_fallback
2024-09-16,1700.6666666666667,1.0,0.0,10,10,0,1700.67,4.35,85.03333333333333,256.18928571428575,10.0,10.0,False,61.084043848964676,4,Tier 4,4,High,quantile_fallback
2024-09-17,1533.25,1.0,1.0,10,10,0,1533.25,4.35,76.6625,266.1392857142857,10.0,10.0,False,65.83434835566383,4,Tier 4,4,High,quantile_fallback
2024-09-18,1533.25,1.0,0.0,10,10,0,1533.25,4.35,76.6625,259.1958333333333,10.0,10.0,False,63.27649208282582,4,Tier 4,4,High,quantile_fallback
2024-09-19,3750.5833333333335,2.0,1.0,10,10,0,1875.29,8.7,438.5791666666667,249.0809523809524,10.0,10.0,False,57.79537149817296,3,Tier 3,3,Shoulder,quantile_fallback
2024-09-20,3750.5833333333335,2.0,0.0,10,10,0,1875.29,8.7,438.5791666666667,241.17440476190475,10.0,10.0,False,54.993909866017056,3,Tier 3,3,Shoulder,quantile_fallback
2024-09-21,2217.3333333333335,1.0,0.0,10,10,0,2217.33,4.35,188.96666666666667,244.38630952380956,10.0,10.0,False,56.577344701583435,3,Tier 3,3,Shoulder,quantile_fallback
2024-09-22,0.0,0.0,0.0,10,10,0,,0.0,78.1,255.37797619047618,10.0,10.0,False,60.84043848964677,4,Tier 4,4,High,quantile_fallback
2024-09-23,1224.0,1.0,1.0,10,10,0,1224.0,4.35,139.3,254.6092261904762,10.0,10.0,False,60.353227771010964,4,Tier 4,4,High,quantile_fallback
2024-09-24,1224.0,1.0,0.0,10,10,0,1224.0,4.35,182.15,261.4351190476191,10.0,10.0,False,63.88550548112059,4,Tier 4,4,High,quantile_fallback
2024-09-25,1599.0,1.0,1.0,10,10,0,1599.0,4.35,346.15,276.6625,10.0,10.0,False,69.24482338611449,4,Tier 4,4,High,quantile_fallback
2024-09-26,2217.3333333333335,1.0,1.0,10,10,0,2217.33,4.35,377.0666666666667,287.08750000000003,10.0,10.0,False,72.04628501827041,4,Tier 4,4,High,quantile_fallback
2024-09-27,6904.833333333334,2.0,1.0,10,10,0,3452.42,8.7,611.4416666666667,290.55148809523814,10.0,10.0,False,73.38611449451888,4,Tier 4,4,High,quantile_fallback
2024-09-28,6904.833333333334,2.0,0.0,10,10,0,3452.42,8.7,345.2416666666667,286.21190476190475,10.0,10.0,False,71.8026796589525,4,Tier 4,4,High,quantile_fallback
2024-09-29,2267.25,1.0,1.0,10,10,0,2267.25,4.35,180.59583333333336,272.7142857142857,10.0,10.0,False,67.66138855054811,4,Tier 4,4,High,quantile_fallback
2024-09-30,2267.25,1.0,0.0,10,10,0,2267.25,4.35,180.59583333333336,283.41785714285714,10.0,10.0,False,70.46285018270402,4,Tier 4,4,High,quantile_fallback
2024-10-01,2267.25,1.0,0.0,10,10,0,2267.25,4.35,289.84583333333336,289.75000000000006,10.0,10.0,False,73.14250913520097,4,Tier 4,4,High,quantile_fallback
2024-10-02,2267.25,1.0,0.0,10,10,0,2267.25,4.35,222.6125,299.947619047619,10.0,10.0,False,75.33495736906211,4,Tier 4,4,High,quantile_fallback
2024-10-03,7556.5,1.0,1.0,10,10,0,7556.5,4.35,487.075,298.4309523809524,10.0,10.0,False,74.6041412911084,4,Tier 4,4,High,quantile_fallback
2024-10-04,7556.5,1.0,0.0,10,10,0,7556.5,4.35,377.825,312.9833333333333,10.0,10.0,False,78.62362971985384,4,Tier 4,4,High,quantile_fallback
2024-10-05,0.0,0.0,0.0,10,10,0,,0.0,0.0,323.8184523809524,10.0,10.0,False,81.5468940316687,5,Tier 5,5,Peak,quantile_fallback
2024-10-06,0.0,0.0,0.0,10,10,0,,0.0,227.95,353.66785714285714,10.0,10.0,False,89.7076735688185,5,Tier 5,5,Peak,quantile_fallback
2024-10-07,0.0,0.0,0.0,10,10,0,,0.0,227.95,340.7681547619048,10.0,10.0,False,86.05359317904994,5,Tier 5,5,Peak,quantile_fallback
2024-10-08,1939.3333333333333,1.0,1.0,10,10,0,1939.33,4.35,324.91666666666663,327.8684523809524,10.0,10.0,False,83.61753958587089,5,Tier 5,5,Peak,quantile_fallback
2024-10-09,1939.3333333333333,1.0,0.0,10,10,0,1939.33,4.35,324.91666666666663,307.16517857142856,10.0,10.0,False,76.9183922046285,4,Tier 4,4,High,quantile_fallback
2024-10-10,1939.3333333333333,1.0,0.0,10,10,0,1939.33,4.35,580.8,304.6086309523809,10.0,10.0,False,75.94397076735689,4,Tier 4,4,High,quantile_fallback
2024-10-11,5586.0,1.0,1.0,10,10,0,5586.0,4.35,763.1333333333333,305.6297619047619,10.0,10.0,False,76.4311814859927,4,Tier 4,4,High,quantile_fallback
2024-10-12,5586.0,1.0,0.0,10,10,0,5586.0,4.35,763.1333333333333,314.4544642857142,10.0,10.0,False,78.86723507917173,4,Tier 4,4,High,quantile_fallback
2024-10-13,0.0,0.0,0.0,10,10,0,,0.0,0.0,344.54464285714283,10.0,10.0,False,86.78440925700366,5,Tier 5,5,Peak,quantile_fallback
2024-10-14,0.0,0.0,0.0,10,10,0,,0.0,0.0,345.1392857142857,10.0,10.0,False,87.27161997563947,5,Tier 5,5,Peak,quantile_fallback
2024-10-15,0.0,0.0,0.0,10,10,0,,0.0,0.0,343.3845238095238,10.0,10.0,False,86.54080389768575,5,Tier 5,5,Peak,quantile_fallback
2024-10-16,2723.75,1.0,1.0,10,10,0,2723.75,4.35,186.82083333333333,327.2964285714285,10.0,10.0,False,83.37393422655298,5,Tier 5,5,Peak,quantile_fallback
2024-10-17,5773.75,2.0,1.0,10,10,0,2886.88,8.7,501.3708333333333,311.2083333333333,10.0,10.0,False,78.13641900121803,4,Tier 4,4,High,quantile_fallback
2024-10-18,5773.75,2.0,0.0,10,10,0,2886.88,8.7,501.3708333333333,280.53690476190474,10.0,10.0,False,69.97563946406821,4,Tier 4,4,High,quantile_fallback
2024-10-19,5773.75,2.0,0.0,10,10,0,2886.88,8.7,421.2625,236.84166666666667,10.0,10.0,False,52.67965895249696,3,Tier 3,3,Shoulder,quantile_fallback
2024-10-20,2074.0,1.0,1.0,10,10,0,2074.0,4.35,236.275,204.14404761904763,10.0,10.0,False,44.76248477466504,3,Tier 3,3,Shoulder,quantile_fallback
2024-10-21,4067.666666666667,2.0,1.0,10,10,0,2033.83,8.7,203.38333333333335,225.95595238095237,10.0,10.0,False,50.121802679658956,3,Tier 3,3,Shoulder,quantile_fallback
2024-10-22,1993.6666666666667,1.0,0.0,10,10,0,1993.67,4.35,99.68333333333334,233.22857142857143,10.0,10.0,False,52.07064555420219,3,Tier 3,3,Shoulder,quantile_fallback
2024-10-23,1993.6666666666667,1.0,0.0,10,10,0,1993.67,4.35,99.68333333333334,233.22857142857143,10.0,10.0,False,52.07064555420219,3,Tier 3,3,Shoulder,quantile_fallback
2024-10-24,0.0,0.0,0.0,10,10,0,,0.0,151.4,219.8842261904762,10.0,10.0,False,48.416565164433614,3,Tier 3,3,Shoulder,quantile_fallback
2024-10-25,0.0,0.0,0.0,10,10,0,,0.0,151.4,193.29202380952384,10.0,10.0,False,41.230207064555415,3,Tier 3,3,Shoulder,quantile_fallback
2024-10-26,4071.0,1.0,1.0,10,10,0,4071.0,4.35,305.3666666666667,166.69982142857143,10.0,10.0,False,32.460414129110845,2,Tier 2,2,Low,quantile_fallback
2024-10-27,4071.0,1.0,0.0,10,10,0,4071.0,4.35,305.3666666666667,145.82964285714286,10.0,10.0,False,21.010962241169306,2,Tier 2,2,Low,quantile_fallback
2024-10-28,0.0,0.0,0.0,10,10,0,,0.0,101.81666666666666,145.58,10.0,10.0,False,20.401948842874543,2,Tier 2,2,Low,quantile_fallback
2024-10-29,0.0,0.0,0.0,10,10,0,,0.0,0.0,147.67976190476193,10.0,10.0,False,21.74177831912302,2,Tier 2,2,Low,quantile_fallback
2024-10-30,0.0,0.0,0.0,10,10,0,,0.0,0.0,149.96190476190478,10.0,10.0,False,22.71619975639464,2,Tier 2,2,Low,quantile_fallback
2024-10-31,2581.6,1.0,1.0,10,10,0,2581.6,4.35,129.07999999999998,163.27351190476188,10.0,10.0,False,30.38976857490865,2,Tier 2,2,Low,quantile_fallback
2024-11-01,2581.6,1.0,0.0,10,10,0,2581.6,4.35,129.07999999999998,189.92499999999998,10.0,10.0,False,39.76857490864799,2,Tier 2,2,Low,quantile_fallback
2024-11-02,2581.6,1.0,0.0,10,10,0,2581.6,4.35,129.07999999999998,229.18125,10.0,10.0,False,51.339829476248475,3,Tier 3,3,Shoulder,quantile_fallback
2024-11-03,4655.6,2.0,1.0,10,10,0,2327.8,8.7,232.78000000000003,242.7488095238095,10.0,10.0,False,55.84652862362972,3,Tier 3,3,Shoulder,quantile_fallback
2024-11-04,4655.6,2.0,0.0,10,10,0,2327.8,8.7,232.78000000000003,245.28690476190474,10.0,10.0,False,57.06455542021924,3,Tier 3,3,Shoulder,quantile_fallback
2024-11-05,2632.6666666666665,1.0,1.0,10,10,0,2632.67,4.35,131.63333333333333,251.56071428571428,10.0,10.0,False,58.64799025578563,3,Tier 3,3,Shoulder,quantile_fallback
2024-11-06,2632.6666666666665,1.0,0.0,10,10,0,2632.67,4.35,286.0458333333333,254.28571428571428,10.0,10.0,False,60.10962241169305,3,Tier 3,3,Shoulder,quantile_fallback
2024-11-07,2632.6666666666665,1.0,0.0,10,10,0,2632.67,4.35,524.5208333333333,257.01071428571424,10.0,10.0,False,61.571254567600484,4,Tier 4,4,High,quantile_fallback
2024-11-08,6162.0,2.0,2.0,10,10,0,3081.0,8.7,700.9875,257.7907142857143,10.0,10.0,False,62.0584652862363,4,Tier 4,4,High,quantile_fallback
2024-11-09,6162.0,2.0,0.0,10,10,0,3081.0,8.7,495.3125,258.57071428571425,10.0,10.0,False,62.78928136419001,4,Tier 4,4,High,quantile_fallback
2024-11-10,6162.0,2.0,0.0,10,10,0,3081.0,8.7,340.9,252.07571428571427,10.0,10.0,False,58.89159561510353,3,Tier 3,3,Shoulder,quantile_fallback
2024-11-11,3137.0,1.0,0.0,10,10,0,3137.0,4.35,189.65,242.43666666666667,10.0,10.0,False,55.481120584652864,3,Tier 3,3,Shoulder,quantile_fallback
2024-11-12,0.0,0.0,0.0,10,10,0,,0.0,38.15,239.17797619047616,10.0,10.0,False,54.26309378806333,3,Tier 3,3,Shoulder,quantile_fallback
2024-11-13,0.0,0.0,0.0,10,10,0,,0.0,38.15,243.1440476190476,10.0,10.0,False,56.09013398294762,3,Tier 3,3,Shoulder,quantile_fallback
2024-11-14,0.0,0.0,0.0,10,10,0,,0.0,140.0,237.20089285714286,10.0,10.0,False,52.923264311814854,3,Tier 3,3,Shoulder,quantile_fallback
2024-11-15,0.0,0.0,0.0,10,10,0,,0.0,140.0,216.41488095238097,10.0,10.0,False,47.6857490864799,3,Tier 3,3,Shoulder,quantile_fallback
2024-11-16,0.0,0.0,0.0,10,10,0,,0.0,38.15,176.64375,10.0,10.0,False,35.99269183922046,2,Tier 2,2,Low,quantile_fallback
2024-11-17,0.0,0.0,0.0,10,10,0,,0.0,97.83333333333334,150.74404761904765,10.0,10.0,False,23.69062119366626,2,Tier 2,2,Low,quantile_fallback
2024-11-18,1786.5,1.0,1.0,10,10,0,1786.5,4.35,187.15833333333336,138.30238095238096,10.0,10.0,False,17.600487210718637,1,Tier 1,1,Soft,quantile_fallback
2024-11-19,1786.5,1.0,0.0,10,10,0,1786.5,4.35,187.15833333333336,146.98214285714286,10.0,10.0,False,21.498172959805114,2,Tier 2,2,Low,quantile_fallback
2024-11-20,1786.5,1.0,0.0,10,10,0,1786.5,4.35,202.84166666666667,173.67738095238096,10.0,10.0,False,34.89646772228989,2,Tier 2,2,Low,quantile_fallback
2024-11-21,1786.5,1.0,0.0,10,10,0,1786.5,4.35,233.5166666666667,200.37261904761905,10.0,10.0,False,44.39707673568819,3,Tier 3,3,Shoulder,quantile_fallback
2024-11-22,0.0,0.0,0.0,10,10,0,,0.0,144.19166666666666,228.24166666666665,10.0,10.0,False,51.09622411693058,3,Tier 3,3,Shoulder,quantile_fallback
2024-11-23,0.0,0.0,0.0,10,10,0,,0.0,132.71666666666667,239.43690476190477,10.0,10.0,False,54.50669914738124,3,Tier 3,3,Shoulder,quantile_fallback
2024-11-24,0.0,0.0,0.0,10,10,0,,0.0,166.71666666666667,257.90714285714284,10.0,10.0,False,62.54567600487211,4,Tier 4,4,High,quantile_fallback
2024-11-25,2528.6666666666665,1.0,1.0,10,10,0,2528.67,4.35,311.16666666666663,250.91904761904763,10.0,10.0,False,58.40438489646772,3,Tier 3,3,Shoulder,quantile_fallback
2024-11-26,4543.0,2.0,1.0,10,10,0,2271.5,8.7,411.8833333333333,237.5505952380952,10.0,10.0,False,53.166869671132766,3,Tier 3,3,Shoulder,quantile_fallback
2024-11-27,4543.0,2.0,0.0,10,10,0,2271.5,8.7,411.8833333333333,248.13214285714284,10.0,10.0,False,57.55176613885505,3,Tier 3,3,Shoulder,quantile_fallback
2024-11-28,4543.0,2.0,0.0,10,10,0,2271.5,8.7,530.1666666666666,257.59345238095233,10.0,10.0,False,61.814859926918395,4,Tier 4,4,High,quantile_fallback
2024-11-29,2528.6666666666665,1.0,0.0,10,10,0,2528.67,4.35,296.7333333333333,285.0386904761905,10.0,10.0,False,71.19366626065774,4,Tier 4,4,High,quantile_fallback
2024-11-30,2528.6666666666665,1.0,0.0,10,10,0,2528.67,4.35,296.7333333333333,294.9142857142857,10.0,10.0,False,73.75152253349574,4,Tier 4,4,High,quantile_fallback
2024-12-01,0.0,0.0,0.0,10,10,0,,0.0,0.0,285.4345238095238,10.0,10.0,False,71.5590742996346,4,Tier 4,4,High,quantile_fallback
2024-12-02,0.0,0.0,0.0,10,10,0,,0.0,0.0,273.5261904761905,10.0,10.0,False,68.51400730816079,4,Tier 4,4,High,quantile_fallback
2024-12-03,0.0,0.0,0.0,10,10,0,,0.0,335.3,259.1714285714285,10.0,10.0,False,63.03288672350792,4,Tier 4,4,High,quantile_fallback
2024-12-04,0.0,0.0,0.0,10,10,0,,0.0,335.3,237.62261904761903,10.0,10.0,False,53.41047503045067,3,Tier 3,3,Shoulder,quantile_fallback
2024-12-05,5649.0,1.0,1.0,10,10,0,5649.0,4.35,617.75,213.19880952380953,10.0,10.0,False,46.95493300852619,3,Tier 3,3,Shoulder,quantile_fallback
2024-12-06,5649.0,1.0,0.0,10,10,0,5649.0,4.35,282.45,180.32619047619048,10.0,10.0,False,37.332521315468945,2,Tier 2,2,Low,quantile_fallback
2024-12-07,0.0,0.0,0.0,10,10,0,,0.0,0.0,159.13095238095235,10.0,10.0,False,28.440925700365412,2,Tier 2,2,Low,quantile_fallback
2024-12-08,0.0,0.0,0.0,10,10,0,,0.0,0.0,137.93571428571428,10.0,10.0,False,17.113276492082825,1,Tier 1,1,Soft,quantile_fallback
2024-12-09,1399.0,1.0,1.0,10,10,0,1399.0,4.35,110.2,137.93571428571428,10.0,10.0,False,17.113276492082825,1,Tier 1,1,Soft,quantile_fallback
2024-12-10,1399.0,1.0,0.0,10,10,0,1399.0,4.35,110.2,137.93571428571428,10.0,10.0,False,17.113276492082825,1,Tier 1,1,Soft,quantile_fallback
2024-12-11,1399.0,1.0,0.0,10,10,0,1399.0,4.35,69.95,113.9857142857143,10.0,10.0,False,10.170523751522534,1,Tier 1,1,Soft,quantile_fallback
2024-12-12,1399.0,1.0,0.0,10,10,0,1399.0,4.35,69.95,90.03571428571429,10.0,10.0,False,5.420219244823386,1,Tier 1,1,Soft,quantile_fallback
2024-12-13,0.0,0.0,0.0,10,10,0,,0.0,0.0,45.910714285714285,10.0,10.0,False,1.7661388550548112,1,Tier 1,1,Soft,quantile_fallback
2024-12-14,0.0,0.0,0.0,10,10,0,,0.0,0.0,25.735714285714288,10.0,10.0,False,0.6699147381242387,1,Tier 1,1,Soft,quantile_fallback
2024-12-15,0.0,0.0,0.0,10,10,0,,0.0,0.0,25.735714285714288,10.0,10.0,False,0.6699147381242387,1,Tier 1,1,Soft,quantile_fallback
2024-12-16,0.0,0.0,0.0,10,10,0,,0.0,0.0,34.08428571428571,10.0,10.0,False,1.0353227771010962,1,Tier 1,1,Soft,quantile_fallback
2024-12-17,0.0,0.0,0.0,10,10,0,,0.0,0.0,34.56142857142857,10.0,10.0,False,1.2789281364190013,1,Tier 1,1,Soft,quantile_fallback
2024-12-18,0.0,0.0,0.0,10,10,0,,0.0,0.0,40.55464285714286,10.0,10.0,False,1.5225334957369063,1,Tier 1,1,Soft,quantile_fallback
2024-12-19,0.0,0.0,0.0,10,10,0,,0.0,0.0,50.67285714285714,10.0,10.0,False,2.1315468940316684,1,Tier 1,1,Soft,quantile_fallback
2024-12-20,0.0,0.0,0.0,10,10,0,,0.0,0.0,66.69642857142858,10.0,10.0,False,2.862362971985384,1,Tier 1,1,Soft,quantile_fallback
2024-12-21,0.0,0.0,0.0,10,10,0,,0.0,0.0,102.93690476190476,10.0,10.0,False,6.760048721071864,1,Tier 1,1,Soft,quantile_fallback
2024-12-22,2337.6,1.0,1.0,10,10,0,2337.6,4.35,116.88,139.17738095238093,10.0,10.0,False,17.84409257003654,1,Tier 1,1,Soft,quantile_fallback
2024-12-23,2337.6,1.0,0.0,10,10,0,2337.6,4.35,116.88,175.41785714285714,10.0,10.0,False,35.3836784409257,2,Tier 2,2,Low,quantile_fallback
2024-12-24,2337.6,1.0,0.0,10,10,0,2337.6,4.35,194.105,207.54315476190476,10.0,10.0,False,45.24969549330085,3,Tier 3,3,Shoulder,quantile_fallback
2024-12-25,2687.6,2.0,1.0,10,10,0,1343.8,8.7,211.60500000000002,238.6077380952381,10.0,10.0,False,53.65408038976858,3,Tier 3,3,Shoulder,quantile_fallback
2024-12-26,2337.6,1.0,0.0,10,10,0,2337.6,4.35,294.28000000000003,275.231037414966,10.0,10.0,False,69.00121802679658,4,Tier 4,4,High,quantile_fallback
2024-12-27,6599.333333333333,1.0,1.0,10,10,0,6599.33,4.35,507.3666666666666,296.54367913832203,10.0,10.0,False,73.99512789281364,4,Tier 4,4,High,quantile_fallback
2024-12-28,6599.333333333333,1.0,0.0,10,10,0,6599.33,4.35,507.3666666666666,315.0553004535147,10.0,10.0,False,79.2326431181486,4,Tier 4,4,High,quantile_fallback
2024-12-29,6599.333333333333,1.0,0.0,10,10,0,6599.33,4.35,507.3666666666666,322.9864229024943,10.0,10.0,False,81.18148599269183,5,Tier 5,5,Peak,quantile_fallback
2024-12-30,2162.5,6.0,6.0,10,10,0,360.42,26.09,449.7541666666667,322.5689739229025,10.0,10.0,False,80.93788063337394,5,Tier 5,5,Peak,quantile_fallback
2024-12-31,1865.5,6.0,4.0,10,10,0,310.92,26.09,434.9041666666667,326.67079931972785,10.0,10.0,False,83.00852618757612,5,Tier 5,5,Peak,quantile_fallback
2025-01-01,824.0,3.0,0.0,10,10,0,274.67,13.04,512.7261904761905,317.3254308390023,10.0,10.0,False,79.96345919610232,4,Tier 4,4,High,quantile_fallback
2025-01-02,0.0,0.0,0.0,10,10,0,,0.0,298.37698412698415,306.7300623582766,10.0,10.0,False,76.67478684531059,4,Tier 4,4,High,quantile_fallback
2025-01-03,2331.75,1.0,1.0,10,10,0,2331.75,4.35,259.16269841269843,308.0093820861678,10.0,10.0,False,77.28380024360536,4,Tier 4,4,High,quantile_fallback
2025-01-04,2331.75,1.0,0.0,10,10,0,2331.75,4.35,111.03571428571429,300.6793367346939,10.0,10.0,False,75.70036540803898,4,Tier 4,4,High,quantile_fallback
2025-01-05,2331.75,1.0,0.0,10,10,0,2331.75,4.35,111.03571428571429,284.1214002267574,10.0,10.0,False,70.70645554202193,4,Tier 4,4,High,quantile_fallback
2025-01-06,3660.416666666667,2.0,1.0,10,10,0,1830.21,8.7,174.30555555555557,261.73470250419007,10.0,10.0,False,64.12911084043849,4,Tier 4,4,High,quantile_fallback
2025-01-07,1328.6666666666667,1.0,0.0,10,10,0,1328.67,4.35,63.26984126984127,240.0700674110224,10.0,10.0,False,54.750304506699145,3,Tier 3,3,Shoulder,quantile_fallback
2025-01-08,1328.6666666666667,1.0,0.0,10,10,0,1328.67,4.35,63.26984126984127,218.70838262841372,10.0,10.0,False,48.17295980511571,3,Tier 3,3,Shoulder,quantile_fallback
2025-01-09,1910.0,1.0,1.0,10,10,0,1910.0,4.35,312.1904761904762,190.2646899339446,10.0,10.0,False,40.012180267965896,2,Tier 2,2,Low,quantile_fallback
2025-01-10,3853.666666666667,2.0,1.0,10,10,0,1926.83,8.7,404.7460317460318,176.16555752735874,10.0,10.0,False,35.6272838002436,2,Tier 2,2,Low,quantile_fallback
2025-01-11,3853.666666666667,2.0,0.0,10,10,0,1926.83,8.7,275.55555555555554,161.14306664694863,10.0,10.0,False,28.928136419001216,2,Tier 2,2,Low,quantile_fallback
2025-01-12,3853.666666666667,2.0,0.0,10,10,0,1926.83,8.7,193.95289855072465,153.21194419796902,10.0,10.0,False,25.152253349573687,2,Tier 2,2,Low,quantile_fallback
2025-01-13,1199.25,1.0,1.0,10,10,0,1199.25,4.35,146.44927536231882,151.72935768510303,10.0,10.0,False,24.299634591961023,2,Tier 2,2,Low,quantile_fallback
2025-01-14,1199.25,1.0,0.0,10,10,0,1199.25,4.35,135.8405797101449,155.9024450359854,10.0,10.0,False,26.12667478684531,2,Tier 2,2,Low,quantile_fallback
2025-01-15,1199.25,1.0,0.0,10,10,0,1199.25,4.35,114.51449275362317,171.48186680469286,10.0,10.0,False,34.53105968331303,2,Tier 2,2,Low,quantile_fallback
2025-01-16,1199.25,1.0,0.0,10,10,0,1199.25,4.35,100.98913043478261,187.06128857340036,10.0,10.0,False,38.550548112058465,2,Tier 2,2,Low,quantile_fallback
2025-01-17,0.0,0.0,0.0,10,10,0,,0.0,48.84782608695652,182.37554594301488,10.0,10.0,False,37.57612667478685,2,Tier 2,2,Low,quantile_fallback
2025-01-18,0.0,0.0,0.0,10,10,0,,0.0,0.0,171.0786922015183,10.0,10.0,False,34.16565164433617,2,Tier 2,2,Low,quantile_fallback
2025-01-19,2076.4285714285716,1.0,1.0,10,10,0,2076.43,4.35,90.27950310559007,169.00972961648426,10.0,10.0,False,33.678440925700365,2,Tier 2,2,Low,quantile_fallback
2025-01-20,2076.4285714285716,1.0,0.0,10,10,0,2076.43,4.35,232.72877846790888,165.39737972000395,10.0,10.0,False,30.99878197320341,2,Tier 2,2,Low,quantile_fallback
2025-01-21,2076.4285714285716,1.0,0.0,10,10,0,2076.43,4.35,281.381746031746,166.0181457655526,10.0,10.0,False,32.216808769792934,2,Tier 2,2,Low,quantile_fallback
2025-01-22,2076.4285714285716,1.0,0.0,10,10,0,2076.43,4.35,281.381746031746,165.88096150054224,10.0,10.0,False,31.729598051157126,2,Tier 2,2,Low,quantile_fallback
2025-01-23,2076.4285714285716,1.0,0.0,10,10,0,2076.43,4.35,246.59007936507933,178.1216845456131,10.0,10.0,False,36.84531059683313,2,Tier 2,2,Low,quantile_fallback
2025-01-24,2076.4285714285716,1.0,0.0,10,10,0,2076.43,4.35,246.59007936507933,198.46174665741435,10.0,10.0,False,43.30085261875761,3,Tier 3,3,Shoulder,quantile_fallback
2025-01-25,2076.4285714285716,1.0,0.0,10,10,0,2076.43,4.35,246.59007936507933,222.85860523362075,10.0,10.0,False,49.39098660170524,3,Tier 3,3,Shoulder,quantile_fallback
2025-01-26,1070.25,1.0,1.0,10,10,0,1070.25,4.35,143.38,250.26794589296142,10.0,10.0,False,58.16077953714982,3,Tier 3,3,Shoulder,quantile_fallback
2025-01-27,1070.25,1.0,0.0,10,10,0,1070.25,4.35,155.14,263.27646777997705,10.0,10.0,False,64.73812423873325,4,Tier 4,4,High,quantile_fallback
2025-01-28,1070.25,1.0,0.0,10,10,0,1070.25,4.35,133.92,256.34218428396997,10.0,10.0,False,61.32764920828259,4,Tier 4,4,High,quantile_fallback
2025-01-29,3048.25,2.0,1.0,10,10,0,1524.12,8.7,285.88461538461536,241.64739970347114,10.0,10.0,False,55.23751522533495,3,Tier 3,3,Shoulder,quantile_fallback
2025-01-30,4002.0,2.0,1.0,10,10,0,2001.0,8.7,385.75,231.06953689167972,10.0,10.0,False,51.58343483556638,3,Tier 3,3,Shoulder,quantile_fallback
2025-01-31,4123.0,2.0,1.0,10,10,0,2061.5,8.7,390.40384615384613,226.0371672771673,10.0,10.0,False,50.36540803897685,3,Tier 3,3,Shoulder,quantile_fallback
2025-02-01,4123.0,2.0,0.0,10,10,0,2061.5,8.7,383.7307692307692,211.48396432932148,10.0,10.0,False,46.102314250913516,3,Tier 3,3,Shoulder,quantile_fallback
2025-02-02,4123.0,2.0,0.0,10,10,0,2061.5,8.7,272.3988095238095,223.16290423861852,10.0,10.0,False,49.63459196102315,3,Tier 3,3,Shoulder,quantile_fallback
2025-02-03,0.0,0.0,0.0,10,10,0,,0.0,135.64880952380952,239.1536185243328,10.0,10.0,False,54.01948842874543,3,Tier 3,3,Shoulder,quantile_fallback
2025-02-04,1565.6666666666667,1.0,1.0,10,10,0,1565.67,4.35,75.65476190476191,257.8732103610675,10.0,10.0,False,62.302070645554195,4,Tier 4,4,High,quantile_fallback
2025-02-05,1565.6666666666667,1.0,0.0,10,10,0,1565.67,4.35,133.29166666666669,252.5039246467818,10.0,10.0,False,59.622411693057245,3,Tier 3,3,Shoulder,quantile_fallback
2025-02-06,1565.6666666666667,1.0,0.0,10,10,0,1565.67,4.35,176.1369047619048,235.65247252747253,10.0,10.0,False,52.436053593179054,3,Tier 3,3,Shoulder,quantile_fallback
2025-02-07,0.0,0.0,0.0,10,10,0,,0.0,42.845238095238095,221.51216640502358,10.0,10.0,False,49.02557856272838,3,Tier 3,3,Shoulder,quantile_fallback
2025-02-08,0.0,0.0,0.0,10,10,0,,0.0,410.09523809523813,207.039442700157,10.0,10.0,False,45.006090133982944,3,Tier 3,3,Shoulder,quantile_fallback
2025-02-09,0.0,0.0,0.0,10,10,0,,0.0,367.25,190.90306122448982,10.0,10.0,False,40.49939098660171,3,Tier 3,3,Shoulder,quantile_fallback
2025-02-10,1399.0,1.0,1.0,10,10,0,1399.0,4.35,417.2142857142857,189.8465136054422,10.0,10.0,False,39.52496954933009,2,Tier 2,2,Low,quantile_fallback
2025-02-11,1645.0,2.0,1.0,10,10,0,822.5,8.7,58.75,198.55782312925172,10.0,10.0,False,43.788063337393424,3,Tier 3,3,Shoulder,quantile_fallback
2025-02-12,1399.0,1.0,0.0,10,10,0,1399.0,4.35,49.964285714285715,212.6347789115646,10.0,10.0,False,46.711327649208286,3,Tier 3,3,Shoulder,quantile_fallback
2025-02-13,3400.0,1.0,1.0,10,10,0,3400.0,4.35,187.78571428571428,211.40858843537416,10.0,10.0,False,45.85870889159562,3,Tier 3,3,Shoulder,quantile_fallback
2025-02-14,3400.0,1.0,0.0,10,10,0,3400.0,4.35,187.78571428571428,244.61734693877548,10.0,10.0,False,56.820950060901346,3,Tier 3,3,Shoulder,quantile_fallback
2025-02-15,3400.0,1.0,0.0,10,10,0,3400.0,4.35,157.82142857142858,287.3469387755102,10.0,10.0,False,72.2898903775883,4,Tier 4,4,High,quantile_fallback
2025-02-16,163.0,1.0,1.0,10,10,0,163.0,4.35,257.60714285714283,289.4483418367347,10.0,10.0,False,72.89890377588307,4,Tier 4,4,High,quantile_fallback
2025-02-17,163.0,1.0,0.0,10,10,0,163.0,4.35,257.60714285714283,299.4974489795918,10.0,10.0,False,75.09135200974421,4,Tier 4,4,High,quantile_fallback
2025-02-18,586.5,3.0,2.0,10,10,0,195.5,13.04,272.73214285714283,299.0988520408163,10.0,10.0,False,74.8477466504263,4,Tier 4,4,High,quantile_fallback
2025-02-19,586.5,3.0,0.0,10,10,0,195.5,13.04,116.125,305.3239795918367,10.0,10.0,False,76.18757612667478,4,Tier 4,4,High,quantile_fallback
2025-02-20,7404.5,2.0,2.0,10,10,0,3702.25,8.7,641.0595238095239,312.8479591836735,10.0,10.0,False,78.38002436053593,4,Tier 4,4,High,quantile_fallback
2025-02-21,7404.5,2.0,0.0,10,10,0,3702.25,8.7,641.0595238095239,322.30221088435377,10.0,10.0,False,80.69427527405603,5,Tier 5,5,Peak,quantile_fallback
2025-02-22,7404.5,2.0,0.0,10,10,0,3702.25,8.7,439.5148809523809,334.3687074829932,10.0,10.0,False,84.59196102314252,5,Tier 5,5,Peak,quantile_fallback
2025-02-23,5107.5,2.0,1.0,10,10,0,2553.75,8.7,507.9375,335.3705782312924,10.0,10.0,False,84.95736906211937,5,Tier 5,5,Peak,quantile_fallback
2025-02-24,2545.0,3.0,2.0,10,10,0,848.33,13.04,411.63392857142856,325.77023809523814,10.0,10.0,False,82.27771010962242,5,Tier 5,5,Peak,quantile_fallback
2025-02-25,2158.0,1.0,0.0,10,10,0,2158.0,4.35,145.90178571428572,337.3484693877551,10.0,10.0,False,85.20097442143727,5,Tier 5,5,Peak,quantile_fallback
2025-02-26,0.0,0.0,0.0,10,10,0,,0.0,155.29999999999998,352.4981292517006,10.0,10.0,False,89.46406820950061,5,Tier 5,5,Peak,quantile_fallback
2025-02-27,403.66666666666663,2.0,2.0,10,10,0,201.83,8.7,320.1452380952381,385.7919217687075,10.0,10.0,False,95.67600487210719,5,Tier 5,5,Peak,quantile_fallback
2025-02-28,1427.6666666666665,6.0,4.0,10,10,0,237.94,26.09,356.71666666666664,366.1250425170068,10.0,10.0,False,92.50913520097443,5,Tier 5,5,Peak,quantile_fallback
2025-03-01,1196.6666666666665,5.0,0.0,10,10,0,239.33,21.74,171.84761904761905,354.56828231292513,10.0,10.0,False,89.95127892813642,5,Tier 5,5,Peak,quantile_fallback
2025-03-02,1599.0,1.0,1.0,10,10,0,1599.0,4.35,123.20238095238095,349.21578260614586,10.0,10.0,False,88.24604141291108,5,Tier 5,5,Peak,quantile_fallback
2025-03-03,1777.3333333333333,2.0,1.0,10,10,0,888.67,8.7,419.702380952381,333.6101894205958,10.0,10.0,False,84.3483556638246,5,Tier 5,5,Peak,quantile_fallback
2025-03-04,2182.3333333333335,4.0,2.0,10,10,0,545.58,17.39,484.827380952381,325.47287268355615,10.0,10.0,False,81.79049939098661,5,Tier 5,5,Peak,quantile_fallback
2025-03-05,545.8333333333334,3.0,1.0,10,10,0,181.94,13.04,582.2380952380953,338.09351688951443,10.0,10.0,False,85.56638246041413,5,Tier 5,5,Peak,quantile_fallback
2025-03-06,4658.166666666666,5.0,4.0,10,10,0,931.63,21.74,365.7232142857143,343.00632477128784,10.0,10.0,False,86.29719853836785,5,Tier 5,5,Peak,quantile_fallback
2025-03-07,5656.666666666666,7.0,3.0,10,10,0,808.1,30.43,479.2648809523809,344.72271581046215,10.0,10.0,False,87.02801461632156,5,Tier 5,5,Peak,quantile_fallback
2025-03-08,5649.166666666666,7.0,3.0,10,10,0,807.02,30.43,364.5798850574713,347.02595883180857,10.0,10.0,False,87.75883069427528,5,Tier 5,5,Peak,quantile_fallback
2025-03-09,1091.5,4.0,0.0,10,10,0,272.88,17.39,289.4591954022988,360.2667282430213,10.0,10.0,False,91.04750304506699,5,Tier 5,5,Peak,quantile_fallback
2025-03-10,3048.0,1.0,1.0,10,10,0,3048.0,4.35,297.71149425287354,377.3565417546329,10.0,10.0,False,94.45797807551766,5,Tier 5,5,Peak,quantile_fallback
2025-03-11,3048.0,1.0,0.0,10,10,0,3048.0,4.35,322.59080459770115,370.61142094768945,10.0,10.0,False,92.99634591961023,5,Tier 5,5,Peak,quantile_fallback
2025-03-12,3048.0,1.0,0.0,10,10,0,3048.0,4.35,224.0793103448276,351.5191121276097,10.0,10.0,False,88.73325213154689,5,Tier 5,5,Peak,quantile_fallback
2025-03-13,3048.0,1.0,0.0,10,10,0,3048.0,4.35,344.1747126436781,325.8202908749707,10.0,10.0,False,82.52131546894032,5,Tier 5,5,Peak,quantile_fallback
2025-03-14,4763.5,7.0,7.0,10,10,0,680.5,30.43,388.96206896551723,329.11473287590894,10.0,10.0,False,83.8611449451888,5,Tier 5,5,Peak,quantile_fallback
2025-03-15,4763.5,7.0,0.0,10,10,0,680.5,30.43,357.21839080459773,338.4027093596059,10.0,10.0,False,85.80998781973204,5,Tier 5,5,Peak,quantile_fallback
2025-03-16,4669.0,2.0,1.0,10,10,0,2334.5,8.7,362.45977011494256,360.56777504105094,10.0,10.0,False,91.41291108404384,5,Tier 5,5,Peak,quantile_fallback
2025-03-17,4669.0,2.0,0.0,10,10,0,2334.5,8.7,325.2706896551724,374.50172413793103,10.0,10.0,False,93.97076735688185,5,Tier 5,5,Peak,quantile_fallback
2025-03-18,1812.0,2.0,1.0,10,10,0,906.0,8.7,217.53505747126437,365.8692118226601,10.0,10.0,False,92.26552984165652,5,Tier 5,5,Peak,quantile_fallback
2025-03-19,1812.0,2.0,0.0,10,10,0,906.0,8.7,222.4545977011494,356.68045977011496,10.0,10.0,False,90.80389768574909,5,Tier 5,5,Peak,quantile_fallback
2025-03-20,2884.3333333333335,1.0,1.0,10,10,0,2884.33,4.35,411.8454022988506,371.02557471264373,10.0,10.0,False,93.36175395858709,5,Tier 5,5,Peak,quantile_fallback
2025-03-21,8707.833333333334,2.0,1.0,10,10,0,4353.92,8.7,609.2965517241379,379.89794745484403,10.0,10.0,False,95.18879415347138,5,Tier 5,5,Peak,quantile_fallback
2025-03-22,8707.833333333334,2.0,0.0,10,10,0,4353.92,8.7,674.8908045977013,387.3261494252874,10.0,10.0,False,96.77222898903776,5,Tier 5,5,Peak,quantile_fallback
2025-03-23,2564.0,3.0,3.0,10,10,0,854.67,13.04,484.5344827586207,386.73809523809524,10.0,10.0,False,96.28501827040195,5,Tier 5,5,Peak,quantile_fallback
2025-03-24,2630.5,3.0,1.0,10,10,0,876.83,13.04,176.85632183908044,366.89408866995075,10.0,10.0,False,92.75274056029232,5,Tier 5,5,Peak,quantile_fallback
2025-03-25,2829.5,4.0,1.0,10,10,0,707.38,17.39,193.94827586206895,352.18591954022986,10.0,10.0,False,89.2204628501827,5,Tier 5,5,Peak,quantile_fallback
2025-03-26,3359.0,3.0,2.0,10,10,0,1119.67,13.04,424.91091954022994,350.314367816092,10.0,10.0,False,88.55054811205846,5,Tier 5,5,Peak,quantile_fallback
2025-03-27,5279.666666666666,2.0,2.0,10,10,0,2639.83,8.7,468.38793103448273,348.5406684815488,10.0,10.0,False,87.9415347137637,5,Tier 5,5,Peak,quantile_fallback
2025-03-28,5279.666666666666,2.0,0.0,10,10,0,2639.83,8.7,492.9568965517241,360.4451948837612,10.0,10.0,False,91.23020706455543,5,Tier 5,5,Peak,quantile_fallback
2025-03-29,5279.666666666666,2.0,0.0,10,10,0,2639.83,8.7,348.9856321839081,360.6915564774004,10.0,10.0,False,91.59561510353228,5,Tier 5,5,Peak,quantile_fallback
2025-03-30,0.0,0.0,0.0,10,10,0,,0.0,84.64367816091954,362.8773010111486,10.0,10.0,False,91.83922046285018,5,Tier 5,5,Peak,quantile_fallback
2025-03-31,0.0,0.0,0.0,10,10,0,,0.0,119.35632183908046,355.5258404632271,10.0,10.0,False,90.2557856272838,5,Tier 5,5,Peak,quantile_fallback
2025-04-01,174.0,1.0,1.0,10,10,0,174.0,4.35,191.33333333333334,355.3901132140697,10.0,10.0,False,90.13398294762484,5,Tier 5,5,Peak,quantile_fallback
2025-04-02,293.5,1.0,1.0,10,10,0,293.5,4.35,197.62280701754386,351.77162734422257,10.0,10.0,False,88.91595615103533,5,Tier 5,5,Peak,quantile_fallback
2025-04-03,6268.166666666667,9.0,8.0,10,10,0,696.46,39.13,578.5087719298247,331.6558097830784,10.0,10.0,False,84.16565164433617,5,Tier 5,5,Peak,quantile_fallback
2025-04-04,6918.666666666667,12.0,4.0,10,10,0,576.56,52.17,612.7456140350878,308.4344914009161,10.0,10.0,False,77.46650426309378,4,Tier 4,4,High,quantile_fallback
2025-04-05,6534.666666666667,10.0,0.0,10,10,0,653.47,43.48,705.4912280701755,273.22328450436436,10.0,10.0,False,67.84409257003654,4,Tier 4,4,High,quantile_fallback
2025-04-06,0.0,0.0,0.0,10,10,0,,0.0,381.6140350877193,259.3045112781955,10.0,10.0,False,63.45919610231425,4,Tier 4,4,High,quantile_fallback
2025-04-07,2722.5,1.0,1.0,10,10,0,2722.5,4.35,174.95614035087718,266.1864791288566,10.0,10.0,False,66.01705237515225,4,Tier 4,4,High,quantile_fallback
2025-04-08,2722.5,1.0,0.0,10,10,0,2722.5,4.35,143.28947368421052,264.8408521303258,10.0,10.0,False,65.04263093788063,4,Tier 4,4,High,quantile_fallback
2025-04-09,2722.5,1.0,0.0,10,10,0,2722.5,4.35,143.28947368421052,253.1591478696742,10.0,10.0,False,59.80511571254568,3,Tier 3,3,Shoulder,quantile_fallback
2025-04-10,2722.5,1.0,0.0,10,10,0,2722.5,4.35,143.28947368421052,239.0432330827068,10.0,10.0,False,53.836784409257,3,Tier 3,3,Shoulder,quantile_fallback
2025-04-11,0.0,0.0,0.0,10,10,0,,0.0,0.0,197.72117794486215,10.0,10.0,False,42.87454323995128,3,Tier 3,3,Shoulder,quantile_fallback
2025-04-12,0.0,0.0,0.0,10,10,0,,0.0,154.12280701754386,156.17919799498745,10.0,10.0,False,26.30937880633374,2,Tier 2,2,Low,quantile_fallback
2025-04-13,0.0,0.0,0.0,10,10,0,,0.0,180.99122807017545,117.06829573934837,10.0,10.0,False,11.327649208282581,1,Tier 1,1,Soft,quantile_fallback
2025-04-14,0.0,0.0,0.0,10,10,0,,0.0,100.51754385964914,104.73245614035088,10.0,10.0,False,6.942752740560293,1,Tier 1,1,Soft,quantile_fallback
2025-04-15,0.0,0.0,0.0,10,10,0,,0.0,27.789473684210527,107.72070802005013,10.0,10.0,False,7.673568818514006,1,Tier 1,1,Soft,quantile_fallback
2025-04-16,0.0,0.0,0.0,10,10,0,,0.0,0.0,110.6687813283208,10.0,10.0,False,9.135200974421437,1,Tier 1,1,Soft,quantile_fallback
2025-04-17,0.0,0.0,0.0,10,10,0,,0.0,0.0,113.61685463659148,10.0,10.0,False,9.987819732034104,1,Tier 1,1,Soft,quantile_fallback
2025-04-18,0.0,0.0,0.0,10,10,0,,0.0,31.157894736842106,116.56492794486215,10.0,10.0,False,11.20584652862363,1,Tier 1,1,Soft,quantile_fallback
2025-04-19,0.0,0.0,0.0,10,10,0,,0.0,157.93859649122805,124.88189223057644,10.0,10.0,False,13.15468940316687,1,Tier 1,1,Soft,quantile_fallback
2025-04-20,0.0,0.0,0.0,10,10,0,,0.0,208.91228070175438,124.51329887218046,10.0,10.0,False,13.032886723507916,1,Tier 1,1,Soft,quantile_fallback
2025-04-21,0.0,0.0,0.0,10,10,0,,0.0,216.79166666666666,124.40588972431078,10.0,10.0,False,12.911084043848964,1,Tier 1,1,Soft,quantile_fallback
2025-04-22,0.0,0.0,0.0,10,10,0,,0.0,184.5625,120.90017230576441,10.0,10.0,False,11.69305724725944,1,Tier 1,1,Soft,quantile_fallback
2025-04-23,0.0,0.0,0.0,10,10,0,,0.0,184.5625,127.79824561403508,10.0,10.0,False,14.007308160779536,1,Tier 1,1,Soft,quantile_fallback
2025-04-24,0.0,0.0,0.0,10,10,0,,0.0,184.5625,151.07622180451128,10.0,10.0,False,23.87332521315469,2,Tier 2,2,Low,quantile_fallback
2025-04-25,0.0,0.0,0.0,10,10,0,,0.0,116.4375,176.19455513784462,10.0,10.0,False,35.80998781973204,2,Tier 2,2,Low,quantile_fallback
2025-04-26,0.0,0.0,0.0,10,10,0,,0.0,148.9625,199.0873245614035,10.0,10.0,False,43.97076735688185,3,Tier 3,3,Shoulder,quantile_fallback
2025-04-27,0.0,0.0,0.0,10,10,0,,0.0,179.4875,208.38980576441102,10.0,10.0,False,45.43239951278928,3,Tier 3,3,Shoulder,quantile_fallback
2025-04-28,0.0,0.0,0.0,10,10,0,,0.0,51.4375,214.99059523809524,10.0,10.0,False,47.198538367844094,3,Tier 3,3,Shoulder,quantile_fallback
2025-04-29,2289.5,1.0,1.0,10,10,0,2289.5,4.35,124.3625,212.18571428571428,10.0,10.0,False,46.467722289890375,3,Tier 3,3,Shoulder,quantile_fallback
2025-04-30,2289.5,1.0,0.0,10,10,0,2289.5,4.35,325.8916666666667,199.81339285714284,10.0,10.0,False,44.0925700365408,3,Tier 3,3,Shoulder,quantile_fallback
2025-05-01,2804.8,1.0,1.0,10,10,0,2804.8,4.35,351.65666666666664,193.72321428571428,10.0,10.0,False,41.961023142509134,3,Tier 3,3,Shoulder,quantile_fallback
2025-05-02,2804.8,1.0,0.0,10,10,0,2804.8,4.35,351.65666666666664,187.63303571428568,10.0,10.0,False,39.2204628501827,2,Tier 2,2,Low,quantile_fallback
2025-05-03,2804.8,1.0,0.0,10,10,0,2804.8,4.35,288.17333333333335,187.21964285714284,10.0,10.0,False,38.79415347137637,2,Tier 2,2,Low,quantile_fallback
2025-05-04,2804.8,1.0,0.0,10,10,0,2804.8,4.35,301.3233333333334,197.82589285714286,10.0,10.0,False,43.057247259439706,3,Tier 3,3,Shoulder,quantile_fallback
2025-05-05,2804.8,1.0,0.0,10,10,0,2804.8,4.35,177.52333333333334,217.49464285714288,10.0,10.0,False,47.929354445797806,3,Tier 3,3,Shoulder,quantile_fallback
2025-05-06,0.0,0.0,0.0,10,10,0,,0.0,11.35,225.06339285714287,10.0,10.0,False,49.87819732034105,3,Tier 3,3,Shoulder,quantile_fallback
2025-05-07,0.0,0.0,0.0,10,10,0,,0.0,99.3,216.18035714285716,10.0,10.0,False,47.442143727162,3,Tier 3,3,Shoulder,quantile_fallback
2025-05-08,0.0,0.0,0.0,10,10,0,,0.0,99.3,192.90238095238098,10.0,10.0,False,41.04750304506699,3,Tier 3,3,Shoulder,quantile_fallback
2025-05-09,0.0,0.0,0.0,10,10,0,,0.0,110.65,180.13285714285715,10.0,10.0,False,37.088915956151034,2,Tier 2,2,Low,quantile_fallback
2025-05-10,0.0,0.0,0.0,10,10,0,,0.0,297.45,168.63119047619048,10.0,10.0,False,33.19123020706456,2,Tier 2,2,Low,quantile_fallback
2025-05-11,3148.0,1.0,1.0,10,10,0,3148.0,4.35,454.85,165.95273809523812,10.0,10.0,False,32.03410475030451,2,Tier 2,2,Low,quantile_fallback
2025-05-12,3148.0,1.0,0.0,10,10,0,3148.0,4.35,157.4,157.84815476190474,10.0,10.0,False,27.22289890377588,2,Tier 2,2,Low,quantile_fallback
2025-05-13,0.0,0.0,0.0,10,10,0,,0.0,0.0,158.63642857142855,10.0,10.0,False,28.197320341047504,2,Tier 2,2,Low,quantile_fallback
2025-05-14,0.0,0.0,0.0,10,10,0,,0.0,0.0,168.8519642857143,10.0,10.0,False,33.43483556638246,2,Tier 2,2,Low,quantile_fallback
2025-05-15,3457.6666666666665,1.0,1.0,10,10,0,3457.67,4.35,172.88333333333333,167.32999999999998,10.0,10.0,False,32.70401948842874,2,Tier 2,2,Low,quantile_fallback
2025-05-16,3457.6666666666665,1.0,0.0,10,10,0,3457.67,4.35,190.63333333333333,161.3857142857143,10.0,10.0,False,29.415347137637028,2,Tier 2,2,Low,quantile_fallback
2025-05-17,3457.6666666666665,1.0,0.0,10,10,0,3457.67,4.35,250.675,185.6526785714286,10.0,10.0,False,38.12423873325213,2,Tier 2,2,Low,quantile_fallback
2025-05-18,1472.25,1.0,1.0,10,10,0,1472.25,4.35,187.85916666666668,196.5767857142857,10.0,10.0,False,42.38733252131547,3,Tier 3,3,Shoulder,quantile_fallback
2025-05-19,2906.25,2.0,1.0,10,10,0,1453.12,8.7,188.55916666666667,192.36517857142854,10.0,10.0,False,40.74299634591961,3,Tier 3,3,Shoulder,quantile_fallback
2025-05-20,2906.25,2.0,0.0,10,10,0,1453.12,8.7,154.3675,193.54285714285714,10.0,10.0,False,41.473812423873326,3,Tier 3,3,Shoulder,quantile_fallback
2025-05-21,1472.25,1.0,0.0,10,10,0,1472.25,4.35,77.99249999999999,193.54285714285714,10.0,10.0,False,41.473812423873326,3,Tier 3,3,Shoulder,quantile_fallback
2025-05-22,0.0,0.0,0.0,10,10,0,,0.0,16.080000000000002,194.46785714285713,10.0,10.0,False,42.14372716199756,3,Tier 3,3,Shoulder,quantile_fallback
2025-05-23,2103.0,1.0,1.0,10,10,0,2103.0,4.35,450.3875,227.6095238095238,10.0,10.0,False,50.669914738124234,3,Tier 3,3,Shoulder,quantile_fallback
2025-05-24,2103.0,1.0,0.0,10,10,0,2103.0,4.35,450.3875,267.0154761904762,10.0,10.0,False,66.26065773447016,4,Tier 4,4,High,quantile_fallback
2025-05-25,1013.0,1.0,1.0,10,10,0,1013.0,4.35,395.8875,316.3702380952381,10.0,10.0,False,79.78075517661388,4,Tier 4,4,High,quantile_fallback
2025-05-26,0.0,0.0,0.0,10,10,0,,0.0,173.8875,325.64636904761903,10.0,10.0,False,82.03410475030451,5,Tier 5,5,Peak,quantile_fallback
2025-05-27,0.0,0.0,0.0,10,10,0,,0.0,0.0,326.1921428571428,10.0,10.0,False,82.76492082825823,5,Tier 5,5,Peak,quantile_fallback
2025-05-28,0.0,0.0,0.0,10,10,0,,0.0,12.95,320.7230357142857,10.0,10.0,False,80.20706455542022,5,Tier 5,5,Peak,quantile_fallback
2025-05-29,12478.333333333332,21.0,21.0,10,10,0,594.21,91.3,636.8666666666666,315.1521428571428,10.0,10.0,False,79.41534713763703,4,Tier 4,4,High,quantile_fallback
2025-05-30,12478.333333333332,21.0,0.0,10,10,0,594.21,91.3,742.3166666666666,321.8571428571428,10.0,10.0,False,80.45066991473813,5,Tier 5,5,Peak,quantile_fallback
2025-05-31,12478.333333333332,21.0,0.0,10,10,0,594.21,91.3,941.6416666666667,308.5741071428571,10.0,10.0,False,77.64920828258222,4,Tier 4,4,High,quantile_fallback
2025-06-01,0.0,0.0,0.0,10,10,0,,0.0,317.725,296.6392857142857,10.0,10.0,False,74.23873325213155,4,Tier 4,4,High,quantile_fallback
2025-06-02,1556.0,1.0,1.0,10,10,0,1556.0,4.35,196.2,269.70982142857144,10.0,10.0,False,67.41778319123021,4,Tier 4,4,High,quantile_fallback
2025-06-03,1556.0,1.0,0.0,10,10,0,1556.0,4.35,77.8,268.38392857142856,10.0,10.0,False,67.1741778319123,4,Tier 4,4,High,quantile_fallback
2025-06-04,0.0,0.0,0.0,10,10,0,,0.0,0.0,278.9392857142857,10.0,10.0,False,69.61023142509136,4,Tier 4,4,High,quantile_fallback
2025-06-05,2199.0,1.0,1.0,10,10,0,2199.0,4.35,109.95,284.5285714285714,10.0,10.0,False,70.95006090133982,4,Tier 4,4,High,quantile_fallback
2025-06-06,5288.5,2.0,1.0,10,10,0,2644.25,8.7,264.425,252.12738095238095,10.0,10.0,False,59.19610231425091,3,Tier 3,3,Shoulder,quantile_fallback
2025-06-07,5288.5,2.0,0.0,10,10,0,2644.25,8.7,283.3,220.6511904761905,10.0,10.0,False,48.721071863581,3,Tier 3,3,Shoulder,quantile_fallback
2025-06-08,0.0,0.0,0.0,10,10,0,,0.0,18.875,168.4232142857143,10.0,10.0,False,32.947624847746646,2,Tier 2,2,Low,quantile_fallback
2025-06-09,2955.5,5.0,5.0,10,10,0,591.1,21.74,155.325,154.18571428571428,10.0,10.0,False,25.6394640682095,2,Tier 2,2,Low,quantile_fallback
2025-06-10,2955.5,5.0,0.0,10,10,0,591.1,21.74,147.775,148.62857142857143,10.0,10.0,False,22.228989037758833,2,Tier 2,2,Low,quantile_fallback
2025-06-11,0.0,0.0,0.0,10,10,0,,0.0,91.2,143.07142857142858,10.0,10.0,False,19.549330085261875,1,Tier 1,1,Soft,quantile_fallback
2025-06-12,1841.0,1.0,1.0,10,10,0,1841.0,4.35,183.25,143.07142857142858,10.0,10.0,False,19.549330085261875,1,Tier 1,1,Soft,quantile_fallback
2025-06-13,1841.0,1.0,0.0,10,10,0,1841.0,4.35,301.65,152.18809523809523,10.0,10.0,False,24.543239951278927,2,Tier 2,2,Low,quantile_fallback
2025-06-14,1841.0,1.0,0.0,10,10,0,1841.0,4.35,210.45,158.12440476190477,10.0,10.0,False,27.527405602923267,2,Tier 2,2,Low,quantile_fallback
2025-06-15,0.0,0.0,0.0,10,10,0,,0.0,118.4,173.83392857142857,10.0,10.0,False,35.20097442143727,2,Tier 2,2,Low,quantile_fallback
2025-06-16,0.0,0.0,0.0,10,10,0,,0.0,118.4,198.55357142857142,10.0,10.0,False,43.54445797807552,3,Tier 3,3,Shoulder,quantile_fallback
2025-06-17,0.0,0.0,0.0,10,10,0,,0.0,0.0,187.45892857142857,10.0,10.0,False,39.03775883069427,2,Tier 2,2,Low,quantile_fallback
2025-06-18,0.0,0.0,0.0,10,10,0,,0.0,0.0,176.90357142857144,10.0,10.0,False,36.23629719853837,2,Tier 2,2,Low,quantile_fallback
2025-06-19,2765.6666666666665,1.0,1.0,10,10,0,2765.67,4.35,237.58333333333331,170.3892857142857,10.0,10.0,False,33.86114494518879,2,Tier 2,2,Low,quantile_fallback
2025-06-20,4964.666666666666,2.0,1.0,10,10,0,2482.33,8.7,347.5333333333333,157.29999999999998,10.0,10.0,False,26.73568818514007,2,Tier 2,2,Low,quantile_fallback
2025-06-21,4964.666666666666,2.0,0.0,10,10,0,2482.33,8.7,503.2333333333333,153.81666666666666,10.0,10.0,False,25.395858708891595,2,Tier 2,2,Low,quantile_fallback
2025-06-22,2199.0,1.0,0.0,10,10,0,2199.0,4.35,364.95,157.65654761904761,10.0,10.0,False,26.979293544457978,2,Tier 2,2,Low,quantile_fallback
2025-06-23,0.0,0.0,0.0,10,10,0,,0.0,0.0,158.5535714285714,10.0,10.0,False,27.892813641900123,2,Tier 2,2,Low,quantile_fallback
2025-06-24,0.0,0.0,0.0,10,10,0,,0.0,0.0,150.09642857142853,10.0,10.0,False,23.142509135200974,2,Tier 2,2,Low,quantile_fallback
2025-06-25,0.0,0.0,0.0,10,10,0,,0.0,0.0,154.46785714285713,10.0,10.0,False,25.883069427527406,2,Tier 2,2,Low,quantile_fallback
2025-06-26,0.0,0.0,0.0,10,10,0,,0.0,0.0,165.56666666666666,10.0,10.0,False,31.303288672350792,2,Tier 2,2,Low,quantile_fallback
2025-06-27,5057.666666666666,2.0,2.0,10,10,0,2528.83,8.7,252.8833333333333,165.78154761904761,10.0,10.0,False,31.485992691839222,2,Tier 2,2,Low,quantile_fallback
2025-06-28,5057.666666666666,2.0,0.0,10,10,0,2528.83,8.7,264.2083333333333,163.44464285714284,10.0,10.0,False,30.633373934226555,2,Tier 2,2,Low,quantile_fallback
2025-06-29,2392.6666666666665,1.0,0.0,10,10,0,2392.67,4.35,130.95833333333331,134.3892857142857,10.0,10.0,False,15.468940316686966,1,Tier 1,1,Soft,quantile_fallback
2025-06-30,0.0,0.0,0.0,10,10,0,,0.0,0.0,109.09464285714286,10.0,10.0,False,8.343483556638246,1,Tier 1,1,Soft,quantile_fallback
2025-07-01,0.0,0.0,0.0,10,10,0,,0.0,61.2,115.10892857142858,10.0,10.0,False,10.414129110840438,1,Tier 1,1,Soft,quantile_fallback
2025-07-02,0.0,0.0,0.0,10,10,0,,0.0,155.38333333333335,127.59910714285715,10.0,10.0,False,13.763702801461633,1,Tier 1,1,Soft,quantile_fallback
2025-07-03,2737.5,1.0,1.0,10,10,0,2737.5,4.35,240.5916666666667,134.84821428571428,10.0,10.0,False,15.712545676004872,1,Tier 1,1,Soft,quantile_fallback
2025-07-04,4015.5,2.0,1.0,10,10,0,2007.75,8.7,314.8166666666667,142.09732142857143,10.0,10.0,False,19.18392204628502,1,Tier 1,1,Soft,quantile_fallback
2025-07-05,1278.0,1.0,0.0,10,10,0,1278.0,4.35,96.45833333333333,143.97261904761905,10.0,10.0,False,19.914738124238735,1,Tier 1,1,Soft,quantile_fallback
2025-07-06,0.0,0.0,0.0,10,10,0,,0.0,10.825,139.5095238095238,10.0,10.0,False,18.087697929354444,1,Tier 1,1,Soft,quantile_fallback
2025-07-07,1467.5,1.0,1.0,10,10,0,1467.5,4.35,84.2,137.3845238095238,10.0,10.0,False,16.626065773447017,1,Tier 1,1,Soft,quantile_fallback
2025-07-08,1467.5,1.0,0.0,10,10,0,1467.5,4.35,174.8625,149.98869047619047,10.0,10.0,False,22.959805115712545,2,Tier 2,2,Low,quantile_fallback
2025-07-09,0.0,0.0,0.0,10,10,0,,0.0,101.4875,158.22142857142856,10.0,10.0,False,27.649208282582215,2,Tier 2,2,Low,quantile_fallback
2025-07-10,0.0,0.0,0.0,10,10,0,,0.0,101.4875,151.49404761904765,10.0,10.0,False,24.056029232643116,2,Tier 2,2,Low,quantile_fallback
2025-07-11,3553.0,1.0,1.0,10,10,0,3553.0,4.35,279.1375,148.2029761904762,10.0,10.0,False,21.985383678440925,2,Tier 2,2,Low,quantile_fallback
2025-07-12,3553.0,1.0,0.0,10,10,0,3553.0,4.35,201.725,135.77797619047618,10.0,10.0,False,15.956151035322778,1,Tier 1,1,Soft,quantile_fallback
2025-07-13,1542.6666666666667,1.0,1.0,10,10,0,1542.67,4.35,101.20833333333334,139.75892857142858,10.0,10.0,False,18.331303288672352,1,Tier 1,1,Soft,quantile_fallback
2025-07-14,1542.6666666666667,1.0,0.0,10,10,0,1542.67,4.35,176.45833333333334,140.33392857142857,10.0,10.0,False,18.574908647990256,1,Tier 1,1,Soft,quantile_fallback
2025-07-15,1542.6666666666667,1.0,0.0,10,10,0,1542.67,4.35,176.45833333333334,134.31964285714284,10.0,10.0,False,15.225334957369064,1,Tier 1,1,Soft,quantile_fallback
2025-07-16,0.0,0.0,0.0,10,10,0,,0.0,61.2,130.9455357142857,10.0,10.0,False,14.738124238733253,1,Tier 1,1,Soft,quantile_fallback
2025-07-17,2666.3333333333335,1.0,1.0,10,10,0,2666.33,4.35,194.51666666666668,132.8125,10.0,10.0,False,15.042630937880633,1,Tier 1,1,Soft,quantile_fallback
2025-07-18,2666.3333333333335,1.0,0.0,10,10,0,2666.33,4.35,140.86666666666667,130.15089285714288,10.0,10.0,False,14.616321559074299,1,Tier 1,1,Soft,quantile_fallback
2025-07-19,2666.3333333333335,1.0,0.0,10,10,0,2666.33,4.35,152.19166666666666,115.48839285714287,10.0,10.0,False,10.840438489646772,1,Tier 1,1,Soft,quantile_fallback
2025-07-20,0.0,0.0,0.0,10,10,0,,0.0,18.875,101.76785714285715,10.0,10.0,False,6.577344701583435,1,Tier 1,1,Soft,quantile_fallback
2025-07-21,0.0,0.0,0.0,10,10,0,,0.0,0.0,95.22708333333333,10.0,10.0,False,5.602923264311815,1,Tier 1,1,Soft,quantile_fallback
2025-07-22,0.0,0.0,0.0,10,10,0,,0.0,127.625,83.31130952380953,10.0,10.0,False,4.689403166869671,1,Tier 1,1,Soft,quantile_fallback
2025-07-23,0.0,0.0,0.0,10,10,0,,0.0,127.625,72.28214285714286,10.0,10.0,False,3.5931790499390983,1,Tier 1,1,Soft,quantile_fallback
2025-07-24,0.0,0.0,0.0,10,10,0,,0.0,64.225,67.91071428571429,10.0,10.0,False,3.1059683313032886,1,Tier 1,1,Soft,quantile_fallback
2025-07-25,0.0,0.0,0.0,10,10,0,,0.0,73.8625,62.47380952380952,10.0,10.0,False,2.6187576126674785,1,Tier 1,1,Soft,quantile_fallback
2025-07-26,0.0,0.0,0.0,10,10,0,,0.0,9.6375,60.86904761904761,10.0,10.0,False,2.3751522533495737,1,Tier 1,1,Soft,quantile_fallback
2025-07-27,0.0,0.0,0.0,10,10,0,,0.0,9.6375,68.3625,10.0,10.0,False,3.3495736906211935,1,Tier 1,1,Soft,quantile_fallback
2025-07-28,0.0,0.0,0.0,10,10,0,,0.0,9.6375,85.37857142857145,10.0,10.0,False,5.054811205846529,1,Tier 1,1,Soft,quantile_fallback
2025-07-29,0.0,0.0,0.0,10,10,0,,0.0,22.05,85.37857142857145,10.0,10.0,False,5.054811205846529,1,Tier 1,1,Soft,quantile_fallback
2025-07-30,0.0,0.0,0.0,10,10,0,,0.0,0.0,80.73928571428573,10.0,10.0,False,4.202192448233861,1,Tier 1,1,Soft,quantile_fallback
2025-07-31,0.0,0.0,0.0,10,10,0,,0.0,118.4,77.77142857142859,10.0,10.0,False,3.958587088915956,1,Tier 1,1,Soft,quantile_fallback
2025-08-01,0.0,0.0,0.0,10,10,0,,0.0,118.4,82.42857142857143,10.0,10.0,False,4.445797807551767,1,Tier 1,1,Soft,quantile_fallback
2025-08-02,0.0,0.0,0.0,10,10,0,,0.0,257.1,98.48660714285714,10.0,10.0,False,6.272838002436054,1,Tier 1,1,Soft,quantile_fallback
2025-08-03,0.0,0.0,0.0,10,10,0,,0.0,257.1,127.33035714285714,10.0,10.0,False,13.580998781973202,1,Tier 1,1,Soft,quantile_fallback
2025-08-04,0.0,0.0,0.0,10,10,0,,0.0,0.0,145.00625,10.0,10.0,False,20.15834348355664,1,Tier 1,1,Soft,quantile_fallback
2025-08-05,0.0,0.0,0.0,10,10,0,,0.0,62.675,145.78333333333333,10.0,10.0,False,20.767356881851402,2,Tier 2,2,Low,quantile_fallback
2025-08-06,0.0,0.0,0.0,10,10,0,,0.0,86.075,146.44166666666666,10.0,10.0,False,21.254567600487213,2,Tier 2,2,Low,quantile_fallback
2025-08-07,0.0,0.0,0.0,10,10,0,,0.0,129.425,150.11726190476193,10.0,10.0,False,23.447015834348356,2,Tier 2,2,Low,quantile_fallback
2025-08-08,3127.0,1.0,1.0,10,10,0,3127.0,4.35,298.675,149.44583333333335,10.0,10.0,False,22.472594397076737,2,Tier 2,2,Low,quantile_fallback
2025-08-09,3127.0,1.0,0.0,10,10,0,3127.0,4.35,413.45,162.13869047619048,10.0,10.0,False,29.90255785627284,2,Tier 2,2,Low,quantile_fallback
2025-08-10,0.0,0.0,0.0,10,10,0,,0.0,257.1,161.10416666666669,10.0,10.0,False,28.68453105968331,2,Tier 2,2,Low,quantile_fallback
2025-08-11,0.0,0.0,0.0,10,10,0,,0.0,20.51666666666667,152.7547619047619,10.0,10.0,False,24.908647990255787,2,Tier 2,2,Low,quantile_fallback
2025-08-12,0.0,0.0,0.0,10,10,0,,0.0,31.26666666666667,161.79761904761907,10.0,10.0,False,29.65895249695493,2,Tier 2,2,Low,quantile_fallback
2025-08-13,0.0,0.0,0.0,10,10,0,,0.0,51.458333333333336,162.42321428571427,10.0,10.0,False,30.146163215590743,2,Tier 2,2,Low,quantile_fallback
2025-08-14,0.0,0.0,0.0,10,10,0,,0.0,109.0,161.37738095238095,10.0,10.0,False,29.17174177831912,2,Tier 2,2,Low,quantile_fallback
2025-08-15,3516.0,1.0,1.0,10,10,0,3516.0,4.35,296.1,157.26130952380953,10.0,10.0,False,26.492082825822166,2,Tier 2,2,Low,quantile_fallback
2025-08-16,3516.0,1.0,0.0,10,10,0,3516.0,4.35,242.61666666666665,136.67619047619047,10.0,10.0,False,16.260657734470158,1,Tier 1,1,Soft,quantile_fallback
2025-08-17,0.0,0.0,0.0,10,10,0,,0.0,140.20833333333331,107.89285714285714,10.0,10.0,False,7.856272838002436,1,Tier 1,1,Soft,quantile_fallback
2025-08-18,0.0,0.0,0.0,10,10,0,,0.0,126.6,98.06071428571428,10.0,10.0,False,6.029232643118148,1,Tier 1,1,Soft,quantile_fallback
2025-08-19,0.0,0.0,0.0,10,10,0,,0.0,71.43333333333332,106.02738095238097,10.0,10.0,False,7.2472594397076735,1,Tier 1,1,Soft,quantile_fallback
2025-08-20,0.0,0.0,0.0,10,10,0,,0.0,71.43333333333332,108.1654761904762,10.0,10.0,False,8.099878197320342,1,Tier 1,1,Soft,quantile_fallback
2025-08-21,0.0,0.0,0.0,10,10,0,,0.0,71.8,113.23273809523809,10.0,10.0,False,9.805115712545675,1,Tier 1,1,Soft,quantile_fallback
2025-08-22,0.0,0.0,0.0,10,10,0,,0.0,10.483333333333333,109.81845238095238,10.0,10.0,False,8.830694275274057,1,Tier 1,1,Soft,quantile_fallback
2025-08-23,0.0,0.0,0.0,10,10,0,,0.0,10.483333333333333,107.30892857142858,10.0,10.0,False,7.490864799025579,1,Tier 1,1,Soft,quantile_fallback
2025-08-24,0.0,0.0,0.0,10,10,0,,0.0,119.45,109.34821428571426,10.0,10.0,False,8.587088915956151,1,Tier 1,1,Soft,quantile_fallback
2025-08-25,0.0,0.0,0.0,10,10,0,,0.0,132.05,123.27321428571427,10.0,10.0,False,12.362971985383679,1,Tier 1,1,Soft,quantile_fallback
2025-08-26,0.0,0.0,0.0,10,10,0,,0.0,61.2,123.52261904761905,10.0,10.0,False,12.606577344701583,1,Tier 1,1,Soft,quantile_fallback
2025-08-27,0.0,0.0,0.0,10,10,0,,0.0,122.4,121.38214285714285,10.0,10.0,False,11.875761266747869,1,Tier 1,1,Soft,quantile_fallback
2025-08-28,0.0,0.0,0.0,10,10,0,,0.0,61.2,116.2797619047619,10.0,10.0,False,11.0231425091352,1,Tier 1,1,Soft,quantile_fallback
2025-08-29,5219.333333333333,1.0,1.0,10,10,0,5219.33,4.35,260.96666666666664,111.15119047619046,10.0,10.0,False,9.317904993909867,1,Tier 1,1,Soft,quantile_fallback
2025-08-30,5219.333333333333,1.0,0.0,10,10,0,5219.33,4.35,271.16666666666663,141.83184523809524,10.0,10.0,False,18.940316686967112,1,Tier 1,1,Soft,quantile_fallback
2025-08-31,5219.333333333333,1.0,0.0,10,10,0,5219.33,4.35,335.1583333333333,178.06369047619046,10.0,10.0,False,36.601705237515226,2,Tier 2,2,Low,quantile_fallback
2025-09-01,0.0,0.0,0.0,10,10,0,,0.0,130.09166666666667,184.84077380952382,10.0,10.0,False,37.81973203410475,2,Tier 2,2,Low,quantile_fallback
2025-09-02,0.0,0.0,0.0,10,10,0,,0.0,41.46666666666667,190.71785714285716,10.0,10.0,False,40.2557856272838,3,Tier 3,3,Shoulder,quantile_fallback
2025-09-03,0.0,0.0,0.0,10,10,0,,0.0,0.0,186.3464285714286,10.0,10.0,False,38.30694275274056,2,Tier 2,2,Low,quantile_fallback
2025-09-04,0.0,0.0,0.0,10,10,0,,0.0,0.0,197.5577380952381,10.0,10.0,False,42.69183922046285,3,Tier 3,3,Shoulder,quantile_fallback
2025-09-05,6068.0,2.0,2.0,10,10,0,3034.0,8.7,440.0125,228.0261904761905,10.0,10.0,False,50.85261875761267,3,Tier 3,3,Shoulder,quantile_fallback
2025-09-06,6068.0,2.0,0.0,10,10,0,3034.0,8.7,517.7291666666667,244.22559523809528,10.0,10.0,False,56.33373934226553,3,Tier 3,3,Shoulder,quantile_fallback
2025-09-07,0.0,0.0,0.0,10,10,0,,0.0,214.3291666666667,265.31904761904764,10.0,10.0,False,65.34713763702801,4,Tier 4,4,High,quantile_fallback
2025-09-08,0.0,0.0,0.0,10,10,0,,0.0,214.3291666666667,255.04761904761907,10.0,10.0,False,60.59683313032886,4,Tier 4,4,High,quantile_fallback
2025-09-09,0.0,0.0,0.0,10,10,0,,0.0,0.0,259.42380952380955,10.0,10.0,False,63.64190012180268,4,Tier 4,4,High,quantile_fallback
2025-09-10,4162.5,1.0,1.0,10,10,0,4162.5,4.35,279.35833333333335,262.53571428571433,10.0,10.0,False,64.49451887941535,4,Tier 4,4,High,quantile_fallback
2025-09-11,8330.5,2.0,1.0,10,10,0,4165.25,8.7,487.7583333333333,268.01160714285714,10.0,10.0,False,66.80876979293544,4,Tier 4,4,High,quantile_fallback
2025-09-12,8330.5,2.0,0.0,10,10,0,4165.25,8.7,487.7583333333333,273.4875,10.0,10.0,False,68.27040194884287,4,Tier 4,4,High,quantile_fallback
2025-09-13,8330.5,2.0,0.0,10,10,0,4165.25,8.7,566.475,273.38511904761907,10.0,10.0,False,68.02679658952498,4,Tier 4,4,High,quantile_fallback
2025-09-14,0.0,0.0,0.0,10,10,0,,0.0,191.35833333333335,267.73154761904766,10.0,10.0,False,66.56516443361754,4,Tier 4,4,High,quantile_fallback
2025-09-15,0.0,0.0,0.0,10,10,0,,0.0,191.35833333333335,265.9199404761905,10.0,10.0,False,65.59074299634592,4,Tier 4,4,High,quantile_fallback
2025-09-16,0.0,0.0,0.0,10,10,0,,0.0,85.03333333333333,256.18928571428575,10.0,10.0,False,61.084043848964676,4,Tier 4,4,High,quantile_fallback
2025-09-17,0.0,0.0,0.0,10,10,0,,0.0,76.6625,266.1392857142857,10.0,10.0,False,65.83434835566383,4,Tier 4,4,High,quantile_fallback
2025-09-18,0.0,0.0,0.0,10,10,0,,0.0,76.6625,259.1958333333333,10.0,10.0,False,63.27649208282582,4,Tier 4,4,High,quantile_fallback
2025-09-19,5021.0,2.0,2.0,10,10,0,2510.5,8.7,438.5791666666667,249.0809523809524,10.0,10.0,False,57.79537149817296,3,Tier 3,3,Shoulder,quantile_fallback
2025-09-20,5021.0,2.0,0.0,10,10,0,2510.5,8.7,438.5791666666667,241.17440476190475,10.0,10.0,False,54.993909866017056,3,Tier 3,3,Shoulder,quantile_fallback
2025-09-21,1562.0,1.0,1.0,10,10,0,1562.0,4.35,188.96666666666667,244.38630952380956,10.0,10.0,False,56.577344701583435,3,Tier 3,3,Shoulder,quantile_fallback
2025-09-22,1562.0,1.0,0.0,10,10,0,1562.0,4.35,78.1,255.37797619047618,10.0,10.0,False,60.84043848964677,4,Tier 4,4,High,quantile_fallback
2025-09-23,1562.0,1.0,0.0,10,10,0,1562.0,4.35,139.3,254.6092261904762,10.0,10.0,False,60.353227771010964,4,Tier 4,4,High,quantile_fallback
2025-09-24,2419.0,1.0,1.0,10,10,0,2419.0,4.35,182.15,261.4351190476191,10.0,10.0,False,63.88550548112059,4,Tier 4,4,High,quantile_fallback
2025-09-25,5324.0,2.0,1.0,10,10,0,2662.0,8.7,346.15,276.6625,10.0,10.0,False,69.24482338611449,4,Tier 4,4,High,quantile_fallback
2025-09-26,5324.0,2.0,0.0,10,10,0,2662.0,8.7,377.0666666666667,287.08750000000003,10.0,10.0,False,72.04628501827041,4,Tier 4,4,High,quantile_fallback
2025-09-27,5324.0,2.0,0.0,10,10,0,2662.0,8.7,611.4416666666667,290.55148809523814,10.0,10.0,False,73.38611449451888,4,Tier 4,4,High,quantile_fallback
2025-09-28,0.0,0.0,0.0,10,10,0,,0.0,345.2416666666667,286.21190476190475,10.0,10.0,False,71.8026796589525,4,Tier 4,4,High,quantile_fallback
2025-09-29,1344.6666666666667,1.0,1.0,10,10,0,1344.67,4.35,180.59583333333336,272.7142857142857,10.0,10.0,False,67.66138855054811,4,Tier 4,4,High,quantile_fallback
2025-09-30,1344.6666666666667,1.0,0.0,10,10,0,1344.67,4.35,180.59583333333336,283.41785714285714,10.0,10.0,False,70.46285018270402,4,Tier 4,4,High,quantile_fallback
2025-10-01,3529.666666666667,2.0,1.0,10,10,0,1764.83,8.7,289.84583333333336,289.75000000000006,10.0,10.0,False,73.14250913520097,4,Tier 4,4,High,quantile_fallback
2025-10-02,2185.0,1.0,0.0,10,10,0,2185.0,4.35,222.6125,299.947619047619,10.0,10.0,False,75.33495736906211,4,Tier 4,4,High,quantile_fallback
2025-10-03,2185.0,1.0,0.0,10,10,0,2185.0,4.35,487.075,298.4309523809524,10.0,10.0,False,74.6041412911084,4,Tier 4,4,High,quantile_fallback
2025-10-04,0.0,0.0,0.0,10,10,0,,0.0,377.825,312.9833333333333,10.0,10.0,False,78.62362971985384,4,Tier 4,4,High,quantile_fallback
2025-10-05,0.0,0.0,0.0,10,10,0,,0.0,0.0,323.8184523809524,10.0,10.0,False,81.5468940316687,5,Tier 5,5,Peak,quantile_fallback
2025-10-06,4559.0,2.0,2.0,10,10,0,2279.5,8.7,227.95,353.66785714285714,10.0,10.0,False,89.7076735688185,5,Tier 5,5,Peak,quantile_fallback
2025-10-07,4559.0,2.0,0.0,10,10,0,2279.5,8.7,227.95,340.7681547619048,10.0,10.0,False,86.05359317904994,5,Tier 5,5,Peak,quantile_fallback
2025-10-08,4559.0,2.0,0.0,10,10,0,2279.5,8.7,324.91666666666663,327.8684523809524,10.0,10.0,False,83.61753958587089,5,Tier 5,5,Peak,quantile_fallback
2025-10-09,4559.0,2.0,0.0,10,10,0,2279.5,8.7,324.91666666666663,307.16517857142856,10.0,10.0,False,76.9183922046285,4,Tier 4,4,High,quantile_fallback
2025-10-10,9676.666666666666,1.0,1.0,10,10,0,9676.67,4.35,580.8,304.6086309523809,10.0,10.0,False,75.94397076735689,4,Tier 4,4,High,quantile_fallback
2025-10-11,9676.666666666666,1.0,0.0,10,10,0,9676.67,4.35,763.1333333333333,305.6297619047619,10.0,10.0,False,76.4311814859927,4,Tier 4,4,High,quantile_fallback
2025-10-12,9676.666666666666,1.0,0.0,10,10,0,9676.67,4.35,763.1333333333333,314.4544642857142,10.0,10.0,False,78.86723507917173,4,Tier 4,4,High,quantile_fallback
2025-10-13,0.0,0.0,0.0,10,10,0,,0.0,0.0,344.54464285714283,10.0,10.0,False,86.78440925700366,5,Tier 5,5,Peak,quantile_fallback
2025-10-14,0.0,0.0,0.0,10,10,0,,0.0,0.0,345.1392857142857,10.0,10.0,False,87.27161997563947,5,Tier 5,5,Peak,quantile_fallback
2025-10-15,0.0,0.0,0.0,10,10,0,,0.0,0.0,343.3845238095238,10.0,10.0,False,86.54080389768575,5,Tier 5,5,Peak,quantile_fallback
2025-10-16,1012.6666666666666,1.0,1.0,10,10,0,1012.67,4.35,186.82083333333333,327.2964285714285,10.0,10.0,False,83.37393422655298,5,Tier 5,5,Peak,quantile_fallback
2025-10-17,4253.666666666667,2.0,1.0,10,10,0,2126.83,8.7,501.3708333333333,311.2083333333333,10.0,10.0,False,78.13641900121803,4,Tier 4,4,High,quantile_fallback
2025-10-18,4253.666666666667,2.0,0.0,10,10,0,2126.83,8.7,501.3708333333333,280.53690476190474,10.0,10.0,False,69.97563946406821,4,Tier 4,4,High,quantile_fallback
2025-10-19,2651.5,1.0,1.0,10,10,0,2651.5,4.35,421.2625,236.84166666666667,10.0,10.0,False,52.67965895249696,3,Tier 3,3,Shoulder,quantile_fallback
2025-10-20,2651.5,1.0,0.0,10,10,0,2651.5,4.35,236.275,204.14404761904763,10.0,10.0,False,44.76248477466504,3,Tier 3,3,Shoulder,quantile_fallback
2025-10-21,0.0,0.0,0.0,10,10,0,,0.0,203.38333333333335,225.95595238095237,10.0,10.0,False,50.121802679658956,3,Tier 3,3,Shoulder,quantile_fallback
2025-10-22,0.0,0.0,0.0,10,10,0,,0.0,99.68333333333334,233.22857142857143,10.0,10.0,False,52.07064555420219,3,Tier 3,3,Shoulder,quantile_fallback
2025-10-23,0.0,0.0,0.0,10,10,0,,0.0,99.68333333333334,233.22857142857143,10.0,10.0,False,52.07064555420219,3,Tier 3,3,Shoulder,quantile_fallback
2025-10-24,3028.0,2.0,2.0,10,10,0,1514.0,8.7,151.4,219.8842261904762,10.0,10.0,False,48.416565164433614,3,Tier 3,3,Shoulder,quantile_fallback
2025-10-25,3028.0,2.0,0.0,10,10,0,1514.0,8.7,151.4,193.29202380952384,10.0,10.0,False,41.230207064555415,3,Tier 3,3,Shoulder,quantile_fallback
2025-10-26,2036.3333333333333,1.0,1.0,10,10,0,2036.33,4.35,305.3666666666667,166.69982142857143,10.0,10.0,False,32.460414129110845,2,Tier 2,2,Low,quantile_fallback
2025-10-27,2036.3333333333333,1.0,0.0,10,10,0,2036.33,4.35,305.3666666666667,145.82964285714286,10.0,10.0,False,21.010962241169306,2,Tier 2,2,Low,quantile_fallback
2025-10-28,2036.3333333333333,1.0,0.0,10,10,0,2036.33,4.35,101.81666666666666,145.58,10.0,10.0,False,20.401948842874543,2,Tier 2,2,Low,quantile_fallback
2025-10-29,0.0,0.0,0.0,10,10,0,,0.0,0.0,147.67976190476193,10.0,10.0,False,21.74177831912302,2,Tier 2,2,Low,quantile_fallback
2025-10-30,0.0,0.0,0.0,10,10,0,,0.0,0.0,149.96190476190478,10.0,10.0,False,22.71619975639464,2,Tier 2,2,Low,quantile_fallback
2025-10-31,0.0,0.0,0.0,10,10,0,,0.0,129.07999999999998,163.27351190476188,10.0,10.0,False,30.38976857490865,2,Tier 2,2,Low,quantile_fallback
2025-11-01,0.0,0.0,0.0,10,10,0,,0.0,129.07999999999998,189.92499999999998,10.0,10.0,False,39.76857490864799,2,Tier 2,2,Low,quantile_fallback
2025-11-02,0.0,0.0,0.0,10,10,0,,0.0,129.07999999999998,229.18125,10.0,10.0,False,51.339829476248475,3,Tier 3,3,Shoulder,quantile_fallback
2025-11-03,0.0,0.0,0.0,10,10,0,,0.0,232.78000000000003,242.7488095238095,10.0,10.0,False,55.84652862362972,3,Tier 3,3,Shoulder,quantile_fallback
2025-11-04,0.0,0.0,0.0,10,10,0,,0.0,232.78000000000003,245.28690476190474,10.0,10.0,False,57.06455542021924,3,Tier 3,3,Shoulder,quantile_fallback
2025-11-05,0.0,0.0,0.0,10,10,0,,0.0,131.63333333333333,251.56071428571428,10.0,10.0,False,58.64799025578563,3,Tier 3,3,Shoulder,quantile_fallback
2025-11-06,3088.25,1.0,1.0,10,10,0,3088.25,4.35,286.0458333333333,254.28571428571428,10.0,10.0,False,60.10962241169305,3,Tier 3,3,Shoulder,quantile_fallback
2025-11-07,7857.75,2.0,1.0,10,10,0,3928.88,8.7,524.5208333333333,257.01071428571424,10.0,10.0,False,61.571254567600484,4,Tier 4,4,High,quantile_fallback
2025-11-08,7857.75,2.0,0.0,10,10,0,3928.88,8.7,700.9875,257.7907142857143,10.0,10.0,False,62.0584652862363,4,Tier 4,4,High,quantile_fallback
2025-11-09,3744.25,2.0,1.0,10,10,0,1872.12,8.7,495.3125,258.57071428571425,10.0,10.0,False,62.78928136419001,4,Tier 4,4,High,quantile_fallback
2025-11-10,656.0,1.0,0.0,10,10,0,656.0,4.35,340.9,252.07571428571427,10.0,10.0,False,58.89159561510353,3,Tier 3,3,Shoulder,quantile_fallback
2025-11-11,656.0,1.0,0.0,10,10,0,656.0,4.35,189.65,242.43666666666667,10.0,10.0,False,55.481120584652864,3,Tier 3,3,Shoulder,quantile_fallback
2025-11-12,763.0,1.0,1.0,10,10,0,763.0,4.35,38.15,239.17797619047616,10.0,10.0,False,54.26309378806333,3,Tier 3,3,Shoulder,quantile_fallback
2025-11-13,763.0,1.0,0.0,10,10,0,763.0,4.35,38.15,243.1440476190476,10.0,10.0,False,56.09013398294762,3,Tier 3,3,Shoulder,quantile_fallback
2025-11-14,2800.0,2.0,1.0,10,10,0,1400.0,8.7,140.0,237.20089285714286,10.0,10.0,False,52.923264311814854,3,Tier 3,3,Shoulder,quantile_fallback
2025-11-15,2800.0,2.0,0.0,10,10,0,1400.0,8.7,140.0,216.41488095238097,10.0,10.0,False,47.6857490864799,3,Tier 3,3,Shoulder,quantile_fallback
2025-11-16,763.0,1.0,0.0,10,10,0,763.0,4.35,38.15,176.64375,10.0,10.0,False,35.99269183922046,2,Tier 2,2,Low,quantile_fallback
2025-11-17,1956.6666666666667,1.0,1.0,10,10,0,1956.67,4.35,97.83333333333334,150.74404761904765,10.0,10.0,False,23.69062119366626,2,Tier 2,2,Low,quantile_fallback
2025-11-18,1956.6666666666667,1.0,0.0,10,10,0,1956.67,4.35,187.15833333333336,138.30238095238096,10.0,10.0,False,17.600487210718637,1,Tier 1,1,Soft,quantile_fallback
2025-11-19,1956.6666666666667,1.0,0.0,10,10,0,1956.67,4.35,187.15833333333336,146.98214285714286,10.0,10.0,False,21.498172959805114,2,Tier 2,2,Low,quantile_fallback
2025-11-20,2270.3333333333335,1.0,1.0,10,10,0,2270.33,4.35,202.84166666666667,173.67738095238096,10.0,10.0,False,34.89646772228989,2,Tier 2,2,Low,quantile_fallback
2025-11-21,2883.8333333333335,2.0,1.0,10,10,0,1441.92,8.7,233.5166666666667,200.37261904761905,10.0,10.0,False,44.39707673568819,3,Tier 3,3,Shoulder,quantile_fallback
2025-11-22,2883.8333333333335,2.0,0.0,10,10,0,1441.92,8.7,144.19166666666666,228.24166666666665,10.0,10.0,False,51.09622411693058,3,Tier 3,3,Shoulder,quantile_fallback
2025-11-23,2654.3333333333335,1.0,1.0,10,10,0,2654.33,4.35,132.71666666666667,239.43690476190477,10.0,10.0,False,54.50669914738124,3,Tier 3,3,Shoulder,quantile_fallback
2025-11-24,3334.3333333333335,2.0,1.0,10,10,0,1667.17,8.7,166.71666666666667,257.90714285714284,10.0,10.0,False,62.54567600487211,4,Tier 4,4,High,quantile_fallback
2025-11-25,3694.666666666667,2.0,1.0,10,10,0,1847.33,8.7,311.16666666666663,250.91904761904763,10.0,10.0,False,58.40438489646772,3,Tier 3,3,Shoulder,quantile_fallback
2025-11-26,3694.666666666667,2.0,0.0,10,10,0,1847.33,8.7,411.8833333333333,237.5505952380952,10.0,10.0,False,53.166869671132766,3,Tier 3,3,Shoulder,quantile_fallback
2025-11-27,3694.666666666667,2.0,0.0,10,10,0,1847.33,8.7,411.8833333333333,248.13214285714284,10.0,10.0,False,57.55176613885505,3,Tier 3,3,Shoulder,quantile_fallback
2025-11-28,6060.333333333334,2.0,1.0,10,10,0,3030.17,8.7,530.1666666666666,257.59345238095233,10.0,10.0,False,61.814859926918395,4,Tier 4,4,High,quantile_fallback
2025-11-29,3406.0,1.0,0.0,10,10,0,3406.0,4.35,296.7333333333333,285.0386904761905,10.0,10.0,False,71.19366626065774,4,Tier 4,4,High,quantile_fallback
2025-11-30,3406.0,1.0,0.0,10,10,0,3406.0,4.35,296.7333333333333,294.9142857142857,10.0,10.0,False,73.75152253349574,4,Tier 4,4,High,quantile_fallback
2025-12-01,0.0,0.0,0.0,10,10,0,,0.0,0.0,285.4345238095238,10.0,10.0,False,71.5590742996346,4,Tier 4,4,High,quantile_fallback
2025-12-02,0.0,0.0,0.0,10,10,0,,0.0,0.0,273.5261904761905,10.0,10.0,False,68.51400730816079,4,Tier 4,4,High,quantile_fallback
2025-12-03,6706.0,1.0,1.0,10,10,0,6706.0,4.35,335.3,259.1714285714285,10.0,10.0,False,63.03288672350792,4,Tier 4,4,High,quantile_fallback
2025-12-04,6706.0,1.0,0.0,10,10,0,6706.0,4.35,335.3,237.62261904761903,10.0,10.0,False,53.41047503045067,3,Tier 3,3,Shoulder,quantile_fallback
2025-12-05,6706.0,1.0,0.0,10,10,0,6706.0,4.35,617.75,213.19880952380953,10.0,10.0,False,46.95493300852619,3,Tier 3,3,Shoulder,quantile_fallback
2025-12-06,0.0,0.0,0.0,10,10,0,,0.0,282.45,180.32619047619048,10.0,10.0,False,37.332521315468945,2,Tier 2,2,Low,quantile_fallback
2025-12-07,0.0,0.0,0.0,10,10,0,,0.0,0.0,159.13095238095235,10.0,10.0,False,28.440925700365412,2,Tier 2,2,Low,quantile_fallback
2025-12-08,0.0,0.0,0.0,10,10,0,,0.0,0.0,137.93571428571428,10.0,10.0,False,17.113276492082825,1,Tier 1,1,Soft,quantile_fallback
2025-12-09,805.0,1.0,1.0,10,10,0,805.0,4.35,110.2,137.93571428571428,10.0,10.0,False,17.113276492082825,1,Tier 1,1,Soft,quantile_fallback
2025-12-10,805.0,1.0,0.0,10,10,0,805.0,4.35,110.2,137.93571428571428,10.0,10.0,False,17.113276492082825,1,Tier 1,1,Soft,quantile_fallback
2025-12-11,0.0,0.0,0.0,10,10,0,,0.0,69.95,113.9857142857143,10.0,10.0,False,10.170523751522534,1,Tier 1,1,Soft,quantile_fallback
2025-12-12,0.0,0.0,0.0,10,10,0,,0.0,69.95,90.03571428571429,10.0,10.0,False,5.420219244823386,1,Tier 1,1,Soft,quantile_fallback
2025-12-13,0.0,0.0,0.0,10,10,0,,0.0,0.0,45.910714285714285,10.0,10.0,False,1.7661388550548112,1,Tier 1,1,Soft,quantile_fallback
2025-12-14,0.0,0.0,0.0,10,10,0,,0.0,0.0,25.735714285714288,10.0,10.0,False,0.6699147381242387,1,Tier 1,1,Soft,quantile_fallback
2025-12-15,0.0,0.0,0.0,10,10,0,,0.0,0.0,25.735714285714288,10.0,10.0,False,0.6699147381242387,1,Tier 1,1,Soft,quantile_fallback
2025-12-16,0.0,0.0,0.0,10,10,0,,0.0,0.0,34.08428571428571,10.0,10.0,False,1.0353227771010962,1,Tier 1,1,Soft,quantile_fallback
2025-12-17,0.0,0.0,0.0,10,10,0,,0.0,0.0,34.56142857142857,10.0,10.0,False,1.2789281364190013,1,Tier 1,1,Soft,quantile_fallback
2025-12-18,0.0,0.0,0.0,10,10,0,,0.0,0.0,40.55464285714286,10.0,10.0,False,1.5225334957369063,1,Tier 1,1,Soft,quantile_fallback
2025-12-19,0.0,0.0,0.0,10,10,0,,0.0,0.0,50.67285714285714,10.0,10.0,False,2.1315468940316684,1,Tier 1,1,Soft,quantile_fallback
2025-12-20,0.0,0.0,0.0,10,10,0,,0.0,0.0,66.69642857142858,10.0,10.0,False,2.862362971985384,1,Tier 1,1,Soft,quantile_fallback
2025-12-21,0.0,0.0,0.0,10,10,0,,0.0,0.0,102.93690476190476,10.0,10.0,False,6.760048721071864,1,Tier 1,1,Soft,quantile_fallback
2025-12-22,0.0,0.0,0.0,10,10,0,,0.0,116.88,139.17738095238093,10.0,10.0,False,17.84409257003654,1,Tier 1,1,Soft,quantile_fallback
2025-12-23,0.0,0.0,0.0,10,10,0,,0.0,116.88,175.41785714285714,10.0,10.0,False,35.3836784409257,2,Tier 2,2,Low,quantile_fallback
2025-12-24,1544.5,1.0,1.0,10,10,0,1544.5,4.35,194.105,207.54315476190476,10.0,10.0,False,45.24969549330085,3,Tier 3,3,Shoulder,quantile_fallback
2025-12-25,1544.5,1.0,0.0,10,10,0,1544.5,4.35,211.60500000000002,238.6077380952381,10.0,10.0,False,53.65408038976858,3,Tier 3,3,Shoulder,quantile_fallback
2025-12-26,3548.0,1.0,1.0,10,10,0,3548.0,4.35,294.28000000000003,275.231037414966,10.0,10.0,False,69.00121802679658,4,Tier 4,4,High,quantile_fallback
2025-12-27,3548.0,1.0,0.0,10,10,0,3548.0,4.35,507.3666666666666,296.54367913832203,10.0,10.0,False,73.99512789281364,4,Tier 4,4,High,quantile_fallback
2025-12-28,3548.0,1.0,0.0,10,10,0,3548.0,4.35,507.3666666666666,315.0553004535147,10.0,10.0,False,79.2326431181486,4,Tier 4,4,High,quantile_fallback
2025-12-29,3548.0,1.0,0.0,10,10,0,3548.0,4.35,507.3666666666666,322.9864229024943,10.0,10.0,False,81.18148599269183,5,Tier 5,5,Peak,quantile_fallback
2025-12-30,6832.583333333334,2.0,2.0,10,10,0,3416.29,8.7,449.7541666666667,322.5689739229025,10.0,10.0,False,80.93788063337394,5,Tier 5,5,Peak,quantile_fallback
2025-12-31,6832.583333333334,2.0,0.0,10,10,0,3416.29,8.7,434.9041666666667,326.67079931972785,10.0,10.0,False,83.00852618757612,5,Tier 5,5,Peak,quantile_fallback
2026-01-01,6832.583333333334,2.0,0.0,10,10,0,3416.29,8.7,512.7261904761905,317.3254308390023,10.0,10.0,False,79.96345919610232,4,Tier 4,4,High,quantile_fallback
2026-01-02,3155.25,1.0,0.0,10,10,0,3155.25,4.35,298.37698412698415,306.7300623582766,10.0,10.0,False,76.67478684531059,4,Tier 4,4,High,quantile_fallback
2026-01-03,0.0,0.0,0.0,10,10,0,,0.0,259.16269841269843,308.0093820861678,10.0,10.0,False,77.28380024360536,4,Tier 4,4,High,quantile_fallback
2026-01-04,0.0,0.0,0.0,10,10,0,,0.0,111.03571428571429,300.6793367346939,10.0,10.0,False,75.70036540803898,4,Tier 4,4,High,quantile_fallback
2026-01-05,0.0,0.0,0.0,10,10,0,,0.0,111.03571428571429,284.1214002267574,10.0,10.0,False,70.70645554202193,4,Tier 4,4,High,quantile_fallback
2026-01-06,0.0,0.0,0.0,10,10,0,,0.0,174.30555555555557,261.73470250419007,10.0,10.0,False,64.12911084043849,4,Tier 4,4,High,quantile_fallback
2026-01-07,0.0,0.0,0.0,10,10,0,,0.0,63.26984126984127,240.0700674110224,10.0,10.0,False,54.750304506699145,3,Tier 3,3,Shoulder,quantile_fallback
2026-01-08,0.0,0.0,0.0,10,10,0,,0.0,63.26984126984127,218.70838262841372,10.0,10.0,False,48.17295980511571,3,Tier 3,3,Shoulder,quantile_fallback
2026-01-09,4646.0,2.0,2.0,10,10,0,2323.0,8.7,312.1904761904762,190.2646899339446,10.0,10.0,False,40.012180267965896,2,Tier 2,2,Low,quantile_fallback
2026-01-10,4646.0,2.0,0.0,10,10,0,2323.0,8.7,404.7460317460318,176.16555752735874,10.0,10.0,False,35.6272838002436,2,Tier 2,2,Low,quantile_fallback
2026-01-11,1933.0,1.0,0.0,10,10,0,1933.0,4.35,275.55555555555554,161.14306664694863,10.0,10.0,False,28.928136419001216,2,Tier 2,2,Low,quantile_fallback
2026-01-12,0.0,0.0,0.0,10,10,0,,0.0,193.95289855072465,153.21194419796902,10.0,10.0,False,25.152253349573687,2,Tier 2,2,Low,quantile_fallback
2026-01-13,1071.3333333333333,1.0,1.0,10,10,0,1071.33,4.35,146.44927536231882,151.72935768510303,10.0,10.0,False,24.299634591961023,2,Tier 2,2,Low,quantile_fallback
2026-01-14,1071.3333333333333,1.0,0.0,10,10,0,1071.33,4.35,135.8405797101449,155.9024450359854,10.0,10.0,False,26.12667478684531,2,Tier 2,2,Low,quantile_fallback
2026-01-15,1071.3333333333333,1.0,0.0,10,10,0,1071.33,4.35,114.51449275362317,171.48186680469286,10.0,10.0,False,34.53105968331303,2,Tier 2,2,Low,quantile_fallback
2026-01-16,1123.5,1.0,1.0,10,10,0,1123.5,4.35,100.98913043478261,187.06128857340036,10.0,10.0,False,38.550548112058465,2,Tier 2,2,Low,quantile_fallback
2026-01-17,1123.5,1.0,0.0,10,10,0,1123.5,4.35,48.84782608695652,182.37554594301488,10.0,10.0,False,37.57612667478685,2,Tier 2,2,Low,quantile_fallback
2026-01-18,0.0,0.0,0.0,10,10,0,,0.0,0.0,171.0786922015183,10.0,10.0,False,34.16565164433617,2,Tier 2,2,Low,quantile_fallback
2026-01-19,0.0,0.0,0.0,10,10,0,,0.0,90.27950310559007,169.00972961648426,10.0,10.0,False,33.678440925700365,2,Tier 2,2,Low,quantile_fallback
2026-01-20,3276.3333333333335,1.0,1.0,10,10,0,3276.33,4.35,232.72877846790888,165.39737972000395,10.0,10.0,False,30.99878197320341,2,Tier 2,2,Low,quantile_fallback
2026-01-21,3276.3333333333335,1.0,0.0,10,10,0,3276.33,4.35,281.381746031746,166.0181457655526,10.0,10.0,False,32.216808769792934,2,Tier 2,2,Low,quantile_fallback
2026-01-22,3276.3333333333335,1.0,0.0,10,10,0,3276.33,4.35,281.381746031746,165.88096150054224,10.0,10.0,False,31.729598051157126,2,Tier 2,2,Low,quantile_fallback
2026-01-23,2441.3333333333335,1.0,1.0,10,10,0,2441.33,4.35,246.59007936507933,178.1216845456131,10.0,10.0,False,36.84531059683313,2,Tier 2,2,Low,quantile_fallback
2026-01-24,2441.3333333333335,1.0,0.0,10,10,0,2441.33,4.35,246.59007936507933,198.46174665741435,10.0,10.0,False,43.30085261875761,3,Tier 3,3,Shoulder,quantile_fallback
2026-01-25,2441.3333333333335,1.0,0.0,10,10,0,2441.33,4.35,246.59007936507933,222.85860523362075,10.0,10.0,False,49.39098660170524,3,Tier 3,3,Shoulder,quantile_fallback
2026-01-26,2277.75,1.0,1.0,10,10,0,2277.75,4.35,143.38,250.26794589296142,10.0,10.0,False,58.16077953714982,3,Tier 3,3,Shoulder,quantile_fallback
2026-01-27,2277.75,1.0,0.0,10,10,0,2277.75,4.35,155.14,263.27646777997705,10.0,10.0,False,64.73812423873325,4,Tier 4,4,High,quantile_fallback
2026-01-28,2277.75,1.0,0.0,10,10,0,2277.75,4.35,133.92,256.34218428396997,10.0,10.0,False,61.32764920828259,4,Tier 4,4,High,quantile_fallback
2026-01-29,2277.75,1.0,0.0,10,10,0,2277.75,4.35,285.88461538461536,241.64739970347114,10.0,10.0,False,55.23751522533495,3,Tier 3,3,Shoulder,quantile_fallback
2026-01-30,3920.5,2.0,2.0,10,10,0,1960.25,8.7,385.75,231.06953689167972,10.0,10.0,False,51.58343483556638,3,Tier 3,3,Shoulder,quantile_fallback
2026-01-31,3920.5,2.0,0.0,10,10,0,1960.25,8.7,390.40384615384613,226.0371672771673,10.0,10.0,False,50.36540803897685,3,Tier 3,3,Shoulder,quantile_fallback
2026-02-01,1495.0,1.0,0.0,10,10,0,1495.0,4.35,383.7307692307692,211.48396432932148,10.0,10.0,False,46.102314250913516,3,Tier 3,3,Shoulder,quantile_fallback
2026-02-02,0.0,0.0,0.0,10,10,0,,0.0,272.3988095238095,223.16290423861852,10.0,10.0,False,49.63459196102315,3,Tier 3,3,Shoulder,quantile_fallback
2026-02-03,0.0,0.0,0.0,10,10,0,,0.0,135.64880952380952,239.1536185243328,10.0,10.0,False,54.01948842874543,3,Tier 3,3,Shoulder,quantile_fallback
2026-02-04,0.0,0.0,0.0,10,10,0,,0.0,75.65476190476191,257.8732103610675,10.0,10.0,False,62.302070645554195,4,Tier 4,4,High,quantile_fallback
2026-02-05,0.0,0.0,0.0,10,10,0,,0.0,133.29166666666669,252.5039246467818,10.0,10.0,False,59.622411693057245,3,Tier 3,3,Shoulder,quantile_fallback
2026-02-06,1199.6666666666667,1.0,1.0,10,10,0,1199.67,4.35,176.1369047619048,235.65247252747253,10.0,10.0,False,52.436053593179054,3,Tier 3,3,Shoulder,quantile_fallback
2026-02-07,1199.6666666666667,1.0,0.0,10,10,0,1199.67,4.35,42.845238095238095,221.51216640502358,10.0,10.0,False,49.02557856272838,3,Tier 3,3,Shoulder,quantile_fallback
2026-02-08,3016.666666666667,2.0,1.0,10,10,0,1508.33,8.7,410.09523809523813,207.039442700157,10.0,10.0,False,45.006090133982944,3,Tier 3,3,Shoulder,quantile_fallback
2026-02-09,1817.0,1.0,0.0,10,10,0,1817.0,4.35,367.25,190.90306122448982,10.0,10.0,False,40.49939098660171,3,Tier 3,3,Shoulder,quantile_fallback
2026-02-10,1817.0,1.0,0.0,10,10,0,1817.0,4.35,417.2142857142857,189.8465136054422,10.0,10.0,False,39.52496954933009,2,Tier 2,2,Low,quantile_fallback
2026-02-11,0.0,0.0,0.0,10,10,0,,0.0,58.75,198.55782312925172,10.0,10.0,False,43.788063337393424,3,Tier 3,3,Shoulder,quantile_fallback
2026-02-12,0.0,0.0,0.0,10,10,0,,0.0,49.964285714285715,212.6347789115646,10.0,10.0,False,46.711327649208286,3,Tier 3,3,Shoulder,quantile_fallback
2026-02-13,1636.5,2.0,2.0,10,10,0,818.25,8.7,187.78571428571428,211.40858843537416,10.0,10.0,False,45.85870889159562,3,Tier 3,3,Shoulder,quantile_fallback
2026-02-14,1636.5,2.0,0.0,10,10,0,818.25,8.7,187.78571428571428,244.61734693877548,10.0,10.0,False,56.820950060901346,3,Tier 3,3,Shoulder,quantile_fallback
2026-02-15,1019.0,1.0,0.0,10,10,0,1019.0,4.35,157.82142857142858,287.3469387755102,10.0,10.0,False,72.2898903775883,4,Tier 4,4,High,quantile_fallback
2026-02-16,0.0,0.0,0.0,10,10,0,,0.0,257.60714285714283,289.4483418367347,10.0,10.0,False,72.89890377588307,4,Tier 4,4,High,quantile_fallback
2026-02-17,0.0,0.0,0.0,10,10,0,,0.0,257.60714285714283,299.4974489795918,10.0,10.0,False,75.09135200974421,4,Tier 4,4,High,quantile_fallback
2026-02-18,0.0,0.0,0.0,10,10,0,,0.0,272.73214285714283,299.0988520408163,10.0,10.0,False,74.8477466504263,4,Tier 4,4,High,quantile_fallback
2026-02-19,2665.0,1.0,1.0,10,10,0,2665.0,4.35,116.125,305.3239795918367,10.0,10.0,False,76.18757612667478,4,Tier 4,4,High,quantile_fallback
2026-02-20,7346.5,2.0,1.0,10,10,0,3673.25,8.7,641.0595238095239,312.8479591836735,10.0,10.0,False,78.38002436053593,4,Tier 4,4,High,quantile_fallback
2026-02-21,7346.5,2.0,0.0,10,10,0,3673.25,8.7,641.0595238095239,322.30221088435377,10.0,10.0,False,80.69427527405603,5,Tier 5,5,Peak,quantile_fallback
2026-02-22,1703.25,1.0,1.0,10,10,0,1703.25,4.35,439.5148809523809,334.3687074829932,10.0,10.0,False,84.59196102314252,5,Tier 5,5,Peak,quantile_fallback
2026-02-23,1703.25,1.0,0.0,10,10,0,1703.25,4.35,507.9375,335.3705782312924,10.0,10.0,False,84.95736906211937,5,Tier 5,5,Peak,quantile_fallback
2026-02-24,1703.25,1.0,0.0,10,10,0,1703.25,4.35,411.63392857142856,325.77023809523814,10.0,10.0,False,82.27771010962242,5,Tier 5,5,Peak,quantile_fallback
2026-02-25,1703.25,1.0,0.0,10,10,0,1703.25,4.35,145.90178571428572,337.3484693877551,10.0,10.0,False,85.20097442143727,5,Tier 5,5,Peak,quantile_fallback
2026-02-26,1994.0,1.0,1.0,10,10,0,1994.0,4.35,155.29999999999998,352.4981292517006,10.0,10.0,False,89.46406820950061,5,Tier 5,5,Peak,quantile_fallback
2026-02-27,4039.5,2.0,1.0,10,10,0,2019.75,8.7,320.1452380952381,385.7919217687075,10.0,10.0,False,95.67600487210719,5,Tier 5,5,Peak,quantile_fallback
2026-02-28,4039.5,2.0,0.0,10,10,0,2019.75,8.7,356.71666666666664,366.1250425170068,10.0,10.0,False,92.50913520097443,5,Tier 5,5,Peak,quantile_fallback
2026-03-01,0.0,0.0,0.0,10,10,0,,0.0,171.84761904761905,354.56828231292513,10.0,10.0,False,89.95127892813642,5,Tier 5,5,Peak,quantile_fallback
2026-03-02,0.0,0.0,0.0,10,10,0,,0.0,123.20238095238095,349.21578260614586,10.0,10.0,False,88.24604141291108,5,Tier 5,5,Peak,quantile_fallback
2026-03-03,0.0,0.0,0.0,10,10,0,,0.0,419.702380952381,333.6101894205958,10.0,10.0,False,84.3483556638246,5,Tier 5,5,Peak,quantile_fallback
2026-03-04,1418.5,1.0,1.0,10,10,0,1418.5,4.35,484.827380952381,325.47287268355615,10.0,10.0,False,81.79049939098661,5,Tier 5,5,Peak,quantile_fallback
2026-03-05,5782.5,2.0,1.0,10,10,0,2891.25,8.7,582.2380952380953,338.09351688951443,10.0,10.0,False,85.56638246041413,5,Tier 5,5,Peak,quantile_fallback
2026-03-06,4364.0,1.0,0.0,10,10,0,4364.0,4.35,365.7232142857143,343.00632477128784,10.0,10.0,False,86.29719853836785,5,Tier 5,5,Peak,quantile_fallback
2026-03-07,4364.0,1.0,0.0,10,10,0,4364.0,4.35,479.2648809523809,344.72271581046215,10.0,10.0,False,87.02801461632156,5,Tier 5,5,Peak,quantile_fallback
2026-03-08,0.0,0.0,0.0,10,10,0,,0.0,364.5798850574713,347.02595883180857,10.0,10.0,False,87.75883069427528,5,Tier 5,5,Peak,quantile_fallback
2026-03-09,1700.0,1.0,1.0,10,10,0,1700.0,4.35,289.4591954022988,360.2667282430213,10.0,10.0,False,91.04750304506699,5,Tier 5,5,Peak,quantile_fallback
2026-03-10,1700.0,1.0,0.0,10,10,0,1700.0,4.35,297.71149425287354,377.3565417546329,10.0,10.0,False,94.45797807551766,5,Tier 5,5,Peak,quantile_fallback
2026-03-11,1700.0,1.0,0.0,10,10,0,1700.0,4.35,322.59080459770115,370.61142094768945,10.0,10.0,False,92.99634591961023,5,Tier 5,5,Peak,quantile_fallback
2026-03-12,0.0,0.0,0.0,10,10,0,,0.0,224.0793103448276,351.5191121276097,10.0,10.0,False,88.73325213154689,5,Tier 5,5,Peak,quantile_fallback
2026-03-13,3863.5,1.0,1.0,10,10,0,3863.5,4.35,344.1747126436781,325.8202908749707,10.0,10.0,False,82.52131546894032,5,Tier 5,5,Peak,quantile_fallback
2026-03-14,3863.5,1.0,0.0,10,10,0,3863.5,4.35,388.96206896551723,329.11473287590894,10.0,10.0,False,83.8611449451888,5,Tier 5,5,Peak,quantile_fallback
2026-03-15,1750.0,1.0,1.0,10,10,0,1750.0,4.35,357.21839080459773,338.4027093596059,10.0,10.0,False,85.80998781973204,5,Tier 5,5,Peak,quantile_fallback
2026-03-16,1750.0,1.0,0.0,10,10,0,1750.0,4.35,362.45977011494256,360.56777504105094,10.0,10.0,False,91.41291108404384,5,Tier 5,5,Peak,quantile_fallback
2026-03-17,1750.0,1.0,0.0,10,10,0,1750.0,4.35,325.2706896551724,374.50172413793103,10.0,10.0,False,93.97076735688185,5,Tier 5,5,Peak,quantile_fallback
2026-03-18,1750.0,1.0,0.0,10,10,0,1750.0,4.35,217.53505747126437,365.8692118226601,10.0,10.0,False,92.26552984165652,5,Tier 5,5,Peak,quantile_fallback
2026-03-19,1750.0,1.0,0.0,10,10,0,1750.0,4.35,222.4545977011494,356.68045977011496,10.0,10.0,False,90.80389768574909,5,Tier 5,5,Peak,quantile_fallback
2026-03-20,5764.5,2.0,1.0,10,10,0,2882.25,8.7,411.8454022988506,371.02557471264373,10.0,10.0,False,93.36175395858709,5,Tier 5,5,Peak,quantile_fallback
2026-03-21,5091.0,2.0,1.0,10,10,0,2545.5,8.7,609.2965517241379,379.89794745484403,10.0,10.0,False,95.18879415347138,5,Tier 5,5,Peak,quantile_fallback
2026-03-22,1076.5,1.0,0.0,10,10,0,1076.5,4.35,674.8908045977013,387.3261494252874,10.0,10.0,False,96.77222898903776,5,Tier 5,5,Peak,quantile_fallback
2026-03-23,1700.0,1.0,1.0,10,10,0,1700.0,4.35,484.5344827586207,386.73809523809524,10.0,10.0,False,96.28501827040195,5,Tier 5,5,Peak,quantile_fallback
2026-03-24,1700.0,1.0,0.0,10,10,0,1700.0,4.35,176.85632183908044,366.89408866995075,10.0,10.0,False,92.75274056029232,5,Tier 5,5,Peak,quantile_fallback
2026-03-25,1700.0,1.0,0.0,10,10,0,1700.0,4.35,193.94827586206895,352.18591954022986,10.0,10.0,False,89.2204628501827,5,Tier 5,5,Peak,quantile_fallback
2026-03-26,5281.666666666666,2.0,2.0,10,10,0,2640.83,8.7,424.91091954022994,362.54367816091957,10.0,10.0,False,91.71741778319124,5,Tier 5,5,Peak,quantile_fallback
2026-03-27,5281.666666666666,2.0,0.0,10,10,0,2640.83,8.7,468.38793103448273,374.2177681992337,10.0,10.0,False,93.78806333739342,5,Tier 5,5,Peak,quantile_fallback
2026-03-28,5281.666666666666,2.0,0.0,10,10,0,2640.83,8.7,492.9568965517241,370.7970741901776,10.0,10.0,False,93.17904993909866,5,Tier 5,5,Peak,quantile_fallback
2026-03-29,0.0,0.0,0.0,10,10,0,,0.0,348.9856321839081,346.94712643678156,10.0,10.0,False,87.57612667478685,5,Tier 5,5,Peak,quantile_fallback
2026-03-30,0.0,0.0,0.0,10,10,0,,0.0,84.64367816091954,310.5089399744572,10.0,10.0,False,77.83191230207065,4,Tier 4,4,High,quantile_fallback
2026-03-31,0.0,0.0,0.0,10,10,0,,0.0,119.35632183908046,288.75574712643675,10.0,10.0,False,72.47259439707673,4,Tier 4,4,High,quantile_fallback
