Listing Id,Listing Name,PMS Name,Reason,Start Date,End Date,Price,Currency,Price Type,Minimum Stay,Minimum Price,Minimum Price Type,Maximum Price,Maximum Price Type
146908,"FLOHOM 01 -- FLOHOM 01 | Inner Harbor, Baltimore",hostaway,,2027-01-04,2027-01-04,369,USD,fixed,2,,fixed,,fixed
146944,"FLOHOM 02 -- FLOHOM 02 | Inner Harbor - Canton, Baltimore",hostaway,,2027-01-04,2027-01-04,312,USD,fixed,2,,fixed,,fixed
146946,"FLOHOM 03 -- FLOHOM 03 | Magothy River, Annapolis",hostaway,,2027-01-04,2027-01-04,240,USD,fixed,2,,fixed,,fixed
260001,FLOHOM 04 -- FLOHOM 04 | National Harbor,hostaway,,2027-01-04,2027-01-04,369,USD,fixed,2,,fixed,,fixed
278502,"FLOHOM 05 -- FLOHOM 05 | Inner Harbor, Baltimore",hostaway,,2027-01-04,2027-01-04,280,USD,fixed,2,,fixed,,fixed
345316,FLOHOM 06 -- FLOHOM 06 | National Harbor,hostaway,,2027-01-04,2027-01-04,391,USD,fixed,2,,fixed,,fixed
366176,"FLOHOM 07 -- FLOHOM 07 | Inner Harbor - Canton, Baltimore",hostaway,,2027-01-04,2027-01-04,324,USD,fixed,2,,fixed,,fixed
376368,FLOHOM 08 -- FLOHOM 08 | National Harbor,hostaway,,2027-01-04,2027-01-04,280,USD,fixed,2,,fixed,,fixed
383097,FLOHOM 09 -- FLOHOM 09 | Baltimore Peninsula,hostaway,,2027-01-04,2027-01-04,280,USD,fixed,2,,fixed,,fixed
404358,FLOHOM 10 -- FLOHOM 10 | Virginia Beach,hostaway,,2027-01-04,2027-01-04,324,USD,fixed,2,,fixed,,fixed
427313,FLOHOM 11 -- FLOHOM 11 | Virginia Beach,hostaway,,2027-01-04,2027-01-04,240,USD,fixed,2,,fixed,,fixed
422608,"FLOHOM 12 -- FLOHOM 12 | Inner Harbor - Fells Point, Baltimore",hostaway,,2027-01-04,2027-01-04,324,USD,fixed,2,,fixed,,fixed
485833,"FLOHOM 13 -- FLOHOM 13 | Inner Harbor, Baltimore",hostaway,,2027-01-04,2027-01-04,391,USD,fixed,2,,fixed,,fixed
407612,"FLOHOM 14 -- FLOHOM 14 | Pasadena, Chesapeake Bay",hostaway,,2027-01-04,2027-01-04,240,USD,fixed,2,,fixed,,fixed
467334,FLOHOM 15 -- FLOHOM 15 | North Myrtle Beach,hostaway,,2027-01-04,2027-01-04,372,USD,fixed,2,,fixed,,fixed
510832,FLOHOM 16 | Liberty Landing Marina,hostaway,,2027-01-04,2027-01-04,391,USD,fixed,2,,fixed,,fixed
146908,"FLOHOM 01 -- FLOHOM 01 | Inner Harbor, Baltimore",hostaway,,2027-01-05,2027-01-05,369,USD,fixed,2,,fixed,,fixed
146944,"FLOHOM 02 -- FLOHOM 02 | Inner Harbor - Canton, Baltimore",hostaway,,2027-01-05,2027-01-05,312,USD,fixed,2,,fixed,,fixed
146946,"FLOHOM 03 -- FLOHOM 03 | Magothy River, Annapolis",hostaway,,2027-01-05,2027-01-05,240,USD,fixed,2,,fixed,,fixed
260001,FLOHOM 04 -- FLOHOM 04 | National Harbor,hostaway,,2027-01-05,2027-01-05,369,USD,fixed,2,,fixed,,fixed
278502,"FLOHOM 05 -- FLOHOM 05 | Inner Harbor, Baltimore",hostaway,,2027-01-05,2027-01-05,280,USD,fixed,2,,fixed,,fixed
345316,FLOHOM 06 -- FLOHOM 06 | National Harbor,hostaway,,2027-01-05,2027-01-05,391,USD,fixed,2,,fixed,,fixed
366176,"FLOHOM 07 -- FLOHOM 07 | Inner Harbor - Canton, Baltimore",hostaway,,2027-01-05,2027-01-05,324,USD,fixed,2,,fixed,,fixed
376368,FLOHOM 08 -- FLOHOM 08 | National Harbor,hostaway,,2027-01-05,2027-01-05,280,USD,fixed,2,,fixed,,fixed
383097,FLOHOM 09 -- FLOHOM 09 | Baltimore Peninsula,hostaway,,2027-01-05,2027-01-05,280,USD,fixed,2,,fixed,,fixed
404358,FLOHOM 10 -- FLOHOM 10 | Virginia Beach,hostaway,,2027-01-05,2027-01-05,324,USD,fixed,2,,fixed,,fixed
427313,FLOHOM 11 -- FLOHOM 11 | Virginia Beach,hostaway,,2027-01-05,2027-01-05,240,USD,fixed,2,,fixed,,fixed
422608,"FLOHOM 12 -- FLOHOM 12 | Inner Harbor - Fells Point, Baltimore",hostaway,,2027-01-05,2027-01-05,324,USD,fixed,2,,fixed,,fixed
485833,"FLOHOM 13 -- FLOHOM 13 | Inner Harbor, Baltimore",hostaway,,2027-01-05,2027-01-05,391,USD,fixed,2,,fixed,,fixed
407612,"FLOHOM 14 -- FLOHOM 14 | Pasadena, Chesapeake Bay",hostaway,,2027-01-05,2027-01-05,240,USD,fixed,2,,fixed,,fixed
467334,FLOHOM 15 -- FLOHOM 15 | North Myrtle Beach,hostaway,,2027-01-05,2027-01-05,372,USD,fixed,2,,fixed,,fixed
510832,FLOHOM 16 | Liberty Landing Marina,hostaway,,2027-01-05,2027-01-05,391,USD,fixed,2,,fixed,,fixed
146908,"FLOHOM 01 -- FLOHOM 01 | Inner Harbor, Baltimore",hostaway,,2027-01-06,2027-01-06,369,USD,fixed,2,,fixed,,fixed
146944,"FLOHOM 02 -- FLOHOM 02 | Inner Harbor - Canton, Baltimore",hostaway,,2027-01-06,2027-01-06,312,USD,fixed,2,,fixed,,fixed
146946,"FLOHOM 03 -- FLOHOM 03 | Magothy River, Annapolis",hostaway,,2027-01-06,2027-01-06,240,USD,fixed,2,,fixed,,fixed
260001,FLOHOM 04 -- FLOHOM 04 | National Harbor,hostaway,,2027-01-06,2027-01-06,369,USD,fixed,2,,fixed,,fixed
278502,"FLOHOM 05 -- FLOHOM 05 | Inner Harbor, Baltimore",hostaway,,2027-01-06,2027-01-06,280,USD,fixed,2,,fixed,,fixed
345316,FLOHOM 06 -- FLOHOM 06 | National Harbor,hostaway,,2027-01-06,2027-01-06,391,USD,fixed,2,,fixed,,fixed
366176,"FLOHOM 07 -- FLOHOM 07 | Inner Harbor - Canton, Baltimore",hostaway,,2027-01-06,2027-01-06,324,USD,fixed,2,,fixed,,fixed
376368,FLOHOM 08 -- FLOHOM 08 | National Harbor,hostaway,,2027-01-06,2027-01-06,280,USD,fixed,2,,fixed,,fixed
383097,FLOHOM 09 -- FLOHOM 09 | Baltimore Peninsula,hostaway,,2027-01-06,2027-01-06,280,USD,fixed,2,,fixed,,fixed
404358,FLOHOM 10 -- FLOHOM 10 | Virginia Beach,hostaway,,2027-01-06,2027-01-06,324,USD,fixed,2,,fixed,,fixed
427313,FLOHOM 11 -- FLOHOM 11 | Virginia Beach,hostaway,,2027-01-06,2027-01-06,240,USD,fixed,2,,fixed,,fixed
422608,"FLOHOM 12 -- FLOHOM 12 | Inner Harbor - Fells Point, Baltimore",hostaway,,2027-01-06,2027-01-06,324,USD,fixed,2,,fixed,,fixed
485833,"FLOHOM 13 -- FLOHOM 13 | Inner Harbor, Baltimore",hostaway,,2027-01-06,2027-01-06,391,USD,fixed,2,,fixed,,fixed
407612,"FLOHOM 14 -- FLOHOM 14 | Pasadena, Chesapeake Bay",hostaway,,2027-01-06,2027-01-06,240,USD,fixed,2,,fixed,,fixed
467334,FLOHOM 15 -- FLOHOM 15 | North Myrtle Beach,hostaway,,2027-01-06,2027-01-06,372,USD,fixed,2,,fixed,,fixed
510832,FLOHOM 16 | Liberty Landing Marina,hostaway,,2027-01-06,2027-01-06,391,USD,fixed,2,,fixed,,fixed
146908,"FLOHOM 01 -- FLOHOM 01 | Inner Harbor, Baltimore",hostaway,,2027-01-07,2027-01-07,419,USD,fixed,2,,fixed,,fixed
146944,"FLOHOM 02 -- FLOHOM 02 | Inner Harbor - Canton, Baltimore",hostaway,,2027-01-07,2027-01-07,379,USD,fixed,2,,fixed,,fixed
146946,"FLOHOM 03 -- FLOHOM 03 | Magothy River, Annapolis",hostaway,,2027-01-07,2027-01-07,309,USD,fixed,2,,fixed,,fixed
260001,FLOHOM 04 -- FLOHOM 04 | National Harbor,hostaway,,2027-01-07,2027-01-07,419,USD,fixed,2,,fixed,,fixed
278502,"FLOHOM 05 -- FLOHOM 05 | Inner Harbor, Baltimore",hostaway,,2027-01-07,2027-01-07,349,USD,fixed,2,,fixed,,fixed
345316,FLOHOM 06 -- FLOHOM 06 | National Harbor,hostaway,,2027-01-07,2027-01-07,494,USD,fixed,2,,fixed,,fixed
366176,"FLOHOM 07 -- FLOHOM 07 | Inner Harbor - Canton, Baltimore",hostaway,,2027-01-07,2027-01-07,394,USD,fixed,2,,fixed,,fixed
376368,FLOHOM 08 -- FLOHOM 08 | National Harbor,hostaway,,2027-01-07,2027-01-07,349,USD,fixed,2,,fixed,,fixed
383097,FLOHOM 09 -- FLOHOM 09 | Baltimore Peninsula,hostaway,,2027-01-07,2027-01-07,349,USD,fixed,2,,fixed,,fixed
404358,FLOHOM 10 -- FLOHOM 10 | Virginia Beach,hostaway,,2027-01-07,2027-01-07,394,USD,fixed,2,,fixed,,fixed
427313,FLOHOM 11 -- FLOHOM 11 | Virginia Beach,hostaway,,2027-01-07,2027-01-07,309,USD,fixed,2,,fixed,,fixed
422608,"FLOHOM 12 -- FLOHOM 12 | Inner Harbor - Fells Point, Baltimore",hostaway,,2027-01-07,2027-01-07,394,USD,fixed,2,,fixed,,fixed
485833,"FLOHOM 13 -- FLOHOM 13 | Inner Harbor, Baltimore",hostaway,,2027-01-07,2027-01-07,494,USD,fixed,2,,fixed,,fixed
407612,"FLOHOM 14 -- FLOHOM 14 | Pasadena, Chesapeake Bay",hostaway,,2027-01-07,2027-01-07,309,USD,fixed,2,,fixed,,fixed
467334,FLOHOM 15 -- FLOHOM 15 | North Myrtle Beach,hostaway,,2027-01-07,2027-01-07,444,USD,fixed,2,,fixed,,fixed
510832,FLOHOM 16 | Liberty Landing Marina,hostaway,,2027-01-07,2027-01-07,494,USD,fixed,2,,fixed,,fixed
146908,"FLOHOM 01 -- FLOHOM 01 | Inner Harbor, Baltimore",hostaway,,2027-01-08,2027-01-08,499,USD,fixed,2,,fixed,,fixed
146944,"FLOHOM 02 -- FLOHOM 02 | Inner Harbor - Canton, Baltimore",hostaway,,2027-01-08,2027-01-08,444,USD,fixed,2,,fixed,,fixed
146946,"FLOHOM 03 -- FLOHOM 03 | Magothy River, Annapolis",hostaway,,2027-01-08,2027-01-08,374,USD,fixed,2,,fixed,,fixed
260001,FLOHOM 04 -- FLOHOM 04 | National Harbor,hostaway,,2027-01-08,2027-01-08,499,USD,fixed,2,,fixed,,fixed
278502,"FLOHOM 05 -- FLOHOM 05 | Inner Harbor, Baltimore",hostaway,,2027-01-08,2027-01-08,404,USD,fixed,2,,fixed,,fixed
345316,FLOHOM 06 -- FLOHOM 06 | National Harbor,hostaway,,2027-01-08,2027-01-08,595,USD,fixed,2,,fixed,,fixed
366176,"FLOHOM 07 -- FLOHOM 07 | Inner Harbor - Canton, Baltimore",hostaway,,2027-01-08,2027-01-08,474,USD,fixed,2,,fixed,,fixed
376368,FLOHOM 08 -- FLOHOM 08 | National Harbor,hostaway,,2027-01-08,2027-01-08,404,USD,fixed,2,,fixed,,fixed
383097,FLOHOM 09 -- FLOHOM 09 | Baltimore Peninsula,hostaway,,2027-01-08,2027-01-08,404,USD,fixed,2,,fixed,,fixed
404358,FLOHOM 10 -- FLOHOM 10 | Virginia Beach,hostaway,,2027-01-08,2027-01-08,474,USD,fixed,2,,fixed,,fixed
427313,FLOHOM 11 -- FLOHOM 11 | Virginia Beach,hostaway,,2027-01-08,2027-01-08,374,USD,fixed,2,,fixed,,fixed
422608,"FLOHOM 12 -- FLOHOM 12 | Inner Harbor - Fells Point, Baltimore",hostaway,,2027-01-08,2027-01-08,474,USD,fixed,2,,fixed,,fixed
485833,"FLOHOM 13 -- FLOHOM 13 | Inner Harbor, Baltimore",hostaway,,2027-01-08,2027-01-08,595,USD,fixed,2,,fixed,,fixed
407612,"FLOHOM 14 -- FLOHOM 14 | Pasadena, Chesapeake Bay",hostaway,,2027-01-08,2027-01-08,374,USD,fixed,2,,fixed,,fixed
467334,FLOHOM 15 -- FLOHOM 15 | North Myrtle Beach,hostaway,,2027-01-08,2027-01-08,534,USD,fixed,2,,fixed,,fixed
510832,FLOHOM 16 | Liberty Landing Marina,hostaway,,2027-01-08,2027-01-08,595,USD,fixed,2,,fixed,,fixed
146908,"FLOHOM 01 -- FLOHOM 01 | Inner Harbor, Baltimore",hostaway,,2027-01-09,2027-01-09,499,USD,fixed,2,,fixed,,fixed
146944,"FLOHOM 02 -- FLOHOM 02 | Inner Harbor - Canton, Baltimore",hostaway,,2027-01-09,2027-01-09,444,USD,fixed,2,,fixed,,fixed
146946,"FLOHOM 03 -- FLOHOM 03 | Magothy River, Annapolis",hostaway,,2027-01-09,2027-01-09,374,USD,fixed,2,,fixed,,fixed
260001,FLOHOM 04 -- FLOHOM 04 | National Harbor,hostaway,,2027-01-09,2027-01-09,499,USD,fixed,2,,fixed,,fixed
278502,"FLOHOM 05 -- FLOHOM 05 | Inner Harbor, Baltimore",hostaway,,2027-01-09,2027-01-09,404,USD,fixed,2,,fixed,,fixed
345316,FLOHOM 06 -- FLOHOM 06 | National Harbor,hostaway,,2027-01-09,2027-01-09,595,USD,fixed,2,,fixed,,fixed
366176,"FLOHOM 07 -- FLOHOM 07 | Inner Harbor - Canton, Baltimore",hostaway,,2027-01-09,2027-01-09,474,USD,fixed,2,,fixed,,fixed
376368,FLOHOM 08 -- FLOHOM 08 | National Harbor,hostaway,,2027-01-09,2027-01-09,404,USD,fixed,2,,fixed,,fixed
383097,FLOHOM 09 -- FLOHOM 09 | Baltimore Peninsula,hostaway,,2027-01-09,2027-01-09,404,USD,fixed,2,,fixed,,fixed
404358,FLOHOM 10 -- FLOHOM 10 | Virginia Beach,hostaway,,2027-01-09,2027-01-09,474,USD,fixed,2,,fixed,,fixed
427313,FLOHOM 11 -- FLOHOM 11 | Virginia Beach,hostaway,,2027-01-09,2027-01-09,374,USD,fixed,2,,fixed,,fixed
422608,"FLOHOM 12 -- FLOHOM 12 | Inner Harbor - Fells Point, Baltimore",hostaway,,2027-01-09,2027-01-09,474,USD,fixed,2,,fixed,,fixed
485833,"FLOHOM 13 -- FLOHOM 13 | Inner Harbor, Baltimore",hostaway,,2027-01-09,2027-01-09,595,USD,fixed,2,,fixed,,fixed
407612,"FLOHOM 14 -- FLOHOM 14 | Pasadena, Chesapeake Bay",hostaway,,2027-01-09,2027-01-09,374,USD,fixed,2,,fixed,,fixed
467334,FLOHOM 15 -- FLOHOM 15 | North Myrtle Beach,hostaway,,2027-01-09,2027-01-09,444,USD,fixed,2,,fixed,,fixed
510832,FLOHOM 16 | Liberty Landing Marina,hostaway,,2027-01-09,2027-01-09,595,USD,fixed,2,,fixed,,fixed
146908,"FLOHOM 01 -- FLOHOM 01 | Inner Harbor, Baltimore",hostaway,,2027-01-10,2027-01-10,419,USD,fixed,2,,fixed,,fixed
146944,"FLOHOM 02 -- FLOHOM 02 | Inner Harbor - Canton, Baltimore",hostaway,,2027-01-10,2027-01-10,379,USD,fixed,2,,fixed,,fixed
146946,"FLOHOM 03 -- FLOHOM 03 | Magothy River, Annapolis",hostaway,,2027-01-10,2027-01-10,309,USD,fixed,2,,fixed,,fixed
260001,FLOHOM 04 -- FLOHOM 04 | National Harbor,hostaway,,2027-01-10,2027-01-10,419,USD,fixed,2,,fixed,,fixed
278502,"FLOHOM 05 -- FLOHOM 05 | Inner Harbor, Baltimore",hostaway,,2027-01-10,2027-01-10,349,USD,fixed,2,,fixed,,fixed
345316,FLOHOM 06 -- FLOHOM 06 | National Harbor,hostaway,,2027-01-10,2027-01-10,494,USD,fixed,2,,fixed,,fixed
366176,"FLOHOM 07 -- FLOHOM 07 | Inner Harbor - Canton, Baltimore",hostaway,,2027-01-10,2027-01-10,394,USD,fixed,2,,fixed,,fixed
376368,FLOHOM 08 -- FLOHOM 08 | National Harbor,hostaway,,2027-01-10,2027-01-10,349,USD,fixed,2,,fixed,,fixed
383097,FLOHOM 09 -- FLOHOM 09 | Baltimore Peninsula,hostaway,,2027-01-10,2027-01-10,349,USD,fixed,2,,fixed,,fixed
404358,FLOHOM 10 -- FLOHOM 10 | Virginia Beach,hostaway,,2027-01-10,2027-01-10,394,USD,fixed,2,,fixed,,fixed
427313,FLOHOM 11 -- FLOHOM 11 | Virginia Beach,hostaway,,2027-01-10,2027-01-10,309,USD,fixed,2,,fixed,,fixed
422608,"FLOHOM 12 -- FLOHOM 12 | Inner Harbor - Fells Point, Baltimore",hostaway,,2027-01-10,2027-01-10,394,USD,fixed,2,,fixed,,fixed
485833,"FLOHOM 13 -- FLOHOM 13 | Inner Harbor, Baltimore",hostaway,,2027-01-10,2027-01-10,494,USD,fixed,2,,fixed,,fixed
407612,"FLOHOM 14 -- FLOHOM 14 | Pasadena, Chesapeake Bay",hostaway,,2027-01-10,2027-01-10,309,USD,fixed,2,,fixed,,fixed
467334,FLOHOM 15 -- FLOHOM 15 | North Myrtle Beach,hostaway,,2027-01-10,2027-01-10,625,USD,fixed,2,,fixed,,fixed
510832,FLOHOM 16 | Liberty Landing Marina,hostaway,,2027-01-10,2027-01-10,494,USD,fixed,2,,fixed,,fixed
146908,"FLOHOM 01 -- FLOHOM 01 | Inner Harbor, Baltimore",hostaway,,2027-01-11,2027-01-11,369,USD,fixed,2,,fixed,,fixed
146944,"FLOHOM 02 -- FLOHOM 02 | Inner Harbor - Canton, Baltimore",hostaway,,2027-01-11,2027-01-11,312,USD,fixed,2,,fixed,,fixed
146946,"FLOHOM 03 -- FLOHOM 03 | Magothy River, Annapolis",hostaway,,2027-01-11,2027-01-11,240,USD,fixed,2,,fixed,,fixed
260001,FLOHOM 04 -- FLOHOM 04 | National Harbor,hostaway,,2027-01-11,2027-01-11,369,USD,fixed,2,,fixed,,fixed
278502,"FLOHOM 05 -- FLOHOM 05 | Inner Harbor, Baltimore",hostaway,,2027-01-11,2027-01-11,280,USD,fixed,2,,fixed,,fixed
345316,FLOHOM 06 -- FLOHOM 06 | National Harbor,hostaway,,2027-01-11,2027-01-11,391,USD,fixed,2,,fixed,,fixed
366176,"FLOHOM 07 -- FLOHOM 07 | Inner Harbor - Canton, Baltimore",hostaway,,2027-01-11,2027-01-11,324,USD,fixed,2,,fixed,,fixed
376368,FLOHOM 08 -- FLOHOM 08 | National Harbor,hostaway,,2027-01-11,2027-01-11,280,USD,fixed,2,,fixed,,fixed
383097,FLOHOM 09 -- FLOHOM 09 | Baltimore Peninsula,hostaway,,2027-01-11,2027-01-11,280,USD,fixed,2,,fixed,,fixed
404358,FLOHOM 10 -- FLOHOM 10 | Virginia Beach,hostaway,,2027-01-11,2027-01-11,324,USD,fixed,2,,fixed,,fixed
427313,FLOHOM 11 -- FLOHOM 11 | Virginia Beach,hostaway,,2027-01-11,2027-01-11,240,USD,fixed,2,,fixed,,fixed
422608,"FLOHOM 12 -- FLOHOM 12 | Inner Harbor - Fells Point, Baltimore",hostaway,,2027-01-11,2027-01-11,324,USD,fixed,2,,fixed,,fixed
485833,"FLOHOM 13 -- FLOHOM 13 | Inner Harbor, Baltimore",hostaway,,2027-01-11,2027-01-11,391,USD,fixed,2,,fixed,,fixed
407612,"FLOHOM 14 -- FLOHOM 14 | Pasadena, Chesapeake Bay",hostaway,,2027-01-11,2027-01-11,240,USD,fixed,2,,fixed,,fixed
467334,FLOHOM 15 -- FLOHOM 15 | North Myrtle Beach,hostaway,,2027-01-11,2027-01-11,372,USD,fixed,2,,fixed,,fixed
510832,FLOHOM 16 | Liberty Landing Marina,hostaway,,2027-01-11,2027-01-11,391,USD,fixed,2,,fixed,,fixed
146908,"FLOHOM 01 -- FLOHOM 01 | Inner Harbor, Baltimore",hostaway,,2027-01-12,2027-01-12,369,USD,fixed,2,,fixed,,fixed
146944,"FLOHOM 02 -- FLOHOM 02 | Inner Harbor - Canton, Baltimore",hostaway,,2027-01-12,2027-01-12,312,USD,fixed,2,,fixed,,fixed
146946,"FLOHOM 03 -- FLOHOM 03 | Magothy River, Annapolis",hostaway,,2027-01-12,2027-01-12,240,USD,fixed,2,,fixed,,fixed
260001,FLOHOM 04 -- FLOHOM 04 | National Harbor,hostaway,,2027-01-12,2027-01-12,369,USD,fixed,2,,fixed,,fixed
278502,"FLOHOM 05 -- FLOHOM 05 | Inner Harbor, Baltimore",hostaway,,2027-01-12,2027-01-12,280,USD,fixed,2,,fixed,,fixed
345316,FLOHOM 06 -- FLOHOM 06 | National Harbor,hostaway,,2027-01-12,2027-01-12,391,USD,fixed,2,,fixed,,fixed
366176,"FLOHOM 07 -- FLOHOM 07 | Inner Harbor - Canton, Baltimore",hostaway,,2027-01-12,2027-01-12,324,USD,fixed,2,,fixed,,fixed
376368,FLOHOM 08 -- FLOHOM 08 | National Harbor,hostaway,,2027-01-12,2027-01-12,280,USD,fixed,2,,fixed,,fixed
383097,FLOHOM 09 -- FLOHOM 09 | Baltimore Peninsula,hostaway,,2027-01-12,2027-01-12,280,USD,fixed,2,,fixed,,fixed
404358,FLOHOM 10 -- FLOHOM 10 | Virginia Beach,hostaway,,2027-01-12,2027-01-12,324,USD,fixed,2,,fixed,,fixed
427313,FLOHOM 11 -- FLOHOM 11 | Virginia Beach,hostaway,,2027-01-12,2027-01-12,240,USD,fixed,2,,fixed,,fixed
422608,"FLOHOM 12 -- FLOHOM 12 | Inner Harbor - Fells Point, Baltimore",hostaway,,2027-01-12,2027-01-12,324,USD,fixed,2,,fixed,,fixed
485833,"FLOHOM 13 -- FLOHOM 13 | Inner Harbor, Baltimore",hostaway,,2027-01-12,2027-01-12,391,USD,fixed,2,,fixed,,fixed
407612,"FLOHOM 14 -- FLOHOM 14 | Pasadena, Chesapeake Bay",hostaway,,2027-01-12,2027-01-12,240,USD,fixed,2,,fixed,,fixed
467334,FLOHOM 15 -- FLOHOM 15 | North Myrtle Beach,hostaway,,2027-01-12,2027-01-12,372,USD,fixed,2,,fixed,,fixed
510832,FLOHOM 16 | Liberty Landing Marina,hostaway,,2027-01-12,2027-01-12,391,USD,fixed,2,,fixed,,fixed
146908,"FLOHOM 01 -- FLOHOM 01 | Inner Harbor, Baltimore",hostaway,,2027-01-13,2027-01-13,369,USD,fixed,2,,fixed,,fixed
146944,"FLOHOM 02 -- FLOHOM 02 | Inner Harbor - Canton, Baltimore",hostaway,,2027-01-13,2027-01-13,312,USD,fixed,2,,fixed,,fixed
146946,"FLOHOM 03 -- FLOHOM 03 | Magothy River, Annapolis",hostaway,,2027-01-13,2027-01-13,240,USD,fixed,2,,fixed,,fixed
260001,FLOHOM 04 -- FLOHOM 04 | National Harbor,hostaway,,2027-01-13,2027-01-13,369,USD,fixed,2,,fixed,,fixed
278502,"FLOHOM 05 -- FLOHOM 05 | Inner Harbor, Baltimore",hostaway,,2027-01-13,2027-01-13,280,USD,fixed,2,,fixed,,fixed
345316,FLOHOM 06 -- FLOHOM 06 | National Harbor,hostaway,,2027-01-13,2027-01-13,391,USD,fixed,2,,fixed,,fixed
366176,"FLOHOM 07 -- FLOHOM 07 | Inner Harbor - Canton, Baltimore",hostaway,,2027-01-13,2027-01-13,324,USD,fixed,2,,fixed,,fixed
376368,FLOHOM 08 -- FLOHOM 08 | National Harbor,hostaway,,2027-01-13,2027-01-13,280,USD,fixed,2,,fixed,,fixed
383097,FLOHOM 09 -- FLOHOM 09 | Baltimore Peninsula,hostaway,,2027-01-13,2027-01-13,280,USD,fixed,2,,fixed,,fixed
404358,FLOHOM 10 -- FLOHOM 10 | Virginia Beach,hostaway,,2027-01-13,2027-01-13,324,USD,fixed,2,,fixed,,fixed
427313,FLOHOM 11 -- FLOHOM 11 | Virginia Beach,hostaway,,2027-01-13,2027-01-13,240,USD,fixed,2,,fixed,,fixed
422608,"FLOHOM 12 -- FLOHOM 12 | Inner Harbor - Fells Point, Baltimore",hostaway,,2027-01-13,2027-01-13,324,USD,fixed,2,,fixed,,fixed
485833,"FLOHOM 13 -- FLOHOM 13 | Inner Harbor, Baltimore",hostaway,,2027-01-13,2027-01-13,391,USD,fixed,2,,fixed,,fixed
407612,"FLOHOM 14 -- FLOHOM 14 | Pasadena, Chesapeake Bay",hostaway,,2027-01-13,2027-01-13,240,USD,fixed,2,,fixed,,fixed
467334,FLOHOM 15 -- FLOHOM 15 | North Myrtle Beach,hostaway,,2027-01-13,2027-01-13,372,USD,fixed,2,,fixed,,fixed
510832,FLOHOM 16 | Liberty Landing Marina,hostaway,,2027-01-13,2027-01-13,391,USD,fixed,2,,fixed,,fixed
146908,"FLOHOM 01 -- FLOHOM 01 | Inner Harbor, Baltimore",hostaway,,2027-01-14,2027-01-14,419,USD,fixed,2,,fixed,,fixed
146944,"FLOHOM 02 -- FLOHOM 02 | Inner Harbor - Canton, Baltimore",hostaway,,2027-01-14,2027-01-14,379,USD,fixed,2,,fixed,,fixed
146946,"FLOHOM 03 -- FLOHOM 03 | Magothy River, Annapolis",hostaway,,2027-01-14,2027-01-14,309,USD,fixed,2,,fixed,,fixed
260001,FLOHOM 04 -- FLOHOM 04 | National Harbor,hostaway,,2027-01-14,2027-01-14,419,USD,fixed,2,,fixed,,fixed
278502,"FLOHOM 05 -- FLOHOM 05 | Inner Harbor, Baltimore",hostaway,,2027-01-14,2027-01-14,349,USD,fixed,2,,fixed,,fixed
345316,FLOHOM 06 -- FLOHOM 06 | National Harbor,hostaway,,2027-01-14,2027-01-14,494,USD,fixed,2,,fixed,,fixed
366176,"FLOHOM 07 -- FLOHOM 07 | Inner Harbor - Canton, Baltimore",hostaway,,2027-01-14,2027-01-14,394,USD,fixed,2,,fixed,,fixed
376368,FLOHOM 08 -- FLOHOM 08 | National Harbor,hostaway,,2027-01-14,2027-01-14,349,USD,fixed,2,,fixed,,fixed
383097,FLOHOM 09 -- FLOHOM 09 | Baltimore Peninsula,hostaway,,2027-01-14,2027-01-14,349,USD,fixed,2,,fixed,,fixed
404358,FLOHOM 10 -- FLOHOM 10 | Virginia Beach,hostaway,,2027-01-14,2027-01-14,394,USD,fixed,2,,fixed,,fixed
427313,FLOHOM 11 -- FLOHOM 11 | Virginia Beach,hostaway,,2027-01-14,2027-01-14,309,USD,fixed,2,,fixed,,fixed
422608,"FLOHOM 12 -- FLOHOM 12 | Inner Harbor - Fells Point, Baltimore",hostaway,,2027-01-14,2027-01-14,394,USD,fixed,2,,fixed,,fixed
485833,"FLOHOM 13 -- FLOHOM 13 | Inner Harbor, Baltimore",hostaway,,2027-01-14,2027-01-14,494,USD,fixed,2,,fixed,,fixed
407612,"FLOHOM 14 -- FLOHOM 14 | Pasadena, Chesapeake Bay",hostaway,,2027-01-14,2027-01-14,309,USD,fixed,2,,fixed,,fixed
467334,FLOHOM 15 -- FLOHOM 15 | North Myrtle Beach,hostaway,,2027-01-14,2027-01-14,444,USD,fixed,2,,fixed,,fixed
510832,FLOHOM 16 | Liberty Landing Marina,hostaway,,2027-01-14,2027-01-14,494,USD,fixed,2,,fixed,,fixed
146908,"FLOHOM 01 -- FLOHOM 01 | Inner Harbor, Baltimore",hostaway,,2027-01-15,2027-01-15,649,USD,fixed,2,,fixed,,fixed
146944,"FLOHOM 02 -- FLOHOM 02 | Inner Harbor - Canton, Baltimore",hostaway,,2027-01-15,2027-01-15,577,USD,fixed,2,,fixed,,fixed
146946,"FLOHOM 03 -- FLOHOM 03 | Magothy River, Annapolis",hostaway,,2027-01-15,2027-01-15,486,USD,fixed,2,,fixed,,fixed
260001,FLOHOM 04 -- FLOHOM 04 | National Harbor,hostaway,,2027-01-15,2027-01-15,649,USD,fixed,2,,fixed,,fixed
278502,"FLOHOM 05 -- FLOHOM 05 | Inner Harbor, Baltimore",hostaway,,2027-01-15,2027-01-15,525,USD,fixed,2,,fixed,,fixed
345316,FLOHOM 06 -- FLOHOM 06 | National Harbor,hostaway,,2027-01-15,2027-01-15,774,USD,fixed,2,,fixed,,fixed
366176,"FLOHOM 07 -- FLOHOM 07 | Inner Harbor - Canton, Baltimore",hostaway,,2027-01-15,2027-01-15,616,USD,fixed,2,,fixed,,fixed
376368,FLOHOM 08 -- FLOHOM 08 | National Harbor,hostaway,,2027-01-15,2027-01-15,525,USD,fixed,2,,fixed,,fixed
383097,FLOHOM 09 -- FLOHOM 09 | Baltimore Peninsula,hostaway,,2027-01-15,2027-01-15,525,USD,fixed,2,,fixed,,fixed
404358,FLOHOM 10 -- FLOHOM 10 | Virginia Beach,hostaway,,2027-01-15,2027-01-15,616,USD,fixed,2,,fixed,,fixed
427313,FLOHOM 11 -- FLOHOM 11 | Virginia Beach,hostaway,,2027-01-15,2027-01-15,486,USD,fixed,2,,fixed,,fixed
422608,"FLOHOM 12 -- FLOHOM 12 | Inner Harbor - Fells Point, Baltimore",hostaway,,2027-01-15,2027-01-15,616,USD,fixed,2,,fixed,,fixed
485833,"FLOHOM 13 -- FLOHOM 13 | Inner Harbor, Baltimore",hostaway,,2027-01-15,2027-01-15,774,USD,fixed,2,,fixed,,fixed
407612,"FLOHOM 14 -- FLOHOM 14 | Pasadena, Chesapeake Bay",hostaway,,2027-01-15,2027-01-15,486,USD,fixed,2,,fixed,,fixed
467334,FLOHOM 15 -- FLOHOM 15 | North Myrtle Beach,hostaway,,2027-01-15,2027-01-15,694,USD,fixed,2,,fixed,,fixed
510832,FLOHOM 16 | Liberty Landing Marina,hostaway,,2027-01-15,2027-01-15,774,USD,fixed,2,,fixed,,fixed
146908,"FLOHOM 01 -- FLOHOM 01 | Inner Harbor, Baltimore",hostaway,,2027-01-16,2027-01-16,649,USD,fixed,2,,fixed,,fixed
146944,"FLOHOM 02 -- FLOHOM 02 | Inner Harbor - Canton, Baltimore",hostaway,,2027-01-16,2027-01-16,577,USD,fixed,2,,fixed,,fixed
146946,"FLOHOM 03 -- FLOHOM 03 | Magothy River, Annapolis",hostaway,,2027-01-16,2027-01-16,486,USD,fixed,2,,fixed,,fixed
260001,FLOHOM 04 -- FLOHOM 04 | National Harbor,hostaway,,2027-01-16,2027-01-16,649,USD,fixed,2,,fixed,,fixed
278502,"FLOHOM 05 -- FLOHOM 05 | Inner Harbor, Baltimore",hostaway,,2027-01-16,2027-01-16,525,USD,fixed,2,,fixed,,fixed
345316,FLOHOM 06 -- FLOHOM 06 | National Harbor,hostaway,,2027-01-16,2027-01-16,774,USD,fixed,2,,fixed,,fixed
366176,"FLOHOM 07 -- FLOHOM 07 | Inner Harbor - Canton, Baltimore",hostaway,,2027-01-16,2027-01-16,616,USD,fixed,2,,fixed,,fixed
376368,FLOHOM 08 -- FLOHOM 08 | National Harbor,hostaway,,2027-01-16,2027-01-16,525,USD,fixed,2,,fixed,,fixed
383097,FLOHOM 09 -- FLOHOM 09 | Baltimore Peninsula,hostaway,,2027-01-16,2027-01-16,525,USD,fixed,2,,fixed,,fixed
404358,FLOHOM 10 -- FLOHOM 10 | Virginia Beach,hostaway,,2027-01-16,2027-01-16,616,USD,fixed,2,,fixed,,fixed
427313,FLOHOM 11 -- FLOHOM 11 | Virginia Beach,hostaway,,2027-01-16,2027-01-16,486,USD,fixed,2,,fixed,,fixed
422608,"FLOHOM 12 -- FLOHOM 12 | Inner Harbor - Fells Point, Baltimore",hostaway,,2027-01-16,2027-01-16,616,USD,fixed,2,,fixed,,fixed
485833,"FLOHOM 13 -- FLOHOM 13 | Inner Harbor, Baltimore",hostaway,,2027-01-16,2027-01-16,774,USD,fixed,2,,fixed,,fixed
407612,"FLOHOM 14 -- FLOHOM 14 | Pasadena, Chesapeake Bay",hostaway,,2027-01-16,2027-01-16,486,USD,fixed,2,,fixed,,fixed
467334,FLOHOM 15 -- FLOHOM 15 | North Myrtle Beach,hostaway,,2027-01-16,2027-01-16,577,USD,fixed,2,,fixed,,fixed
510832,FLOHOM 16 | Liberty Landing Marina,hostaway,,2027-01-16,2027-01-16,774,USD,fixed,2,,fixed,,fixed
146908,"FLOHOM 01 -- FLOHOM 01 | Inner Harbor, Baltimore",hostaway,,2027-01-17,2027-01-17,545,USD,fixed,2,,fixed,,fixed
146944,"FLOHOM 02 -- FLOHOM 02 | Inner Harbor - Canton, Baltimore",hostaway,,2027-01-17,2027-01-17,493,USD,fixed,2,,fixed,,fixed
146946,"FLOHOM 03 -- FLOHOM 03 | Magothy River, Annapolis",hostaway,,2027-01-17,2027-01-17,402,USD,fixed,2,,fixed,,fixed
260001,FLOHOM 04 -- FLOHOM 04 | National Harbor,hostaway,,2027-01-17,2027-01-17,545,USD,fixed,2,,fixed,,fixed
278502,"FLOHOM 05 -- FLOHOM 05 | Inner Harbor, Baltimore",hostaway,,2027-01-17,2027-01-17,454,USD,fixed,2,,fixed,,fixed
345316,FLOHOM 06 -- FLOHOM 06 | National Harbor,hostaway,,2027-01-17,2027-01-17,642,USD,fixed,2,,fixed,,fixed
366176,"FLOHOM 07 -- FLOHOM 07 | Inner Harbor - Canton, Baltimore",hostaway,,2027-01-17,2027-01-17,512,USD,fixed,2,,fixed,,fixed
376368,FLOHOM 08 -- FLOHOM 08 | National Harbor,hostaway,,2027-01-17,2027-01-17,454,USD,fixed,2,,fixed,,fixed
383097,FLOHOM 09 -- FLOHOM 09 | Baltimore Peninsula,hostaway,,2027-01-17,2027-01-17,454,USD,fixed,2,,fixed,,fixed
404358,FLOHOM 10 -- FLOHOM 10 | Virginia Beach,hostaway,,2027-01-17,2027-01-17,512,USD,fixed,2,,fixed,,fixed
427313,FLOHOM 11 -- FLOHOM 11 | Virginia Beach,hostaway,,2027-01-17,2027-01-17,402,USD,fixed,2,,fixed,,fixed
422608,"FLOHOM 12 -- FLOHOM 12 | Inner Harbor - Fells Point, Baltimore",hostaway,,2027-01-17,2027-01-17,512,USD,fixed,2,,fixed,,fixed
485833,"FLOHOM 13 -- FLOHOM 13 | Inner Harbor, Baltimore",hostaway,,2027-01-17,2027-01-17,642,USD,fixed,2,,fixed,,fixed
407612,"FLOHOM 14 -- FLOHOM 14 | Pasadena, Chesapeake Bay",hostaway,,2027-01-17,2027-01-17,402,USD,fixed,2,,fixed,,fixed
467334,FLOHOM 15 -- FLOHOM 15 | North Myrtle Beach,hostaway,,2027-01-17,2027-01-17,813,USD,fixed,2,,fixed,,fixed
510832,FLOHOM 16 | Liberty Landing Marina,hostaway,,2027-01-17,2027-01-17,642,USD,fixed,2,,fixed,,fixed
146908,"FLOHOM 01 -- FLOHOM 01 | Inner Harbor, Baltimore",hostaway,,2027-01-18,2027-01-18,480,USD,fixed,2,,fixed,,fixed
146944,"FLOHOM 02 -- FLOHOM 02 | Inner Harbor - Canton, Baltimore",hostaway,,2027-01-18,2027-01-18,406,USD,fixed,2,,fixed,,fixed
146946,"FLOHOM 03 -- FLOHOM 03 | Magothy River, Annapolis",hostaway,,2027-01-18,2027-01-18,312,USD,fixed,2,,fixed,,fixed
260001,FLOHOM 04 -- FLOHOM 04 | National Harbor,hostaway,,2027-01-18,2027-01-18,480,USD,fixed,2,,fixed,,fixed
278502,"FLOHOM 05 -- FLOHOM 05 | Inner Harbor, Baltimore",hostaway,,2027-01-18,2027-01-18,364,USD,fixed,2,,fixed,,fixed
345316,FLOHOM 06 -- FLOHOM 06 | National Harbor,hostaway,,2027-01-18,2027-01-18,508,USD,fixed,2,,fixed,,fixed
366176,"FLOHOM 07 -- FLOHOM 07 | Inner Harbor - Canton, Baltimore",hostaway,,2027-01-18,2027-01-18,421,USD,fixed,2,,fixed,,fixed
376368,FLOHOM 08 -- FLOHOM 08 | National Harbor,hostaway,,2027-01-18,2027-01-18,364,USD,fixed,2,,fixed,,fixed
383097,FLOHOM 09 -- FLOHOM 09 | Baltimore Peninsula,hostaway,,2027-01-18,2027-01-18,364,USD,fixed,2,,fixed,,fixed
404358,FLOHOM 10 -- FLOHOM 10 | Virginia Beach,hostaway,,2027-01-18,2027-01-18,421,USD,fixed,2,,fixed,,fixed
427313,FLOHOM 11 -- FLOHOM 11 | Virginia Beach,hostaway,,2027-01-18,2027-01-18,312,USD,fixed,2,,fixed,,fixed
422608,"FLOHOM 12 -- FLOHOM 12 | Inner Harbor - Fells Point, Baltimore",hostaway,,2027-01-18,2027-01-18,421,USD,fixed,2,,fixed,,fixed
485833,"FLOHOM 13 -- FLOHOM 13 | Inner Harbor, Baltimore",hostaway,,2027-01-18,2027-01-18,508,USD,fixed,2,,fixed,,fixed
407612,"FLOHOM 14 -- FLOHOM 14 | Pasadena, Chesapeake Bay",hostaway,,2027-01-18,2027-01-18,312,USD,fixed,2,,fixed,,fixed
467334,FLOHOM 15 -- FLOHOM 15 | North Myrtle Beach,hostaway,,2027-01-18,2027-01-18,484,USD,fixed,2,,fixed,,fixed
510832,FLOHOM 16 | Liberty Landing Marina,hostaway,,2027-01-18,2027-01-18,508,USD,fixed,2,,fixed,,fixed
146908,"FLOHOM 01 -- FLOHOM 01 | Inner Harbor, Baltimore",hostaway,,2027-01-19,2027-01-19,369,USD,fixed,2,,fixed,,fixed
146944,"FLOHOM 02 -- FLOHOM 02 | Inner Harbor - Canton, Baltimore",hostaway,,2027-01-19,2027-01-19,312,USD,fixed,2,,fixed,,fixed
146946,"FLOHOM 03 -- FLOHOM 03 | Magothy River, Annapolis",hostaway,,2027-01-19,2027-01-19,240,USD,fixed,2,,fixed,,fixed
260001,FLOHOM 04 -- FLOHOM 04 | National Harbor,hostaway,,2027-01-19,2027-01-19,369,USD,fixed,2,,fixed,,fixed
278502,"FLOHOM 05 -- FLOHOM 05 | Inner Harbor, Baltimore",hostaway,,2027-01-19,2027-01-19,280,USD,fixed,2,,fixed,,fixed
345316,FLOHOM 06 -- FLOHOM 06 | National Harbor,hostaway,,2027-01-19,2027-01-19,391,USD,fixed,2,,fixed,,fixed
366176,"FLOHOM 07 -- FLOHOM 07 | Inner Harbor - Canton, Baltimore",hostaway,,2027-01-19,2027-01-19,324,USD,fixed,2,,fixed,,fixed
376368,FLOHOM 08 -- FLOHOM 08 | National Harbor,hostaway,,2027-01-19,2027-01-19,280,USD,fixed,2,,fixed,,fixed
383097,FLOHOM 09 -- FLOHOM 09 | Baltimore Peninsula,hostaway,,2027-01-19,2027-01-19,280,USD,fixed,2,,fixed,,fixed
404358,FLOHOM 10 -- FLOHOM 10 | Virginia Beach,hostaway,,2027-01-19,2027-01-19,324,USD,fixed,2,,fixed,,fixed
427313,FLOHOM 11 -- FLOHOM 11 | Virginia Beach,hostaway,,2027-01-19,2027-01-19,240,USD,fixed,2,,fixed,,fixed
422608,"FLOHOM 12 -- FLOHOM 12 | Inner Harbor - Fells Point, Baltimore",hostaway,,2027-01-19,2027-01-19,324,USD,fixed,2,,fixed,,fixed
485833,"FLOHOM 13 -- FLOHOM 13 | Inner Harbor, Baltimore",hostaway,,2027-01-19,2027-01-19,391,USD,fixed,2,,fixed,,fixed
407612,"FLOHOM 14 -- FLOHOM 14 | Pasadena, Chesapeake Bay",hostaway,,2027-01-19,2027-01-19,240,USD,fixed,2,,fixed,,fixed
467334,FLOHOM 15 -- FLOHOM 15 | North Myrtle Beach,hostaway,,2027-01-19,2027-01-19,372,USD,fixed,2,,fixed,,fixed
510832,FLOHOM 16 | Liberty Landing Marina,hostaway,,2027-01-19,2027-01-19,391,USD,fixed,2,,fixed,,fixed
146908,"FLOHOM 01 -- FLOHOM 01 | Inner Harbor, Baltimore",hostaway,,2027-01-20,2027-01-20,369,USD,fixed,2,,fixed,,fixed
146944,"FLOHOM 02 -- FLOHOM 02 | Inner Harbor - Canton, Baltimore",hostaway,,2027-01-20,2027-01-20,312,USD,fixed,2,,fixed,,fixed
146946,"FLOHOM 03 -- FLOHOM 03 | Magothy River, Annapolis",hostaway,,2027-01-20,2027-01-20,240,USD,fixed,2,,fixed,,fixed
260001,FLOHOM 04 -- FLOHOM 04 | National Harbor,hostaway,,2027-01-20,2027-01-20,369,USD,fixed,2,,fixed,,fixed
278502,"FLOHOM 05 -- FLOHOM 05 | Inner Harbor, Baltimore",hostaway,,2027-01-20,2027-01-20,280,USD,fixed,2,,fixed,,fixed
345316,FLOHOM 06 -- FLOHOM 06 | National Harbor,hostaway,,2027-01-20,2027-01-20,391,USD,fixed,2,,fixed,,fixed
366176,"FLOHOM 07 -- FLOHOM 07 | Inner Harbor - Canton, Baltimore",hostaway,,2027-01-20,2027-01-20,324,USD,fixed,2,,fixed,,fixed
376368,FLOHOM 08 -- FLOHOM 08 | National Harbor,hostaway,,2027-01-20,2027-01-20,280,USD,fixed,2,,fixed,,fixed
383097,FLOHOM 09 -- FLOHOM 09 | Baltimore Peninsula,hostaway,,2027-01-20,2027-01-20,280,USD,fixed,2,,fixed,,fixed
404358,FLOHOM 10 -- FLOHOM 10 | Virginia Beach,hostaway,,2027-01-20,2027-01-20,324,USD,fixed,2,,fixed,,fixed
427313,FLOHOM 11 -- FLOHOM 11 | Virginia Beach,hostaway,,2027-01-20,2027-01-20,240,USD,fixed,2,,fixed,,fixed
422608,"FLOHOM 12 -- FLOHOM 12 | Inner Harbor - Fells Point, Baltimore",hostaway,,2027-01-20,2027-01-20,324,USD,fixed,2,,fixed,,fixed
485833,"FLOHOM 13 -- FLOHOM 13 | Inner Harbor, Baltimore",hostaway,,2027-01-20,2027-01-20,391,USD,fixed,2,,fixed,,fixed
407612,"FLOHOM 14 -- FLOHOM 14 | Pasadena, Chesapeake Bay",hostaway,,2027-01-20,2027-01-20,240,USD,fixed,2,,fixed,,fixed
467334,FLOHOM 15 -- FLOHOM 15 | North Myrtle Beach,hostaway,,2027-01-20,2027-01-20,372,USD,fixed,2,,fixed,,fixed
510832,FLOHOM 16 | Liberty Landing Marina,hostaway,,2027-01-20,2027-01-20,391,USD,fixed,2,,fixed,,fixed
146908,"FLOHOM 01 -- FLOHOM 01 | Inner Harbor, Baltimore",hostaway,,2027-01-21,2027-01-21,419,USD,fixed,2,,fixed,,fixed
146944,"FLOHOM 02 -- FLOHOM 02 | Inner Harbor - Canton, Baltimore",hostaway,,2027-01-21,2027-01-21,379,USD,fixed,2,,fixed,,fixed
146946,"FLOHOM 03 -- FLOHOM 03 | Magothy River, Annapolis",hostaway,,2027-01-21,2027-01-21,309,USD,fixed,2,,fixed,,fixed
260001,FLOHOM 04 -- FLOHOM 04 | National Harbor,hostaway,,2027-01-21,2027-01-21,419,USD,fixed,2,,fixed,,fixed
278502,"FLOHOM 05 -- FLOHOM 05 | Inner Harbor, Baltimore",hostaway,,2027-01-21,2027-01-21,349,USD,fixed,2,,fixed,,fixed
345316,FLOHOM 06 -- FLOHOM 06 | National Harbor,hostaway,,2027-01-21,2027-01-21,494,USD,fixed,2,,fixed,,fixed
366176,"FLOHOM 07 -- FLOHOM 07 | Inner Harbor - Canton, Baltimore",hostaway,,2027-01-21,2027-01-21,394,USD,fixed,2,,fixed,,fixed
376368,FLOHOM 08 -- FLOHOM 08 | National Harbor,hostaway,,2027-01-21,2027-01-21,349,USD,fixed,2,,fixed,,fixed
383097,FLOHOM 09 -- FLOHOM 09 | Baltimore Peninsula,hostaway,,2027-01-21,2027-01-21,349,USD,fixed,2,,fixed,,fixed
404358,FLOHOM 10 -- FLOHOM 10 | Virginia Beach,hostaway,,2027-01-21,2027-01-21,394,USD,fixed,2,,fixed,,fixed
427313,FLOHOM 11 -- FLOHOM 11 | Virginia Beach,hostaway,,2027-01-21,2027-01-21,309,USD,fixed,2,,fixed,,fixed
422608,"FLOHOM 12 -- FLOHOM 12 | Inner Harbor - Fells Point, Baltimore",hostaway,,2027-01-21,2027-01-21,394,USD,fixed,2,,fixed,,fixed
485833,"FLOHOM 13 -- FLOHOM 13 | Inner Harbor, Baltimore",hostaway,,2027-01-21,2027-01-21,494,USD,fixed,2,,fixed,,fixed
407612,"FLOHOM 14 -- FLOHOM 14 | Pasadena, Chesapeake Bay",hostaway,,2027-01-21,2027-01-21,309,USD,fixed,2,,fixed,,fixed
467334,FLOHOM 15 -- FLOHOM 15 | North Myrtle Beach,hostaway,,2027-01-21,2027-01-21,444,USD,fixed,2,,fixed,,fixed
510832,FLOHOM 16 | Liberty Landing Marina,hostaway,,2027-01-21,2027-01-21,494,USD,fixed,2,,fixed,,fixed
146908,"FLOHOM 01 -- FLOHOM 01 | Inner Harbor, Baltimore",hostaway,,2027-01-22,2027-01-22,499,USD,fixed,2,,fixed,,fixed
146944,"FLOHOM 02 -- FLOHOM 02 | Inner Harbor - Canton, Baltimore",hostaway,,2027-01-22,2027-01-22,444,USD,fixed,2,,fixed,,fixed
146946,"FLOHOM 03 -- FLOHOM 03 | Magothy River, Annapolis",hostaway,,2027-01-22,2027-01-22,374,USD,fixed,2,,fixed,,fixed
260001,FLOHOM 04 -- FLOHOM 04 | National Harbor,hostaway,,2027-01-22,2027-01-22,499,USD,fixed,2,,fixed,,fixed
278502,"FLOHOM 05 -- FLOHOM 05 | Inner Harbor, Baltimore",hostaway,,2027-01-22,2027-01-22,404,USD,fixed,2,,fixed,,fixed
345316,FLOHOM 06 -- FLOHOM 06 | National Harbor,hostaway,,2027-01-22,2027-01-22,595,USD,fixed,2,,fixed,,fixed
366176,"FLOHOM 07 -- FLOHOM 07 | Inner Harbor - Canton, Baltimore",hostaway,,2027-01-22,2027-01-22,474,USD,fixed,2,,fixed,,fixed
376368,FLOHOM 08 -- FLOHOM 08 | National Harbor,hostaway,,2027-01-22,2027-01-22,404,USD,fixed,2,,fixed,,fixed
383097,FLOHOM 09 -- FLOHOM 09 | Baltimore Peninsula,hostaway,,2027-01-22,2027-01-22,404,USD,fixed,2,,fixed,,fixed
404358,FLOHOM 10 -- FLOHOM 10 | Virginia Beach,hostaway,,2027-01-22,2027-01-22,474,USD,fixed,2,,fixed,,fixed
427313,FLOHOM 11 -- FLOHOM 11 | Virginia Beach,hostaway,,2027-01-22,2027-01-22,374,USD,fixed,2,,fixed,,fixed
422608,"FLOHOM 12 -- FLOHOM 12 | Inner Harbor - Fells Point, Baltimore",hostaway,,2027-01-22,2027-01-22,474,USD,fixed,2,,fixed,,fixed
485833,"FLOHOM 13 -- FLOHOM 13 | Inner Harbor, Baltimore",hostaway,,2027-01-22,2027-01-22,595,USD,fixed,2,,fixed,,fixed
407612,"FLOHOM 14 -- FLOHOM 14 | Pasadena, Chesapeake Bay",hostaway,,2027-01-22,2027-01-22,374,USD,fixed,2,,fixed,,fixed
467334,FLOHOM 15 -- FLOHOM 15 | North Myrtle Beach,hostaway,,2027-01-22,2027-01-22,534,USD,fixed,2,,fixed,,fixed
510832,FLOHOM 16 | Liberty Landing Marina,hostaway,,2027-01-22,2027-01-22,595,USD,fixed,2,,fixed,,fixed
146908,"FLOHOM 01 -- FLOHOM 01 | Inner Harbor, Baltimore",hostaway,,2027-01-23,2027-01-23,499,USD,fixed,2,,fixed,,fixed
146944,"FLOHOM 02 -- FLOHOM 02 | Inner Harbor - Canton, Baltimore",hostaway,,2027-01-23,2027-01-23,444,USD,fixed,2,,fixed,,fixed
146946,"FLOHOM 03 -- FLOHOM 03 | Magothy River, Annapolis",hostaway,,2027-01-23,2027-01-23,374,USD,fixed,2,,fixed,,fixed
260001,FLOHOM 04 -- FLOHOM 04 | National Harbor,hostaway,,2027-01-23,2027-01-23,499,USD,fixed,2,,fixed,,fixed
278502,"FLOHOM 05 -- FLOHOM 05 | Inner Harbor, Baltimore",hostaway,,2027-01-23,2027-01-23,404,USD,fixed,2,,fixed,,fixed
345316,FLOHOM 06 -- FLOHOM 06 | National Harbor,hostaway,,2027-01-23,2027-01-23,595,USD,fixed,2,,fixed,,fixed
366176,"FLOHOM 07 -- FLOHOM 07 | Inner Harbor - Canton, Baltimore",hostaway,,2027-01-23,2027-01-23,474,USD,fixed,2,,fixed,,fixed
376368,FLOHOM 08 -- FLOHOM 08 | National Harbor,hostaway,,2027-01-23,2027-01-23,404,USD,fixed,2,,fixed,,fixed
383097,FLOHOM 09 -- FLOHOM 09 | Baltimore Peninsula,hostaway,,2027-01-23,2027-01-23,404,USD,fixed,2,,fixed,,fixed
404358,FLOHOM 10 -- FLOHOM 10 | Virginia Beach,hostaway,,2027-01-23,2027-01-23,474,USD,fixed,2,,fixed,,fixed
427313,FLOHOM 11 -- FLOHOM 11 | Virginia Beach,hostaway,,2027-01-23,2027-01-23,374,USD,fixed,2,,fixed,,fixed
422608,"FLOHOM 12 -- FLOHOM 12 | Inner Harbor - Fells Point, Baltimore",hostaway,,2027-01-23,2027-01-23,474,USD,fixed,2,,fixed,,fixed
485833,"FLOHOM 13 -- FLOHOM 13 | Inner Harbor, Baltimore",hostaway,,2027-01-23,2027-01-23,595,USD,fixed,2,,fixed,,fixed
407612,"FLOHOM 14 -- FLOHOM 14 | Pasadena, Chesapeake Bay",hostaway,,2027-01-23,2027-01-23,374,USD,fixed,2,,fixed,,fixed
467334,FLOHOM 15 -- FLOHOM 15 | North Myrtle Beach,hostaway,,2027-01-23,2027-01-23,444,USD,fixed,2,,fixed,,fixed
510832,FLOHOM 16 | Liberty Landing Marina,hostaway,,2027-01-23,2027-01-23,595,USD,fixed,2,,fixed,,fixed
146908,"FLOHOM 01 -- FLOHOM 01 | Inner Harbor, Baltimore",hostaway,,2027-01-24,2027-01-24,419,USD,fixed,2,,fixed,,fixed
146944,"FLOHOM 02 -- FLOHOM 02 | Inner Harbor - Canton, Baltimore",hostaway,,2027-01-24,2027-01-24,379,USD,fixed,2,,fixed,,fixed
146946,"FLOHOM 03 -- FLOHOM 03 | Magothy River, Annapolis",hostaway,,2027-01-24,2027-01-24,309,USD,fixed,2,,fixed,,fixed
260001,FLOHOM 04 -- FLOHOM 04 | National Harbor,hostaway,,2027-01-24,2027-01-24,419,USD,fixed,2,,fixed,,fixed
278502,"FLOHOM 05 -- FLOHOM 05 | Inner Harbor, Baltimore",hostaway,,2027-01-24,2027-01-24,349,USD,fixed,2,,fixed,,fixed
345316,FLOHOM 06 -- FLOHOM 06 | National Harbor,hostaway,,2027-01-24,2027-01-24,494,USD,fixed,2,,fixed,,fixed
366176,"FLOHOM 07 -- FLOHOM 07 | Inner Harbor - Canton, Baltimore",hostaway,,2027-01-24,2027-01-24,394,USD,fixed,2,,fixed,,fixed
376368,FLOHOM 08 -- FLOHOM 08 | National Harbor,hostaway,,2027-01-24,2027-01-24,349,USD,fixed,2,,fixed,,fixed
383097,FLOHOM 09 -- FLOHOM 09 | Baltimore Peninsula,hostaway,,2027-01-24,2027-01-24,349,USD,fixed,2,,fixed,,fixed
404358,FLOHOM 10 -- FLOHOM 10 | Virginia Beach,hostaway,,2027-01-24,2027-01-24,394,USD,fixed,2,,fixed,,fixed
427313,FLOHOM 11 -- FLOHOM 11 | Virginia Beach,hostaway,,2027-01-24,2027-01-24,309,USD,fixed,2,,fixed,,fixed
422608,"FLOHOM 12 -- FLOHOM 12 | Inner Harbor - Fells Point, Baltimore",hostaway,,2027-01-24,2027-01-24,394,USD,fixed,2,,fixed,,fixed
485833,"FLOHOM 13 -- FLOHOM 13 | Inner Harbor, Baltimore",hostaway,,2027-01-24,2027-01-24,494,USD,fixed,2,,fixed,,fixed
407612,"FLOHOM 14 -- FLOHOM 14 | Pasadena, Chesapeake Bay",hostaway,,2027-01-24,2027-01-24,309,USD,fixed,2,,fixed,,fixed
467334,FLOHOM 15 -- FLOHOM 15 | North Myrtle Beach,hostaway,,2027-01-24,2027-01-24,625,USD,fixed,2,,fixed,,fixed
510832,FLOHOM 16 | Liberty Landing Marina,hostaway,,2027-01-24,2027-01-24,494,USD,fixed,2,,fixed,,fixed
146908,"FLOHOM 01 -- FLOHOM 01 | Inner Harbor, Baltimore",hostaway,,2027-01-25,2027-01-25,369,USD,fixed,2,,fixed,,fixed
146944,"FLOHOM 02 -- FLOHOM 02 | Inner Harbor - Canton, Baltimore",hostaway,,2027-01-25,2027-01-25,312,USD,fixed,2,,fixed,,fixed
146946,"FLOHOM 03 -- FLOHOM 03 | Magothy River, Annapolis",hostaway,,2027-01-25,2027-01-25,240,USD,fixed,2,,fixed,,fixed
260001,FLOHOM 04 -- FLOHOM 04 | National Harbor,hostaway,,2027-01-25,2027-01-25,369,USD,fixed,2,,fixed,,fixed
278502,"FLOHOM 05 -- FLOHOM 05 | Inner Harbor, Baltimore",hostaway,,2027-01-25,2027-01-25,280,USD,fixed,2,,fixed,,fixed
345316,FLOHOM 06 -- FLOHOM 06 | National Harbor,hostaway,,2027-01-25,2027-01-25,391,USD,fixed,2,,fixed,,fixed
366176,"FLOHOM 07 -- FLOHOM 07 | Inner Harbor - Canton, Baltimore",hostaway,,2027-01-25,2027-01-25,324,USD,fixed,2,,fixed,,fixed
376368,FLOHOM 08 -- FLOHOM 08 | National Harbor,hostaway,,2027-01-25,2027-01-25,280,USD,fixed,2,,fixed,,fixed
383097,FLOHOM 09 -- FLOHOM 09 | Baltimore Peninsula,hostaway,,2027-01-25,2027-01-25,280,USD,fixed,2,,fixed,,fixed
404358,FLOHOM 10 -- FLOHOM 10 | Virginia Beach,hostaway,,2027-01-25,2027-01-25,324,USD,fixed,2,,fixed,,fixed
427313,FLOHOM 11 -- FLOHOM 11 | Virginia Beach,hostaway,,2027-01-25,2027-01-25,240,USD,fixed,2,,fixed,,fixed
422608,"FLOHOM 12 -- FLOHOM 12 | Inner Harbor - Fells Point, Baltimore",hostaway,,2027-01-25,2027-01-25,324,USD,fixed,2,,fixed,,fixed
485833,"FLOHOM 13 -- FLOHOM 13 | Inner Harbor, Baltimore",hostaway,,2027-01-25,2027-01-25,391,USD,fixed,2,,fixed,,fixed
407612,"FLOHOM 14 -- FLOHOM 14 | Pasadena, Chesapeake Bay",hostaway,,2027-01-25,2027-01-25,240,USD,fixed,2,,fixed,,fixed
467334,FLOHOM 15 -- FLOHOM 15 | North Myrtle Beach,hostaway,,2027-01-25,2027-01-25,372,USD,fixed,2,,fixed,,fixed
510832,FLOHOM 16 | Liberty Landing Marina,hostaway,,2027-01-25,2027-01-25,391,USD,fixed,2,,fixed,,fixed
146908,"FLOHOM 01 -- FLOHOM 01 | Inner Harbor, Baltimore",hostaway,,2027-01-26,2027-01-26,369,USD,fixed,2,,fixed,,fixed
146944,"FLOHOM 02 -- FLOHOM 02 | Inner Harbor - Canton, Baltimore",hostaway,,2027-01-26,2027-01-26,312,USD,fixed,2,,fixed,,fixed
146946,"FLOHOM 03 -- FLOHOM 03 | Magothy River, Annapolis",hostaway,,2027-01-26,2027-01-26,240,USD,fixed,2,,fixed,,fixed
260001,FLOHOM 04 -- FLOHOM 04 | National Harbor,hostaway,,2027-01-26,2027-01-26,369,USD,fixed,2,,fixed,,fixed
278502,"FLOHOM 05 -- FLOHOM 05 | Inner Harbor, Baltimore",hostaway,,2027-01-26,2027-01-26,280,USD,fixed,2,,fixed,,fixed
345316,FLOHOM 06 -- FLOHOM 06 | National Harbor,hostaway,,2027-01-26,2027-01-26,391,USD,fixed,2,,fixed,,fixed
366176,"FLOHOM 07 -- FLOHOM 07 | Inner Harbor - Canton, Baltimore",hostaway,,2027-01-26,2027-01-26,324,USD,fixed,2,,fixed,,fixed
376368,FLOHOM 08 -- FLOHOM 08 | National Harbor,hostaway,,2027-01-26,2027-01-26,280,USD,fixed,2,,fixed,,fixed
383097,FLOHOM 09 -- FLOHOM 09 | Baltimore Peninsula,hostaway,,2027-01-26,2027-01-26,280,USD,fixed,2,,fixed,,fixed
404358,FLOHOM 10 -- FLOHOM 10 | Virginia Beach,hostaway,,2027-01-26,2027-01-26,324,USD,fixed,2,,fixed,,fixed
427313,FLOHOM 11 -- FLOHOM 11 | Virginia Beach,hostaway,,2027-01-26,2027-01-26,240,USD,fixed,2,,fixed,,fixed
422608,"FLOHOM 12 -- FLOHOM 12 | Inner Harbor - Fells Point, Baltimore",hostaway,,2027-01-26,2027-01-26,324,USD,fixed,2,,fixed,,fixed
485833,"FLOHOM 13 -- FLOHOM 13 | Inner Harbor, Baltimore",hostaway,,2027-01-26,2027-01-26,391,USD,fixed,2,,fixed,,fixed
407612,"FLOHOM 14 -- FLOHOM 14 | Pasadena, Chesapeake Bay",hostaway,,2027-01-26,2027-01-26,240,USD,fixed,2,,fixed,,fixed
467334,FLOHOM 15 -- FLOHOM 15 | North Myrtle Beach,hostaway,,2027-01-26,2027-01-26,372,USD,fixed,2,,fixed,,fixed
510832,FLOHOM 16 | Liberty Landing Marina,hostaway,,2027-01-26,2027-01-26,391,USD,fixed,2,,fixed,,fixed
146908,"FLOHOM 01 -- FLOHOM 01 | Inner Harbor, Baltimore",hostaway,,2027-01-27,2027-01-27,369,USD,fixed,2,,fixed,,fixed
146944,"FLOHOM 02 -- FLOHOM 02 | Inner Harbor - Canton, Baltimore",hostaway,,2027-01-27,2027-01-27,312,USD,fixed,2,,fixed,,fixed
146946,"FLOHOM 03 -- FLOHOM 03 | Magothy River, Annapolis",hostaway,,2027-01-27,2027-01-27,240,USD,fixed,2,,fixed,,fixed
260001,FLOHOM 04 -- FLOHOM 04 | National Harbor,hostaway,,2027-01-27,2027-01-27,369,USD,fixed,2,,fixed,,fixed
278502,"FLOHOM 05 -- FLOHOM 05 | Inner Harbor, Baltimore",hostaway,,2027-01-27,2027-01-27,280,USD,fixed,2,,fixed,,fixed
345316,FLOHOM 06 -- FLOHOM 06 | National Harbor,hostaway,,2027-01-27,2027-01-27,391,USD,fixed,2,,fixed,,fixed
366176,"FLOHOM 07 -- FLOHOM 07 | Inner Harbor - Canton, Baltimore",hostaway,,2027-01-27,2027-01-27,324,USD,fixed,2,,fixed,,fixed
376368,FLOHOM 08 -- FLOHOM 08 | National Harbor,hostaway,,2027-01-27,2027-01-27,280,USD,fixed,2,,fixed,,fixed
383097,FLOHOM 09 -- FLOHOM 09 | Baltimore Peninsula,hostaway,,2027-01-27,2027-01-27,280,USD,fixed,2,,fixed,,fixed
404358,FLOHOM 10 -- FLOHOM 10 | Virginia Beach,hostaway,,2027-01-27,2027-01-27,324,USD,fixed,2,,fixed,,fixed
427313,FLOHOM 11 -- FLOHOM 11 | Virginia Beach,hostaway,,2027-01-27,2027-01-27,240,USD,fixed,2,,fixed,,fixed
422608,"FLOHOM 12 -- FLOHOM 12 | Inner Harbor - Fells Point, Baltimore",hostaway,,2027-01-27,2027-01-27,324,USD,fixed,2,,fixed,,fixed
485833,"FLOHOM 13 -- FLOHOM 13 | Inner Harbor, Baltimore",hostaway,,2027-01-27,2027-01-27,391,USD,fixed,2,,fixed,,fixed
407612,"FLOHOM 14 -- FLOHOM 14 | Pasadena, Chesapeake Bay",hostaway,,2027-01-27,2027-01-27,240,USD,fixed,2,,fixed,,fixed
467334,FLOHOM 15 -- FLOHOM 15 | North Myrtle Beach,hostaway,,2027-01-27,2027-01-27,372,USD,fixed,2,,fixed,,fixed
510832,FLOHOM 16 | Liberty Landing Marina,hostaway,,2027-01-27,2027-01-27,391,USD,fixed,2,,fixed,,fixed
146908,"FLOHOM 01 -- FLOHOM 01 | Inner Harbor, Baltimore",hostaway,,2027-01-28,2027-01-28,419,USD,fixed,2,,fixed,,fixed
146944,"FLOHOM 02 -- FLOHOM 02 | Inner Harbor - Canton, Baltimore",hostaway,,2027-01-28,2027-01-28,379,USD,fixed,2,,fixed,,fixed
146946,"FLOHOM 03 -- FLOHOM 03 | Magothy River, Annapolis",hostaway,,2027-01-28,2027-01-28,309,USD,fixed,2,,fixed,,fixed
260001,FLOHOM 04 -- FLOHOM 04 | National Harbor,hostaway,,2027-01-28,2027-01-28,419,USD,fixed,2,,fixed,,fixed
278502,"FLOHOM 05 -- FLOHOM 05 | Inner Harbor, Baltimore",hostaway,,2027-01-28,2027-01-28,349,USD,fixed,2,,fixed,,fixed
345316,FLOHOM 06 -- FLOHOM 06 | National Harbor,hostaway,,2027-01-28,2027-01-28,494,USD,fixed,2,,fixed,,fixed
366176,"FLOHOM 07 -- FLOHOM 07 | Inner Harbor - Canton, Baltimore",hostaway,,2027-01-28,2027-01-28,394,USD,fixed,2,,fixed,,fixed
376368,FLOHOM 08 -- FLOHOM 08 | National Harbor,hostaway,,2027-01-28,2027-01-28,349,USD,fixed,2,,fixed,,fixed
383097,FLOHOM 09 -- FLOHOM 09 | Baltimore Peninsula,hostaway,,2027-01-28,2027-01-28,349,USD,fixed,2,,fixed,,fixed
404358,FLOHOM 10 -- FLOHOM 10 | Virginia Beach,hostaway,,2027-01-28,2027-01-28,394,USD,fixed,2,,fixed,,fixed
427313,FLOHOM 11 -- FLOHOM 11 | Virginia Beach,hostaway,,2027-01-28,2027-01-28,309,USD,fixed,2,,fixed,,fixed
422608,"FLOHOM 12 -- FLOHOM 12 | Inner Harbor - Fells Point, Baltimore",hostaway,,2027-01-28,2027-01-28,394,USD,fixed,2,,fixed,,fixed
485833,"FLOHOM 13 -- FLOHOM 13 | Inner Harbor, Baltimore",hostaway,,2027-01-28,2027-01-28,494,USD,fixed,2,,fixed,,fixed
407612,"FLOHOM 14 -- FLOHOM 14 | Pasadena, Chesapeake Bay",hostaway,,2027-01-28,2027-01-28,309,USD,fixed,2,,fixed,,fixed
467334,FLOHOM 15 -- FLOHOM 15 | North Myrtle Beach,hostaway,,2027-01-28,2027-01-28,444,USD,fixed,2,,fixed,,fixed
510832,FLOHOM 16 | Liberty Landing Marina,hostaway,,2027-01-28,2027-01-28,494,USD,fixed,2,,fixed,,fixed
146908,"FLOHOM 01 -- FLOHOM 01 | Inner Harbor, Baltimore",hostaway,,2027-01-29,2027-01-29,499,USD,fixed,2,,fixed,,fixed
146944,"FLOHOM 02 -- FLOHOM 02 | Inner Harbor - Canton, Baltimore",hostaway,,2027-01-29,2027-01-29,444,USD,fixed,2,,fixed,,fixed
146946,"FLOHOM 03 -- FLOHOM 03 | Magothy River, Annapolis",hostaway,,2027-01-29,2027-01-29,374,USD,fixed,2,,fixed,,fixed
260001,FLOHOM 04 -- FLOHOM 04 | National Harbor,hostaway,,2027-01-29,2027-01-29,499,USD,fixed,2,,fixed,,fixed
278502,"FLOHOM 05 -- FLOHOM 05 | Inner Harbor, Baltimore",hostaway,,2027-01-29,2027-01-29,404,USD,fixed,2,,fixed,,fixed
345316,FLOHOM 06 -- FLOHOM 06 | National Harbor,hostaway,,2027-01-29,2027-01-29,595,USD,fixed,2,,fixed,,fixed
366176,"FLOHOM 07 -- FLOHOM 07 | Inner Harbor - Canton, Baltimore",hostaway,,2027-01-29,2027-01-29,474,USD,fixed,2,,fixed,,fixed
376368,FLOHOM 08 -- FLOHOM 08 | National Harbor,hostaway,,2027-01-29,2027-01-29,404,USD,fixed,2,,fixed,,fixed
383097,FLOHOM 09 -- FLOHOM 09 | Baltimore Peninsula,hostaway,,2027-01-29,2027-01-29,404,USD,fixed,2,,fixed,,fixed
404358,FLOHOM 10 -- FLOHOM 10 | Virginia Beach,hostaway,,2027-01-29,2027-01-29,474,USD,fixed,2,,fixed,,fixed
427313,FLOHOM 11 -- FLOHOM 11 | Virginia Beach,hostaway,,2027-01-29,2027-01-29,374,USD,fixed,2,,fixed,,fixed
422608,"FLOHOM 12 -- FLOHOM 12 | Inner Harbor - Fells Point, Baltimore",hostaway,,2027-01-29,2027-01-29,474,USD,fixed,2,,fixed,,fixed
485833,"FLOHOM 13 -- FLOHOM 13 | Inner Harbor, Baltimore",hostaway,,2027-01-29,2027-01-29,595,USD,fixed,2,,fixed,,fixed
407612,"FLOHOM 14 -- FLOHOM 14 | Pasadena, Chesapeake Bay",hostaway,,2027-01-29,2027-01-29,374,USD,fixed,2,,fixed,,fixed
467334,FLOHOM 15 -- FLOHOM 15 | North Myrtle Beach,hostaway,,2027-01-29,2027-01-29,534,USD,fixed,2,,fixed,,fixed
510832,FLOHOM 16 | Liberty Landing Marina,hostaway,,2027-01-29,2027-01-29,595,USD,fixed,2,,fixed,,fixed
146908,"FLOHOM 01 -- FLOHOM 01 | Inner Harbor, Baltimore",hostaway,,2027-01-30,2027-01-30,499,USD,fixed,2,,fixed,,fixed
146944,"FLOHOM 02 -- FLOHOM 02 | Inner Harbor - Canton, Baltimore",hostaway,,2027-01-30,2027-01-30,444,USD,fixed,2,,fixed,,fixed
146946,"FLOHOM 03 -- FLOHOM 03 | Magothy River, Annapolis",hostaway,,2027-01-30,2027-01-30,374,USD,fixed,2,,fixed,,fixed
260001,FLOHOM 04 -- FLOHOM 04 | National Harbor,hostaway,,2027-01-30,2027-01-30,499,USD,fixed,2,,fixed,,fixed
278502,"FLOHOM 05 -- FLOHOM 05 | Inner Harbor, Baltimore",hostaway,,2027-01-30,2027-01-30,404,USD,fixed,2,,fixed,,fixed
345316,FLOHOM 06 -- FLOHOM 06 | National Harbor,hostaway,,2027-01-30,2027-01-30,595,USD,fixed,2,,fixed,,fixed
366176,"FLOHOM 07 -- FLOHOM 07 | Inner Harbor - Canton, Baltimore",hostaway,,2027-01-30,2027-01-30,474,USD,fixed,2,,fixed,,fixed
376368,FLOHOM 08 -- FLOHOM 08 | National Harbor,hostaway,,2027-01-30,2027-01-30,404,USD,fixed,2,,fixed,,fixed
383097,FLOHOM 09 -- FLOHOM 09 | Baltimore Peninsula,hostaway,,2027-01-30,2027-01-30,404,USD,fixed,2,,fixed,,fixed
404358,FLOHOM 10 -- FLOHOM 10 | Virginia Beach,hostaway,,2027-01-30,2027-01-30,474,USD,fixed,2,,fixed,,fixed
427313,FLOHOM 11 -- FLOHOM 11 | Virginia Beach,hostaway,,2027-01-30,2027-01-30,374,USD,fixed,2,,fixed,,fixed
422608,"FLOHOM 12 -- FLOHOM 12 | Inner Harbor - Fells Point, Baltimore",hostaway,,2027-01-30,2027-01-30,474,USD,fixed,2,,fixed,,fixed
485833,"FLOHOM 13 -- FLOHOM 13 | Inner Harbor, Baltimore",hostaway,,2027-01-30,2027-01-30,595,USD,fixed,2,,fixed,,fixed
407612,"FLOHOM 14 -- FLOHOM 14 | Pasadena, Chesapeake Bay",hostaway,,2027-01-30,2027-01-30,374,USD,fixed,2,,fixed,,fixed
467334,FLOHOM 15 -- FLOHOM 15 | North Myrtle Beach,hostaway,,2027-01-30,2027-01-30,444,USD,fixed,2,,fixed,,fixed
510832,FLOHOM 16 | Liberty Landing Marina,hostaway,,2027-01-30,2027-01-30,595,USD,fixed,2,,fixed,,fixed
146908,"FLOHOM 01 -- FLOHOM 01 | Inner Harbor, Baltimore",hostaway,,2027-01-31,2027-01-31,419,USD,fixed,2,,fixed,,fixed
146944,"FLOHOM 02 -- FLOHOM 02 | Inner Harbor - Canton, Baltimore",hostaway,,2027-01-31,2027-01-31,379,USD,fixed,2,,fixed,,fixed
146946,"FLOHOM 03 -- FLOHOM 03 | Magothy River, Annapolis",hostaway,,2027-01-31,2027-01-31,309,USD,fixed,2,,fixed,,fixed
260001,FLOHOM 04 -- FLOHOM 04 | National Harbor,hostaway,,2027-01-31,2027-01-31,419,USD,fixed,2,,fixed,,fixed
278502,"FLOHOM 05 -- FLOHOM 05 | Inner Harbor, Baltimore",hostaway,,2027-01-31,2027-01-31,349,USD,fixed,2,,fixed,,fixed
345316,FLOHOM 06 -- FLOHOM 06 | National Harbor,hostaway,,2027-01-31,2027-01-31,494,USD,fixed,2,,fixed,,fixed
366176,"FLOHOM 07 -- FLOHOM 07 | Inner Harbor - Canton, Baltimore",hostaway,,2027-01-31,2027-01-31,394,USD,fixed,2,,fixed,,fixed
376368,FLOHOM 08 -- FLOHOM 08 | National Harbor,hostaway,,2027-01-31,2027-01-31,349,USD,fixed,2,,fixed,,fixed
383097,FLOHOM 09 -- FLOHOM 09 | Baltimore Peninsula,hostaway,,2027-01-31,2027-01-31,349,USD,fixed,2,,fixed,,fixed
404358,FLOHOM 10 -- FLOHOM 10 | Virginia Beach,hostaway,,2027-01-31,2027-01-31,394,USD,fixed,2,,fixed,,fixed
427313,FLOHOM 11 -- FLOHOM 11 | Virginia Beach,hostaway,,2027-01-31,2027-01-31,309,USD,fixed,2,,fixed,,fixed
422608,"FLOHOM 12 -- FLOHOM 12 | Inner Harbor - Fells Point, Baltimore",hostaway,,2027-01-31,2027-01-31,394,USD,fixed,2,,fixed,,fixed
485833,"FLOHOM 13 -- FLOHOM 13 | Inner Harbor, Baltimore",hostaway,,2027-01-31,2027-01-31,494,USD,fixed,2,,fixed,,fixed
407612,"FLOHOM 14 -- FLOHOM 14 | Pasadena, Chesapeake Bay",hostaway,,2027-01-31,2027-01-31,309,USD,fixed,2,,fixed,,fixed
467334,FLOHOM 15 -- FLOHOM 15 | North Myrtle Beach,hostaway,,2027-01-31,2027-01-31,625,USD,fixed,2,,fixed,,fixed
510832,FLOHOM 16 | Liberty Landing Marina,hostaway,,2027-01-31,2027-01-31,494,USD,fixed,2,,fixed,,fixed
146908,"FLOHOM 01 -- FLOHOM 01 | Inner Harbor, Baltimore",hostaway,,2027-02-01,2027-02-01,369,USD,fixed,2,,fixed,,fixed
146944,"FLOHOM 02 -- FLOHOM 02 | Inner Harbor - Canton, Baltimore",hostaway,,2027-02-01,2027-02-01,312,USD,fixed,2,,fixed,,fixed
146946,"FLOHOM 03 -- FLOHOM 03 | Magothy River, Annapolis",hostaway,,2027-02-01,2027-02-01,240,USD,fixed,2,,fixed,,fixed
260001,FLOHOM 04 -- FLOHOM 04 | National Harbor,hostaway,,2027-02-01,2027-02-01,369,USD,fixed,2,,fixed,,fixed
278502,"FLOHOM 05 -- FLOHOM 05 | Inner Harbor, Baltimore",hostaway,,2027-02-01,2027-02-01,280,USD,fixed,2,,fixed,,fixed
345316,FLOHOM 06 -- FLOHOM 06 | National Harbor,hostaway,,2027-02-01,2027-02-01,391,USD,fixed,2,,fixed,,fixed
366176,"FLOHOM 07 -- FLOHOM 07 | Inner Harbor - Canton, Baltimore",hostaway,,2027-02-01,2027-02-01,324,USD,fixed,2,,fixed,,fixed
376368,FLOHOM 08 -- FLOHOM 08 | National Harbor,hostaway,,2027-02-01,2027-02-01,280,USD,fixed,2,,fixed,,fixed
383097,FLOHOM 09 -- FLOHOM 09 | Baltimore Peninsula,hostaway,,2027-02-01,2027-02-01,280,USD,fixed,2,,fixed,,fixed
404358,FLOHOM 10 -- FLOHOM 10 | Virginia Beach,hostaway,,2027-02-01,2027-02-01,324,USD,fixed,2,,fixed,,fixed
427313,FLOHOM 11 -- FLOHOM 11 | Virginia Beach,hostaway,,2027-02-01,2027-02-01,240,USD,fixed,2,,fixed,,fixed
422608,"FLOHOM 12 -- FLOHOM 12 | Inner Harbor - Fells Point, Baltimore",hostaway,,2027-02-01,2027-02-01,324,USD,fixed,2,,fixed,,fixed
485833,"FLOHOM 13 -- FLOHOM 13 | Inner Harbor, Baltimore",hostaway,,2027-02-01,2027-02-01,391,USD,fixed,2,,fixed,,fixed
407612,"FLOHOM 14 -- FLOHOM 14 | Pasadena, Chesapeake Bay",hostaway,,2027-02-01,2027-02-01,240,USD,fixed,2,,fixed,,fixed
467334,FLOHOM 15 -- FLOHOM 15 | North Myrtle Beach,hostaway,,2027-02-01,2027-02-01,372,USD,fixed,2,,fixed,,fixed
510832,FLOHOM 16 | Liberty Landing Marina,hostaway,,2027-02-01,2027-02-01,391,USD,fixed,2,,fixed,,fixed
146908,"FLOHOM 01 -- FLOHOM 01 | Inner Harbor, Baltimore",hostaway,,2027-02-02,2027-02-02,369,USD,fixed,2,,fixed,,fixed
146944,"FLOHOM 02 -- FLOHOM 02 | Inner Harbor - Canton, Baltimore",hostaway,,2027-02-02,2027-02-02,312,USD,fixed,2,,fixed,,fixed
146946,"FLOHOM 03 -- FLOHOM 03 | Magothy River, Annapolis",hostaway,,2027-02-02,2027-02-02,240,USD,fixed,2,,fixed,,fixed
260001,FLOHOM 04 -- FLOHOM 04 | National Harbor,hostaway,,2027-02-02,2027-02-02,369,USD,fixed,2,,fixed,,fixed
278502,"FLOHOM 05 -- FLOHOM 05 | Inner Harbor, Baltimore",hostaway,,2027-02-02,2027-02-02,280,USD,fixed,2,,fixed,,fixed
345316,FLOHOM 06 -- FLOHOM 06 | National Harbor,hostaway,,2027-02-02,2027-02-02,391,USD,fixed,2,,fixed,,fixed
366176,"FLOHOM 07 -- FLOHOM 07 | Inner Harbor - Canton, Baltimore",hostaway,,2027-02-02,2027-02-02,324,USD,fixed,2,,fixed,,fixed
376368,FLOHOM 08 -- FLOHOM 08 | National Harbor,hostaway,,2027-02-02,2027-02-02,280,USD,fixed,2,,fixed,,fixed
383097,FLOHOM 09 -- FLOHOM 09 | Baltimore Peninsula,hostaway,,2027-02-02,2027-02-02,280,USD,fixed,2,,fixed,,fixed
404358,FLOHOM 10 -- FLOHOM 10 | Virginia Beach,hostaway,,2027-02-02,2027-02-02,324,USD,fixed,2,,fixed,,fixed
427313,FLOHOM 11 -- FLOHOM 11 | Virginia Beach,hostaway,,2027-02-02,2027-02-02,240,USD,fixed,2,,fixed,,fixed
422608,"FLOHOM 12 -- FLOHOM 12 | Inner Harbor - Fells Point, Baltimore",hostaway,,2027-02-02,2027-02-02,324,USD,fixed,2,,fixed,,fixed
485833,"FLOHOM 13 -- FLOHOM 13 | Inner Harbor, Baltimore",hostaway,,2027-02-02,2027-02-02,391,USD,fixed,2,,fixed,,fixed
407612,"FLOHOM 14 -- FLOHOM 14 | Pasadena, Chesapeake Bay",hostaway,,2027-02-02,2027-02-02,240,USD,fixed,2,,fixed,,fixed
467334,FLOHOM 15 -- FLOHOM 15 | North Myrtle Beach,hostaway,,2027-02-02,2027-02-02,372,USD,fixed,2,,fixed,,fixed
510832,FLOHOM 16 | Liberty Landing Marina,hostaway,,2027-02-02,2027-02-02,391,USD,fixed,2,,fixed,,fixed
146908,"FLOHOM 01 -- FLOHOM 01 | Inner Harbor, Baltimore",hostaway,,2027-02-03,2027-02-03,369,USD,fixed,2,,fixed,,fixed
146944,"FLOHOM 02 -- FLOHOM 02 | Inner Harbor - Canton, Baltimore",hostaway,,2027-02-03,2027-02-03,312,USD,fixed,2,,fixed,,fixed
146946,"FLOHOM 03 -- FLOHOM 03 | Magothy River, Annapolis",hostaway,,2027-02-03,2027-02-03,240,USD,fixed,2,,fixed,,fixed
260001,FLOHOM 04 -- FLOHOM 04 | National Harbor,hostaway,,2027-02-03,2027-02-03,369,USD,fixed,2,,fixed,,fixed
278502,"FLOHOM 05 -- FLOHOM 05 | Inner Harbor, Baltimore",hostaway,,2027-02-03,2027-02-03,280,USD,fixed,2,,fixed,,fixed
345316,FLOHOM 06 -- FLOHOM 06 | National Harbor,hostaway,,2027-02-03,2027-02-03,391,USD,fixed,2,,fixed,,fixed
366176,"FLOHOM 07 -- FLOHOM 07 | Inner Harbor - Canton, Baltimore",hostaway,,2027-02-03,2027-02-03,324,USD,fixed,2,,fixed,,fixed
376368,FLOHOM 08 -- FLOHOM 08 | National Harbor,hostaway,,2027-02-03,2027-02-03,280,USD,fixed,2,,fixed,,fixed
383097,FLOHOM 09 -- FLOHOM 09 | Baltimore Peninsula,hostaway,,2027-02-03,2027-02-03,280,USD,fixed,2,,fixed,,fixed
404358,FLOHOM 10 -- FLOHOM 10 | Virginia Beach,hostaway,,2027-02-03,2027-02-03,324,USD,fixed,2,,fixed,,fixed
427313,FLOHOM 11 -- FLOHOM 11 | Virginia Beach,hostaway,,2027-02-03,2027-02-03,240,USD,fixed,2,,fixed,,fixed
422608,"FLOHOM 12 -- FLOHOM 12 | Inner Harbor - Fells Point, Baltimore",hostaway,,2027-02-03,2027-02-03,324,USD,fixed,2,,fixed,,fixed
485833,"FLOHOM 13 -- FLOHOM 13 | Inner Harbor, Baltimore",hostaway,,2027-02-03,2027-02-03,391,USD,fixed,2,,fixed,,fixed
407612,"FLOHOM 14 -- FLOHOM 14 | Pasadena, Chesapeake Bay",hostaway,,2027-02-03,2027-02-03,240,USD,fixed,2,,fixed,,fixed
467334,FLOHOM 15 -- FLOHOM 15 | North Myrtle Beach,hostaway,,2027-02-03,2027-02-03,372,USD,fixed,2,,fixed,,fixed
510832,FLOHOM 16 | Liberty Landing Marina,hostaway,,2027-02-03,2027-02-03,391,USD,fixed,2,,fixed,,fixed
146908,"FLOHOM 01 -- FLOHOM 01 | Inner Harbor, Baltimore",hostaway,,2027-02-04,2027-02-04,419,USD,fixed,2,,fixed,,fixed
146944,"FLOHOM 02 -- FLOHOM 02 | Inner Harbor - Canton, Baltimore",hostaway,,2027-02-04,2027-02-04,379,USD,fixed,2,,fixed,,fixed
146946,"FLOHOM 03 -- FLOHOM 03 | Magothy River, Annapolis",hostaway,,2027-02-04,2027-02-04,309,USD,fixed,2,,fixed,,fixed
260001,FLOHOM 04 -- FLOHOM 04 | National Harbor,hostaway,,2027-02-04,2027-02-04,419,USD,fixed,2,,fixed,,fixed
278502,"FLOHOM 05 -- FLOHOM 05 | Inner Harbor, Baltimore",hostaway,,2027-02-04,2027-02-04,349,USD,fixed,2,,fixed,,fixed
345316,FLOHOM 06 -- FLOHOM 06 | National Harbor,hostaway,,2027-02-04,2027-02-04,494,USD,fixed,2,,fixed,,fixed
366176,"FLOHOM 07 -- FLOHOM 07 | Inner Harbor - Canton, Baltimore",hostaway,,2027-02-04,2027-02-04,394,USD,fixed,2,,fixed,,fixed
376368,FLOHOM 08 -- FLOHOM 08 | National Harbor,hostaway,,2027-02-04,2027-02-04,349,USD,fixed,2,,fixed,,fixed
383097,FLOHOM 09 -- FLOHOM 09 | Baltimore Peninsula,hostaway,,2027-02-04,2027-02-04,349,USD,fixed,2,,fixed,,fixed
404358,FLOHOM 10 -- FLOHOM 10 | Virginia Beach,hostaway,,2027-02-04,2027-02-04,394,USD,fixed,2,,fixed,,fixed
427313,FLOHOM 11 -- FLOHOM 11 | Virginia Beach,hostaway,,2027-02-04,2027-02-04,309,USD,fixed,2,,fixed,,fixed
422608,"FLOHOM 12 -- FLOHOM 12 | Inner Harbor - Fells Point, Baltimore",hostaway,,2027-02-04,2027-02-04,394,USD,fixed,2,,fixed,,fixed
485833,"FLOHOM 13 -- FLOHOM 13 | Inner Harbor, Baltimore",hostaway,,2027-02-04,2027-02-04,494,USD,fixed,2,,fixed,,fixed
407612,"FLOHOM 14 -- FLOHOM 14 | Pasadena, Chesapeake Bay",hostaway,,2027-02-04,2027-02-04,309,USD,fixed,2,,fixed,,fixed
467334,FLOHOM 15 -- FLOHOM 15 | North Myrtle Beach,hostaway,,2027-02-04,2027-02-04,444,USD,fixed,2,,fixed,,fixed
510832,FLOHOM 16 | Liberty Landing Marina,hostaway,,2027-02-04,2027-02-04,494,USD,fixed,2,,fixed,,fixed
146908,"FLOHOM 01 -- FLOHOM 01 | Inner Harbor, Baltimore",hostaway,,2027-02-05,2027-02-05,499,USD,fixed,2,,fixed,,fixed
146944,"FLOHOM 02 -- FLOHOM 02 | Inner Harbor - Canton, Baltimore",hostaway,,2027-02-05,2027-02-05,444,USD,fixed,2,,fixed,,fixed
146946,"FLOHOM 03 -- FLOHOM 03 | Magothy River, Annapolis",hostaway,,2027-02-05,2027-02-05,374,USD,fixed,2,,fixed,,fixed
260001,FLOHOM 04 -- FLOHOM 04 | National Harbor,hostaway,,2027-02-05,2027-02-05,499,USD,fixed,2,,fixed,,fixed
278502,"FLOHOM 05 -- FLOHOM 05 | Inner Harbor, Baltimore",hostaway,,2027-02-05,2027-02-05,404,USD,fixed,2,,fixed,,fixed
345316,FLOHOM 06 -- FLOHOM 06 | National Harbor,hostaway,,2027-02-05,2027-02-05,595,USD,fixed,2,,fixed,,fixed
366176,"FLOHOM 07 -- FLOHOM 07 | Inner Harbor - Canton, Baltimore",hostaway,,2027-02-05,2027-02-05,474,USD,fixed,2,,fixed,,fixed
376368,FLOHOM 08 -- FLOHOM 08 | National Harbor,hostaway,,2027-02-05,2027-02-05,404,USD,fixed,2,,fixed,,fixed
383097,FLOHOM 09 -- FLOHOM 09 | Baltimore Peninsula,hostaway,,2027-02-05,2027-02-05,404,USD,fixed,2,,fixed,,fixed
404358,FLOHOM 10 -- FLOHOM 10 | Virginia Beach,hostaway,,2027-02-05,2027-02-05,474,USD,fixed,2,,fixed,,fixed
427313,FLOHOM 11 -- FLOHOM 11 | Virginia Beach,hostaway,,2027-02-05,2027-02-05,374,USD,fixed,2,,fixed,,fixed
422608,"FLOHOM 12 -- FLOHOM 12 | Inner Harbor - Fells Point, Baltimore",hostaway,,2027-02-05,2027-02-05,474,USD,fixed,2,,fixed,,fixed
485833,"FLOHOM 13 -- FLOHOM 13 | Inner Harbor, Baltimore",hostaway,,2027-02-05,2027-02-05,595,USD,fixed,2,,fixed,,fixed
407612,"FLOHOM 14 -- FLOHOM 14 | Pasadena, Chesapeake Bay",hostaway,,2027-02-05,2027-02-05,374,USD,fixed,2,,fixed,,fixed
467334,FLOHOM 15 -- FLOHOM 15 | North Myrtle Beach,hostaway,,2027-02-05,2027-02-05,534,USD,fixed,2,,fixed,,fixed
510832,FLOHOM 16 | Liberty Landing Marina,hostaway,,2027-02-05,2027-02-05,595,USD,fixed,2,,fixed,,fixed
146908,"FLOHOM 01 -- FLOHOM 01 | Inner Harbor, Baltimore",hostaway,,2027-02-06,2027-02-06,499,USD,fixed,2,,fixed,,fixed
146944,"FLOHOM 02 -- FLOHOM 02 | Inner Harbor - Canton, Baltimore",hostaway,,2027-02-06,2027-02-06,444,USD,fixed,2,,fixed,,fixed
146946,"FLOHOM 03 -- FLOHOM 03 | Magothy River, Annapolis",hostaway,,2027-02-06,2027-02-06,374,USD,fixed,2,,fixed,,fixed
260001,FLOHOM 04 -- FLOHOM 04 | National Harbor,hostaway,,2027-02-06,2027-02-06,499,USD,fixed,2,,fixed,,fixed
278502,"FLOHOM 05 -- FLOHOM 05 | Inner Harbor, Baltimore",hostaway,,2027-02-06,2027-02-06,404,USD,fixed,2,,fixed,,fixed
345316,FLOHOM 06 -- FLOHOM 06 | National Harbor,hostaway,,2027-02-06,2027-02-06,595,USD,fixed,2,,fixed,,fixed
366176,"FLOHOM 07 -- FLOHOM 07 | Inner Harbor - Canton, Baltimore",hostaway,,2027-02-06,2027-02-06,474,USD,fixed,2,,fixed,,fixed
376368,FLOHOM 08 -- FLOHOM 08 | National Harbor,hostaway,,2027-02-06,2027-02-06,404,USD,fixed,2,,fixed,,fixed
383097,FLOHOM 09 -- FLOHOM 09 | Baltimore Peninsula,hostaway,,2027-02-06,2027-02-06,404,USD,fixed,2,,fixed,,fixed
404358,FLOHOM 10 -- FLOHOM 10 | Virginia Beach,hostaway,,2027-02-06,2027-02-06,474,USD,fixed,2,,fixed,,fixed
427313,FLOHOM 11 -- FLOHOM 11 | Virginia Beach,hostaway,,2027-02-06,2027-02-06,374,USD,fixed,2,,fixed,,fixed
422608,"FLOHOM 12 -- FLOHOM 12 | Inner Harbor - Fells Point, Baltimore",hostaway,,2027-02-06,2027-02-06,474,USD,fixed,2,,fixed,,fixed
485833,"FLOHOM 13 -- FLOHOM 13 | Inner Harbor, Baltimore",hostaway,,2027-02-06,2027-02-06,595,USD,fixed,2,,fixed,,fixed
407612,"FLOHOM 14 -- FLOHOM 14 | Pasadena, Chesapeake Bay",hostaway,,2027-02-06,2027-02-06,374,USD,fixed,2,,fixed,,fixed
467334,FLOHOM 15 -- FLOHOM 15 | North Myrtle Beach,hostaway,,2027-02-06,2027-02-06,444,USD,fixed,2,,fixed,,fixed
510832,FLOHOM 16 | Liberty Landing Marina,hostaway,,2027-02-06,2027-02-06,595,USD,fixed,2,,fixed,,fixed
146908,"FLOHOM 01 -- FLOHOM 01 | Inner Harbor, Baltimore",hostaway,,2027-02-07,2027-02-07,419,USD,fixed,2,,fixed,,fixed
146944,"FLOHOM 02 -- FLOHOM 02 | Inner Harbor - Canton, Baltimore",hostaway,,2027-02-07,2027-02-07,379,USD,fixed,2,,fixed,,fixed
146946,"FLOHOM 03 -- FLOHOM 03 | Magothy River, Annapolis",hostaway,,2027-02-07,2027-02-07,309,USD,fixed,2,,fixed,,fixed
260001,FLOHOM 04 -- FLOHOM 04 | National Harbor,hostaway,,2027-02-07,2027-02-07,419,USD,fixed,2,,fixed,,fixed
278502,"FLOHOM 05 -- FLOHOM 05 | Inner Harbor, Baltimore",hostaway,,2027-02-07,2027-02-07,349,USD,fixed,2,,fixed,,fixed
345316,FLOHOM 06 -- FLOHOM 06 | National Harbor,hostaway,,2027-02-07,2027-02-07,494,USD,fixed,2,,fixed,,fixed
366176,"FLOHOM 07 -- FLOHOM 07 | Inner Harbor - Canton, Baltimore",hostaway,,2027-02-07,2027-02-07,394,USD,fixed,2,,fixed,,fixed
376368,FLOHOM 08 -- FLOHOM 08 | National Harbor,hostaway,,2027-02-07,2027-02-07,349,USD,fixed,2,,fixed,,fixed
383097,FLOHOM 09 -- FLOHOM 09 | Baltimore Peninsula,hostaway,,2027-02-07,2027-02-07,349,USD,fixed,2,,fixed,,fixed
404358,FLOHOM 10 -- FLOHOM 10 | Virginia Beach,hostaway,,2027-02-07,2027-02-07,394,USD,fixed,2,,fixed,,fixed
427313,FLOHOM 11 -- FLOHOM 11 | Virginia Beach,hostaway,,2027-02-07,2027-02-07,309,USD,fixed,2,,fixed,,fixed
422608,"FLOHOM 12 -- FLOHOM 12 | Inner Harbor - Fells Point, Baltimore",hostaway,,2027-02-07,2027-02-07,394,USD,fixed,2,,fixed,,fixed
485833,"FLOHOM 13 -- FLOHOM 13 | Inner Harbor, Baltimore",hostaway,,2027-02-07,2027-02-07,494,USD,fixed,2,,fixed,,fixed
407612,"FLOHOM 14 -- FLOHOM 14 | Pasadena, Chesapeake Bay",hostaway,,2027-02-07,2027-02-07,309,USD,fixed,2,,fixed,,fixed
467334,FLOHOM 15 -- FLOHOM 15 | North Myrtle Beach,hostaway,,2027-02-07,2027-02-07,625,USD,fixed,2,,fixed,,fixed
510832,FLOHOM 16 | Liberty Landing Marina,hostaway,,2027-02-07,2027-02-07,494,USD,fixed,2,,fixed,,fixed
146908,"FLOHOM 01 -- FLOHOM 01 | Inner Harbor, Baltimore",hostaway,,2027-02-08,2027-02-08,369,USD,fixed,2,,fixed,,fixed
146944,"FLOHOM 02 -- FLOHOM 02 | Inner Harbor - Canton, Baltimore",hostaway,,2027-02-08,2027-02-08,312,USD,fixed,2,,fixed,,fixed
146946,"FLOHOM 03 -- FLOHOM 03 | Magothy River, Annapolis",hostaway,,2027-02-08,2027-02-08,240,USD,fixed,2,,fixed,,fixed
260001,FLOHOM 04 -- FLOHOM 04 | National Harbor,hostaway,,2027-02-08,2027-02-08,369,USD,fixed,2,,fixed,,fixed
278502,"FLOHOM 05 -- FLOHOM 05 | Inner Harbor, Baltimore",hostaway,,2027-02-08,2027-02-08,280,USD,fixed,2,,fixed,,fixed
345316,FLOHOM 06 -- FLOHOM 06 | National Harbor,hostaway,,2027-02-08,2027-02-08,391,USD,fixed,2,,fixed,,fixed
366176,"FLOHOM 07 -- FLOHOM 07 | Inner Harbor - Canton, Baltimore",hostaway,,2027-02-08,2027-02-08,324,USD,fixed,2,,fixed,,fixed
376368,FLOHOM 08 -- FLOHOM 08 | National Harbor,hostaway,,2027-02-08,2027-02-08,280,USD,fixed,2,,fixed,,fixed
383097,FLOHOM 09 -- FLOHOM 09 | Baltimore Peninsula,hostaway,,2027-02-08,2027-02-08,280,USD,fixed,2,,fixed,,fixed
404358,FLOHOM 10 -- FLOHOM 10 | Virginia Beach,hostaway,,2027-02-08,2027-02-08,324,USD,fixed,2,,fixed,,fixed
427313,FLOHOM 11 -- FLOHOM 11 | Virginia Beach,hostaway,,2027-02-08,2027-02-08,240,USD,fixed,2,,fixed,,fixed
422608,"FLOHOM 12 -- FLOHOM 12 | Inner Harbor - Fells Point, Baltimore",hostaway,,2027-02-08,2027-02-08,324,USD,fixed,2,,fixed,,fixed
485833,"FLOHOM 13 -- FLOHOM 13 | Inner Harbor, Baltimore",hostaway,,2027-02-08,2027-02-08,391,USD,fixed,2,,fixed,,fixed
407612,"FLOHOM 14 -- FLOHOM 14 | Pasadena, Chesapeake Bay",hostaway,,2027-02-08,2027-02-08,240,USD,fixed,2,,fixed,,fixed
467334,FLOHOM 15 -- FLOHOM 15 | North Myrtle Beach,hostaway,,2027-02-08,2027-02-08,372,USD,fixed,2,,fixed,,fixed
510832,FLOHOM 16 | Liberty Landing Marina,hostaway,,2027-02-08,2027-02-08,391,USD,fixed,2,,fixed,,fixed
146908,"FLOHOM 01 -- FLOHOM 01 | Inner Harbor, Baltimore",hostaway,,2027-02-09,2027-02-09,369,USD,fixed,2,,fixed,,fixed
146944,"FLOHOM 02 -- FLOHOM 02 | Inner Harbor - Canton, Baltimore",hostaway,,2027-02-09,2027-02-09,312,USD,fixed,2,,fixed,,fixed
146946,"FLOHOM 03 -- FLOHOM 03 | Magothy River, Annapolis",hostaway,,2027-02-09,2027-02-09,240,USD,fixed,2,,fixed,,fixed
260001,FLOHOM 04 -- FLOHOM 04 | National Harbor,hostaway,,2027-02-09,2027-02-09,369,USD,fixed,2,,fixed,,fixed
278502,"FLOHOM 05 -- FLOHOM 05 | Inner Harbor, Baltimore",hostaway,,2027-02-09,2027-02-09,280,USD,fixed,2,,fixed,,fixed
345316,FLOHOM 06 -- FLOHOM 06 | National Harbor,hostaway,,2027-02-09,2027-02-09,391,USD,fixed,2,,fixed,,fixed
366176,"FLOHOM 07 -- FLOHOM 07 | Inner Harbor - Canton, Baltimore",hostaway,,2027-02-09,2027-02-09,324,USD,fixed,2,,fixed,,fixed
376368,FLOHOM 08 -- FLOHOM 08 | National Harbor,hostaway,,2027-02-09,2027-02-09,280,USD,fixed,2,,fixed,,fixed
383097,FLOHOM 09 -- FLOHOM 09 | Baltimore Peninsula,hostaway,,2027-02-09,2027-02-09,280,USD,fixed,2,,fixed,,fixed
404358,FLOHOM 10 -- FLOHOM 10 | Virginia Beach,hostaway,,2027-02-09,2027-02-09,324,USD,fixed,2,,fixed,,fixed
427313,FLOHOM 11 -- FLOHOM 11 | Virginia Beach,hostaway,,2027-02-09,2027-02-09,240,USD,fixed,2,,fixed,,fixed
422608,"FLOHOM 12 -- FLOHOM 12 | Inner Harbor - Fells Point, Baltimore",hostaway,,2027-02-09,2027-02-09,324,USD,fixed,2,,fixed,,fixed
485833,"FLOHOM 13 -- FLOHOM 13 | Inner Harbor, Baltimore",hostaway,,2027-02-09,2027-02-09,391,USD,fixed,2,,fixed,,fixed
407612,"FLOHOM 14 -- FLOHOM 14 | Pasadena, Chesapeake Bay",hostaway,,2027-02-09,2027-02-09,240,USD,fixed,2,,fixed,,fixed
467334,FLOHOM 15 -- FLOHOM 15 | North Myrtle Beach,hostaway,,2027-02-09,2027-02-09,372,USD,fixed,2,,fixed,,fixed
510832,FLOHOM 16 | Liberty Landing Marina,hostaway,,2027-02-09,2027-02-09,391,USD,fixed,2,,fixed,,fixed
146908,"FLOHOM 01 -- FLOHOM 01 | Inner Harbor, Baltimore",hostaway,,2027-02-10,2027-02-10,369,USD,fixed,2,,fixed,,fixed
146944,"FLOHOM 02 -- FLOHOM 02 | Inner Harbor - Canton, Baltimore",hostaway,,2027-02-10,2027-02-10,312,USD,fixed,2,,fixed,,fixed
146946,"FLOHOM 03 -- FLOHOM 03 | Magothy River, Annapolis",hostaway,,2027-02-10,2027-02-10,240,USD,fixed,2,,fixed,,fixed
260001,FLOHOM 04 -- FLOHOM 04 | National Harbor,hostaway,,2027-02-10,2027-02-10,369,USD,fixed,2,,fixed,,fixed
278502,"FLOHOM 05 -- FLOHOM 05 | Inner Harbor, Baltimore",hostaway,,2027-02-10,2027-02-10,280,USD,fixed,2,,fixed,,fixed
345316,FLOHOM 06 -- FLOHOM 06 | National Harbor,hostaway,,2027-02-10,2027-02-10,391,USD,fixed,2,,fixed,,fixed
366176,"FLOHOM 07 -- FLOHOM 07 | Inner Harbor - Canton, Baltimore",hostaway,,2027-02-10,2027-02-10,324,USD,fixed,2,,fixed,,fixed
376368,FLOHOM 08 -- FLOHOM 08 | National Harbor,hostaway,,2027-02-10,2027-02-10,280,USD,fixed,2,,fixed,,fixed
383097,FLOHOM 09 -- FLOHOM 09 | Baltimore Peninsula,hostaway,,2027-02-10,2027-02-10,280,USD,fixed,2,,fixed,,fixed
404358,FLOHOM 10 -- FLOHOM 10 | Virginia Beach,hostaway,,2027-02-10,2027-02-10,324,USD,fixed,2,,fixed,,fixed
427313,FLOHOM 11 -- FLOHOM 11 | Virginia Beach,hostaway,,2027-02-10,2027-02-10,240,USD,fixed,2,,fixed,,fixed
422608,"FLOHOM 12 -- FLOHOM 12 | Inner Harbor - Fells Point, Baltimore",hostaway,,2027-02-10,2027-02-10,324,USD,fixed,2,,fixed,,fixed
485833,"FLOHOM 13 -- FLOHOM 13 | Inner Harbor, Baltimore",hostaway,,2027-02-10,2027-02-10,391,USD,fixed,2,,fixed,,fixed
407612,"FLOHOM 14 -- FLOHOM 14 | Pasadena, Chesapeake Bay",hostaway,,2027-02-10,2027-02-10,240,USD,fixed,2,,fixed,,fixed
467334,FLOHOM 15 -- FLOHOM 15 | North Myrtle Beach,hostaway,,2027-02-10,2027-02-10,372,USD,fixed,2,,fixed,,fixed
510832,FLOHOM 16 | Liberty Landing Marina,hostaway,,2027-02-10,2027-02-10,391,USD,fixed,2,,fixed,,fixed
146908,"FLOHOM 01 -- FLOHOM 01 | Inner Harbor, Baltimore",hostaway,,2027-02-11,2027-02-11,419,USD,fixed,2,,fixed,,fixed
146944,"FLOHOM 02 -- FLOHOM 02 | Inner Harbor - Canton, Baltimore",hostaway,,2027-02-11,2027-02-11,379,USD,fixed,2,,fixed,,fixed
146946,"FLOHOM 03 -- FLOHOM 03 | Magothy River, Annapolis",hostaway,,2027-02-11,2027-02-11,309,USD,fixed,2,,fixed,,fixed
260001,FLOHOM 04 -- FLOHOM 04 | National Harbor,hostaway,,2027-02-11,2027-02-11,419,USD,fixed,2,,fixed,,fixed
278502,"FLOHOM 05 -- FLOHOM 05 | Inner Harbor, Baltimore",hostaway,,2027-02-11,2027-02-11,349,USD,fixed,2,,fixed,,fixed
345316,FLOHOM 06 -- FLOHOM 06 | National Harbor,hostaway,,2027-02-11,2027-02-11,494,USD,fixed,2,,fixed,,fixed
366176,"FLOHOM 07 -- FLOHOM 07 | Inner Harbor - Canton, Baltimore",hostaway,,2027-02-11,2027-02-11,394,USD,fixed,2,,fixed,,fixed
376368,FLOHOM 08 -- FLOHOM 08 | National Harbor,hostaway,,2027-02-11,2027-02-11,349,USD,fixed,2,,fixed,,fixed
383097,FLOHOM 09 -- FLOHOM 09 | Baltimore Peninsula,hostaway,,2027-02-11,2027-02-11,349,USD,fixed,2,,fixed,,fixed
404358,FLOHOM 10 -- FLOHOM 10 | Virginia Beach,hostaway,,2027-02-11,2027-02-11,394,USD,fixed,2,,fixed,,fixed
427313,FLOHOM 11 -- FLOHOM 11 | Virginia Beach,hostaway,,2027-02-11,2027-02-11,309,USD,fixed,2,,fixed,,fixed
422608,"FLOHOM 12 -- FLOHOM 12 | Inner Harbor - Fells Point, Baltimore",hostaway,,2027-02-11,2027-02-11,394,USD,fixed,2,,fixed,,fixed
485833,"FLOHOM 13 -- FLOHOM 13 | Inner Harbor, Baltimore",hostaway,,2027-02-11,2027-02-11,494,USD,fixed,2,,fixed,,fixed
407612,"FLOHOM 14 -- FLOHOM 14 | Pasadena, Chesapeake Bay",hostaway,,2027-02-11,2027-02-11,309,USD,fixed,2,,fixed,,fixed
467334,FLOHOM 15 -- FLOHOM 15 | North Myrtle Beach,hostaway,,2027-02-11,2027-02-11,444,USD,fixed,2,,fixed,,fixed
510832,FLOHOM 16 | Liberty Landing Marina,hostaway,,2027-02-11,2027-02-11,494,USD,fixed,2,,fixed,,fixed
146908,"FLOHOM 01 -- FLOHOM 01 | Inner Harbor, Baltimore",hostaway,,2027-02-12,2027-02-12,699,USD,fixed,2,,fixed,,fixed
146944,"FLOHOM 02 -- FLOHOM 02 | Inner Harbor - Canton, Baltimore",hostaway,,2027-02-12,2027-02-12,622,USD,fixed,2,,fixed,,fixed
146946,"FLOHOM 03 -- FLOHOM 03 | Magothy River, Annapolis",hostaway,,2027-02-12,2027-02-12,524,USD,fixed,2,,fixed,,fixed
260001,FLOHOM 04 -- FLOHOM 04 | National Harbor,hostaway,,2027-02-12,2027-02-12,699,USD,fixed,2,,fixed,,fixed
278502,"FLOHOM 05 -- FLOHOM 05 | Inner Harbor, Baltimore",hostaway,,2027-02-12,2027-02-12,566,USD,fixed,2,,fixed,,fixed
345316,FLOHOM 06 -- FLOHOM 06 | National Harbor,hostaway,,2027-02-12,2027-02-12,833,USD,fixed,2,,fixed,,fixed
366176,"FLOHOM 07 -- FLOHOM 07 | Inner Harbor - Canton, Baltimore",hostaway,,2027-02-12,2027-02-12,664,USD,fixed,2,,fixed,,fixed
376368,FLOHOM 08 -- FLOHOM 08 | National Harbor,hostaway,,2027-02-12,2027-02-12,566,USD,fixed,2,,fixed,,fixed
383097,FLOHOM 09 -- FLOHOM 09 | Baltimore Peninsula,hostaway,,2027-02-12,2027-02-12,566,USD,fixed,2,,fixed,,fixed
404358,FLOHOM 10 -- FLOHOM 10 | Virginia Beach,hostaway,,2027-02-12,2027-02-12,664,USD,fixed,2,,fixed,,fixed
427313,FLOHOM 11 -- FLOHOM 11 | Virginia Beach,hostaway,,2027-02-12,2027-02-12,524,USD,fixed,2,,fixed,,fixed
422608,"FLOHOM 12 -- FLOHOM 12 | Inner Harbor - Fells Point, Baltimore",hostaway,,2027-02-12,2027-02-12,664,USD,fixed,2,,fixed,,fixed
485833,"FLOHOM 13 -- FLOHOM 13 | Inner Harbor, Baltimore",hostaway,,2027-02-12,2027-02-12,833,USD,fixed,2,,fixed,,fixed
407612,"FLOHOM 14 -- FLOHOM 14 | Pasadena, Chesapeake Bay",hostaway,,2027-02-12,2027-02-12,524,USD,fixed,2,,fixed,,fixed
467334,FLOHOM 15 -- FLOHOM 15 | North Myrtle Beach,hostaway,,2027-02-12,2027-02-12,748,USD,fixed,2,,fixed,,fixed
510832,FLOHOM 16 | Liberty Landing Marina,hostaway,,2027-02-12,2027-02-12,833,USD,fixed,2,,fixed,,fixed
146908,"FLOHOM 01 -- FLOHOM 01 | Inner Harbor, Baltimore",hostaway,,2027-02-13,2027-02-13,699,USD,fixed,2,,fixed,,fixed
146944,"FLOHOM 02 -- FLOHOM 02 | Inner Harbor - Canton, Baltimore",hostaway,,2027-02-13,2027-02-13,622,USD,fixed,2,,fixed,,fixed
146946,"FLOHOM 03 -- FLOHOM 03 | Magothy River, Annapolis",hostaway,,2027-02-13,2027-02-13,524,USD,fixed,2,,fixed,,fixed
260001,FLOHOM 04 -- FLOHOM 04 | National Harbor,hostaway,,2027-02-13,2027-02-13,699,USD,fixed,2,,fixed,,fixed
278502,"FLOHOM 05 -- FLOHOM 05 | Inner Harbor, Baltimore",hostaway,,2027-02-13,2027-02-13,566,USD,fixed,2,,fixed,,fixed
345316,FLOHOM 06 -- FLOHOM 06 | National Harbor,hostaway,,2027-02-13,2027-02-13,833,USD,fixed,2,,fixed,,fixed
366176,"FLOHOM 07 -- FLOHOM 07 | Inner Harbor - Canton, Baltimore",hostaway,,2027-02-13,2027-02-13,664,USD,fixed,2,,fixed,,fixed
376368,FLOHOM 08 -- FLOHOM 08 | National Harbor,hostaway,,2027-02-13,2027-02-13,566,USD,fixed,2,,fixed,,fixed
383097,FLOHOM 09 -- FLOHOM 09 | Baltimore Peninsula,hostaway,,2027-02-13,2027-02-13,566,USD,fixed,2,,fixed,,fixed
404358,FLOHOM 10 -- FLOHOM 10 | Virginia Beach,hostaway,,2027-02-13,2027-02-13,664,USD,fixed,2,,fixed,,fixed
427313,FLOHOM 11 -- FLOHOM 11 | Virginia Beach,hostaway,,2027-02-13,2027-02-13,524,USD,fixed,2,,fixed,,fixed
422608,"FLOHOM 12 -- FLOHOM 12 | Inner Harbor - Fells Point, Baltimore",hostaway,,2027-02-13,2027-02-13,664,USD,fixed,2,,fixed,,fixed
485833,"FLOHOM 13 -- FLOHOM 13 | Inner Harbor, Baltimore",hostaway,,2027-02-13,2027-02-13,833,USD,fixed,2,,fixed,,fixed
407612,"FLOHOM 14 -- FLOHOM 14 | Pasadena, Chesapeake Bay",hostaway,,2027-02-13,2027-02-13,524,USD,fixed,2,,fixed,,fixed
467334,FLOHOM 15 -- FLOHOM 15 | North Myrtle Beach,hostaway,,2027-02-13,2027-02-13,622,USD,fixed,2,,fixed,,fixed
510832,FLOHOM 16 | Liberty Landing Marina,hostaway,,2027-02-13,2027-02-13,833,USD,fixed,2,,fixed,,fixed
146908,"FLOHOM 01 -- FLOHOM 01 | Inner Harbor, Baltimore",hostaway,,2027-02-14,2027-02-14,587,USD,fixed,2,,fixed,,fixed
146944,"FLOHOM 02 -- FLOHOM 02 | Inner Harbor - Canton, Baltimore",hostaway,,2027-02-14,2027-02-14,531,USD,fixed,2,,fixed,,fixed
146946,"FLOHOM 03 -- FLOHOM 03 | Magothy River, Annapolis",hostaway,,2027-02-14,2027-02-14,433,USD,fixed,2,,fixed,,fixed
260001,FLOHOM 04 -- FLOHOM 04 | National Harbor,hostaway,,2027-02-14,2027-02-14,587,USD,fixed,2,,fixed,,fixed
278502,"FLOHOM 05 -- FLOHOM 05 | Inner Harbor, Baltimore",hostaway,,2027-02-14,2027-02-14,489,USD,fixed,2,,fixed,,fixed
345316,FLOHOM 06 -- FLOHOM 06 | National Harbor,hostaway,,2027-02-14,2027-02-14,692,USD,fixed,2,,fixed,,fixed
366176,"FLOHOM 07 -- FLOHOM 07 | Inner Harbor - Canton, Baltimore",hostaway,,2027-02-14,2027-02-14,552,USD,fixed,2,,fixed,,fixed
376368,FLOHOM 08 -- FLOHOM 08 | National Harbor,hostaway,,2027-02-14,2027-02-14,489,USD,fixed,2,,fixed,,fixed
383097,FLOHOM 09 -- FLOHOM 09 | Baltimore Peninsula,hostaway,,2027-02-14,2027-02-14,489,USD,fixed,2,,fixed,,fixed
404358,FLOHOM 10 -- FLOHOM 10 | Virginia Beach,hostaway,,2027-02-14,2027-02-14,552,USD,fixed,2,,fixed,,fixed
427313,FLOHOM 11 -- FLOHOM 11 | Virginia Beach,hostaway,,2027-02-14,2027-02-14,433,USD,fixed,2,,fixed,,fixed
422608,"FLOHOM 12 -- FLOHOM 12 | Inner Harbor - Fells Point, Baltimore",hostaway,,2027-02-14,2027-02-14,552,USD,fixed,2,,fixed,,fixed
485833,"FLOHOM 13 -- FLOHOM 13 | Inner Harbor, Baltimore",hostaway,,2027-02-14,2027-02-14,692,USD,fixed,2,,fixed,,fixed
407612,"FLOHOM 14 -- FLOHOM 14 | Pasadena, Chesapeake Bay",hostaway,,2027-02-14,2027-02-14,433,USD,fixed,2,,fixed,,fixed
467334,FLOHOM 15 -- FLOHOM 15 | North Myrtle Beach,hostaway,,2027-02-14,2027-02-14,875,USD,fixed,2,,fixed,,fixed
510832,FLOHOM 16 | Liberty Landing Marina,hostaway,,2027-02-14,2027-02-14,692,USD,fixed,2,,fixed,,fixed
146908,"FLOHOM 01 -- FLOHOM 01 | Inner Harbor, Baltimore",hostaway,,2027-02-15,2027-02-15,517,USD,fixed,2,,fixed,,fixed
146944,"FLOHOM 02 -- FLOHOM 02 | Inner Harbor - Canton, Baltimore",hostaway,,2027-02-15,2027-02-15,437,USD,fixed,2,,fixed,,fixed
146946,"FLOHOM 03 -- FLOHOM 03 | Magothy River, Annapolis",hostaway,,2027-02-15,2027-02-15,336,USD,fixed,2,,fixed,,fixed
260001,FLOHOM 04 -- FLOHOM 04 | National Harbor,hostaway,,2027-02-15,2027-02-15,517,USD,fixed,2,,fixed,,fixed
278502,"FLOHOM 05 -- FLOHOM 05 | Inner Harbor, Baltimore",hostaway,,2027-02-15,2027-02-15,392,USD,fixed,2,,fixed,,fixed
345316,FLOHOM 06 -- FLOHOM 06 | National Harbor,hostaway,,2027-02-15,2027-02-15,547,USD,fixed,2,,fixed,,fixed
366176,"FLOHOM 07 -- FLOHOM 07 | Inner Harbor - Canton, Baltimore",hostaway,,2027-02-15,2027-02-15,454,USD,fixed,2,,fixed,,fixed
376368,FLOHOM 08 -- FLOHOM 08 | National Harbor,hostaway,,2027-02-15,2027-02-15,392,USD,fixed,2,,fixed,,fixed
383097,FLOHOM 09 -- FLOHOM 09 | Baltimore Peninsula,hostaway,,2027-02-15,2027-02-15,392,USD,fixed,2,,fixed,,fixed
404358,FLOHOM 10 -- FLOHOM 10 | Virginia Beach,hostaway,,2027-02-15,2027-02-15,454,USD,fixed,2,,fixed,,fixed
427313,FLOHOM 11 -- FLOHOM 11 | Virginia Beach,hostaway,,2027-02-15,2027-02-15,336,USD,fixed,2,,fixed,,fixed
422608,"FLOHOM 12 -- FLOHOM 12 | Inner Harbor - Fells Point, Baltimore",hostaway,,2027-02-15,2027-02-15,454,USD,fixed,2,,fixed,,fixed
485833,"FLOHOM 13 -- FLOHOM 13 | Inner Harbor, Baltimore",hostaway,,2027-02-15,2027-02-15,547,USD,fixed,2,,fixed,,fixed
407612,"FLOHOM 14 -- FLOHOM 14 | Pasadena, Chesapeake Bay",hostaway,,2027-02-15,2027-02-15,336,USD,fixed,2,,fixed,,fixed
467334,FLOHOM 15 -- FLOHOM 15 | North Myrtle Beach,hostaway,,2027-02-15,2027-02-15,521,USD,fixed,2,,fixed,,fixed
510832,FLOHOM 16 | Liberty Landing Marina,hostaway,,2027-02-15,2027-02-15,547,USD,fixed,2,,fixed,,fixed
146908,"FLOHOM 01 -- FLOHOM 01 | Inner Harbor, Baltimore",hostaway,,2027-02-16,2027-02-16,369,USD,fixed,2,,fixed,,fixed
146944,"FLOHOM 02 -- FLOHOM 02 | Inner Harbor - Canton, Baltimore",hostaway,,2027-02-16,2027-02-16,312,USD,fixed,2,,fixed,,fixed
146946,"FLOHOM 03 -- FLOHOM 03 | Magothy River, Annapolis",hostaway,,2027-02-16,2027-02-16,240,USD,fixed,2,,fixed,,fixed
260001,FLOHOM 04 -- FLOHOM 04 | National Harbor,hostaway,,2027-02-16,2027-02-16,369,USD,fixed,2,,fixed,,fixed
278502,"FLOHOM 05 -- FLOHOM 05 | Inner Harbor, Baltimore",hostaway,,2027-02-16,2027-02-16,280,USD,fixed,2,,fixed,,fixed
345316,FLOHOM 06 -- FLOHOM 06 | National Harbor,hostaway,,2027-02-16,2027-02-16,391,USD,fixed,2,,fixed,,fixed
366176,"FLOHOM 07 -- FLOHOM 07 | Inner Harbor - Canton, Baltimore",hostaway,,2027-02-16,2027-02-16,324,USD,fixed,2,,fixed,,fixed
376368,FLOHOM 08 -- FLOHOM 08 | National Harbor,hostaway,,2027-02-16,2027-02-16,280,USD,fixed,2,,fixed,,fixed
383097,FLOHOM 09 -- FLOHOM 09 | Baltimore Peninsula,hostaway,,2027-02-16,2027-02-16,280,USD,fixed,2,,fixed,,fixed
404358,FLOHOM 10 -- FLOHOM 10 | Virginia Beach,hostaway,,2027-02-16,2027-02-16,324,USD,fixed,2,,fixed,,fixed
427313,FLOHOM 11 -- FLOHOM 11 | Virginia Beach,hostaway,,2027-02-16,2027-02-16,240,USD,fixed,2,,fixed,,fixed
422608,"FLOHOM 12 -- FLOHOM 12 | Inner Harbor - Fells Point, Baltimore",hostaway,,2027-02-16,2027-02-16,324,USD,fixed,2,,fixed,,fixed
485833,"FLOHOM 13 -- FLOHOM 13 | Inner Harbor, Baltimore",hostaway,,2027-02-16,2027-02-16,391,USD,fixed,2,,fixed,,fixed
407612,"FLOHOM 14 -- FLOHOM 14 | Pasadena, Chesapeake Bay",hostaway,,2027-02-16,2027-02-16,240,USD,fixed,2,,fixed,,fixed
467334,FLOHOM 15 -- FLOHOM 15 | North Myrtle Beach,hostaway,,2027-02-16,2027-02-16,372,USD,fixed,2,,fixed,,fixed
510832,FLOHOM 16 | Liberty Landing Marina,hostaway,,2027-02-16,2027-02-16,391,USD,fixed,2,,fixed,,fixed
146908,"FLOHOM 01 -- FLOHOM 01 | Inner Harbor, Baltimore",hostaway,,2027-02-17,2027-02-17,369,USD,fixed,2,,fixed,,fixed
146944,"FLOHOM 02 -- FLOHOM 02 | Inner Harbor - Canton, Baltimore",hostaway,,2027-02-17,2027-02-17,312,USD,fixed,2,,fixed,,fixed
146946,"FLOHOM 03 -- FLOHOM 03 | Magothy River, Annapolis",hostaway,,2027-02-17,2027-02-17,240,USD,fixed,2,,fixed,,fixed
260001,FLOHOM 04 -- FLOHOM 04 | National Harbor,hostaway,,2027-02-17,2027-02-17,369,USD,fixed,2,,fixed,,fixed
278502,"FLOHOM 05 -- FLOHOM 05 | Inner Harbor, Baltimore",hostaway,,2027-02-17,2027-02-17,280,USD,fixed,2,,fixed,,fixed
345316,FLOHOM 06 -- FLOHOM 06 | National Harbor,hostaway,,2027-02-17,2027-02-17,391,USD,fixed,2,,fixed,,fixed
366176,"FLOHOM 07 -- FLOHOM 07 | Inner Harbor - Canton, Baltimore",hostaway,,2027-02-17,2027-02-17,324,USD,fixed,2,,fixed,,fixed
376368,FLOHOM 08 -- FLOHOM 08 | National Harbor,hostaway,,2027-02-17,2027-02-17,280,USD,fixed,2,,fixed,,fixed
383097,FLOHOM 09 -- FLOHOM 09 | Baltimore Peninsula,hostaway,,2027-02-17,2027-02-17,280,USD,fixed,2,,fixed,,fixed
404358,FLOHOM 10 -- FLOHOM 10 | Virginia Beach,hostaway,,2027-02-17,2027-02-17,324,USD,fixed,2,,fixed,,fixed
427313,FLOHOM 11 -- FLOHOM 11 | Virginia Beach,hostaway,,2027-02-17,2027-02-17,240,USD,fixed,2,,fixed,,fixed
422608,"FLOHOM 12 -- FLOHOM 12 | Inner Harbor - Fells Point, Baltimore",hostaway,,2027-02-17,2027-02-17,324,USD,fixed,2,,fixed,,fixed
485833,"FLOHOM 13 -- FLOHOM 13 | Inner Harbor, Baltimore",hostaway,,2027-02-17,2027-02-17,391,USD,fixed,2,,fixed,,fixed
407612,"FLOHOM 14 -- FLOHOM 14 | Pasadena, Chesapeake Bay",hostaway,,2027-02-17,2027-02-17,240,USD,fixed,2,,fixed,,fixed
467334,FLOHOM 15 -- FLOHOM 15 | North Myrtle Beach,hostaway,,2027-02-17,2027-02-17,372,USD,fixed,2,,fixed,,fixed
510832,FLOHOM 16 | Liberty Landing Marina,hostaway,,2027-02-17,2027-02-17,391,USD,fixed,2,,fixed,,fixed
146908,"FLOHOM 01 -- FLOHOM 01 | Inner Harbor, Baltimore",hostaway,,2027-02-18,2027-02-18,419,USD,fixed,2,,fixed,,fixed
146944,"FLOHOM 02 -- FLOHOM 02 | Inner Harbor - Canton, Baltimore",hostaway,,2027-02-18,2027-02-18,379,USD,fixed,2,,fixed,,fixed
146946,"FLOHOM 03 -- FLOHOM 03 | Magothy River, Annapolis",hostaway,,2027-02-18,2027-02-18,309,USD,fixed,2,,fixed,,fixed
260001,FLOHOM 04 -- FLOHOM 04 | National Harbor,hostaway,,2027-02-18,2027-02-18,419,USD,fixed,2,,fixed,,fixed
278502,"FLOHOM 05 -- FLOHOM 05 | Inner Harbor, Baltimore",hostaway,,2027-02-18,2027-02-18,349,USD,fixed,2,,fixed,,fixed
345316,FLOHOM 06 -- FLOHOM 06 | National Harbor,hostaway,,2027-02-18,2027-02-18,494,USD,fixed,2,,fixed,,fixed
366176,"FLOHOM 07 -- FLOHOM 07 | Inner Harbor - Canton, Baltimore",hostaway,,2027-02-18,2027-02-18,394,USD,fixed,2,,fixed,,fixed
376368,FLOHOM 08 -- FLOHOM 08 | National Harbor,hostaway,,2027-02-18,2027-02-18,349,USD,fixed,2,,fixed,,fixed
383097,FLOHOM 09 -- FLOHOM 09 | Baltimore Peninsula,hostaway,,2027-02-18,2027-02-18,349,USD,fixed,2,,fixed,,fixed
404358,FLOHOM 10 -- FLOHOM 10 | Virginia Beach,hostaway,,2027-02-18,2027-02-18,394,USD,fixed,2,,fixed,,fixed
427313,FLOHOM 11 -- FLOHOM 11 | Virginia Beach,hostaway,,2027-02-18,2027-02-18,309,USD,fixed,2,,fixed,,fixed
422608,"FLOHOM 12 -- FLOHOM 12 | Inner Harbor - Fells Point, Baltimore",hostaway,,2027-02-18,2027-02-18,394,USD,fixed,2,,fixed,,fixed
485833,"FLOHOM 13 -- FLOHOM 13 | Inner Harbor, Baltimore",hostaway,,2027-02-18,2027-02-18,494,USD,fixed,2,,fixed,,fixed
407612,"FLOHOM 14 -- FLOHOM 14 | Pasadena, Chesapeake Bay",hostaway,,2027-02-18,2027-02-18,309,USD,fixed,2,,fixed,,fixed
467334,FLOHOM 15 -- FLOHOM 15 | North Myrtle Beach,hostaway,,2027-02-18,2027-02-18,444,USD,fixed,2,,fixed,,fixed
510832,FLOHOM 16 | Liberty Landing Marina,hostaway,,2027-02-18,2027-02-18,494,USD,fixed,2,,fixed,,fixed
146908,"FLOHOM 01 -- FLOHOM 01 | Inner Harbor, Baltimore",hostaway,,2027-02-19,2027-02-19,499,USD,fixed,2,,fixed,,fixed
146944,"FLOHOM 02 -- FLOHOM 02 | Inner Harbor - Canton, Baltimore",hostaway,,2027-02-19,2027-02-19,444,USD,fixed,2,,fixed,,fixed
146946,"FLOHOM 03 -- FLOHOM 03 | Magothy River, Annapolis",hostaway,,2027-02-19,2027-02-19,374,USD,fixed,2,,fixed,,fixed
260001,FLOHOM 04 -- FLOHOM 04 | National Harbor,hostaway,,2027-02-19,2027-02-19,499,USD,fixed,2,,fixed,,fixed
278502,"FLOHOM 05 -- FLOHOM 05 | Inner Harbor, Baltimore",hostaway,,2027-02-19,2027-02-19,404,USD,fixed,2,,fixed,,fixed
345316,FLOHOM 06 -- FLOHOM 06 | National Harbor,hostaway,,2027-02-19,2027-02-19,595,USD,fixed,2,,fixed,,fixed
366176,"FLOHOM 07 -- FLOHOM 07 | Inner Harbor - Canton, Baltimore",hostaway,,2027-02-19,2027-02-19,474,USD,fixed,2,,fixed,,fixed
376368,FLOHOM 08 -- FLOHOM 08 | National Harbor,hostaway,,2027-02-19,2027-02-19,404,USD,fixed,2,,fixed,,fixed
383097,FLOHOM 09 -- FLOHOM 09 | Baltimore Peninsula,hostaway,,2027-02-19,2027-02-19,404,USD,fixed,2,,fixed,,fixed
404358,FLOHOM 10 -- FLOHOM 10 | Virginia Beach,hostaway,,2027-02-19,2027-02-19,474,USD,fixed,2,,fixed,,fixed
427313,FLOHOM 11 -- FLOHOM 11 | Virginia Beach,hostaway,,2027-02-19,2027-02-19,374,USD,fixed,2,,fixed,,fixed
422608,"FLOHOM 12 -- FLOHOM 12 | Inner Harbor - Fells Point, Baltimore",hostaway,,2027-02-19,2027-02-19,474,USD,fixed,2,,fixed,,fixed
485833,"FLOHOM 13 -- FLOHOM 13 | Inner Harbor, Baltimore",hostaway,,2027-02-19,2027-02-19,595,USD,fixed,2,,fixed,,fixed
407612,"FLOHOM 14 -- FLOHOM 14 | Pasadena, Chesapeake Bay",hostaway,,2027-02-19,2027-02-19,374,USD,fixed,2,,fixed,,fixed
467334,FLOHOM 15 -- FLOHOM 15 | North Myrtle Beach,hostaway,,2027-02-19,2027-02-19,534,USD,fixed,2,,fixed,,fixed
510832,FLOHOM 16 | Liberty Landing Marina,hostaway,,2027-02-19,2027-02-19,595,USD,fixed,2,,fixed,,fixed
146908,"FLOHOM 01 -- FLOHOM 01 | Inner Harbor, Baltimore",hostaway,,2027-02-20,2027-02-20,499,USD,fixed,2,,fixed,,fixed
146944,"FLOHOM 02 -- FLOHOM 02 | Inner Harbor - Canton, Baltimore",hostaway,,2027-02-20,2027-02-20,444,USD,fixed,2,,fixed,,fixed
146946,"FLOHOM 03 -- FLOHOM 03 | Magothy River, Annapolis",hostaway,,2027-02-20,2027-02-20,374,USD,fixed,2,,fixed,,fixed
260001,FLOHOM 04 -- FLOHOM 04 | National Harbor,hostaway,,2027-02-20,2027-02-20,499,USD,fixed,2,,fixed,,fixed
278502,"FLOHOM 05 -- FLOHOM 05 | Inner Harbor, Baltimore",hostaway,,2027-02-20,2027-02-20,404,USD,fixed,2,,fixed,,fixed
345316,FLOHOM 06 -- FLOHOM 06 | National Harbor,hostaway,,2027-02-20,2027-02-20,595,USD,fixed,2,,fixed,,fixed
366176,"FLOHOM 07 -- FLOHOM 07 | Inner Harbor - Canton, Baltimore",hostaway,,2027-02-20,2027-02-20,474,USD,fixed,2,,fixed,,fixed
376368,FLOHOM 08 -- FLOHOM 08 | National Harbor,hostaway,,2027-02-20,2027-02-20,404,USD,fixed,2,,fixed,,fixed
383097,FLOHOM 09 -- FLOHOM 09 | Baltimore Peninsula,hostaway,,2027-02-20,2027-02-20,404,USD,fixed,2,,fixed,,fixed
404358,FLOHOM 10 -- FLOHOM 10 | Virginia Beach,hostaway,,2027-02-20,2027-02-20,474,USD,fixed,2,,fixed,,fixed
427313,FLOHOM 11 -- FLOHOM 11 | Virginia Beach,hostaway,,2027-02-20,2027-02-20,374,USD,fixed,2,,fixed,,fixed
422608,"FLOHOM 12 -- FLOHOM 12 | Inner Harbor - Fells Point, Baltimore",hostaway,,2027-02-20,2027-02-20,474,USD,fixed,2,,fixed,,fixed
485833,"FLOHOM 13 -- FLOHOM 13 | Inner Harbor, Baltimore",hostaway,,2027-02-20,2027-02-20,595,USD,fixed,2,,fixed,,fixed
407612,"FLOHOM 14 -- FLOHOM 14 | Pasadena, Chesapeake Bay",hostaway,,2027-02-20,2027-02-20,374,USD,fixed,2,,fixed,,fixed
467334,FLOHOM 15 -- FLOHOM 15 | North Myrtle Beach,hostaway,,2027-02-20,2027-02-20,444,USD,fixed,2,,fixed,,fixed
510832,FLOHOM 16 | Liberty Landing Marina,hostaway,,2027-02-20,2027-02-20,595,USD,fixed,2,,fixed,,fixed
146908,"FLOHOM 01 -- FLOHOM 01 | Inner Harbor, Baltimore",hostaway,,2027-02-21,2027-02-21,419,USD,fixed,2,,fixed,,fixed
146944,"FLOHOM 02 -- FLOHOM 02 | Inner Harbor - Canton, Baltimore",hostaway,,2027-02-21,2027-02-21,379,USD,fixed,2,,fixed,,fixed
146946,"FLOHOM 03 -- FLOHOM 03 | Magothy River, Annapolis",hostaway,,2027-02-21,2027-02-21,309,USD,fixed,2,,fixed,,fixed
260001,FLOHOM 04 -- FLOHOM 04 | National Harbor,hostaway,,2027-02-21,2027-02-21,419,USD,fixed,2,,fixed,,fixed
278502,"FLOHOM 05 -- FLOHOM 05 | Inner Harbor, Baltimore",hostaway,,2027-02-21,2027-02-21,349,USD,fixed,2,,fixed,,fixed
345316,FLOHOM 06 -- FLOHOM 06 | National Harbor,hostaway,,2027-02-21,2027-02-21,494,USD,fixed,2,,fixed,,fixed
366176,"FLOHOM 07 -- FLOHOM 07 | Inner Harbor - Canton, Baltimore",hostaway,,2027-02-21,2027-02-21,394,USD,fixed,2,,fixed,,fixed
376368,FLOHOM 08 -- FLOHOM 08 | National Harbor,hostaway,,2027-02-21,2027-02-21,349,USD,fixed,2,,fixed,,fixed
383097,FLOHOM 09 -- FLOHOM 09 | Baltimore Peninsula,hostaway,,2027-02-21,2027-02-21,349,USD,fixed,2,,fixed,,fixed
404358,FLOHOM 10 -- FLOHOM 10 | Virginia Beach,hostaway,,2027-02-21,2027-02-21,394,USD,fixed,2,,fixed,,fixed
427313,FLOHOM 11 -- FLOHOM 11 | Virginia Beach,hostaway,,2027-02-21,2027-02-21,309,USD,fixed,2,,fixed,,fixed
422608,"FLOHOM 12 -- FLOHOM 12 | Inner Harbor - Fells Point, Baltimore",hostaway,,2027-02-21,2027-02-21,394,USD,fixed,2,,fixed,,fixed
485833,"FLOHOM 13 -- FLOHOM 13 | Inner Harbor, Baltimore",hostaway,,2027-02-21,2027-02-21,494,USD,fixed,2,,fixed,,fixed
407612,"FLOHOM 14 -- FLOHOM 14 | Pasadena, Chesapeake Bay",hostaway,,2027-02-21,2027-02-21,309,USD,fixed,2,,fixed,,fixed
467334,FLOHOM 15 -- FLOHOM 15 | North Myrtle Beach,hostaway,,2027-02-21,2027-02-21,625,USD,fixed,2,,fixed,,fixed
510832,FLOHOM 16 | Liberty Landing Marina,hostaway,,2027-02-21,2027-02-21,494,USD,fixed,2,,fixed,,fixed
146908,"FLOHOM 01 -- FLOHOM 01 | Inner Harbor, Baltimore",hostaway,,2027-02-22,2027-02-22,369,USD,fixed,2,,fixed,,fixed
146944,"FLOHOM 02 -- FLOHOM 02 | Inner Harbor - Canton, Baltimore",hostaway,,2027-02-22,2027-02-22,312,USD,fixed,2,,fixed,,fixed
146946,"FLOHOM 03 -- FLOHOM 03 | Magothy River, Annapolis",hostaway,,2027-02-22,2027-02-22,240,USD,fixed,2,,fixed,,fixed
260001,FLOHOM 04 -- FLOHOM 04 | National Harbor,hostaway,,2027-02-22,2027-02-22,369,USD,fixed,2,,fixed,,fixed
278502,"FLOHOM 05 -- FLOHOM 05 | Inner Harbor, Baltimore",hostaway,,2027-02-22,2027-02-22,280,USD,fixed,2,,fixed,,fixed
345316,FLOHOM 06 -- FLOHOM 06 | National Harbor,hostaway,,2027-02-22,2027-02-22,391,USD,fixed,2,,fixed,,fixed
366176,"FLOHOM 07 -- FLOHOM 07 | Inner Harbor - Canton, Baltimore",hostaway,,2027-02-22,2027-02-22,324,USD,fixed,2,,fixed,,fixed
376368,FLOHOM 08 -- FLOHOM 08 | National Harbor,hostaway,,2027-02-22,2027-02-22,280,USD,fixed,2,,fixed,,fixed
383097,FLOHOM 09 -- FLOHOM 09 | Baltimore Peninsula,hostaway,,2027-02-22,2027-02-22,280,USD,fixed,2,,fixed,,fixed
404358,FLOHOM 10 -- FLOHOM 10 | Virginia Beach,hostaway,,2027-02-22,2027-02-22,324,USD,fixed,2,,fixed,,fixed
427313,FLOHOM 11 -- FLOHOM 11 | Virginia Beach,hostaway,,2027-02-22,2027-02-22,240,USD,fixed,2,,fixed,,fixed
422608,"FLOHOM 12 -- FLOHOM 12 | Inner Harbor - Fells Point, Baltimore",hostaway,,2027-02-22,2027-02-22,324,USD,fixed,2,,fixed,,fixed
485833,"FLOHOM 13 -- FLOHOM 13 | Inner Harbor, Baltimore",hostaway,,2027-02-22,2027-02-22,391,USD,fixed,2,,fixed,,fixed
407612,"FLOHOM 14 -- FLOHOM 14 | Pasadena, Chesapeake Bay",hostaway,,2027-02-22,2027-02-22,240,USD,fixed,2,,fixed,,fixed
467334,FLOHOM 15 -- FLOHOM 15 | North Myrtle Beach,hostaway,,2027-02-22,2027-02-22,372,USD,fixed,2,,fixed,,fixed
510832,FLOHOM 16 | Liberty Landing Marina,hostaway,,2027-02-22,2027-02-22,391,USD,fixed,2,,fixed,,fixed
146908,"FLOHOM 01 -- FLOHOM 01 | Inner Harbor, Baltimore",hostaway,,2027-02-23,2027-02-23,369,USD,fixed,2,,fixed,,fixed
146944,"FLOHOM 02 -- FLOHOM 02 | Inner Harbor - Canton, Baltimore",hostaway,,2027-02-23,2027-02-23,312,USD,fixed,2,,fixed,,fixed
146946,"FLOHOM 03 -- FLOHOM 03 | Magothy River, Annapolis",hostaway,,2027-02-23,2027-02-23,240,USD,fixed,2,,fixed,,fixed
260001,FLOHOM 04 -- FLOHOM 04 | National Harbor,hostaway,,2027-02-23,2027-02-23,369,USD,fixed,2,,fixed,,fixed
278502,"FLOHOM 05 -- FLOHOM 05 | Inner Harbor, Baltimore",hostaway,,2027-02-23,2027-02-23,280,USD,fixed,2,,fixed,,fixed
345316,FLOHOM 06 -- FLOHOM 06 | National Harbor,hostaway,,2027-02-23,2027-02-23,391,USD,fixed,2,,fixed,,fixed
366176,"FLOHOM 07 -- FLOHOM 07 | Inner Harbor - Canton, Baltimore",hostaway,,2027-02-23,2027-02-23,324,USD,fixed,2,,fixed,,fixed
376368,FLOHOM 08 -- FLOHOM 08 | National Harbor,hostaway,,2027-02-23,2027-02-23,280,USD,fixed,2,,fixed,,fixed
383097,FLOHOM 09 -- FLOHOM 09 | Baltimore Peninsula,hostaway,,2027-02-23,2027-02-23,280,USD,fixed,2,,fixed,,fixed
404358,FLOHOM 10 -- FLOHOM 10 | Virginia Beach,hostaway,,2027-02-23,2027-02-23,324,USD,fixed,2,,fixed,,fixed
427313,FLOHOM 11 -- FLOHOM 11 | Virginia Beach,hostaway,,2027-02-23,2027-02-23,240,USD,fixed,2,,fixed,,fixed
422608,"FLOHOM 12 -- FLOHOM 12 | Inner Harbor - Fells Point, Baltimore",hostaway,,2027-02-23,2027-02-23,324,USD,fixed,2,,fixed,,fixed
485833,"FLOHOM 13 -- FLOHOM 13 | Inner Harbor, Baltimore",hostaway,,2027-02-23,2027-02-23,391,USD,fixed,2,,fixed,,fixed
407612,"FLOHOM 14 -- FLOHOM 14 | Pasadena, Chesapeake Bay",hostaway,,2027-02-23,2027-02-23,240,USD,fixed,2,,fixed,,fixed
467334,FLOHOM 15 -- FLOHOM 15 | North Myrtle Beach,hostaway,,2027-02-23,2027-02-23,372,USD,fixed,2,,fixed,,fixed
510832,FLOHOM 16 | Liberty Landing Marina,hostaway,,2027-02-23,2027-02-23,391,USD,fixed,2,,fixed,,fixed
146908,"FLOHOM 01 -- FLOHOM 01 | Inner Harbor, Baltimore",hostaway,,2027-02-24,2027-02-24,369,USD,fixed,2,,fixed,,fixed
146944,"FLOHOM 02 -- FLOHOM 02 | Inner Harbor - Canton, Baltimore",hostaway,,2027-02-24,2027-02-24,312,USD,fixed,2,,fixed,,fixed
146946,"FLOHOM 03 -- FLOHOM 03 | Magothy River, Annapolis",hostaway,,2027-02-24,2027-02-24,240,USD,fixed,2,,fixed,,fixed
260001,FLOHOM 04 -- FLOHOM 04 | National Harbor,hostaway,,2027-02-24,2027-02-24,369,USD,fixed,2,,fixed,,fixed
278502,"FLOHOM 05 -- FLOHOM 05 | Inner Harbor, Baltimore",hostaway,,2027-02-24,2027-02-24,280,USD,fixed,2,,fixed,,fixed
345316,FLOHOM 06 -- FLOHOM 06 | National Harbor,hostaway,,2027-02-24,2027-02-24,391,USD,fixed,2,,fixed,,fixed
366176,"FLOHOM 07 -- FLOHOM 07 | Inner Harbor - Canton, Baltimore",hostaway,,2027-02-24,2027-02-24,324,USD,fixed,2,,fixed,,fixed
376368,FLOHOM 08 -- FLOHOM 08 | National Harbor,hostaway,,2027-02-24,2027-02-24,280,USD,fixed,2,,fixed,,fixed
383097,FLOHOM 09 -- FLOHOM 09 | Baltimore Peninsula,hostaway,,2027-02-24,2027-02-24,280,USD,fixed,2,,fixed,,fixed
404358,FLOHOM 10 -- FLOHOM 10 | Virginia Beach,hostaway,,2027-02-24,2027-02-24,324,USD,fixed,2,,fixed,,fixed
427313,FLOHOM 11 -- FLOHOM 11 | Virginia Beach,hostaway,,2027-02-24,2027-02-24,240,USD,fixed,2,,fixed,,fixed
422608,"FLOHOM 12 -- FLOHOM 12 | Inner Harbor - Fells Point, Baltimore",hostaway,,2027-02-24,2027-02-24,324,USD,fixed,2,,fixed,,fixed
485833,"FLOHOM 13 -- FLOHOM 13 | Inner Harbor, Baltimore",hostaway,,2027-02-24,2027-02-24,391,USD,fixed,2,,fixed,,fixed
407612,"FLOHOM 14 -- FLOHOM 14 | Pasadena, Chesapeake Bay",hostaway,,2027-02-24,2027-02-24,240,USD,fixed,2,,fixed,,fixed
467334,FLOHOM 15 -- FLOHOM 15 | North Myrtle Beach,hostaway,,2027-02-24,2027-02-24,372,USD,fixed,2,,fixed,,fixed
510832,FLOHOM 16 | Liberty Landing Marina,hostaway,,2027-02-24,2027-02-24,391,USD,fixed,2,,fixed,,fixed
146908,"FLOHOM 01 -- FLOHOM 01 | Inner Harbor, Baltimore",hostaway,,2027-02-25,2027-02-25,440,USD,fixed,2,,fixed,,fixed
146944,"FLOHOM 02 -- FLOHOM 02 | Inner Harbor - Canton, Baltimore",hostaway,,2027-02-25,2027-02-25,366,USD,fixed,2,,fixed,,fixed
146946,"FLOHOM 03 -- FLOHOM 03 | Magothy River, Annapolis",hostaway,,2027-02-25,2027-02-25,298,USD,fixed,2,,fixed,,fixed
260001,FLOHOM 04 -- FLOHOM 04 | National Harbor,hostaway,,2027-02-25,2027-02-25,456,USD,fixed,2,,fixed,,fixed
278502,"FLOHOM 05 -- FLOHOM 05 | Inner Harbor, Baltimore",hostaway,,2027-02-25,2027-02-25,328,USD,fixed,2,,fixed,,fixed
345316,FLOHOM 06 -- FLOHOM 06 | National Harbor,hostaway,,2027-02-25,2027-02-25,497,USD,fixed,2,,fixed,,fixed
366176,"FLOHOM 07 -- FLOHOM 07 | Inner Harbor - Canton, Baltimore",hostaway,,2027-02-25,2027-02-25,384,USD,fixed,2,,fixed,,fixed
376368,FLOHOM 08 -- FLOHOM 08 | National Harbor,hostaway,,2027-02-25,2027-02-25,328,USD,fixed,2,,fixed,,fixed
383097,FLOHOM 09 -- FLOHOM 09 | Baltimore Peninsula,hostaway,,2027-02-25,2027-02-25,328,USD,fixed,2,,fixed,,fixed
404358,FLOHOM 10 -- FLOHOM 10 | Virginia Beach,hostaway,,2027-02-25,2027-02-25,384,USD,fixed,2,,fixed,,fixed
427313,FLOHOM 11 -- FLOHOM 11 | Virginia Beach,hostaway,,2027-02-25,2027-02-25,298,USD,fixed,2,,fixed,,fixed
422608,"FLOHOM 12 -- FLOHOM 12 | Inner Harbor - Fells Point, Baltimore",hostaway,,2027-02-25,2027-02-25,384,USD,fixed,2,,fixed,,fixed
485833,"FLOHOM 13 -- FLOHOM 13 | Inner Harbor, Baltimore",hostaway,,2027-02-25,2027-02-25,497,USD,fixed,2,,fixed,,fixed
407612,"FLOHOM 14 -- FLOHOM 14 | Pasadena, Chesapeake Bay",hostaway,,2027-02-25,2027-02-25,298,USD,fixed,2,,fixed,,fixed
467334,FLOHOM 15 -- FLOHOM 15 | North Myrtle Beach,hostaway,,2027-02-25,2027-02-25,477,USD,fixed,2,,fixed,,fixed
510832,FLOHOM 16 | Liberty Landing Marina,hostaway,,2027-02-25,2027-02-25,497,USD,fixed,2,,fixed,,fixed
146908,"FLOHOM 01 -- FLOHOM 01 | Inner Harbor, Baltimore",hostaway,,2027-02-26,2027-02-26,499,USD,fixed,2,,fixed,,fixed
146944,"FLOHOM 02 -- FLOHOM 02 | Inner Harbor - Canton, Baltimore",hostaway,,2027-02-26,2027-02-26,444,USD,fixed,2,,fixed,,fixed
146946,"FLOHOM 03 -- FLOHOM 03 | Magothy River, Annapolis",hostaway,,2027-02-26,2027-02-26,374,USD,fixed,2,,fixed,,fixed
260001,FLOHOM 04 -- FLOHOM 04 | National Harbor,hostaway,,2027-02-26,2027-02-26,499,USD,fixed,2,,fixed,,fixed
278502,"FLOHOM 05 -- FLOHOM 05 | Inner Harbor, Baltimore",hostaway,,2027-02-26,2027-02-26,404,USD,fixed,2,,fixed,,fixed
345316,FLOHOM 06 -- FLOHOM 06 | National Harbor,hostaway,,2027-02-26,2027-02-26,595,USD,fixed,2,,fixed,,fixed
366176,"FLOHOM 07 -- FLOHOM 07 | Inner Harbor - Canton, Baltimore",hostaway,,2027-02-26,2027-02-26,474,USD,fixed,2,,fixed,,fixed
376368,FLOHOM 08 -- FLOHOM 08 | National Harbor,hostaway,,2027-02-26,2027-02-26,404,USD,fixed,2,,fixed,,fixed
383097,FLOHOM 09 -- FLOHOM 09 | Baltimore Peninsula,hostaway,,2027-02-26,2027-02-26,404,USD,fixed,2,,fixed,,fixed
404358,FLOHOM 10 -- FLOHOM 10 | Virginia Beach,hostaway,,2027-02-26,2027-02-26,474,USD,fixed,2,,fixed,,fixed
427313,FLOHOM 11 -- FLOHOM 11 | Virginia Beach,hostaway,,2027-02-26,2027-02-26,374,USD,fixed,2,,fixed,,fixed
422608,"FLOHOM 12 -- FLOHOM 12 | Inner Harbor - Fells Point, Baltimore",hostaway,,2027-02-26,2027-02-26,474,USD,fixed,2,,fixed,,fixed
485833,"FLOHOM 13 -- FLOHOM 13 | Inner Harbor, Baltimore",hostaway,,2027-02-26,2027-02-26,595,USD,fixed,2,,fixed,,fixed
407612,"FLOHOM 14 -- FLOHOM 14 | Pasadena, Chesapeake Bay",hostaway,,2027-02-26,2027-02-26,374,USD,fixed,2,,fixed,,fixed
467334,FLOHOM 15 -- FLOHOM 15 | North Myrtle Beach,hostaway,,2027-02-26,2027-02-26,534,USD,fixed,2,,fixed,,fixed
510832,FLOHOM 16 | Liberty Landing Marina,hostaway,,2027-02-26,2027-02-26,595,USD,fixed,2,,fixed,,fixed
146908,"FLOHOM 01 -- FLOHOM 01 | Inner Harbor, Baltimore",hostaway,,2027-02-27,2027-02-27,499,USD,fixed,2,,fixed,,fixed
146944,"FLOHOM 02 -- FLOHOM 02 | Inner Harbor - Canton, Baltimore",hostaway,,2027-02-27,2027-02-27,444,USD,fixed,2,,fixed,,fixed
146946,"FLOHOM 03 -- FLOHOM 03 | Magothy River, Annapolis",hostaway,,2027-02-27,2027-02-27,374,USD,fixed,2,,fixed,,fixed
260001,FLOHOM 04 -- FLOHOM 04 | National Harbor,hostaway,,2027-02-27,2027-02-27,499,USD,fixed,2,,fixed,,fixed
278502,"FLOHOM 05 -- FLOHOM 05 | Inner Harbor, Baltimore",hostaway,,2027-02-27,2027-02-27,404,USD,fixed,2,,fixed,,fixed
345316,FLOHOM 06 -- FLOHOM 06 | National Harbor,hostaway,,2027-02-27,2027-02-27,595,USD,fixed,2,,fixed,,fixed
366176,"FLOHOM 07 -- FLOHOM 07 | Inner Harbor - Canton, Baltimore",hostaway,,2027-02-27,2027-02-27,474,USD,fixed,2,,fixed,,fixed
376368,FLOHOM 08 -- FLOHOM 08 | National Harbor,hostaway,,2027-02-27,2027-02-27,404,USD,fixed,2,,fixed,,fixed
383097,FLOHOM 09 -- FLOHOM 09 | Baltimore Peninsula,hostaway,,2027-02-27,2027-02-27,404,USD,fixed,2,,fixed,,fixed
404358,FLOHOM 10 -- FLOHOM 10 | Virginia Beach,hostaway,,2027-02-27,2027-02-27,474,USD,fixed,2,,fixed,,fixed
427313,FLOHOM 11 -- FLOHOM 11 | Virginia Beach,hostaway,,2027-02-27,2027-02-27,374,USD,fixed,2,,fixed,,fixed
422608,"FLOHOM 12 -- FLOHOM 12 | Inner Harbor - Fells Point, Baltimore",hostaway,,2027-02-27,2027-02-27,474,USD,fixed,2,,fixed,,fixed
485833,"FLOHOM 13 -- FLOHOM 13 | Inner Harbor, Baltimore",hostaway,,2027-02-27,2027-02-27,595,USD,fixed,2,,fixed,,fixed
407612,"FLOHOM 14 -- FLOHOM 14 | Pasadena, Chesapeake Bay",hostaway,,2027-02-27,2027-02-27,374,USD,fixed,2,,fixed,,fixed
467334,FLOHOM 15 -- FLOHOM 15 | North Myrtle Beach,hostaway,,2027-02-27,2027-02-27,444,USD,fixed,2,,fixed,,fixed
510832,FLOHOM 16 | Liberty Landing Marina,hostaway,,2027-02-27,2027-02-27,595,USD,fixed,2,,fixed,,fixed
146908,"FLOHOM 01 -- FLOHOM 01 | Inner Harbor, Baltimore",hostaway,,2027-02-28,2027-02-28,440,USD,fixed,2,,fixed,,fixed
146944,"FLOHOM 02 -- FLOHOM 02 | Inner Harbor - Canton, Baltimore",hostaway,,2027-02-28,2027-02-28,366,USD,fixed,2,,fixed,,fixed
146946,"FLOHOM 03 -- FLOHOM 03 | Magothy River, Annapolis",hostaway,,2027-02-28,2027-02-28,298,USD,fixed,2,,fixed,,fixed
260001,FLOHOM 04 -- FLOHOM 04 | National Harbor,hostaway,,2027-02-28,2027-02-28,456,USD,fixed,2,,fixed,,fixed
278502,"FLOHOM 05 -- FLOHOM 05 | Inner Harbor, Baltimore",hostaway,,2027-02-28,2027-02-28,328,USD,fixed,2,,fixed,,fixed
345316,FLOHOM 06 -- FLOHOM 06 | National Harbor,hostaway,,2027-02-28,2027-02-28,497,USD,fixed,2,,fixed,,fixed
366176,"FLOHOM 07 -- FLOHOM 07 | Inner Harbor - Canton, Baltimore",hostaway,,2027-02-28,2027-02-28,384,USD,fixed,2,,fixed,,fixed
376368,FLOHOM 08 -- FLOHOM 08 | National Harbor,hostaway,,2027-02-28,2027-02-28,328,USD,fixed,2,,fixed,,fixed
383097,FLOHOM 09 -- FLOHOM 09 | Baltimore Peninsula,hostaway,,2027-02-28,2027-02-28,328,USD,fixed,2,,fixed,,fixed
404358,FLOHOM 10 -- FLOHOM 10 | Virginia Beach,hostaway,,2027-02-28,2027-02-28,384,USD,fixed,2,,fixed,,fixed
427313,FLOHOM 11 -- FLOHOM 11 | Virginia Beach,hostaway,,2027-02-28,2027-02-28,298,USD,fixed,2,,fixed,,fixed
422608,"FLOHOM 12 -- FLOHOM 12 | Inner Harbor - Fells Point, Baltimore",hostaway,,2027-02-28,2027-02-28,384,USD,fixed,2,,fixed,,fixed
485833,"FLOHOM 13 -- FLOHOM 13 | Inner Harbor, Baltimore",hostaway,,2027-02-28,2027-02-28,497,USD,fixed,2,,fixed,,fixed
407612,"FLOHOM 14 -- FLOHOM 14 | Pasadena, Chesapeake Bay",hostaway,,2027-02-28,2027-02-28,298,USD,fixed,2,,fixed,,fixed
467334,FLOHOM 15 -- FLOHOM 15 | North Myrtle Beach,hostaway,,2027-02-28,2027-02-28,477,USD,fixed,2,,fixed,,fixed
510832,FLOHOM 16 | Liberty Landing Marina,hostaway,,2027-02-28,2027-02-28,497,USD,fixed,2,,fixed,,fixed
146908,"FLOHOM 01 -- FLOHOM 01 | Inner Harbor, Baltimore",hostaway,,2027-03-01,2027-03-01,419,USD,fixed,2,,fixed,,fixed
146944,"FLOHOM 02 -- FLOHOM 02 | Inner Harbor - Canton, Baltimore",hostaway,,2027-03-01,2027-03-01,349,USD,fixed,2,,fixed,,fixed
146946,"FLOHOM 03 -- FLOHOM 03 | Magothy River, Annapolis",hostaway,,2027-03-01,2027-03-01,284,USD,fixed,2,,fixed,,fixed
260001,FLOHOM 04 -- FLOHOM 04 | National Harbor,hostaway,,2027-03-01,2027-03-01,435,USD,fixed,2,,fixed,,fixed
278502,"FLOHOM 05 -- FLOHOM 05 | Inner Harbor, Baltimore",hostaway,,2027-03-01,2027-03-01,312,USD,fixed,2,,fixed,,fixed
345316,FLOHOM 06 -- FLOHOM 06 | National Harbor,hostaway,,2027-03-01,2027-03-01,473,USD,fixed,2,,fixed,,fixed
366176,"FLOHOM 07 -- FLOHOM 07 | Inner Harbor - Canton, Baltimore",hostaway,,2027-03-01,2027-03-01,366,USD,fixed,2,,fixed,,fixed
376368,FLOHOM 08 -- FLOHOM 08 | National Harbor,hostaway,,2027-03-01,2027-03-01,312,USD,fixed,2,,fixed,,fixed
383097,FLOHOM 09 -- FLOHOM 09 | Baltimore Peninsula,hostaway,,2027-03-01,2027-03-01,312,USD,fixed,2,,fixed,,fixed
404358,FLOHOM 10 -- FLOHOM 10 | Virginia Beach,hostaway,,2027-03-01,2027-03-01,366,USD,fixed,2,,fixed,,fixed
427313,FLOHOM 11 -- FLOHOM 11 | Virginia Beach,hostaway,,2027-03-01,2027-03-01,284,USD,fixed,2,,fixed,,fixed
422608,"FLOHOM 12 -- FLOHOM 12 | Inner Harbor - Fells Point, Baltimore",hostaway,,2027-03-01,2027-03-01,366,USD,fixed,2,,fixed,,fixed
485833,"FLOHOM 13 -- FLOHOM 13 | Inner Harbor, Baltimore",hostaway,,2027-03-01,2027-03-01,473,USD,fixed,2,,fixed,,fixed
407612,"FLOHOM 14 -- FLOHOM 14 | Pasadena, Chesapeake Bay",hostaway,,2027-03-01,2027-03-01,284,USD,fixed,2,,fixed,,fixed
467334,FLOHOM 15 -- FLOHOM 15 | North Myrtle Beach,hostaway,,2027-03-01,2027-03-01,454,USD,fixed,2,,fixed,,fixed
510832,FLOHOM 16 | Liberty Landing Marina,hostaway,,2027-03-01,2027-03-01,473,USD,fixed,2,,fixed,,fixed
146908,"FLOHOM 01 -- FLOHOM 01 | Inner Harbor, Baltimore",hostaway,,2027-03-02,2027-03-02,419,USD,fixed,2,,fixed,,fixed
146944,"FLOHOM 02 -- FLOHOM 02 | Inner Harbor - Canton, Baltimore",hostaway,,2027-03-02,2027-03-02,349,USD,fixed,2,,fixed,,fixed
146946,"FLOHOM 03 -- FLOHOM 03 | Magothy River, Annapolis",hostaway,,2027-03-02,2027-03-02,284,USD,fixed,2,,fixed,,fixed
260001,FLOHOM 04 -- FLOHOM 04 | National Harbor,hostaway,,2027-03-02,2027-03-02,435,USD,fixed,2,,fixed,,fixed
278502,"FLOHOM 05 -- FLOHOM 05 | Inner Harbor, Baltimore",hostaway,,2027-03-02,2027-03-02,312,USD,fixed,2,,fixed,,fixed
345316,FLOHOM 06 -- FLOHOM 06 | National Harbor,hostaway,,2027-03-02,2027-03-02,473,USD,fixed,2,,fixed,,fixed
366176,"FLOHOM 07 -- FLOHOM 07 | Inner Harbor - Canton, Baltimore",hostaway,,2027-03-02,2027-03-02,366,USD,fixed,2,,fixed,,fixed
376368,FLOHOM 08 -- FLOHOM 08 | National Harbor,hostaway,,2027-03-02,2027-03-02,312,USD,fixed,2,,fixed,,fixed
383097,FLOHOM 09 -- FLOHOM 09 | Baltimore Peninsula,hostaway,,2027-03-02,2027-03-02,312,USD,fixed,2,,fixed,,fixed
404358,FLOHOM 10 -- FLOHOM 10 | Virginia Beach,hostaway,,2027-03-02,2027-03-02,366,USD,fixed,2,,fixed,,fixed
427313,FLOHOM 11 -- FLOHOM 11 | Virginia Beach,hostaway,,2027-03-02,2027-03-02,284,USD,fixed,2,,fixed,,fixed
422608,"FLOHOM 12 -- FLOHOM 12 | Inner Harbor - Fells Point, Baltimore",hostaway,,2027-03-02,2027-03-02,366,USD,fixed,2,,fixed,,fixed
485833,"FLOHOM 13 -- FLOHOM 13 | Inner Harbor, Baltimore",hostaway,,2027-03-02,2027-03-02,473,USD,fixed,2,,fixed,,fixed
407612,"FLOHOM 14 -- FLOHOM 14 | Pasadena, Chesapeake Bay",hostaway,,2027-03-02,2027-03-02,284,USD,fixed,2,,fixed,,fixed
467334,FLOHOM 15 -- FLOHOM 15 | North Myrtle Beach,hostaway,,2027-03-02,2027-03-02,454,USD,fixed,2,,fixed,,fixed
510832,FLOHOM 16 | Liberty Landing Marina,hostaway,,2027-03-02,2027-03-02,473,USD,fixed,2,,fixed,,fixed
146908,"FLOHOM 01 -- FLOHOM 01 | Inner Harbor, Baltimore",hostaway,,2027-03-03,2027-03-03,419,USD,fixed,2,,fixed,,fixed
146944,"FLOHOM 02 -- FLOHOM 02 | Inner Harbor - Canton, Baltimore",hostaway,,2027-03-03,2027-03-03,349,USD,fixed,2,,fixed,,fixed
146946,"FLOHOM 03 -- FLOHOM 03 | Magothy River, Annapolis",hostaway,,2027-03-03,2027-03-03,284,USD,fixed,2,,fixed,,fixed
260001,FLOHOM 04 -- FLOHOM 04 | National Harbor,hostaway,,2027-03-03,2027-03-03,435,USD,fixed,2,,fixed,,fixed
278502,"FLOHOM 05 -- FLOHOM 05 | Inner Harbor, Baltimore",hostaway,,2027-03-03,2027-03-03,312,USD,fixed,2,,fixed,,fixed
345316,FLOHOM 06 -- FLOHOM 06 | National Harbor,hostaway,,2027-03-03,2027-03-03,473,USD,fixed,2,,fixed,,fixed
366176,"FLOHOM 07 -- FLOHOM 07 | Inner Harbor - Canton, Baltimore",hostaway,,2027-03-03,2027-03-03,366,USD,fixed,2,,fixed,,fixed
376368,FLOHOM 08 -- FLOHOM 08 | National Harbor,hostaway,,2027-03-03,2027-03-03,312,USD,fixed,2,,fixed,,fixed
383097,FLOHOM 09 -- FLOHOM 09 | Baltimore Peninsula,hostaway,,2027-03-03,2027-03-03,312,USD,fixed,2,,fixed,,fixed
404358,FLOHOM 10 -- FLOHOM 10 | Virginia Beach,hostaway,,2027-03-03,2027-03-03,366,USD,fixed,2,,fixed,,fixed
427313,FLOHOM 11 -- FLOHOM 11 | Virginia Beach,hostaway,,2027-03-03,2027-03-03,284,USD,fixed,2,,fixed,,fixed
422608,"FLOHOM 12 -- FLOHOM 12 | Inner Harbor - Fells Point, Baltimore",hostaway,,2027-03-03,2027-03-03,366,USD,fixed,2,,fixed,,fixed
485833,"FLOHOM 13 -- FLOHOM 13 | Inner Harbor, Baltimore",hostaway,,2027-03-03,2027-03-03,473,USD,fixed,2,,fixed,,fixed
407612,"FLOHOM 14 -- FLOHOM 14 | Pasadena, Chesapeake Bay",hostaway,,2027-03-03,2027-03-03,284,USD,fixed,2,,fixed,,fixed
467334,FLOHOM 15 -- FLOHOM 15 | North Myrtle Beach,hostaway,,2027-03-03,2027-03-03,454,USD,fixed,2,,fixed,,fixed
510832,FLOHOM 16 | Liberty Landing Marina,hostaway,,2027-03-03,2027-03-03,473,USD,fixed,2,,fixed,,fixed
146908,"FLOHOM 01 -- FLOHOM 01 | Inner Harbor, Baltimore",hostaway,,2027-03-04,2027-03-04,489,USD,fixed,2,,fixed,,fixed
146944,"FLOHOM 02 -- FLOHOM 02 | Inner Harbor - Canton, Baltimore",hostaway,,2027-03-04,2027-03-04,394,USD,fixed,2,,fixed,,fixed
146946,"FLOHOM 03 -- FLOHOM 03 | Magothy River, Annapolis",hostaway,,2027-03-04,2027-03-04,349,USD,fixed,2,,fixed,,fixed
260001,FLOHOM 04 -- FLOHOM 04 | National Harbor,hostaway,,2027-03-04,2027-03-04,579,USD,fixed,2,,fixed,,fixed
278502,"FLOHOM 05 -- FLOHOM 05 | Inner Harbor, Baltimore",hostaway,,2027-03-04,2027-03-04,367,USD,fixed,2,,fixed,,fixed
345316,FLOHOM 06 -- FLOHOM 06 | National Harbor,hostaway,,2027-03-04,2027-03-04,674,USD,fixed,2,,fixed,,fixed
366176,"FLOHOM 07 -- FLOHOM 07 | Inner Harbor - Canton, Baltimore",hostaway,,2027-03-04,2027-03-04,439,USD,fixed,2,,fixed,,fixed
376368,FLOHOM 08 -- FLOHOM 08 | National Harbor,hostaway,,2027-03-04,2027-03-04,367,USD,fixed,2,,fixed,,fixed
383097,FLOHOM 09 -- FLOHOM 09 | Baltimore Peninsula,hostaway,,2027-03-04,2027-03-04,367,USD,fixed,2,,fixed,,fixed
404358,FLOHOM 10 -- FLOHOM 10 | Virginia Beach,hostaway,,2027-03-04,2027-03-04,439,USD,fixed,2,,fixed,,fixed
427313,FLOHOM 11 -- FLOHOM 11 | Virginia Beach,hostaway,,2027-03-04,2027-03-04,349,USD,fixed,2,,fixed,,fixed
422608,"FLOHOM 12 -- FLOHOM 12 | Inner Harbor - Fells Point, Baltimore",hostaway,,2027-03-04,2027-03-04,439,USD,fixed,2,,fixed,,fixed
485833,"FLOHOM 13 -- FLOHOM 13 | Inner Harbor, Baltimore",hostaway,,2027-03-04,2027-03-04,674,USD,fixed,2,,fixed,,fixed
407612,"FLOHOM 14 -- FLOHOM 14 | Pasadena, Chesapeake Bay",hostaway,,2027-03-04,2027-03-04,349,USD,fixed,2,,fixed,,fixed
467334,FLOHOM 15 -- FLOHOM 15 | North Myrtle Beach,hostaway,,2027-03-04,2027-03-04,609,USD,fixed,2,,fixed,,fixed
510832,FLOHOM 16 | Liberty Landing Marina,hostaway,,2027-03-04,2027-03-04,674,USD,fixed,2,,fixed,,fixed
146908,"FLOHOM 01 -- FLOHOM 01 | Inner Harbor, Baltimore",hostaway,,2027-03-05,2027-03-05,559,USD,fixed,2,,fixed,,fixed
146944,"FLOHOM 02 -- FLOHOM 02 | Inner Harbor - Canton, Baltimore",hostaway,,2027-03-05,2027-03-05,474,USD,fixed,2,,fixed,,fixed
146946,"FLOHOM 03 -- FLOHOM 03 | Magothy River, Annapolis",hostaway,,2027-03-05,2027-03-05,404,USD,fixed,2,,fixed,,fixed
260001,FLOHOM 04 -- FLOHOM 04 | National Harbor,hostaway,,2027-03-05,2027-03-05,629,USD,fixed,2,,fixed,,fixed
278502,"FLOHOM 05 -- FLOHOM 05 | Inner Harbor, Baltimore",hostaway,,2027-03-05,2027-03-05,424,USD,fixed,2,,fixed,,fixed
345316,FLOHOM 06 -- FLOHOM 06 | National Harbor,hostaway,,2027-03-05,2027-03-05,794,USD,fixed,2,,fixed,,fixed
366176,"FLOHOM 07 -- FLOHOM 07 | Inner Harbor - Canton, Baltimore",hostaway,,2027-03-05,2027-03-05,514,USD,fixed,2,,fixed,,fixed
376368,FLOHOM 08 -- FLOHOM 08 | National Harbor,hostaway,,2027-03-05,2027-03-05,424,USD,fixed,2,,fixed,,fixed
383097,FLOHOM 09 -- FLOHOM 09 | Baltimore Peninsula,hostaway,,2027-03-05,2027-03-05,424,USD,fixed,2,,fixed,,fixed
404358,FLOHOM 10 -- FLOHOM 10 | Virginia Beach,hostaway,,2027-03-05,2027-03-05,514,USD,fixed,2,,fixed,,fixed
427313,FLOHOM 11 -- FLOHOM 11 | Virginia Beach,hostaway,,2027-03-05,2027-03-05,404,USD,fixed,2,,fixed,,fixed
422608,"FLOHOM 12 -- FLOHOM 12 | Inner Harbor - Fells Point, Baltimore",hostaway,,2027-03-05,2027-03-05,514,USD,fixed,2,,fixed,,fixed
485833,"FLOHOM 13 -- FLOHOM 13 | Inner Harbor, Baltimore",hostaway,,2027-03-05,2027-03-05,794,USD,fixed,2,,fixed,,fixed
407612,"FLOHOM 14 -- FLOHOM 14 | Pasadena, Chesapeake Bay",hostaway,,2027-03-05,2027-03-05,404,USD,fixed,2,,fixed,,fixed
467334,FLOHOM 15 -- FLOHOM 15 | North Myrtle Beach,hostaway,,2027-03-05,2027-03-05,748,USD,fixed,2,,fixed,,fixed
510832,FLOHOM 16 | Liberty Landing Marina,hostaway,,2027-03-05,2027-03-05,794,USD,fixed,2,,fixed,,fixed
146908,"FLOHOM 01 -- FLOHOM 01 | Inner Harbor, Baltimore",hostaway,,2027-03-06,2027-03-06,559,USD,fixed,2,,fixed,,fixed
146944,"FLOHOM 02 -- FLOHOM 02 | Inner Harbor - Canton, Baltimore",hostaway,,2027-03-06,2027-03-06,474,USD,fixed,2,,fixed,,fixed
146946,"FLOHOM 03 -- FLOHOM 03 | Magothy River, Annapolis",hostaway,,2027-03-06,2027-03-06,404,USD,fixed,2,,fixed,,fixed
260001,FLOHOM 04 -- FLOHOM 04 | National Harbor,hostaway,,2027-03-06,2027-03-06,629,USD,fixed,2,,fixed,,fixed
278502,"FLOHOM 05 -- FLOHOM 05 | Inner Harbor, Baltimore",hostaway,,2027-03-06,2027-03-06,424,USD,fixed,2,,fixed,,fixed
345316,FLOHOM 06 -- FLOHOM 06 | National Harbor,hostaway,,2027-03-06,2027-03-06,794,USD,fixed,2,,fixed,,fixed
366176,"FLOHOM 07 -- FLOHOM 07 | Inner Harbor - Canton, Baltimore",hostaway,,2027-03-06,2027-03-06,514,USD,fixed,2,,fixed,,fixed
376368,FLOHOM 08 -- FLOHOM 08 | National Harbor,hostaway,,2027-03-06,2027-03-06,424,USD,fixed,2,,fixed,,fixed
383097,FLOHOM 09 -- FLOHOM 09 | Baltimore Peninsula,hostaway,,2027-03-06,2027-03-06,424,USD,fixed,2,,fixed,,fixed
404358,FLOHOM 10 -- FLOHOM 10 | Virginia Beach,hostaway,,2027-03-06,2027-03-06,514,USD,fixed,2,,fixed,,fixed
427313,FLOHOM 11 -- FLOHOM 11 | Virginia Beach,hostaway,,2027-03-06,2027-03-06,404,USD,fixed,2,,fixed,,fixed
422608,"FLOHOM 12 -- FLOHOM 12 | Inner Harbor - Fells Point, Baltimore",hostaway,,2027-03-06,2027-03-06,514,USD,fixed,2,,fixed,,fixed
485833,"FLOHOM 13 -- FLOHOM 13 | Inner Harbor, Baltimore",hostaway,,2027-03-06,2027-03-06,794,USD,fixed,2,,fixed,,fixed
407612,"FLOHOM 14 -- FLOHOM 14 | Pasadena, Chesapeake Bay",hostaway,,2027-03-06,2027-03-06,404,USD,fixed,2,,fixed,,fixed
467334,FLOHOM 15 -- FLOHOM 15 | North Myrtle Beach,hostaway,,2027-03-06,2027-03-06,748,USD,fixed,2,,fixed,,fixed
510832,FLOHOM 16 | Liberty Landing Marina,hostaway,,2027-03-06,2027-03-06,794,USD,fixed,2,,fixed,,fixed
146908,"FLOHOM 01 -- FLOHOM 01 | Inner Harbor, Baltimore",hostaway,,2027-03-07,2027-03-07,489,USD,fixed,2,,fixed,,fixed
146944,"FLOHOM 02 -- FLOHOM 02 | Inner Harbor - Canton, Baltimore",hostaway,,2027-03-07,2027-03-07,394,USD,fixed,2,,fixed,,fixed
146946,"FLOHOM 03 -- FLOHOM 03 | Magothy River, Annapolis",hostaway,,2027-03-07,2027-03-07,349,USD,fixed,2,,fixed,,fixed
260001,FLOHOM 04 -- FLOHOM 04 | National Harbor,hostaway,,2027-03-07,2027-03-07,579,USD,fixed,2,,fixed,,fixed
278502,"FLOHOM 05 -- FLOHOM 05 | Inner Harbor, Baltimore",hostaway,,2027-03-07,2027-03-07,367,USD,fixed,2,,fixed,,fixed
345316,FLOHOM 06 -- FLOHOM 06 | National Harbor,hostaway,,2027-03-07,2027-03-07,674,USD,fixed,2,,fixed,,fixed
366176,"FLOHOM 07 -- FLOHOM 07 | Inner Harbor - Canton, Baltimore",hostaway,,2027-03-07,2027-03-07,439,USD,fixed,2,,fixed,,fixed
376368,FLOHOM 08 -- FLOHOM 08 | National Harbor,hostaway,,2027-03-07,2027-03-07,367,USD,fixed,2,,fixed,,fixed
383097,FLOHOM 09 -- FLOHOM 09 | Baltimore Peninsula,hostaway,,2027-03-07,2027-03-07,367,USD,fixed,2,,fixed,,fixed
404358,FLOHOM 10 -- FLOHOM 10 | Virginia Beach,hostaway,,2027-03-07,2027-03-07,439,USD,fixed,2,,fixed,,fixed
427313,FLOHOM 11 -- FLOHOM 11 | Virginia Beach,hostaway,,2027-03-07,2027-03-07,349,USD,fixed,2,,fixed,,fixed
422608,"FLOHOM 12 -- FLOHOM 12 | Inner Harbor - Fells Point, Baltimore",hostaway,,2027-03-07,2027-03-07,439,USD,fixed,2,,fixed,,fixed
485833,"FLOHOM 13 -- FLOHOM 13 | Inner Harbor, Baltimore",hostaway,,2027-03-07,2027-03-07,674,USD,fixed,2,,fixed,,fixed
407612,"FLOHOM 14 -- FLOHOM 14 | Pasadena, Chesapeake Bay",hostaway,,2027-03-07,2027-03-07,349,USD,fixed,2,,fixed,,fixed
467334,FLOHOM 15 -- FLOHOM 15 | North Myrtle Beach,hostaway,,2027-03-07,2027-03-07,609,USD,fixed,2,,fixed,,fixed
510832,FLOHOM 16 | Liberty Landing Marina,hostaway,,2027-03-07,2027-03-07,674,USD,fixed,2,,fixed,,fixed
146908,"FLOHOM 01 -- FLOHOM 01 | Inner Harbor, Baltimore",hostaway,,2027-03-08,2027-03-08,419,USD,fixed,2,,fixed,,fixed
146944,"FLOHOM 02 -- FLOHOM 02 | Inner Harbor - Canton, Baltimore",hostaway,,2027-03-08,2027-03-08,349,USD,fixed,2,,fixed,,fixed
146946,"FLOHOM 03 -- FLOHOM 03 | Magothy River, Annapolis",hostaway,,2027-03-08,2027-03-08,284,USD,fixed,2,,fixed,,fixed
260001,FLOHOM 04 -- FLOHOM 04 | National Harbor,hostaway,,2027-03-08,2027-03-08,435,USD,fixed,2,,fixed,,fixed
278502,"FLOHOM 05 -- FLOHOM 05 | Inner Harbor, Baltimore",hostaway,,2027-03-08,2027-03-08,312,USD,fixed,2,,fixed,,fixed
345316,FLOHOM 06 -- FLOHOM 06 | National Harbor,hostaway,,2027-03-08,2027-03-08,473,USD,fixed,2,,fixed,,fixed
366176,"FLOHOM 07 -- FLOHOM 07 | Inner Harbor - Canton, Baltimore",hostaway,,2027-03-08,2027-03-08,366,USD,fixed,2,,fixed,,fixed
376368,FLOHOM 08 -- FLOHOM 08 | National Harbor,hostaway,,2027-03-08,2027-03-08,312,USD,fixed,2,,fixed,,fixed
383097,FLOHOM 09 -- FLOHOM 09 | Baltimore Peninsula,hostaway,,2027-03-08,2027-03-08,312,USD,fixed,2,,fixed,,fixed
404358,FLOHOM 10 -- FLOHOM 10 | Virginia Beach,hostaway,,2027-03-08,2027-03-08,366,USD,fixed,2,,fixed,,fixed
427313,FLOHOM 11 -- FLOHOM 11 | Virginia Beach,hostaway,,2027-03-08,2027-03-08,284,USD,fixed,2,,fixed,,fixed
422608,"FLOHOM 12 -- FLOHOM 12 | Inner Harbor - Fells Point, Baltimore",hostaway,,2027-03-08,2027-03-08,366,USD,fixed,2,,fixed,,fixed
485833,"FLOHOM 13 -- FLOHOM 13 | Inner Harbor, Baltimore",hostaway,,2027-03-08,2027-03-08,473,USD,fixed,2,,fixed,,fixed
407612,"FLOHOM 14 -- FLOHOM 14 | Pasadena, Chesapeake Bay",hostaway,,2027-03-08,2027-03-08,284,USD,fixed,2,,fixed,,fixed
467334,FLOHOM 15 -- FLOHOM 15 | North Myrtle Beach,hostaway,,2027-03-08,2027-03-08,454,USD,fixed,2,,fixed,,fixed
510832,FLOHOM 16 | Liberty Landing Marina,hostaway,,2027-03-08,2027-03-08,473,USD,fixed,2,,fixed,,fixed
146908,"FLOHOM 01 -- FLOHOM 01 | Inner Harbor, Baltimore",hostaway,,2027-03-09,2027-03-09,419,USD,fixed,2,,fixed,,fixed
146944,"FLOHOM 02 -- FLOHOM 02 | Inner Harbor - Canton, Baltimore",hostaway,,2027-03-09,2027-03-09,349,USD,fixed,2,,fixed,,fixed
146946,"FLOHOM 03 -- FLOHOM 03 | Magothy River, Annapolis",hostaway,,2027-03-09,2027-03-09,284,USD,fixed,2,,fixed,,fixed
260001,FLOHOM 04 -- FLOHOM 04 | National Harbor,hostaway,,2027-03-09,2027-03-09,435,USD,fixed,2,,fixed,,fixed
278502,"FLOHOM 05 -- FLOHOM 05 | Inner Harbor, Baltimore",hostaway,,2027-03-09,2027-03-09,312,USD,fixed,2,,fixed,,fixed
345316,FLOHOM 06 -- FLOHOM 06 | National Harbor,hostaway,,2027-03-09,2027-03-09,473,USD,fixed,2,,fixed,,fixed
366176,"FLOHOM 07 -- FLOHOM 07 | Inner Harbor - Canton, Baltimore",hostaway,,2027-03-09,2027-03-09,366,USD,fixed,2,,fixed,,fixed
376368,FLOHOM 08 -- FLOHOM 08 | National Harbor,hostaway,,2027-03-09,2027-03-09,312,USD,fixed,2,,fixed,,fixed
383097,FLOHOM 09 -- FLOHOM 09 | Baltimore Peninsula,hostaway,,2027-03-09,2027-03-09,312,USD,fixed,2,,fixed,,fixed
404358,FLOHOM 10 -- FLOHOM 10 | Virginia Beach,hostaway,,2027-03-09,2027-03-09,366,USD,fixed,2,,fixed,,fixed
427313,FLOHOM 11 -- FLOHOM 11 | Virginia Beach,hostaway,,2027-03-09,2027-03-09,284,USD,fixed,2,,fixed,,fixed
422608,"FLOHOM 12 -- FLOHOM 12 | Inner Harbor - Fells Point, Baltimore",hostaway,,2027-03-09,2027-03-09,366,USD,fixed,2,,fixed,,fixed
485833,"FLOHOM 13 -- FLOHOM 13 | Inner Harbor, Baltimore",hostaway,,2027-03-09,2027-03-09,473,USD,fixed,2,,fixed,,fixed
407612,"FLOHOM 14 -- FLOHOM 14 | Pasadena, Chesapeake Bay",hostaway,,2027-03-09,2027-03-09,284,USD,fixed,2,,fixed,,fixed
467334,FLOHOM 15 -- FLOHOM 15 | North Myrtle Beach,hostaway,,2027-03-09,2027-03-09,454,USD,fixed,2,,fixed,,fixed
510832,FLOHOM 16 | Liberty Landing Marina,hostaway,,2027-03-09,2027-03-09,473,USD,fixed,2,,fixed,,fixed
146908,"FLOHOM 01 -- FLOHOM 01 | Inner Harbor, Baltimore",hostaway,,2027-03-10,2027-03-10,419,USD,fixed,2,,fixed,,fixed
146944,"FLOHOM 02 -- FLOHOM 02 | Inner Harbor - Canton, Baltimore",hostaway,,2027-03-10,2027-03-10,349,USD,fixed,2,,fixed,,fixed
146946,"FLOHOM 03 -- FLOHOM 03 | Magothy River, Annapolis",hostaway,,2027-03-10,2027-03-10,284,USD,fixed,2,,fixed,,fixed
260001,FLOHOM 04 -- FLOHOM 04 | National Harbor,hostaway,,2027-03-10,2027-03-10,435,USD,fixed,2,,fixed,,fixed
278502,"FLOHOM 05 -- FLOHOM 05 | Inner Harbor, Baltimore",hostaway,,2027-03-10,2027-03-10,312,USD,fixed,2,,fixed,,fixed
345316,FLOHOM 06 -- FLOHOM 06 | National Harbor,hostaway,,2027-03-10,2027-03-10,473,USD,fixed,2,,fixed,,fixed
366176,"FLOHOM 07 -- FLOHOM 07 | Inner Harbor - Canton, Baltimore",hostaway,,2027-03-10,2027-03-10,366,USD,fixed,2,,fixed,,fixed
376368,FLOHOM 08 -- FLOHOM 08 | National Harbor,hostaway,,2027-03-10,2027-03-10,312,USD,fixed,2,,fixed,,fixed
383097,FLOHOM 09 -- FLOHOM 09 | Baltimore Peninsula,hostaway,,2027-03-10,2027-03-10,312,USD,fixed,2,,fixed,,fixed
404358,FLOHOM 10 -- FLOHOM 10 | Virginia Beach,hostaway,,2027-03-10,2027-03-10,366,USD,fixed,2,,fixed,,fixed
427313,FLOHOM 11 -- FLOHOM 11 | Virginia Beach,hostaway,,2027-03-10,2027-03-10,284,USD,fixed,2,,fixed,,fixed
422608,"FLOHOM 12 -- FLOHOM 12 | Inner Harbor - Fells Point, Baltimore",hostaway,,2027-03-10,2027-03-10,366,USD,fixed,2,,fixed,,fixed
485833,"FLOHOM 13 -- FLOHOM 13 | Inner Harbor, Baltimore",hostaway,,2027-03-10,2027-03-10,473,USD,fixed,2,,fixed,,fixed
407612,"FLOHOM 14 -- FLOHOM 14 | Pasadena, Chesapeake Bay",hostaway,,2027-03-10,2027-03-10,284,USD,fixed,2,,fixed,,fixed
467334,FLOHOM 15 -- FLOHOM 15 | North Myrtle Beach,hostaway,,2027-03-10,2027-03-10,454,USD,fixed,2,,fixed,,fixed
510832,FLOHOM 16 | Liberty Landing Marina,hostaway,,2027-03-10,2027-03-10,473,USD,fixed,2,,fixed,,fixed
146908,"FLOHOM 01 -- FLOHOM 01 | Inner Harbor, Baltimore",hostaway,,2027-03-11,2027-03-11,489,USD,fixed,2,,fixed,,fixed
146944,"FLOHOM 02 -- FLOHOM 02 | Inner Harbor - Canton, Baltimore",hostaway,,2027-03-11,2027-03-11,394,USD,fixed,2,,fixed,,fixed
146946,"FLOHOM 03 -- FLOHOM 03 | Magothy River, Annapolis",hostaway,,2027-03-11,2027-03-11,349,USD,fixed,2,,fixed,,fixed
260001,FLOHOM 04 -- FLOHOM 04 | National Harbor,hostaway,,2027-03-11,2027-03-11,579,USD,fixed,2,,fixed,,fixed
278502,"FLOHOM 05 -- FLOHOM 05 | Inner Harbor, Baltimore",hostaway,,2027-03-11,2027-03-11,367,USD,fixed,2,,fixed,,fixed
345316,FLOHOM 06 -- FLOHOM 06 | National Harbor,hostaway,,2027-03-11,2027-03-11,674,USD,fixed,2,,fixed,,fixed
366176,"FLOHOM 07 -- FLOHOM 07 | Inner Harbor - Canton, Baltimore",hostaway,,2027-03-11,2027-03-11,439,USD,fixed,2,,fixed,,fixed
376368,FLOHOM 08 -- FLOHOM 08 | National Harbor,hostaway,,2027-03-11,2027-03-11,367,USD,fixed,2,,fixed,,fixed
383097,FLOHOM 09 -- FLOHOM 09 | Baltimore Peninsula,hostaway,,2027-03-11,2027-03-11,367,USD,fixed,2,,fixed,,fixed
404358,FLOHOM 10 -- FLOHOM 10 | Virginia Beach,hostaway,,2027-03-11,2027-03-11,439,USD,fixed,2,,fixed,,fixed
427313,FLOHOM 11 -- FLOHOM 11 | Virginia Beach,hostaway,,2027-03-11,2027-03-11,349,USD,fixed,2,,fixed,,fixed
422608,"FLOHOM 12 -- FLOHOM 12 | Inner Harbor - Fells Point, Baltimore",hostaway,,2027-03-11,2027-03-11,439,USD,fixed,2,,fixed,,fixed
485833,"FLOHOM 13 -- FLOHOM 13 | Inner Harbor, Baltimore",hostaway,,2027-03-11,2027-03-11,674,USD,fixed,2,,fixed,,fixed
407612,"FLOHOM 14 -- FLOHOM 14 | Pasadena, Chesapeake Bay",hostaway,,2027-03-11,2027-03-11,349,USD,fixed,2,,fixed,,fixed
467334,FLOHOM 15 -- FLOHOM 15 | North Myrtle Beach,hostaway,,2027-03-11,2027-03-11,609,USD,fixed,2,,fixed,,fixed
510832,FLOHOM 16 | Liberty Landing Marina,hostaway,,2027-03-11,2027-03-11,674,USD,fixed,2,,fixed,,fixed
146908,"FLOHOM 01 -- FLOHOM 01 | Inner Harbor, Baltimore",hostaway,,2027-03-12,2027-03-12,559,USD,fixed,2,,fixed,,fixed
146944,"FLOHOM 02 -- FLOHOM 02 | Inner Harbor - Canton, Baltimore",hostaway,,2027-03-12,2027-03-12,474,USD,fixed,2,,fixed,,fixed
146946,"FLOHOM 03 -- FLOHOM 03 | Magothy River, Annapolis",hostaway,,2027-03-12,2027-03-12,404,USD,fixed,2,,fixed,,fixed
260001,FLOHOM 04 -- FLOHOM 04 | National Harbor,hostaway,,2027-03-12,2027-03-12,629,USD,fixed,2,,fixed,,fixed
278502,"FLOHOM 05 -- FLOHOM 05 | Inner Harbor, Baltimore",hostaway,,2027-03-12,2027-03-12,424,USD,fixed,2,,fixed,,fixed
345316,FLOHOM 06 -- FLOHOM 06 | National Harbor,hostaway,,2027-03-12,2027-03-12,794,USD,fixed,2,,fixed,,fixed
366176,"FLOHOM 07 -- FLOHOM 07 | Inner Harbor - Canton, Baltimore",hostaway,,2027-03-12,2027-03-12,514,USD,fixed,2,,fixed,,fixed
376368,FLOHOM 08 -- FLOHOM 08 | National Harbor,hostaway,,2027-03-12,2027-03-12,424,USD,fixed,2,,fixed,,fixed
383097,FLOHOM 09 -- FLOHOM 09 | Baltimore Peninsula,hostaway,,2027-03-12,2027-03-12,424,USD,fixed,2,,fixed,,fixed
404358,FLOHOM 10 -- FLOHOM 10 | Virginia Beach,hostaway,,2027-03-12,2027-03-12,514,USD,fixed,2,,fixed,,fixed
427313,FLOHOM 11 -- FLOHOM 11 | Virginia Beach,hostaway,,2027-03-12,2027-03-12,404,USD,fixed,2,,fixed,,fixed
422608,"FLOHOM 12 -- FLOHOM 12 | Inner Harbor - Fells Point, Baltimore",hostaway,,2027-03-12,2027-03-12,514,USD,fixed,2,,fixed,,fixed
485833,"FLOHOM 13 -- FLOHOM 13 | Inner Harbor, Baltimore",hostaway,,2027-03-12,2027-03-12,794,USD,fixed,2,,fixed,,fixed
407612,"FLOHOM 14 -- FLOHOM 14 | Pasadena, Chesapeake Bay",hostaway,,2027-03-12,2027-03-12,404,USD,fixed,2,,fixed,,fixed
467334,FLOHOM 15 -- FLOHOM 15 | North Myrtle Beach,hostaway,,2027-03-12,2027-03-12,748,USD,fixed,2,,fixed,,fixed
510832,FLOHOM 16 | Liberty Landing Marina,hostaway,,2027-03-12,2027-03-12,794,USD,fixed,2,,fixed,,fixed
146908,"FLOHOM 01 -- FLOHOM 01 | Inner Harbor, Baltimore",hostaway,,2027-03-13,2027-03-13,559,USD,fixed,2,,fixed,,fixed
146944,"FLOHOM 02 -- FLOHOM 02 | Inner Harbor - Canton, Baltimore",hostaway,,2027-03-13,2027-03-13,474,USD,fixed,2,,fixed,,fixed
146946,"FLOHOM 03 -- FLOHOM 03 | Magothy River, Annapolis",hostaway,,2027-03-13,2027-03-13,404,USD,fixed,2,,fixed,,fixed
260001,FLOHOM 04 -- FLOHOM 04 | National Harbor,hostaway,,2027-03-13,2027-03-13,629,USD,fixed,2,,fixed,,fixed
278502,"FLOHOM 05 -- FLOHOM 05 | Inner Harbor, Baltimore",hostaway,,2027-03-13,2027-03-13,424,USD,fixed,2,,fixed,,fixed
345316,FLOHOM 06 -- FLOHOM 06 | National Harbor,hostaway,,2027-03-13,2027-03-13,794,USD,fixed,2,,fixed,,fixed
366176,"FLOHOM 07 -- FLOHOM 07 | Inner Harbor - Canton, Baltimore",hostaway,,2027-03-13,2027-03-13,514,USD,fixed,2,,fixed,,fixed
376368,FLOHOM 08 -- FLOHOM 08 | National Harbor,hostaway,,2027-03-13,2027-03-13,424,USD,fixed,2,,fixed,,fixed
383097,FLOHOM 09 -- FLOHOM 09 | Baltimore Peninsula,hostaway,,2027-03-13,2027-03-13,424,USD,fixed,2,,fixed,,fixed
404358,FLOHOM 10 -- FLOHOM 10 | Virginia Beach,hostaway,,2027-03-13,2027-03-13,514,USD,fixed,2,,fixed,,fixed
427313,FLOHOM 11 -- FLOHOM 11 | Virginia Beach,hostaway,,2027-03-13,2027-03-13,404,USD,fixed,2,,fixed,,fixed
422608,"FLOHOM 12 -- FLOHOM 12 | Inner Harbor - Fells Point, Baltimore",hostaway,,2027-03-13,2027-03-13,514,USD,fixed,2,,fixed,,fixed
485833,"FLOHOM 13 -- FLOHOM 13 | Inner Harbor, Baltimore",hostaway,,2027-03-13,2027-03-13,794,USD,fixed,2,,fixed,,fixed
407612,"FLOHOM 14 -- FLOHOM 14 | Pasadena, Chesapeake Bay",hostaway,,2027-03-13,2027-03-13,404,USD,fixed,2,,fixed,,fixed
467334,FLOHOM 15 -- FLOHOM 15 | North Myrtle Beach,hostaway,,2027-03-13,2027-03-13,748,USD,fixed,2,,fixed,,fixed
510832,FLOHOM 16 | Liberty Landing Marina,hostaway,,2027-03-13,2027-03-13,794,USD,fixed,2,,fixed,,fixed
146908,"FLOHOM 01 -- FLOHOM 01 | Inner Harbor, Baltimore",hostaway,,2027-03-14,2027-03-14,489,USD,fixed,2,,fixed,,fixed
146944,"FLOHOM 02 -- FLOHOM 02 | Inner Harbor - Canton, Baltimore",hostaway,,2027-03-14,2027-03-14,394,USD,fixed,2,,fixed,,fixed
146946,"FLOHOM 03 -- FLOHOM 03 | Magothy River, Annapolis",hostaway,,2027-03-14,2027-03-14,349,USD,fixed,2,,fixed,,fixed
260001,FLOHOM 04 -- FLOHOM 04 | National Harbor,hostaway,,2027-03-14,2027-03-14,579,USD,fixed,2,,fixed,,fixed
278502,"FLOHOM 05 -- FLOHOM 05 | Inner Harbor, Baltimore",hostaway,,2027-03-14,2027-03-14,367,USD,fixed,2,,fixed,,fixed
345316,FLOHOM 06 -- FLOHOM 06 | National Harbor,hostaway,,2027-03-14,2027-03-14,674,USD,fixed,2,,fixed,,fixed
366176,"FLOHOM 07 -- FLOHOM 07 | Inner Harbor - Canton, Baltimore",hostaway,,2027-03-14,2027-03-14,439,USD,fixed,2,,fixed,,fixed
376368,FLOHOM 08 -- FLOHOM 08 | National Harbor,hostaway,,2027-03-14,2027-03-14,367,USD,fixed,2,,fixed,,fixed
383097,FLOHOM 09 -- FLOHOM 09 | Baltimore Peninsula,hostaway,,2027-03-14,2027-03-14,367,USD,fixed,2,,fixed,,fixed
404358,FLOHOM 10 -- FLOHOM 10 | Virginia Beach,hostaway,,2027-03-14,2027-03-14,439,USD,fixed,2,,fixed,,fixed
427313,FLOHOM 11 -- FLOHOM 11 | Virginia Beach,hostaway,,2027-03-14,2027-03-14,349,USD,fixed,2,,fixed,,fixed
422608,"FLOHOM 12 -- FLOHOM 12 | Inner Harbor - Fells Point, Baltimore",hostaway,,2027-03-14,2027-03-14,439,USD,fixed,2,,fixed,,fixed
485833,"FLOHOM 13 -- FLOHOM 13 | Inner Harbor, Baltimore",hostaway,,2027-03-14,2027-03-14,674,USD,fixed,2,,fixed,,fixed
407612,"FLOHOM 14 -- FLOHOM 14 | Pasadena, Chesapeake Bay",hostaway,,2027-03-14,2027-03-14,349,USD,fixed,2,,fixed,,fixed
467334,FLOHOM 15 -- FLOHOM 15 | North Myrtle Beach,hostaway,,2027-03-14,2027-03-14,609,USD,fixed,2,,fixed,,fixed
510832,FLOHOM 16 | Liberty Landing Marina,hostaway,,2027-03-14,2027-03-14,674,USD,fixed,2,,fixed,,fixed
146908,"FLOHOM 01 -- FLOHOM 01 | Inner Harbor, Baltimore",hostaway,,2027-03-15,2027-03-15,419,USD,fixed,2,,fixed,,fixed
146944,"FLOHOM 02 -- FLOHOM 02 | Inner Harbor - Canton, Baltimore",hostaway,,2027-03-15,2027-03-15,349,USD,fixed,2,,fixed,,fixed
146946,"FLOHOM 03 -- FLOHOM 03 | Magothy River, Annapolis",hostaway,,2027-03-15,2027-03-15,284,USD,fixed,2,,fixed,,fixed
260001,FLOHOM 04 -- FLOHOM 04 | National Harbor,hostaway,,2027-03-15,2027-03-15,435,USD,fixed,2,,fixed,,fixed
278502,"FLOHOM 05 -- FLOHOM 05 | Inner Harbor, Baltimore",hostaway,,2027-03-15,2027-03-15,312,USD,fixed,2,,fixed,,fixed
345316,FLOHOM 06 -- FLOHOM 06 | National Harbor,hostaway,,2027-03-15,2027-03-15,473,USD,fixed,2,,fixed,,fixed
366176,"FLOHOM 07 -- FLOHOM 07 | Inner Harbor - Canton, Baltimore",hostaway,,2027-03-15,2027-03-15,366,USD,fixed,2,,fixed,,fixed
376368,FLOHOM 08 -- FLOHOM 08 | National Harbor,hostaway,,2027-03-15,2027-03-15,312,USD,fixed,2,,fixed,,fixed
383097,FLOHOM 09 -- FLOHOM 09 | Baltimore Peninsula,hostaway,,2027-03-15,2027-03-15,312,USD,fixed,2,,fixed,,fixed
404358,FLOHOM 10 -- FLOHOM 10 | Virginia Beach,hostaway,,2027-03-15,2027-03-15,366,USD,fixed,2,,fixed,,fixed
427313,FLOHOM 11 -- FLOHOM 11 | Virginia Beach,hostaway,,2027-03-15,2027-03-15,284,USD,fixed,2,,fixed,,fixed
422608,"FLOHOM 12 -- FLOHOM 12 | Inner Harbor - Fells Point, Baltimore",hostaway,,2027-03-15,2027-03-15,366,USD,fixed,2,,fixed,,fixed
485833,"FLOHOM 13 -- FLOHOM 13 | Inner Harbor, Baltimore",hostaway,,2027-03-15,2027-03-15,473,USD,fixed,2,,fixed,,fixed
407612,"FLOHOM 14 -- FLOHOM 14 | Pasadena, Chesapeake Bay",hostaway,,2027-03-15,2027-03-15,284,USD,fixed,2,,fixed,,fixed
467334,FLOHOM 15 -- FLOHOM 15 | North Myrtle Beach,hostaway,,2027-03-15,2027-03-15,454,USD,fixed,2,,fixed,,fixed
510832,FLOHOM 16 | Liberty Landing Marina,hostaway,,2027-03-15,2027-03-15,473,USD,fixed,2,,fixed,,fixed
146908,"FLOHOM 01 -- FLOHOM 01 | Inner Harbor, Baltimore",hostaway,,2027-03-16,2027-03-16,419,USD,fixed,2,,fixed,,fixed
146944,"FLOHOM 02 -- FLOHOM 02 | Inner Harbor - Canton, Baltimore",hostaway,,2027-03-16,2027-03-16,349,USD,fixed,2,,fixed,,fixed
146946,"FLOHOM 03 -- FLOHOM 03 | Magothy River, Annapolis",hostaway,,2027-03-16,2027-03-16,284,USD,fixed,2,,fixed,,fixed
260001,FLOHOM 04 -- FLOHOM 04 | National Harbor,hostaway,,2027-03-16,2027-03-16,435,USD,fixed,2,,fixed,,fixed
278502,"FLOHOM 05 -- FLOHOM 05 | Inner Harbor, Baltimore",hostaway,,2027-03-16,2027-03-16,312,USD,fixed,2,,fixed,,fixed
345316,FLOHOM 06 -- FLOHOM 06 | National Harbor,hostaway,,2027-03-16,2027-03-16,473,USD,fixed,2,,fixed,,fixed
366176,"FLOHOM 07 -- FLOHOM 07 | Inner Harbor - Canton, Baltimore",hostaway,,2027-03-16,2027-03-16,366,USD,fixed,2,,fixed,,fixed
376368,FLOHOM 08 -- FLOHOM 08 | National Harbor,hostaway,,2027-03-16,2027-03-16,312,USD,fixed,2,,fixed,,fixed
383097,FLOHOM 09 -- FLOHOM 09 | Baltimore Peninsula,hostaway,,2027-03-16,2027-03-16,312,USD,fixed,2,,fixed,,fixed
404358,FLOHOM 10 -- FLOHOM 10 | Virginia Beach,hostaway,,2027-03-16,2027-03-16,366,USD,fixed,2,,fixed,,fixed
427313,FLOHOM 11 -- FLOHOM 11 | Virginia Beach,hostaway,,2027-03-16,2027-03-16,284,USD,fixed,2,,fixed,,fixed
422608,"FLOHOM 12 -- FLOHOM 12 | Inner Harbor - Fells Point, Baltimore",hostaway,,2027-03-16,2027-03-16,366,USD,fixed,2,,fixed,,fixed
485833,"FLOHOM 13 -- FLOHOM 13 | Inner Harbor, Baltimore",hostaway,,2027-03-16,2027-03-16,473,USD,fixed,2,,fixed,,fixed
407612,"FLOHOM 14 -- FLOHOM 14 | Pasadena, Chesapeake Bay",hostaway,,2027-03-16,2027-03-16,284,USD,fixed,2,,fixed,,fixed
467334,FLOHOM 15 -- FLOHOM 15 | North Myrtle Beach,hostaway,,2027-03-16,2027-03-16,454,USD,fixed,2,,fixed,,fixed
510832,FLOHOM 16 | Liberty Landing Marina,hostaway,,2027-03-16,2027-03-16,473,USD,fixed,2,,fixed,,fixed
146908,"FLOHOM 01 -- FLOHOM 01 | Inner Harbor, Baltimore",hostaway,,2027-03-17,2027-03-17,419,USD,fixed,2,,fixed,,fixed
146944,"FLOHOM 02 -- FLOHOM 02 | Inner Harbor - Canton, Baltimore",hostaway,,2027-03-17,2027-03-17,349,USD,fixed,2,,fixed,,fixed
146946,"FLOHOM 03 -- FLOHOM 03 | Magothy River, Annapolis",hostaway,,2027-03-17,2027-03-17,284,USD,fixed,2,,fixed,,fixed
260001,FLOHOM 04 -- FLOHOM 04 | National Harbor,hostaway,,2027-03-17,2027-03-17,435,USD,fixed,2,,fixed,,fixed
278502,"FLOHOM 05 -- FLOHOM 05 | Inner Harbor, Baltimore",hostaway,,2027-03-17,2027-03-17,312,USD,fixed,2,,fixed,,fixed
345316,FLOHOM 06 -- FLOHOM 06 | National Harbor,hostaway,,2027-03-17,2027-03-17,473,USD,fixed,2,,fixed,,fixed
366176,"FLOHOM 07 -- FLOHOM 07 | Inner Harbor - Canton, Baltimore",hostaway,,2027-03-17,2027-03-17,366,USD,fixed,2,,fixed,,fixed
376368,FLOHOM 08 -- FLOHOM 08 | National Harbor,hostaway,,2027-03-17,2027-03-17,312,USD,fixed,2,,fixed,,fixed
383097,FLOHOM 09 -- FLOHOM 09 | Baltimore Peninsula,hostaway,,2027-03-17,2027-03-17,312,USD,fixed,2,,fixed,,fixed
404358,FLOHOM 10 -- FLOHOM 10 | Virginia Beach,hostaway,,2027-03-17,2027-03-17,366,USD,fixed,2,,fixed,,fixed
427313,FLOHOM 11 -- FLOHOM 11 | Virginia Beach,hostaway,,2027-03-17,2027-03-17,284,USD,fixed,2,,fixed,,fixed
422608,"FLOHOM 12 -- FLOHOM 12 | Inner Harbor - Fells Point, Baltimore",hostaway,,2027-03-17,2027-03-17,366,USD,fixed,2,,fixed,,fixed
485833,"FLOHOM 13 -- FLOHOM 13 | Inner Harbor, Baltimore",hostaway,,2027-03-17,2027-03-17,473,USD,fixed,2,,fixed,,fixed
407612,"FLOHOM 14 -- FLOHOM 14 | Pasadena, Chesapeake Bay",hostaway,,2027-03-17,2027-03-17,284,USD,fixed,2,,fixed,,fixed
467334,FLOHOM 15 -- FLOHOM 15 | North Myrtle Beach,hostaway,,2027-03-17,2027-03-17,454,USD,fixed,2,,fixed,,fixed
510832,FLOHOM 16 | Liberty Landing Marina,hostaway,,2027-03-17,2027-03-17,473,USD,fixed,2,,fixed,,fixed
146908,"FLOHOM 01 -- FLOHOM 01 | Inner Harbor, Baltimore",hostaway,,2027-03-18,2027-03-18,489,USD,fixed,2,,fixed,,fixed
146944,"FLOHOM 02 -- FLOHOM 02 | Inner Harbor - Canton, Baltimore",hostaway,,2027-03-18,2027-03-18,394,USD,fixed,2,,fixed,,fixed
146946,"FLOHOM 03 -- FLOHOM 03 | Magothy River, Annapolis",hostaway,,2027-03-18,2027-03-18,349,USD,fixed,2,,fixed,,fixed
260001,FLOHOM 04 -- FLOHOM 04 | National Harbor,hostaway,,2027-03-18,2027-03-18,579,USD,fixed,2,,fixed,,fixed
278502,"FLOHOM 05 -- FLOHOM 05 | Inner Harbor, Baltimore",hostaway,,2027-03-18,2027-03-18,367,USD,fixed,2,,fixed,,fixed
345316,FLOHOM 06 -- FLOHOM 06 | National Harbor,hostaway,,2027-03-18,2027-03-18,674,USD,fixed,2,,fixed,,fixed
366176,"FLOHOM 07 -- FLOHOM 07 | Inner Harbor - Canton, Baltimore",hostaway,,2027-03-18,2027-03-18,439,USD,fixed,2,,fixed,,fixed
376368,FLOHOM 08 -- FLOHOM 08 | National Harbor,hostaway,,2027-03-18,2027-03-18,367,USD,fixed,2,,fixed,,fixed
383097,FLOHOM 09 -- FLOHOM 09 | Baltimore Peninsula,hostaway,,2027-03-18,2027-03-18,367,USD,fixed,2,,fixed,,fixed
404358,FLOHOM 10 -- FLOHOM 10 | Virginia Beach,hostaway,,2027-03-18,2027-03-18,439,USD,fixed,2,,fixed,,fixed
427313,FLOHOM 11 -- FLOHOM 11 | Virginia Beach,hostaway,,2027-03-18,2027-03-18,349,USD,fixed,2,,fixed,,fixed
422608,"FLOHOM 12 -- FLOHOM 12 | Inner Harbor - Fells Point, Baltimore",hostaway,,2027-03-18,2027-03-18,439,USD,fixed,2,,fixed,,fixed
485833,"FLOHOM 13 -- FLOHOM 13 | Inner Harbor, Baltimore",hostaway,,2027-03-18,2027-03-18,674,USD,fixed,2,,fixed,,fixed
407612,"FLOHOM 14 -- FLOHOM 14 | Pasadena, Chesapeake Bay",hostaway,,2027-03-18,2027-03-18,349,USD,fixed,2,,fixed,,fixed
467334,FLOHOM 15 -- FLOHOM 15 | North Myrtle Beach,hostaway,,2027-03-18,2027-03-18,609,USD,fixed,2,,fixed,,fixed
510832,FLOHOM 16 | Liberty Landing Marina,hostaway,,2027-03-18,2027-03-18,674,USD,fixed,2,,fixed,,fixed
146908,"FLOHOM 01 -- FLOHOM 01 | Inner Harbor, Baltimore",hostaway,,2027-03-19,2027-03-19,559,USD,fixed,2,,fixed,,fixed
146944,"FLOHOM 02 -- FLOHOM 02 | Inner Harbor - Canton, Baltimore",hostaway,,2027-03-19,2027-03-19,474,USD,fixed,2,,fixed,,fixed
146946,"FLOHOM 03 -- FLOHOM 03 | Magothy River, Annapolis",hostaway,,2027-03-19,2027-03-19,404,USD,fixed,2,,fixed,,fixed
260001,FLOHOM 04 -- FLOHOM 04 | National Harbor,hostaway,,2027-03-19,2027-03-19,629,USD,fixed,2,,fixed,,fixed
278502,"FLOHOM 05 -- FLOHOM 05 | Inner Harbor, Baltimore",hostaway,,2027-03-19,2027-03-19,424,USD,fixed,2,,fixed,,fixed
345316,FLOHOM 06 -- FLOHOM 06 | National Harbor,hostaway,,2027-03-19,2027-03-19,794,USD,fixed,2,,fixed,,fixed
366176,"FLOHOM 07 -- FLOHOM 07 | Inner Harbor - Canton, Baltimore",hostaway,,2027-03-19,2027-03-19,514,USD,fixed,2,,fixed,,fixed
376368,FLOHOM 08 -- FLOHOM 08 | National Harbor,hostaway,,2027-03-19,2027-03-19,424,USD,fixed,2,,fixed,,fixed
383097,FLOHOM 09 -- FLOHOM 09 | Baltimore Peninsula,hostaway,,2027-03-19,2027-03-19,424,USD,fixed,2,,fixed,,fixed
404358,FLOHOM 10 -- FLOHOM 10 | Virginia Beach,hostaway,,2027-03-19,2027-03-19,514,USD,fixed,2,,fixed,,fixed
427313,FLOHOM 11 -- FLOHOM 11 | Virginia Beach,hostaway,,2027-03-19,2027-03-19,404,USD,fixed,2,,fixed,,fixed
422608,"FLOHOM 12 -- FLOHOM 12 | Inner Harbor - Fells Point, Baltimore",hostaway,,2027-03-19,2027-03-19,514,USD,fixed,2,,fixed,,fixed
485833,"FLOHOM 13 -- FLOHOM 13 | Inner Harbor, Baltimore",hostaway,,2027-03-19,2027-03-19,794,USD,fixed,2,,fixed,,fixed
407612,"FLOHOM 14 -- FLOHOM 14 | Pasadena, Chesapeake Bay",hostaway,,2027-03-19,2027-03-19,404,USD,fixed,2,,fixed,,fixed
467334,FLOHOM 15 -- FLOHOM 15 | North Myrtle Beach,hostaway,,2027-03-19,2027-03-19,748,USD,fixed,2,,fixed,,fixed
510832,FLOHOM 16 | Liberty Landing Marina,hostaway,,2027-03-19,2027-03-19,794,USD,fixed,2,,fixed,,fixed
146908,"FLOHOM 01 -- FLOHOM 01 | Inner Harbor, Baltimore",hostaway,,2027-03-20,2027-03-20,559,USD,fixed,2,,fixed,,fixed
146944,"FLOHOM 02 -- FLOHOM 02 | Inner Harbor - Canton, Baltimore",hostaway,,2027-03-20,2027-03-20,474,USD,fixed,2,,fixed,,fixed
146946,"FLOHOM 03 -- FLOHOM 03 | Magothy River, Annapolis",hostaway,,2027-03-20,2027-03-20,404,USD,fixed,2,,fixed,,fixed
260001,FLOHOM 04 -- FLOHOM 04 | National Harbor,hostaway,,2027-03-20,2027-03-20,629,USD,fixed,2,,fixed,,fixed
278502,"FLOHOM 05 -- FLOHOM 05 | Inner Harbor, Baltimore",hostaway,,2027-03-20,2027-03-20,424,USD,fixed,2,,fixed,,fixed
345316,FLOHOM 06 -- FLOHOM 06 | National Harbor,hostaway,,2027-03-20,2027-03-20,794,USD,fixed,2,,fixed,,fixed
366176,"FLOHOM 07 -- FLOHOM 07 | Inner Harbor - Canton, Baltimore",hostaway,,2027-03-20,2027-03-20,514,USD,fixed,2,,fixed,,fixed
376368,FLOHOM 08 -- FLOHOM 08 | National Harbor,hostaway,,2027-03-20,2027-03-20,424,USD,fixed,2,,fixed,,fixed
383097,FLOHOM 09 -- FLOHOM 09 | Baltimore Peninsula,hostaway,,2027-03-20,2027-03-20,424,USD,fixed,2,,fixed,,fixed
404358,FLOHOM 10 -- FLOHOM 10 | Virginia Beach,hostaway,,2027-03-20,2027-03-20,514,USD,fixed,2,,fixed,,fixed
427313,FLOHOM 11 -- FLOHOM 11 | Virginia Beach,hostaway,,2027-03-20,2027-03-20,404,USD,fixed,2,,fixed,,fixed
422608,"FLOHOM 12 -- FLOHOM 12 | Inner Harbor - Fells Point, Baltimore",hostaway,,2027-03-20,2027-03-20,514,USD,fixed,2,,fixed,,fixed
485833,"FLOHOM 13 -- FLOHOM 13 | Inner Harbor, Baltimore",hostaway,,2027-03-20,2027-03-20,794,USD,fixed,2,,fixed,,fixed
407612,"FLOHOM 14 -- FLOHOM 14 | Pasadena, Chesapeake Bay",hostaway,,2027-03-20,2027-03-20,404,USD,fixed,2,,fixed,,fixed
467334,FLOHOM 15 -- FLOHOM 15 | North Myrtle Beach,hostaway,,2027-03-20,2027-03-20,748,USD,fixed,2,,fixed,,fixed
510832,FLOHOM 16 | Liberty Landing Marina,hostaway,,2027-03-20,2027-03-20,794,USD,fixed,2,,fixed,,fixed
146908,"FLOHOM 01 -- FLOHOM 01 | Inner Harbor, Baltimore",hostaway,,2027-03-21,2027-03-21,489,USD,fixed,2,,fixed,,fixed
146944,"FLOHOM 02 -- FLOHOM 02 | Inner Harbor - Canton, Baltimore",hostaway,,2027-03-21,2027-03-21,394,USD,fixed,2,,fixed,,fixed
146946,"FLOHOM 03 -- FLOHOM 03 | Magothy River, Annapolis",hostaway,,2027-03-21,2027-03-21,349,USD,fixed,2,,fixed,,fixed
260001,FLOHOM 04 -- FLOHOM 04 | National Harbor,hostaway,,2027-03-21,2027-03-21,579,USD,fixed,2,,fixed,,fixed
278502,"FLOHOM 05 -- FLOHOM 05 | Inner Harbor, Baltimore",hostaway,,2027-03-21,2027-03-21,367,USD,fixed,2,,fixed,,fixed
345316,FLOHOM 06 -- FLOHOM 06 | National Harbor,hostaway,,2027-03-21,2027-03-21,674,USD,fixed,2,,fixed,,fixed
366176,"FLOHOM 07 -- FLOHOM 07 | Inner Harbor - Canton, Baltimore",hostaway,,2027-03-21,2027-03-21,439,USD,fixed,2,,fixed,,fixed
376368,FLOHOM 08 -- FLOHOM 08 | National Harbor,hostaway,,2027-03-21,2027-03-21,367,USD,fixed,2,,fixed,,fixed
383097,FLOHOM 09 -- FLOHOM 09 | Baltimore Peninsula,hostaway,,2027-03-21,2027-03-21,367,USD,fixed,2,,fixed,,fixed
404358,FLOHOM 10 -- FLOHOM 10 | Virginia Beach,hostaway,,2027-03-21,2027-03-21,439,USD,fixed,2,,fixed,,fixed
427313,FLOHOM 11 -- FLOHOM 11 | Virginia Beach,hostaway,,2027-03-21,2027-03-21,349,USD,fixed,2,,fixed,,fixed
422608,"FLOHOM 12 -- FLOHOM 12 | Inner Harbor - Fells Point, Baltimore",hostaway,,2027-03-21,2027-03-21,439,USD,fixed,2,,fixed,,fixed
485833,"FLOHOM 13 -- FLOHOM 13 | Inner Harbor, Baltimore",hostaway,,2027-03-21,2027-03-21,674,USD,fixed,2,,fixed,,fixed
407612,"FLOHOM 14 -- FLOHOM 14 | Pasadena, Chesapeake Bay",hostaway,,2027-03-21,2027-03-21,349,USD,fixed,2,,fixed,,fixed
467334,FLOHOM 15 -- FLOHOM 15 | North Myrtle Beach,hostaway,,2027-03-21,2027-03-21,609,USD,fixed,2,,fixed,,fixed
510832,FLOHOM 16 | Liberty Landing Marina,hostaway,,2027-03-21,2027-03-21,674,USD,fixed,2,,fixed,,fixed
146908,"FLOHOM 01 -- FLOHOM 01 | Inner Harbor, Baltimore",hostaway,,2027-03-22,2027-03-22,419,USD,fixed,2,,fixed,,fixed
146944,"FLOHOM 02 -- FLOHOM 02 | Inner Harbor - Canton, Baltimore",hostaway,,2027-03-22,2027-03-22,349,USD,fixed,2,,fixed,,fixed
146946,"FLOHOM 03 -- FLOHOM 03 | Magothy River, Annapolis",hostaway,,2027-03-22,2027-03-22,284,USD,fixed,2,,fixed,,fixed
260001,FLOHOM 04 -- FLOHOM 04 | National Harbor,hostaway,,2027-03-22,2027-03-22,435,USD,fixed,2,,fixed,,fixed
278502,"FLOHOM 05 -- FLOHOM 05 | Inner Harbor, Baltimore",hostaway,,2027-03-22,2027-03-22,312,USD,fixed,2,,fixed,,fixed
345316,FLOHOM 06 -- FLOHOM 06 | National Harbor,hostaway,,2027-03-22,2027-03-22,473,USD,fixed,2,,fixed,,fixed
366176,"FLOHOM 07 -- FLOHOM 07 | Inner Harbor - Canton, Baltimore",hostaway,,2027-03-22,2027-03-22,366,USD,fixed,2,,fixed,,fixed
376368,FLOHOM 08 -- FLOHOM 08 | National Harbor,hostaway,,2027-03-22,2027-03-22,312,USD,fixed,2,,fixed,,fixed
383097,FLOHOM 09 -- FLOHOM 09 | Baltimore Peninsula,hostaway,,2027-03-22,2027-03-22,312,USD,fixed,2,,fixed,,fixed
404358,FLOHOM 10 -- FLOHOM 10 | Virginia Beach,hostaway,,2027-03-22,2027-03-22,366,USD,fixed,2,,fixed,,fixed
427313,FLOHOM 11 -- FLOHOM 11 | Virginia Beach,hostaway,,2027-03-22,2027-03-22,284,USD,fixed,2,,fixed,,fixed
422608,"FLOHOM 12 -- FLOHOM 12 | Inner Harbor - Fells Point, Baltimore",hostaway,,2027-03-22,2027-03-22,366,USD,fixed,2,,fixed,,fixed
485833,"FLOHOM 13 -- FLOHOM 13 | Inner Harbor, Baltimore",hostaway,,2027-03-22,2027-03-22,473,USD,fixed,2,,fixed,,fixed
407612,"FLOHOM 14 -- FLOHOM 14 | Pasadena, Chesapeake Bay",hostaway,,2027-03-22,2027-03-22,284,USD,fixed,2,,fixed,,fixed
467334,FLOHOM 15 -- FLOHOM 15 | North Myrtle Beach,hostaway,,2027-03-22,2027-03-22,454,USD,fixed,2,,fixed,,fixed
510832,FLOHOM 16 | Liberty Landing Marina,hostaway,,2027-03-22,2027-03-22,473,USD,fixed,2,,fixed,,fixed
146908,"FLOHOM 01 -- FLOHOM 01 | Inner Harbor, Baltimore",hostaway,,2027-03-23,2027-03-23,419,USD,fixed,2,,fixed,,fixed
146944,"FLOHOM 02 -- FLOHOM 02 | Inner Harbor - Canton, Baltimore",hostaway,,2027-03-23,2027-03-23,349,USD,fixed,2,,fixed,,fixed
146946,"FLOHOM 03 -- FLOHOM 03 | Magothy River, Annapolis",hostaway,,2027-03-23,2027-03-23,284,USD,fixed,2,,fixed,,fixed
260001,FLOHOM 04 -- FLOHOM 04 | National Harbor,hostaway,,2027-03-23,2027-03-23,435,USD,fixed,2,,fixed,,fixed
278502,"FLOHOM 05 -- FLOHOM 05 | Inner Harbor, Baltimore",hostaway,,2027-03-23,2027-03-23,312,USD,fixed,2,,fixed,,fixed
345316,FLOHOM 06 -- FLOHOM 06 | National Harbor,hostaway,,2027-03-23,2027-03-23,473,USD,fixed,2,,fixed,,fixed
366176,"FLOHOM 07 -- FLOHOM 07 | Inner Harbor - Canton, Baltimore",hostaway,,2027-03-23,2027-03-23,366,USD,fixed,2,,fixed,,fixed
376368,FLOHOM 08 -- FLOHOM 08 | National Harbor,hostaway,,2027-03-23,2027-03-23,312,USD,fixed,2,,fixed,,fixed
383097,FLOHOM 09 -- FLOHOM 09 | Baltimore Peninsula,hostaway,,2027-03-23,2027-03-23,312,USD,fixed,2,,fixed,,fixed
404358,FLOHOM 10 -- FLOHOM 10 | Virginia Beach,hostaway,,2027-03-23,2027-03-23,366,USD,fixed,2,,fixed,,fixed
427313,FLOHOM 11 -- FLOHOM 11 | Virginia Beach,hostaway,,2027-03-23,2027-03-23,284,USD,fixed,2,,fixed,,fixed
422608,"FLOHOM 12 -- FLOHOM 12 | Inner Harbor - Fells Point, Baltimore",hostaway,,2027-03-23,2027-03-23,366,USD,fixed,2,,fixed,,fixed
485833,"FLOHOM 13 -- FLOHOM 13 | Inner Harbor, Baltimore",hostaway,,2027-03-23,2027-03-23,473,USD,fixed,2,,fixed,,fixed
407612,"FLOHOM 14 -- FLOHOM 14 | Pasadena, Chesapeake Bay",hostaway,,2027-03-23,2027-03-23,284,USD,fixed,2,,fixed,,fixed
467334,FLOHOM 15 -- FLOHOM 15 | North Myrtle Beach,hostaway,,2027-03-23,2027-03-23,454,USD,fixed,2,,fixed,,fixed
510832,FLOHOM 16 | Liberty Landing Marina,hostaway,,2027-03-23,2027-03-23,473,USD,fixed,2,,fixed,,fixed
146908,"FLOHOM 01 -- FLOHOM 01 | Inner Harbor, Baltimore",hostaway,,2027-03-24,2027-03-24,419,USD,fixed,2,,fixed,,fixed
146944,"FLOHOM 02 -- FLOHOM 02 | Inner Harbor - Canton, Baltimore",hostaway,,2027-03-24,2027-03-24,349,USD,fixed,2,,fixed,,fixed
146946,"FLOHOM 03 -- FLOHOM 03 | Magothy River, Annapolis",hostaway,,2027-03-24,2027-03-24,284,USD,fixed,2,,fixed,,fixed
260001,FLOHOM 04 -- FLOHOM 04 | National Harbor,hostaway,,2027-03-24,2027-03-24,435,USD,fixed,2,,fixed,,fixed
278502,"FLOHOM 05 -- FLOHOM 05 | Inner Harbor, Baltimore",hostaway,,2027-03-24,2027-03-24,312,USD,fixed,2,,fixed,,fixed
345316,FLOHOM 06 -- FLOHOM 06 | National Harbor,hostaway,,2027-03-24,2027-03-24,473,USD,fixed,2,,fixed,,fixed
366176,"FLOHOM 07 -- FLOHOM 07 | Inner Harbor - Canton, Baltimore",hostaway,,2027-03-24,2027-03-24,366,USD,fixed,2,,fixed,,fixed
376368,FLOHOM 08 -- FLOHOM 08 | National Harbor,hostaway,,2027-03-24,2027-03-24,312,USD,fixed,2,,fixed,,fixed
383097,FLOHOM 09 -- FLOHOM 09 | Baltimore Peninsula,hostaway,,2027-03-24,2027-03-24,312,USD,fixed,2,,fixed,,fixed
404358,FLOHOM 10 -- FLOHOM 10 | Virginia Beach,hostaway,,2027-03-24,2027-03-24,366,USD,fixed,2,,fixed,,fixed
427313,FLOHOM 11 -- FLOHOM 11 | Virginia Beach,hostaway,,2027-03-24,2027-03-24,284,USD,fixed,2,,fixed,,fixed
422608,"FLOHOM 12 -- FLOHOM 12 | Inner Harbor - Fells Point, Baltimore",hostaway,,2027-03-24,2027-03-24,366,USD,fixed,2,,fixed,,fixed
485833,"FLOHOM 13 -- FLOHOM 13 | Inner Harbor, Baltimore",hostaway,,2027-03-24,2027-03-24,473,USD,fixed,2,,fixed,,fixed
407612,"FLOHOM 14 -- FLOHOM 14 | Pasadena, Chesapeake Bay",hostaway,,2027-03-24,2027-03-24,284,USD,fixed,2,,fixed,,fixed
467334,FLOHOM 15 -- FLOHOM 15 | North Myrtle Beach,hostaway,,2027-03-24,2027-03-24,454,USD,fixed,2,,fixed,,fixed
510832,FLOHOM 16 | Liberty Landing Marina,hostaway,,2027-03-24,2027-03-24,473,USD,fixed,2,,fixed,,fixed
146908,"FLOHOM 01 -- FLOHOM 01 | Inner Harbor, Baltimore",hostaway,,2027-03-25,2027-03-25,489,USD,fixed,2,,fixed,,fixed
146944,"FLOHOM 02 -- FLOHOM 02 | Inner Harbor - Canton, Baltimore",hostaway,,2027-03-25,2027-03-25,394,USD,fixed,2,,fixed,,fixed
146946,"FLOHOM 03 -- FLOHOM 03 | Magothy River, Annapolis",hostaway,,2027-03-25,2027-03-25,349,USD,fixed,2,,fixed,,fixed
260001,FLOHOM 04 -- FLOHOM 04 | National Harbor,hostaway,,2027-03-25,2027-03-25,579,USD,fixed,2,,fixed,,fixed
278502,"FLOHOM 05 -- FLOHOM 05 | Inner Harbor, Baltimore",hostaway,,2027-03-25,2027-03-25,367,USD,fixed,2,,fixed,,fixed
345316,FLOHOM 06 -- FLOHOM 06 | National Harbor,hostaway,,2027-03-25,2027-03-25,674,USD,fixed,2,,fixed,,fixed
366176,"FLOHOM 07 -- FLOHOM 07 | Inner Harbor - Canton, Baltimore",hostaway,,2027-03-25,2027-03-25,439,USD,fixed,2,,fixed,,fixed
376368,FLOHOM 08 -- FLOHOM 08 | National Harbor,hostaway,,2027-03-25,2027-03-25,367,USD,fixed,2,,fixed,,fixed
383097,FLOHOM 09 -- FLOHOM 09 | Baltimore Peninsula,hostaway,,2027-03-25,2027-03-25,367,USD,fixed,2,,fixed,,fixed
404358,FLOHOM 10 -- FLOHOM 10 | Virginia Beach,hostaway,,2027-03-25,2027-03-25,439,USD,fixed,2,,fixed,,fixed
427313,FLOHOM 11 -- FLOHOM 11 | Virginia Beach,hostaway,,2027-03-25,2027-03-25,349,USD,fixed,2,,fixed,,fixed
422608,"FLOHOM 12 -- FLOHOM 12 | Inner Harbor - Fells Point, Baltimore",hostaway,,2027-03-25,2027-03-25,439,USD,fixed,2,,fixed,,fixed
485833,"FLOHOM 13 -- FLOHOM 13 | Inner Harbor, Baltimore",hostaway,,2027-03-25,2027-03-25,674,USD,fixed,2,,fixed,,fixed
407612,"FLOHOM 14 -- FLOHOM 14 | Pasadena, Chesapeake Bay",hostaway,,2027-03-25,2027-03-25,349,USD,fixed,2,,fixed,,fixed
467334,FLOHOM 15 -- FLOHOM 15 | North Myrtle Beach,hostaway,,2027-03-25,2027-03-25,609,USD,fixed,2,,fixed,,fixed
510832,FLOHOM 16 | Liberty Landing Marina,hostaway,,2027-03-25,2027-03-25,674,USD,fixed,2,,fixed,,fixed
146908,"FLOHOM 01 -- FLOHOM 01 | Inner Harbor, Baltimore",hostaway,,2027-03-26,2027-03-26,783,USD,fixed,2,,fixed,,fixed
146944,"FLOHOM 02 -- FLOHOM 02 | Inner Harbor - Canton, Baltimore",hostaway,,2027-03-26,2027-03-26,664,USD,fixed,2,,fixed,,fixed
146946,"FLOHOM 03 -- FLOHOM 03 | Magothy River, Annapolis",hostaway,,2027-03-26,2027-03-26,566,USD,fixed,2,,fixed,,fixed
260001,FLOHOM 04 -- FLOHOM 04 | National Harbor,hostaway,,2027-03-26,2027-03-26,881,USD,fixed,2,,fixed,,fixed
278502,"FLOHOM 05 -- FLOHOM 05 | Inner Harbor, Baltimore",hostaway,,2027-03-26,2027-03-26,594,USD,fixed,2,,fixed,,fixed
345316,FLOHOM 06 -- FLOHOM 06 | National Harbor,hostaway,,2027-03-26,2027-03-26,1112,USD,fixed,2,,fixed,,fixed
366176,"FLOHOM 07 -- FLOHOM 07 | Inner Harbor - Canton, Baltimore",hostaway,,2027-03-26,2027-03-26,720,USD,fixed,2,,fixed,,fixed
376368,FLOHOM 08 -- FLOHOM 08 | National Harbor,hostaway,,2027-03-26,2027-03-26,594,USD,fixed,2,,fixed,,fixed
383097,FLOHOM 09 -- FLOHOM 09 | Baltimore Peninsula,hostaway,,2027-03-26,2027-03-26,594,USD,fixed,2,,fixed,,fixed
404358,FLOHOM 10 -- FLOHOM 10 | Virginia Beach,hostaway,,2027-03-26,2027-03-26,720,USD,fixed,2,,fixed,,fixed
427313,FLOHOM 11 -- FLOHOM 11 | Virginia Beach,hostaway,,2027-03-26,2027-03-26,566,USD,fixed,2,,fixed,,fixed
422608,"FLOHOM 12 -- FLOHOM 12 | Inner Harbor - Fells Point, Baltimore",hostaway,,2027-03-26,2027-03-26,720,USD,fixed,2,,fixed,,fixed
485833,"FLOHOM 13 -- FLOHOM 13 | Inner Harbor, Baltimore",hostaway,,2027-03-26,2027-03-26,1112,USD,fixed,2,,fixed,,fixed
407612,"FLOHOM 14 -- FLOHOM 14 | Pasadena, Chesapeake Bay",hostaway,,2027-03-26,2027-03-26,566,USD,fixed,2,,fixed,,fixed
467334,FLOHOM 15 -- FLOHOM 15 | North Myrtle Beach,hostaway,,2027-03-26,2027-03-26,1047,USD,fixed,2,,fixed,,fixed
510832,FLOHOM 16 | Liberty Landing Marina,hostaway,,2027-03-26,2027-03-26,794,USD,fixed,2,,fixed,,fixed
146908,"FLOHOM 01 -- FLOHOM 01 | Inner Harbor, Baltimore",hostaway,,2027-03-27,2027-03-27,783,USD,fixed,2,,fixed,,fixed
146944,"FLOHOM 02 -- FLOHOM 02 | Inner Harbor - Canton, Baltimore",hostaway,,2027-03-27,2027-03-27,664,USD,fixed,2,,fixed,,fixed
146946,"FLOHOM 03 -- FLOHOM 03 | Magothy River, Annapolis",hostaway,,2027-03-27,2027-03-27,566,USD,fixed,2,,fixed,,fixed
260001,FLOHOM 04 -- FLOHOM 04 | National Harbor,hostaway,,2027-03-27,2027-03-27,881,USD,fixed,2,,fixed,,fixed
278502,"FLOHOM 05 -- FLOHOM 05 | Inner Harbor, Baltimore",hostaway,,2027-03-27,2027-03-27,594,USD,fixed,2,,fixed,,fixed
345316,FLOHOM 06 -- FLOHOM 06 | National Harbor,hostaway,,2027-03-27,2027-03-27,1112,USD,fixed,2,,fixed,,fixed
366176,"FLOHOM 07 -- FLOHOM 07 | Inner Harbor - Canton, Baltimore",hostaway,,2027-03-27,2027-03-27,720,USD,fixed,2,,fixed,,fixed
376368,FLOHOM 08 -- FLOHOM 08 | National Harbor,hostaway,,2027-03-27,2027-03-27,594,USD,fixed,2,,fixed,,fixed
383097,FLOHOM 09 -- FLOHOM 09 | Baltimore Peninsula,hostaway,,2027-03-27,2027-03-27,594,USD,fixed,2,,fixed,,fixed
404358,FLOHOM 10 -- FLOHOM 10 | Virginia Beach,hostaway,,2027-03-27,2027-03-27,720,USD,fixed,2,,fixed,,fixed
427313,FLOHOM 11 -- FLOHOM 11 | Virginia Beach,hostaway,,2027-03-27,2027-03-27,566,USD,fixed,2,,fixed,,fixed
422608,"FLOHOM 12 -- FLOHOM 12 | Inner Harbor - Fells Point, Baltimore",hostaway,,2027-03-27,2027-03-27,720,USD,fixed,2,,fixed,,fixed
485833,"FLOHOM 13 -- FLOHOM 13 | Inner Harbor, Baltimore",hostaway,,2027-03-27,2027-03-27,1112,USD,fixed,2,,fixed,,fixed
407612,"FLOHOM 14 -- FLOHOM 14 | Pasadena, Chesapeake Bay",hostaway,,2027-03-27,2027-03-27,566,USD,fixed,2,,fixed,,fixed
467334,FLOHOM 15 -- FLOHOM 15 | North Myrtle Beach,hostaway,,2027-03-27,2027-03-27,1047,USD,fixed,2,,fixed,,fixed
510832,FLOHOM 16 | Liberty Landing Marina,hostaway,,2027-03-27,2027-03-27,794,USD,fixed,2,,fixed,,fixed
146908,"FLOHOM 01 -- FLOHOM 01 | Inner Harbor, Baltimore",hostaway,,2027-03-28,2027-03-28,685,USD,fixed,2,,fixed,,fixed
146944,"FLOHOM 02 -- FLOHOM 02 | Inner Harbor - Canton, Baltimore",hostaway,,2027-03-28,2027-03-28,552,USD,fixed,2,,fixed,,fixed
146946,"FLOHOM 03 -- FLOHOM 03 | Magothy River, Annapolis",hostaway,,2027-03-28,2027-03-28,489,USD,fixed,2,,fixed,,fixed
260001,FLOHOM 04 -- FLOHOM 04 | National Harbor,hostaway,,2027-03-28,2027-03-28,811,USD,fixed,2,,fixed,,fixed
278502,"FLOHOM 05 -- FLOHOM 05 | Inner Harbor, Baltimore",hostaway,,2027-03-28,2027-03-28,514,USD,fixed,2,,fixed,,fixed
345316,FLOHOM 06 -- FLOHOM 06 | National Harbor,hostaway,,2027-03-28,2027-03-28,944,USD,fixed,2,,fixed,,fixed
366176,"FLOHOM 07 -- FLOHOM 07 | Inner Harbor - Canton, Baltimore",hostaway,,2027-03-28,2027-03-28,615,USD,fixed,2,,fixed,,fixed
376368,FLOHOM 08 -- FLOHOM 08 | National Harbor,hostaway,,2027-03-28,2027-03-28,514,USD,fixed,2,,fixed,,fixed
383097,FLOHOM 09 -- FLOHOM 09 | Baltimore Peninsula,hostaway,,2027-03-28,2027-03-28,514,USD,fixed,2,,fixed,,fixed
404358,FLOHOM 10 -- FLOHOM 10 | Virginia Beach,hostaway,,2027-03-28,2027-03-28,615,USD,fixed,2,,fixed,,fixed
427313,FLOHOM 11 -- FLOHOM 11 | Virginia Beach,hostaway,,2027-03-28,2027-03-28,489,USD,fixed,2,,fixed,,fixed
422608,"FLOHOM 12 -- FLOHOM 12 | Inner Harbor - Fells Point, Baltimore",hostaway,,2027-03-28,2027-03-28,615,USD,fixed,2,,fixed,,fixed
485833,"FLOHOM 13 -- FLOHOM 13 | Inner Harbor, Baltimore",hostaway,,2027-03-28,2027-03-28,944,USD,fixed,2,,fixed,,fixed
407612,"FLOHOM 14 -- FLOHOM 14 | Pasadena, Chesapeake Bay",hostaway,,2027-03-28,2027-03-28,489,USD,fixed,2,,fixed,,fixed
467334,FLOHOM 15 -- FLOHOM 15 | North Myrtle Beach,hostaway,,2027-03-28,2027-03-28,853,USD,fixed,2,,fixed,,fixed
510832,FLOHOM 16 | Liberty Landing Marina,hostaway,,2027-03-28,2027-03-28,674,USD,fixed,2,,fixed,,fixed
146908,"FLOHOM 01 -- FLOHOM 01 | Inner Harbor, Baltimore",hostaway,,2027-03-29,2027-03-29,587,USD,fixed,2,,fixed,,fixed
146944,"FLOHOM 02 -- FLOHOM 02 | Inner Harbor - Canton, Baltimore",hostaway,,2027-03-29,2027-03-29,489,USD,fixed,2,,fixed,,fixed
146946,"FLOHOM 03 -- FLOHOM 03 | Magothy River, Annapolis",hostaway,,2027-03-29,2027-03-29,398,USD,fixed,2,,fixed,,fixed
260001,FLOHOM 04 -- FLOHOM 04 | National Harbor,hostaway,,2027-03-29,2027-03-29,608,USD,fixed,2,,fixed,,fixed
278502,"FLOHOM 05 -- FLOHOM 05 | Inner Harbor, Baltimore",hostaway,,2027-03-29,2027-03-29,437,USD,fixed,2,,fixed,,fixed
345316,FLOHOM 06 -- FLOHOM 06 | National Harbor,hostaway,,2027-03-29,2027-03-29,662,USD,fixed,2,,fixed,,fixed
366176,"FLOHOM 07 -- FLOHOM 07 | Inner Harbor - Canton, Baltimore",hostaway,,2027-03-29,2027-03-29,512,USD,fixed,2,,fixed,,fixed
376368,FLOHOM 08 -- FLOHOM 08 | National Harbor,hostaway,,2027-03-29,2027-03-29,437,USD,fixed,2,,fixed,,fixed
383097,FLOHOM 09 -- FLOHOM 09 | Baltimore Peninsula,hostaway,,2027-03-29,2027-03-29,437,USD,fixed,2,,fixed,,fixed
404358,FLOHOM 10 -- FLOHOM 10 | Virginia Beach,hostaway,,2027-03-29,2027-03-29,512,USD,fixed,2,,fixed,,fixed
427313,FLOHOM 11 -- FLOHOM 11 | Virginia Beach,hostaway,,2027-03-29,2027-03-29,398,USD,fixed,2,,fixed,,fixed
422608,"FLOHOM 12 -- FLOHOM 12 | Inner Harbor - Fells Point, Baltimore",hostaway,,2027-03-29,2027-03-29,512,USD,fixed,2,,fixed,,fixed
485833,"FLOHOM 13 -- FLOHOM 13 | Inner Harbor, Baltimore",hostaway,,2027-03-29,2027-03-29,662,USD,fixed,2,,fixed,,fixed
407612,"FLOHOM 14 -- FLOHOM 14 | Pasadena, Chesapeake Bay",hostaway,,2027-03-29,2027-03-29,398,USD,fixed,2,,fixed,,fixed
467334,FLOHOM 15 -- FLOHOM 15 | North Myrtle Beach,hostaway,,2027-03-29,2027-03-29,636,USD,fixed,2,,fixed,,fixed
510832,FLOHOM 16 | Liberty Landing Marina,hostaway,,2027-03-29,2027-03-29,473,USD,fixed,2,,fixed,,fixed
146908,"FLOHOM 01 -- FLOHOM 01 | Inner Harbor, Baltimore",hostaway,,2027-03-30,2027-03-30,587,USD,fixed,2,,fixed,,fixed
146944,"FLOHOM 02 -- FLOHOM 02 | Inner Harbor - Canton, Baltimore",hostaway,,2027-03-30,2027-03-30,489,USD,fixed,2,,fixed,,fixed
146946,"FLOHOM 03 -- FLOHOM 03 | Magothy River, Annapolis",hostaway,,2027-03-30,2027-03-30,398,USD,fixed,2,,fixed,,fixed
260001,FLOHOM 04 -- FLOHOM 04 | National Harbor,hostaway,,2027-03-30,2027-03-30,608,USD,fixed,2,,fixed,,fixed
278502,"FLOHOM 05 -- FLOHOM 05 | Inner Harbor, Baltimore",hostaway,,2027-03-30,2027-03-30,437,USD,fixed,2,,fixed,,fixed
345316,FLOHOM 06 -- FLOHOM 06 | National Harbor,hostaway,,2027-03-30,2027-03-30,662,USD,fixed,2,,fixed,,fixed
366176,"FLOHOM 07 -- FLOHOM 07 | Inner Harbor - Canton, Baltimore",hostaway,,2027-03-30,2027-03-30,512,USD,fixed,2,,fixed,,fixed
376368,FLOHOM 08 -- FLOHOM 08 | National Harbor,hostaway,,2027-03-30,2027-03-30,437,USD,fixed,2,,fixed,,fixed
383097,FLOHOM 09 -- FLOHOM 09 | Baltimore Peninsula,hostaway,,2027-03-30,2027-03-30,437,USD,fixed,2,,fixed,,fixed
404358,FLOHOM 10 -- FLOHOM 10 | Virginia Beach,hostaway,,2027-03-30,2027-03-30,512,USD,fixed,2,,fixed,,fixed
427313,FLOHOM 11 -- FLOHOM 11 | Virginia Beach,hostaway,,2027-03-30,2027-03-30,398,USD,fixed,2,,fixed,,fixed
422608,"FLOHOM 12 -- FLOHOM 12 | Inner Harbor - Fells Point, Baltimore",hostaway,,2027-03-30,2027-03-30,512,USD,fixed,2,,fixed,,fixed
485833,"FLOHOM 13 -- FLOHOM 13 | Inner Harbor, Baltimore",hostaway,,2027-03-30,2027-03-30,662,USD,fixed,2,,fixed,,fixed
407612,"FLOHOM 14 -- FLOHOM 14 | Pasadena, Chesapeake Bay",hostaway,,2027-03-30,2027-03-30,398,USD,fixed,2,,fixed,,fixed
467334,FLOHOM 15 -- FLOHOM 15 | North Myrtle Beach,hostaway,,2027-03-30,2027-03-30,636,USD,fixed,2,,fixed,,fixed
510832,FLOHOM 16 | Liberty Landing Marina,hostaway,,2027-03-30,2027-03-30,473,USD,fixed,2,,fixed,,fixed
146908,"FLOHOM 01 -- FLOHOM 01 | Inner Harbor, Baltimore",hostaway,,2027-03-31,2027-03-31,587,USD,fixed,2,,fixed,,fixed
146944,"FLOHOM 02 -- FLOHOM 02 | Inner Harbor - Canton, Baltimore",hostaway,,2027-03-31,2027-03-31,489,USD,fixed,2,,fixed,,fixed
146946,"FLOHOM 03 -- FLOHOM 03 | Magothy River, Annapolis",hostaway,,2027-03-31,2027-03-31,398,USD,fixed,2,,fixed,,fixed
260001,FLOHOM 04 -- FLOHOM 04 | National Harbor,hostaway,,2027-03-31,2027-03-31,608,USD,fixed,2,,fixed,,fixed
278502,"FLOHOM 05 -- FLOHOM 05 | Inner Harbor, Baltimore",hostaway,,2027-03-31,2027-03-31,437,USD,fixed,2,,fixed,,fixed
345316,FLOHOM 06 -- FLOHOM 06 | National Harbor,hostaway,,2027-03-31,2027-03-31,662,USD,fixed,2,,fixed,,fixed
366176,"FLOHOM 07 -- FLOHOM 07 | Inner Harbor - Canton, Baltimore",hostaway,,2027-03-31,2027-03-31,512,USD,fixed,2,,fixed,,fixed
376368,FLOHOM 08 -- FLOHOM 08 | National Harbor,hostaway,,2027-03-31,2027-03-31,437,USD,fixed,2,,fixed,,fixed
383097,FLOHOM 09 -- FLOHOM 09 | Baltimore Peninsula,hostaway,,2027-03-31,2027-03-31,437,USD,fixed,2,,fixed,,fixed
404358,FLOHOM 10 -- FLOHOM 10 | Virginia Beach,hostaway,,2027-03-31,2027-03-31,512,USD,fixed,2,,fixed,,fixed
427313,FLOHOM 11 -- FLOHOM 11 | Virginia Beach,hostaway,,2027-03-31,2027-03-31,398,USD,fixed,2,,fixed,,fixed
422608,"FLOHOM 12 -- FLOHOM 12 | Inner Harbor - Fells Point, Baltimore",hostaway,,2027-03-31,2027-03-31,512,USD,fixed,2,,fixed,,fixed
485833,"FLOHOM 13 -- FLOHOM 13 | Inner Harbor, Baltimore",hostaway,,2027-03-31,2027-03-31,662,USD,fixed,2,,fixed,,fixed
407612,"FLOHOM 14 -- FLOHOM 14 | Pasadena, Chesapeake Bay",hostaway,,2027-03-31,2027-03-31,398,USD,fixed,2,,fixed,,fixed
467334,FLOHOM 15 -- FLOHOM 15 | North Myrtle Beach,hostaway,,2027-03-31,2027-03-31,636,USD,fixed,2,,fixed,,fixed
510832,FLOHOM 16 | Liberty Landing Marina,hostaway,,2027-03-31,2027-03-31,473,USD,fixed,2,,fixed,,fixed
146908,"FLOHOM 01 -- FLOHOM 01 | Inner Harbor, Baltimore",hostaway,,2027-04-01,2027-04-01,783,USD,fixed,2,,fixed,,fixed
146944,"FLOHOM 02 -- FLOHOM 02 | Inner Harbor - Canton, Baltimore",hostaway,,2027-04-01,2027-04-01,615,USD,fixed,2,,fixed,,fixed
146946,"FLOHOM 03 -- FLOHOM 03 | Magothy River, Annapolis",hostaway,,2027-04-01,2027-04-01,514,USD,fixed,2,,fixed,,fixed
260001,FLOHOM 04 -- FLOHOM 04 | National Harbor,hostaway,,2027-04-01,2027-04-01,909,USD,fixed,2,,fixed,,fixed
278502,"FLOHOM 05 -- FLOHOM 05 | Inner Harbor, Baltimore",hostaway,,2027-04-01,2027-04-01,552,USD,fixed,2,,fixed,,fixed
345316,FLOHOM 06 -- FLOHOM 06 | National Harbor,hostaway,,2027-04-01,2027-04-01,1088,USD,fixed,2,,fixed,,fixed
366176,"FLOHOM 07 -- FLOHOM 07 | Inner Harbor - Canton, Baltimore",hostaway,,2027-04-01,2027-04-01,692,USD,fixed,2,,fixed,,fixed
376368,FLOHOM 08 -- FLOHOM 08 | National Harbor,hostaway,,2027-04-01,2027-04-01,552,USD,fixed,2,,fixed,,fixed
383097,FLOHOM 09 -- FLOHOM 09 | Baltimore Peninsula,hostaway,,2027-04-01,2027-04-01,552,USD,fixed,2,,fixed,,fixed
404358,FLOHOM 10 -- FLOHOM 10 | Virginia Beach,hostaway,,2027-04-01,2027-04-01,692,USD,fixed,2,,fixed,,fixed
427313,FLOHOM 11 -- FLOHOM 11 | Virginia Beach,hostaway,,2027-04-01,2027-04-01,514,USD,fixed,2,,fixed,,fixed
422608,"FLOHOM 12 -- FLOHOM 12 | Inner Harbor - Fells Point, Baltimore",hostaway,,2027-04-01,2027-04-01,692,USD,fixed,2,,fixed,,fixed
485833,"FLOHOM 13 -- FLOHOM 13 | Inner Harbor, Baltimore",hostaway,,2027-04-01,2027-04-01,1088,USD,fixed,2,,fixed,,fixed
407612,"FLOHOM 14 -- FLOHOM 14 | Pasadena, Chesapeake Bay",hostaway,,2027-04-01,2027-04-01,514,USD,fixed,2,,fixed,,fixed
467334,FLOHOM 15 -- FLOHOM 15 | North Myrtle Beach,hostaway,,2027-04-01,2027-04-01,969,USD,fixed,2,,fixed,,fixed
510832,FLOHOM 16 | Liberty Landing Marina,hostaway,,2027-04-01,2027-04-01,777,USD,fixed,2,,fixed,,fixed
146908,"FLOHOM 01 -- FLOHOM 01 | Inner Harbor, Baltimore",hostaway,,2027-04-02,2027-04-02,951,USD,fixed,2,,fixed,,fixed
146944,"FLOHOM 02 -- FLOHOM 02 | Inner Harbor - Canton, Baltimore",hostaway,,2027-04-02,2027-04-02,720,USD,fixed,2,,fixed,,fixed
146946,"FLOHOM 03 -- FLOHOM 03 | Magothy River, Annapolis",hostaway,,2027-04-02,2027-04-02,594,USD,fixed,2,,fixed,,fixed
260001,FLOHOM 04 -- FLOHOM 04 | National Harbor,hostaway,,2027-04-02,2027-04-02,1088,USD,fixed,2,,fixed,,fixed
278502,"FLOHOM 05 -- FLOHOM 05 | Inner Harbor, Baltimore",hostaway,,2027-04-02,2027-04-02,666,USD,fixed,2,,fixed,,fixed
345316,FLOHOM 06 -- FLOHOM 06 | National Harbor,hostaway,,2027-04-02,2027-04-02,1283,USD,fixed,2,,fixed,,fixed
366176,"FLOHOM 07 -- FLOHOM 07 | Inner Harbor - Canton, Baltimore",hostaway,,2027-04-02,2027-04-02,860,USD,fixed,2,,fixed,,fixed
376368,FLOHOM 08 -- FLOHOM 08 | National Harbor,hostaway,,2027-04-02,2027-04-02,666,USD,fixed,2,,fixed,,fixed
383097,FLOHOM 09 -- FLOHOM 09 | Baltimore Peninsula,hostaway,,2027-04-02,2027-04-02,666,USD,fixed,2,,fixed,,fixed
404358,FLOHOM 10 -- FLOHOM 10 | Virginia Beach,hostaway,,2027-04-02,2027-04-02,860,USD,fixed,2,,fixed,,fixed
427313,FLOHOM 11 -- FLOHOM 11 | Virginia Beach,hostaway,,2027-04-02,2027-04-02,594,USD,fixed,2,,fixed,,fixed
422608,"FLOHOM 12 -- FLOHOM 12 | Inner Harbor - Fells Point, Baltimore",hostaway,,2027-04-02,2027-04-02,860,USD,fixed,2,,fixed,,fixed
485833,"FLOHOM 13 -- FLOHOM 13 | Inner Harbor, Baltimore",hostaway,,2027-04-02,2027-04-02,1283,USD,fixed,2,,fixed,,fixed
407612,"FLOHOM 14 -- FLOHOM 14 | Pasadena, Chesapeake Bay",hostaway,,2027-04-02,2027-04-02,594,USD,fixed,2,,fixed,,fixed
467334,FLOHOM 15 -- FLOHOM 15 | North Myrtle Beach,hostaway,,2027-04-02,2027-04-02,1141,USD,fixed,2,,fixed,,fixed
510832,FLOHOM 16 | Liberty Landing Marina,hostaway,,2027-04-02,2027-04-02,916,USD,fixed,2,,fixed,,fixed
146908,"FLOHOM 01 -- FLOHOM 01 | Inner Harbor, Baltimore",hostaway,,2027-04-03,2027-04-03,951,USD,fixed,2,,fixed,,fixed
146944,"FLOHOM 02 -- FLOHOM 02 | Inner Harbor - Canton, Baltimore",hostaway,,2027-04-03,2027-04-03,720,USD,fixed,2,,fixed,,fixed
146946,"FLOHOM 03 -- FLOHOM 03 | Magothy River, Annapolis",hostaway,,2027-04-03,2027-04-03,594,USD,fixed,2,,fixed,,fixed
260001,FLOHOM 04 -- FLOHOM 04 | National Harbor,hostaway,,2027-04-03,2027-04-03,1088,USD,fixed,2,,fixed,,fixed
278502,"FLOHOM 05 -- FLOHOM 05 | Inner Harbor, Baltimore",hostaway,,2027-04-03,2027-04-03,666,USD,fixed,2,,fixed,,fixed
345316,FLOHOM 06 -- FLOHOM 06 | National Harbor,hostaway,,2027-04-03,2027-04-03,1283,USD,fixed,2,,fixed,,fixed
366176,"FLOHOM 07 -- FLOHOM 07 | Inner Harbor - Canton, Baltimore",hostaway,,2027-04-03,2027-04-03,860,USD,fixed,2,,fixed,,fixed
376368,FLOHOM 08 -- FLOHOM 08 | National Harbor,hostaway,,2027-04-03,2027-04-03,666,USD,fixed,2,,fixed,,fixed
383097,FLOHOM 09 -- FLOHOM 09 | Baltimore Peninsula,hostaway,,2027-04-03,2027-04-03,666,USD,fixed,2,,fixed,,fixed
404358,FLOHOM 10 -- FLOHOM 10 | Virginia Beach,hostaway,,2027-04-03,2027-04-03,860,USD,fixed,2,,fixed,,fixed
427313,FLOHOM 11 -- FLOHOM 11 | Virginia Beach,hostaway,,2027-04-03,2027-04-03,594,USD,fixed,2,,fixed,,fixed
422608,"FLOHOM 12 -- FLOHOM 12 | Inner Harbor - Fells Point, Baltimore",hostaway,,2027-04-03,2027-04-03,860,USD,fixed,2,,fixed,,fixed
485833,"FLOHOM 13 -- FLOHOM 13 | Inner Harbor, Baltimore",hostaway,,2027-04-03,2027-04-03,1283,USD,fixed,2,,fixed,,fixed
407612,"FLOHOM 14 -- FLOHOM 14 | Pasadena, Chesapeake Bay",hostaway,,2027-04-03,2027-04-03,594,USD,fixed,2,,fixed,,fixed
467334,FLOHOM 15 -- FLOHOM 15 | North Myrtle Beach,hostaway,,2027-04-03,2027-04-03,1141,USD,fixed,2,,fixed,,fixed
510832,FLOHOM 16 | Liberty Landing Marina,hostaway,,2027-04-03,2027-04-03,916,USD,fixed,2,,fixed,,fixed
146908,"FLOHOM 01 -- FLOHOM 01 | Inner Harbor, Baltimore",hostaway,,2027-04-04,2027-04-04,783,USD,fixed,2,,fixed,,fixed
146944,"FLOHOM 02 -- FLOHOM 02 | Inner Harbor - Canton, Baltimore",hostaway,,2027-04-04,2027-04-04,615,USD,fixed,2,,fixed,,fixed
146946,"FLOHOM 03 -- FLOHOM 03 | Magothy River, Annapolis",hostaway,,2027-04-04,2027-04-04,514,USD,fixed,2,,fixed,,fixed
260001,FLOHOM 04 -- FLOHOM 04 | National Harbor,hostaway,,2027-04-04,2027-04-04,909,USD,fixed,2,,fixed,,fixed
278502,"FLOHOM 05 -- FLOHOM 05 | Inner Harbor, Baltimore",hostaway,,2027-04-04,2027-04-04,552,USD,fixed,2,,fixed,,fixed
345316,FLOHOM 06 -- FLOHOM 06 | National Harbor,hostaway,,2027-04-04,2027-04-04,1088,USD,fixed,2,,fixed,,fixed
366176,"FLOHOM 07 -- FLOHOM 07 | Inner Harbor - Canton, Baltimore",hostaway,,2027-04-04,2027-04-04,692,USD,fixed,2,,fixed,,fixed
376368,FLOHOM 08 -- FLOHOM 08 | National Harbor,hostaway,,2027-04-04,2027-04-04,552,USD,fixed,2,,fixed,,fixed
383097,FLOHOM 09 -- FLOHOM 09 | Baltimore Peninsula,hostaway,,2027-04-04,2027-04-04,552,USD,fixed,2,,fixed,,fixed
404358,FLOHOM 10 -- FLOHOM 10 | Virginia Beach,hostaway,,2027-04-04,2027-04-04,692,USD,fixed,2,,fixed,,fixed
427313,FLOHOM 11 -- FLOHOM 11 | Virginia Beach,hostaway,,2027-04-04,2027-04-04,514,USD,fixed,2,,fixed,,fixed
422608,"FLOHOM 12 -- FLOHOM 12 | Inner Harbor - Fells Point, Baltimore",hostaway,,2027-04-04,2027-04-04,692,USD,fixed,2,,fixed,,fixed
485833,"FLOHOM 13 -- FLOHOM 13 | Inner Harbor, Baltimore",hostaway,,2027-04-04,2027-04-04,1088,USD,fixed,2,,fixed,,fixed
407612,"FLOHOM 14 -- FLOHOM 14 | Pasadena, Chesapeake Bay",hostaway,,2027-04-04,2027-04-04,514,USD,fixed,2,,fixed,,fixed
467334,FLOHOM 15 -- FLOHOM 15 | North Myrtle Beach,hostaway,,2027-04-04,2027-04-04,969,USD,fixed,2,,fixed,,fixed
510832,FLOHOM 16 | Liberty Landing Marina,hostaway,,2027-04-04,2027-04-04,777,USD,fixed,2,,fixed,,fixed
146908,"FLOHOM 01 -- FLOHOM 01 | Inner Harbor, Baltimore",hostaway,,2027-04-05,2027-04-05,643,USD,fixed,2,,fixed,,fixed
146944,"FLOHOM 02 -- FLOHOM 02 | Inner Harbor - Canton, Baltimore",hostaway,,2027-04-05,2027-04-05,512,USD,fixed,2,,fixed,,fixed
146946,"FLOHOM 03 -- FLOHOM 03 | Magothy River, Annapolis",hostaway,,2027-04-05,2027-04-05,437,USD,fixed,2,,fixed,,fixed
260001,FLOHOM 04 -- FLOHOM 04 | National Harbor,hostaway,,2027-04-05,2027-04-05,662,USD,fixed,2,,fixed,,fixed
278502,"FLOHOM 05 -- FLOHOM 05 | Inner Harbor, Baltimore",hostaway,,2027-04-05,2027-04-05,466,USD,fixed,2,,fixed,,fixed
345316,FLOHOM 06 -- FLOHOM 06 | National Harbor,hostaway,,2027-04-05,2027-04-05,747,USD,fixed,2,,fixed,,fixed
366176,"FLOHOM 07 -- FLOHOM 07 | Inner Harbor - Canton, Baltimore",hostaway,,2027-04-05,2027-04-05,596,USD,fixed,2,,fixed,,fixed
376368,FLOHOM 08 -- FLOHOM 08 | National Harbor,hostaway,,2027-04-05,2027-04-05,466,USD,fixed,2,,fixed,,fixed
383097,FLOHOM 09 -- FLOHOM 09 | Baltimore Peninsula,hostaway,,2027-04-05,2027-04-05,466,USD,fixed,2,,fixed,,fixed
404358,FLOHOM 10 -- FLOHOM 10 | Virginia Beach,hostaway,,2027-04-05,2027-04-05,596,USD,fixed,2,,fixed,,fixed
427313,FLOHOM 11 -- FLOHOM 11 | Virginia Beach,hostaway,,2027-04-05,2027-04-05,437,USD,fixed,2,,fixed,,fixed
422608,"FLOHOM 12 -- FLOHOM 12 | Inner Harbor - Fells Point, Baltimore",hostaway,,2027-04-05,2027-04-05,596,USD,fixed,2,,fixed,,fixed
485833,"FLOHOM 13 -- FLOHOM 13 | Inner Harbor, Baltimore",hostaway,,2027-04-05,2027-04-05,747,USD,fixed,2,,fixed,,fixed
407612,"FLOHOM 14 -- FLOHOM 14 | Pasadena, Chesapeake Bay",hostaway,,2027-04-05,2027-04-05,437,USD,fixed,2,,fixed,,fixed
467334,FLOHOM 15 -- FLOHOM 15 | North Myrtle Beach,hostaway,,2027-04-05,2027-04-05,699,USD,fixed,2,,fixed,,fixed
510832,FLOHOM 16 | Liberty Landing Marina,hostaway,,2027-04-05,2027-04-05,534,USD,fixed,2,,fixed,,fixed
146908,"FLOHOM 01 -- FLOHOM 01 | Inner Harbor, Baltimore",hostaway,,2027-04-06,2027-04-06,643,USD,fixed,2,,fixed,,fixed
146944,"FLOHOM 02 -- FLOHOM 02 | Inner Harbor - Canton, Baltimore",hostaway,,2027-04-06,2027-04-06,512,USD,fixed,2,,fixed,,fixed
146946,"FLOHOM 03 -- FLOHOM 03 | Magothy River, Annapolis",hostaway,,2027-04-06,2027-04-06,437,USD,fixed,2,,fixed,,fixed
260001,FLOHOM 04 -- FLOHOM 04 | National Harbor,hostaway,,2027-04-06,2027-04-06,662,USD,fixed,2,,fixed,,fixed
278502,"FLOHOM 05 -- FLOHOM 05 | Inner Harbor, Baltimore",hostaway,,2027-04-06,2027-04-06,466,USD,fixed,2,,fixed,,fixed
345316,FLOHOM 06 -- FLOHOM 06 | National Harbor,hostaway,,2027-04-06,2027-04-06,747,USD,fixed,2,,fixed,,fixed
366176,"FLOHOM 07 -- FLOHOM 07 | Inner Harbor - Canton, Baltimore",hostaway,,2027-04-06,2027-04-06,596,USD,fixed,2,,fixed,,fixed
376368,FLOHOM 08 -- FLOHOM 08 | National Harbor,hostaway,,2027-04-06,2027-04-06,466,USD,fixed,2,,fixed,,fixed
383097,FLOHOM 09 -- FLOHOM 09 | Baltimore Peninsula,hostaway,,2027-04-06,2027-04-06,466,USD,fixed,2,,fixed,,fixed
404358,FLOHOM 10 -- FLOHOM 10 | Virginia Beach,hostaway,,2027-04-06,2027-04-06,596,USD,fixed,2,,fixed,,fixed
427313,FLOHOM 11 -- FLOHOM 11 | Virginia Beach,hostaway,,2027-04-06,2027-04-06,437,USD,fixed,2,,fixed,,fixed
422608,"FLOHOM 12 -- FLOHOM 12 | Inner Harbor - Fells Point, Baltimore",hostaway,,2027-04-06,2027-04-06,596,USD,fixed,2,,fixed,,fixed
485833,"FLOHOM 13 -- FLOHOM 13 | Inner Harbor, Baltimore",hostaway,,2027-04-06,2027-04-06,747,USD,fixed,2,,fixed,,fixed
407612,"FLOHOM 14 -- FLOHOM 14 | Pasadena, Chesapeake Bay",hostaway,,2027-04-06,2027-04-06,437,USD,fixed,2,,fixed,,fixed
467334,FLOHOM 15 -- FLOHOM 15 | North Myrtle Beach,hostaway,,2027-04-06,2027-04-06,699,USD,fixed,2,,fixed,,fixed
510832,FLOHOM 16 | Liberty Landing Marina,hostaway,,2027-04-06,2027-04-06,534,USD,fixed,2,,fixed,,fixed
146908,"FLOHOM 01 -- FLOHOM 01 | Inner Harbor, Baltimore",hostaway,,2027-04-07,2027-04-07,643,USD,fixed,2,,fixed,,fixed
146944,"FLOHOM 02 -- FLOHOM 02 | Inner Harbor - Canton, Baltimore",hostaway,,2027-04-07,2027-04-07,512,USD,fixed,2,,fixed,,fixed
146946,"FLOHOM 03 -- FLOHOM 03 | Magothy River, Annapolis",hostaway,,2027-04-07,2027-04-07,437,USD,fixed,2,,fixed,,fixed
260001,FLOHOM 04 -- FLOHOM 04 | National Harbor,hostaway,,2027-04-07,2027-04-07,662,USD,fixed,2,,fixed,,fixed
278502,"FLOHOM 05 -- FLOHOM 05 | Inner Harbor, Baltimore",hostaway,,2027-04-07,2027-04-07,466,USD,fixed,2,,fixed,,fixed
345316,FLOHOM 06 -- FLOHOM 06 | National Harbor,hostaway,,2027-04-07,2027-04-07,747,USD,fixed,2,,fixed,,fixed
366176,"FLOHOM 07 -- FLOHOM 07 | Inner Harbor - Canton, Baltimore",hostaway,,2027-04-07,2027-04-07,596,USD,fixed,2,,fixed,,fixed
376368,FLOHOM 08 -- FLOHOM 08 | National Harbor,hostaway,,2027-04-07,2027-04-07,466,USD,fixed,2,,fixed,,fixed
383097,FLOHOM 09 -- FLOHOM 09 | Baltimore Peninsula,hostaway,,2027-04-07,2027-04-07,466,USD,fixed,2,,fixed,,fixed
404358,FLOHOM 10 -- FLOHOM 10 | Virginia Beach,hostaway,,2027-04-07,2027-04-07,596,USD,fixed,2,,fixed,,fixed
427313,FLOHOM 11 -- FLOHOM 11 | Virginia Beach,hostaway,,2027-04-07,2027-04-07,437,USD,fixed,2,,fixed,,fixed
422608,"FLOHOM 12 -- FLOHOM 12 | Inner Harbor - Fells Point, Baltimore",hostaway,,2027-04-07,2027-04-07,596,USD,fixed,2,,fixed,,fixed
485833,"FLOHOM 13 -- FLOHOM 13 | Inner Harbor, Baltimore",hostaway,,2027-04-07,2027-04-07,747,USD,fixed,2,,fixed,,fixed
407612,"FLOHOM 14 -- FLOHOM 14 | Pasadena, Chesapeake Bay",hostaway,,2027-04-07,2027-04-07,437,USD,fixed,2,,fixed,,fixed
467334,FLOHOM 15 -- FLOHOM 15 | North Myrtle Beach,hostaway,,2027-04-07,2027-04-07,699,USD,fixed,2,,fixed,,fixed
510832,FLOHOM 16 | Liberty Landing Marina,hostaway,,2027-04-07,2027-04-07,534,USD,fixed,2,,fixed,,fixed
146908,"FLOHOM 01 -- FLOHOM 01 | Inner Harbor, Baltimore",hostaway,,2027-04-08,2027-04-08,783,USD,fixed,2,,fixed,,fixed
146944,"FLOHOM 02 -- FLOHOM 02 | Inner Harbor - Canton, Baltimore",hostaway,,2027-04-08,2027-04-08,615,USD,fixed,2,,fixed,,fixed
146946,"FLOHOM 03 -- FLOHOM 03 | Magothy River, Annapolis",hostaway,,2027-04-08,2027-04-08,514,USD,fixed,2,,fixed,,fixed
260001,FLOHOM 04 -- FLOHOM 04 | National Harbor,hostaway,,2027-04-08,2027-04-08,909,USD,fixed,2,,fixed,,fixed
278502,"FLOHOM 05 -- FLOHOM 05 | Inner Harbor, Baltimore",hostaway,,2027-04-08,2027-04-08,552,USD,fixed,2,,fixed,,fixed
345316,FLOHOM 06 -- FLOHOM 06 | National Harbor,hostaway,,2027-04-08,2027-04-08,1088,USD,fixed,2,,fixed,,fixed
366176,"FLOHOM 07 -- FLOHOM 07 | Inner Harbor - Canton, Baltimore",hostaway,,2027-04-08,2027-04-08,692,USD,fixed,2,,fixed,,fixed
376368,FLOHOM 08 -- FLOHOM 08 | National Harbor,hostaway,,2027-04-08,2027-04-08,552,USD,fixed,2,,fixed,,fixed
383097,FLOHOM 09 -- FLOHOM 09 | Baltimore Peninsula,hostaway,,2027-04-08,2027-04-08,552,USD,fixed,2,,fixed,,fixed
404358,FLOHOM 10 -- FLOHOM 10 | Virginia Beach,hostaway,,2027-04-08,2027-04-08,692,USD,fixed,2,,fixed,,fixed
427313,FLOHOM 11 -- FLOHOM 11 | Virginia Beach,hostaway,,2027-04-08,2027-04-08,514,USD,fixed,2,,fixed,,fixed
422608,"FLOHOM 12 -- FLOHOM 12 | Inner Harbor - Fells Point, Baltimore",hostaway,,2027-04-08,2027-04-08,692,USD,fixed,2,,fixed,,fixed
485833,"FLOHOM 13 -- FLOHOM 13 | Inner Harbor, Baltimore",hostaway,,2027-04-08,2027-04-08,1088,USD,fixed,2,,fixed,,fixed
407612,"FLOHOM 14 -- FLOHOM 14 | Pasadena, Chesapeake Bay",hostaway,,2027-04-08,2027-04-08,514,USD,fixed,2,,fixed,,fixed
467334,FLOHOM 15 -- FLOHOM 15 | North Myrtle Beach,hostaway,,2027-04-08,2027-04-08,969,USD,fixed,2,,fixed,,fixed
510832,FLOHOM 16 | Liberty Landing Marina,hostaway,,2027-04-08,2027-04-08,777,USD,fixed,2,,fixed,,fixed
146908,"FLOHOM 01 -- FLOHOM 01 | Inner Harbor, Baltimore",hostaway,,2027-04-09,2027-04-09,951,USD,fixed,2,,fixed,,fixed
146944,"FLOHOM 02 -- FLOHOM 02 | Inner Harbor - Canton, Baltimore",hostaway,,2027-04-09,2027-04-09,720,USD,fixed,2,,fixed,,fixed
146946,"FLOHOM 03 -- FLOHOM 03 | Magothy River, Annapolis",hostaway,,2027-04-09,2027-04-09,594,USD,fixed,2,,fixed,,fixed
260001,FLOHOM 04 -- FLOHOM 04 | National Harbor,hostaway,,2027-04-09,2027-04-09,1088,USD,fixed,2,,fixed,,fixed
278502,"FLOHOM 05 -- FLOHOM 05 | Inner Harbor, Baltimore",hostaway,,2027-04-09,2027-04-09,666,USD,fixed,2,,fixed,,fixed
345316,FLOHOM 06 -- FLOHOM 06 | National Harbor,hostaway,,2027-04-09,2027-04-09,1283,USD,fixed,2,,fixed,,fixed
366176,"FLOHOM 07 -- FLOHOM 07 | Inner Harbor - Canton, Baltimore",hostaway,,2027-04-09,2027-04-09,860,USD,fixed,2,,fixed,,fixed
376368,FLOHOM 08 -- FLOHOM 08 | National Harbor,hostaway,,2027-04-09,2027-04-09,666,USD,fixed,2,,fixed,,fixed
383097,FLOHOM 09 -- FLOHOM 09 | Baltimore Peninsula,hostaway,,2027-04-09,2027-04-09,666,USD,fixed,2,,fixed,,fixed
404358,FLOHOM 10 -- FLOHOM 10 | Virginia Beach,hostaway,,2027-04-09,2027-04-09,860,USD,fixed,2,,fixed,,fixed
427313,FLOHOM 11 -- FLOHOM 11 | Virginia Beach,hostaway,,2027-04-09,2027-04-09,594,USD,fixed,2,,fixed,,fixed
422608,"FLOHOM 12 -- FLOHOM 12 | Inner Harbor - Fells Point, Baltimore",hostaway,,2027-04-09,2027-04-09,860,USD,fixed,2,,fixed,,fixed
485833,"FLOHOM 13 -- FLOHOM 13 | Inner Harbor, Baltimore",hostaway,,2027-04-09,2027-04-09,1283,USD,fixed,2,,fixed,,fixed
407612,"FLOHOM 14 -- FLOHOM 14 | Pasadena, Chesapeake Bay",hostaway,,2027-04-09,2027-04-09,594,USD,fixed,2,,fixed,,fixed
467334,FLOHOM 15 -- FLOHOM 15 | North Myrtle Beach,hostaway,,2027-04-09,2027-04-09,1141,USD,fixed,2,,fixed,,fixed
510832,FLOHOM 16 | Liberty Landing Marina,hostaway,,2027-04-09,2027-04-09,916,USD,fixed,2,,fixed,,fixed
146908,"FLOHOM 01 -- FLOHOM 01 | Inner Harbor, Baltimore",hostaway,,2027-04-10,2027-04-10,951,USD,fixed,2,,fixed,,fixed
146944,"FLOHOM 02 -- FLOHOM 02 | Inner Harbor - Canton, Baltimore",hostaway,,2027-04-10,2027-04-10,720,USD,fixed,2,,fixed,,fixed
146946,"FLOHOM 03 -- FLOHOM 03 | Magothy River, Annapolis",hostaway,,2027-04-10,2027-04-10,594,USD,fixed,2,,fixed,,fixed
260001,FLOHOM 04 -- FLOHOM 04 | National Harbor,hostaway,,2027-04-10,2027-04-10,1088,USD,fixed,2,,fixed,,fixed
278502,"FLOHOM 05 -- FLOHOM 05 | Inner Harbor, Baltimore",hostaway,,2027-04-10,2027-04-10,666,USD,fixed,2,,fixed,,fixed
345316,FLOHOM 06 -- FLOHOM 06 | National Harbor,hostaway,,2027-04-10,2027-04-10,1283,USD,fixed,2,,fixed,,fixed
366176,"FLOHOM 07 -- FLOHOM 07 | Inner Harbor - Canton, Baltimore",hostaway,,2027-04-10,2027-04-10,860,USD,fixed,2,,fixed,,fixed
376368,FLOHOM 08 -- FLOHOM 08 | National Harbor,hostaway,,2027-04-10,2027-04-10,666,USD,fixed,2,,fixed,,fixed
383097,FLOHOM 09 -- FLOHOM 09 | Baltimore Peninsula,hostaway,,2027-04-10,2027-04-10,666,USD,fixed,2,,fixed,,fixed
404358,FLOHOM 10 -- FLOHOM 10 | Virginia Beach,hostaway,,2027-04-10,2027-04-10,860,USD,fixed,2,,fixed,,fixed
427313,FLOHOM 11 -- FLOHOM 11 | Virginia Beach,hostaway,,2027-04-10,2027-04-10,594,USD,fixed,2,,fixed,,fixed
422608,"FLOHOM 12 -- FLOHOM 12 | Inner Harbor - Fells Point, Baltimore",hostaway,,2027-04-10,2027-04-10,860,USD,fixed,2,,fixed,,fixed
485833,"FLOHOM 13 -- FLOHOM 13 | Inner Harbor, Baltimore",hostaway,,2027-04-10,2027-04-10,1283,USD,fixed,2,,fixed,,fixed
407612,"FLOHOM 14 -- FLOHOM 14 | Pasadena, Chesapeake Bay",hostaway,,2027-04-10,2027-04-10,594,USD,fixed,2,,fixed,,fixed
467334,FLOHOM 15 -- FLOHOM 15 | North Myrtle Beach,hostaway,,2027-04-10,2027-04-10,1141,USD,fixed,2,,fixed,,fixed
510832,FLOHOM 16 | Liberty Landing Marina,hostaway,,2027-04-10,2027-04-10,916,USD,fixed,2,,fixed,,fixed
146908,"FLOHOM 01 -- FLOHOM 01 | Inner Harbor, Baltimore",hostaway,,2027-04-11,2027-04-11,783,USD,fixed,2,,fixed,,fixed
146944,"FLOHOM 02 -- FLOHOM 02 | Inner Harbor - Canton, Baltimore",hostaway,,2027-04-11,2027-04-11,615,USD,fixed,2,,fixed,,fixed
146946,"FLOHOM 03 -- FLOHOM 03 | Magothy River, Annapolis",hostaway,,2027-04-11,2027-04-11,514,USD,fixed,2,,fixed,,fixed
260001,FLOHOM 04 -- FLOHOM 04 | National Harbor,hostaway,,2027-04-11,2027-04-11,909,USD,fixed,2,,fixed,,fixed
278502,"FLOHOM 05 -- FLOHOM 05 | Inner Harbor, Baltimore",hostaway,,2027-04-11,2027-04-11,552,USD,fixed,2,,fixed,,fixed
345316,FLOHOM 06 -- FLOHOM 06 | National Harbor,hostaway,,2027-04-11,2027-04-11,1088,USD,fixed,2,,fixed,,fixed
366176,"FLOHOM 07 -- FLOHOM 07 | Inner Harbor - Canton, Baltimore",hostaway,,2027-04-11,2027-04-11,692,USD,fixed,2,,fixed,,fixed
376368,FLOHOM 08 -- FLOHOM 08 | National Harbor,hostaway,,2027-04-11,2027-04-11,552,USD,fixed,2,,fixed,,fixed
383097,FLOHOM 09 -- FLOHOM 09 | Baltimore Peninsula,hostaway,,2027-04-11,2027-04-11,552,USD,fixed,2,,fixed,,fixed
404358,FLOHOM 10 -- FLOHOM 10 | Virginia Beach,hostaway,,2027-04-11,2027-04-11,692,USD,fixed,2,,fixed,,fixed
427313,FLOHOM 11 -- FLOHOM 11 | Virginia Beach,hostaway,,2027-04-11,2027-04-11,514,USD,fixed,2,,fixed,,fixed
422608,"FLOHOM 12 -- FLOHOM 12 | Inner Harbor - Fells Point, Baltimore",hostaway,,2027-04-11,2027-04-11,692,USD,fixed,2,,fixed,,fixed
485833,"FLOHOM 13 -- FLOHOM 13 | Inner Harbor, Baltimore",hostaway,,2027-04-11,2027-04-11,1088,USD,fixed,2,,fixed,,fixed
407612,"FLOHOM 14 -- FLOHOM 14 | Pasadena, Chesapeake Bay",hostaway,,2027-04-11,2027-04-11,514,USD,fixed,2,,fixed,,fixed
467334,FLOHOM 15 -- FLOHOM 15 | North Myrtle Beach,hostaway,,2027-04-11,2027-04-11,969,USD,fixed,2,,fixed,,fixed
510832,FLOHOM 16 | Liberty Landing Marina,hostaway,,2027-04-11,2027-04-11,777,USD,fixed,2,,fixed,,fixed
146908,"FLOHOM 01 -- FLOHOM 01 | Inner Harbor, Baltimore",hostaway,,2027-04-12,2027-04-12,459,USD,fixed,2,,fixed,,fixed
146944,"FLOHOM 02 -- FLOHOM 02 | Inner Harbor - Canton, Baltimore",hostaway,,2027-04-12,2027-04-12,366,USD,fixed,2,,fixed,,fixed
146946,"FLOHOM 03 -- FLOHOM 03 | Magothy River, Annapolis",hostaway,,2027-04-12,2027-04-12,312,USD,fixed,2,,fixed,,fixed
260001,FLOHOM 04 -- FLOHOM 04 | National Harbor,hostaway,,2027-04-12,2027-04-12,473,USD,fixed,2,,fixed,,fixed
278502,"FLOHOM 05 -- FLOHOM 05 | Inner Harbor, Baltimore",hostaway,,2027-04-12,2027-04-12,333,USD,fixed,2,,fixed,,fixed
345316,FLOHOM 06 -- FLOHOM 06 | National Harbor,hostaway,,2027-04-12,2027-04-12,534,USD,fixed,2,,fixed,,fixed
366176,"FLOHOM 07 -- FLOHOM 07 | Inner Harbor - Canton, Baltimore",hostaway,,2027-04-12,2027-04-12,426,USD,fixed,2,,fixed,,fixed
376368,FLOHOM 08 -- FLOHOM 08 | National Harbor,hostaway,,2027-04-12,2027-04-12,333,USD,fixed,2,,fixed,,fixed
383097,FLOHOM 09 -- FLOHOM 09 | Baltimore Peninsula,hostaway,,2027-04-12,2027-04-12,333,USD,fixed,2,,fixed,,fixed
404358,FLOHOM 10 -- FLOHOM 10 | Virginia Beach,hostaway,,2027-04-12,2027-04-12,426,USD,fixed,2,,fixed,,fixed
427313,FLOHOM 11 -- FLOHOM 11 | Virginia Beach,hostaway,,2027-04-12,2027-04-12,312,USD,fixed,2,,fixed,,fixed
422608,"FLOHOM 12 -- FLOHOM 12 | Inner Harbor - Fells Point, Baltimore",hostaway,,2027-04-12,2027-04-12,426,USD,fixed,2,,fixed,,fixed
485833,"FLOHOM 13 -- FLOHOM 13 | Inner Harbor, Baltimore",hostaway,,2027-04-12,2027-04-12,534,USD,fixed,2,,fixed,,fixed
407612,"FLOHOM 14 -- FLOHOM 14 | Pasadena, Chesapeake Bay",hostaway,,2027-04-12,2027-04-12,312,USD,fixed,2,,fixed,,fixed
467334,FLOHOM 15 -- FLOHOM 15 | North Myrtle Beach,hostaway,,2027-04-12,2027-04-12,499,USD,fixed,2,,fixed,,fixed
510832,FLOHOM 16 | Liberty Landing Marina,hostaway,,2027-04-12,2027-04-12,534,USD,fixed,2,,fixed,,fixed
146908,"FLOHOM 01 -- FLOHOM 01 | Inner Harbor, Baltimore",hostaway,,2027-04-13,2027-04-13,459,USD,fixed,2,,fixed,,fixed
146944,"FLOHOM 02 -- FLOHOM 02 | Inner Harbor - Canton, Baltimore",hostaway,,2027-04-13,2027-04-13,366,USD,fixed,2,,fixed,,fixed
146946,"FLOHOM 03 -- FLOHOM 03 | Magothy River, Annapolis",hostaway,,2027-04-13,2027-04-13,312,USD,fixed,2,,fixed,,fixed
260001,FLOHOM 04 -- FLOHOM 04 | National Harbor,hostaway,,2027-04-13,2027-04-13,473,USD,fixed,2,,fixed,,fixed
278502,"FLOHOM 05 -- FLOHOM 05 | Inner Harbor, Baltimore",hostaway,,2027-04-13,2027-04-13,333,USD,fixed,2,,fixed,,fixed
345316,FLOHOM 06 -- FLOHOM 06 | National Harbor,hostaway,,2027-04-13,2027-04-13,534,USD,fixed,2,,fixed,,fixed
366176,"FLOHOM 07 -- FLOHOM 07 | Inner Harbor - Canton, Baltimore",hostaway,,2027-04-13,2027-04-13,426,USD,fixed,2,,fixed,,fixed
376368,FLOHOM 08 -- FLOHOM 08 | National Harbor,hostaway,,2027-04-13,2027-04-13,333,USD,fixed,2,,fixed,,fixed
383097,FLOHOM 09 -- FLOHOM 09 | Baltimore Peninsula,hostaway,,2027-04-13,2027-04-13,333,USD,fixed,2,,fixed,,fixed
404358,FLOHOM 10 -- FLOHOM 10 | Virginia Beach,hostaway,,2027-04-13,2027-04-13,426,USD,fixed,2,,fixed,,fixed
427313,FLOHOM 11 -- FLOHOM 11 | Virginia Beach,hostaway,,2027-04-13,2027-04-13,312,USD,fixed,2,,fixed,,fixed
422608,"FLOHOM 12 -- FLOHOM 12 | Inner Harbor - Fells Point, Baltimore",hostaway,,2027-04-13,2027-04-13,426,USD,fixed,2,,fixed,,fixed
485833,"FLOHOM 13 -- FLOHOM 13 | Inner Harbor, Baltimore",hostaway,,2027-04-13,2027-04-13,534,USD,fixed,2,,fixed,,fixed
407612,"FLOHOM 14 -- FLOHOM 14 | Pasadena, Chesapeake Bay",hostaway,,2027-04-13,2027-04-13,312,USD,fixed,2,,fixed,,fixed
467334,FLOHOM 15 -- FLOHOM 15 | North Myrtle Beach,hostaway,,2027-04-13,2027-04-13,499,USD,fixed,2,,fixed,,fixed
510832,FLOHOM 16 | Liberty Landing Marina,hostaway,,2027-04-13,2027-04-13,534,USD,fixed,2,,fixed,,fixed
146908,"FLOHOM 01 -- FLOHOM 01 | Inner Harbor, Baltimore",hostaway,,2027-04-14,2027-04-14,459,USD,fixed,2,,fixed,,fixed
146944,"FLOHOM 02 -- FLOHOM 02 | Inner Harbor - Canton, Baltimore",hostaway,,2027-04-14,2027-04-14,366,USD,fixed,2,,fixed,,fixed
146946,"FLOHOM 03 -- FLOHOM 03 | Magothy River, Annapolis",hostaway,,2027-04-14,2027-04-14,312,USD,fixed,2,,fixed,,fixed
260001,FLOHOM 04 -- FLOHOM 04 | National Harbor,hostaway,,2027-04-14,2027-04-14,473,USD,fixed,2,,fixed,,fixed
278502,"FLOHOM 05 -- FLOHOM 05 | Inner Harbor, Baltimore",hostaway,,2027-04-14,2027-04-14,333,USD,fixed,2,,fixed,,fixed
345316,FLOHOM 06 -- FLOHOM 06 | National Harbor,hostaway,,2027-04-14,2027-04-14,534,USD,fixed,2,,fixed,,fixed
366176,"FLOHOM 07 -- FLOHOM 07 | Inner Harbor - Canton, Baltimore",hostaway,,2027-04-14,2027-04-14,426,USD,fixed,2,,fixed,,fixed
376368,FLOHOM 08 -- FLOHOM 08 | National Harbor,hostaway,,2027-04-14,2027-04-14,333,USD,fixed,2,,fixed,,fixed
383097,FLOHOM 09 -- FLOHOM 09 | Baltimore Peninsula,hostaway,,2027-04-14,2027-04-14,333,USD,fixed,2,,fixed,,fixed
404358,FLOHOM 10 -- FLOHOM 10 | Virginia Beach,hostaway,,2027-04-14,2027-04-14,426,USD,fixed,2,,fixed,,fixed
427313,FLOHOM 11 -- FLOHOM 11 | Virginia Beach,hostaway,,2027-04-14,2027-04-14,312,USD,fixed,2,,fixed,,fixed
422608,"FLOHOM 12 -- FLOHOM 12 | Inner Harbor - Fells Point, Baltimore",hostaway,,2027-04-14,2027-04-14,426,USD,fixed,2,,fixed,,fixed
485833,"FLOHOM 13 -- FLOHOM 13 | Inner Harbor, Baltimore",hostaway,,2027-04-14,2027-04-14,534,USD,fixed,2,,fixed,,fixed
407612,"FLOHOM 14 -- FLOHOM 14 | Pasadena, Chesapeake Bay",hostaway,,2027-04-14,2027-04-14,312,USD,fixed,2,,fixed,,fixed
467334,FLOHOM 15 -- FLOHOM 15 | North Myrtle Beach,hostaway,,2027-04-14,2027-04-14,499,USD,fixed,2,,fixed,,fixed
510832,FLOHOM 16 | Liberty Landing Marina,hostaway,,2027-04-14,2027-04-14,534,USD,fixed,2,,fixed,,fixed
146908,"FLOHOM 01 -- FLOHOM 01 | Inner Harbor, Baltimore",hostaway,,2027-04-15,2027-04-15,559,USD,fixed,2,,fixed,,fixed
146944,"FLOHOM 02 -- FLOHOM 02 | Inner Harbor - Canton, Baltimore",hostaway,,2027-04-15,2027-04-15,439,USD,fixed,2,,fixed,,fixed
146946,"FLOHOM 03 -- FLOHOM 03 | Magothy River, Annapolis",hostaway,,2027-04-15,2027-04-15,367,USD,fixed,2,,fixed,,fixed
260001,FLOHOM 04 -- FLOHOM 04 | National Harbor,hostaway,,2027-04-15,2027-04-15,649,USD,fixed,2,,fixed,,fixed
278502,"FLOHOM 05 -- FLOHOM 05 | Inner Harbor, Baltimore",hostaway,,2027-04-15,2027-04-15,394,USD,fixed,2,,fixed,,fixed
345316,FLOHOM 06 -- FLOHOM 06 | National Harbor,hostaway,,2027-04-15,2027-04-15,777,USD,fixed,2,,fixed,,fixed
366176,"FLOHOM 07 -- FLOHOM 07 | Inner Harbor - Canton, Baltimore",hostaway,,2027-04-15,2027-04-15,494,USD,fixed,2,,fixed,,fixed
376368,FLOHOM 08 -- FLOHOM 08 | National Harbor,hostaway,,2027-04-15,2027-04-15,394,USD,fixed,2,,fixed,,fixed
383097,FLOHOM 09 -- FLOHOM 09 | Baltimore Peninsula,hostaway,,2027-04-15,2027-04-15,394,USD,fixed,2,,fixed,,fixed
404358,FLOHOM 10 -- FLOHOM 10 | Virginia Beach,hostaway,,2027-04-15,2027-04-15,494,USD,fixed,2,,fixed,,fixed
427313,FLOHOM 11 -- FLOHOM 11 | Virginia Beach,hostaway,,2027-04-15,2027-04-15,367,USD,fixed,2,,fixed,,fixed
422608,"FLOHOM 12 -- FLOHOM 12 | Inner Harbor - Fells Point, Baltimore",hostaway,,2027-04-15,2027-04-15,494,USD,fixed,2,,fixed,,fixed
485833,"FLOHOM 13 -- FLOHOM 13 | Inner Harbor, Baltimore",hostaway,,2027-04-15,2027-04-15,777,USD,fixed,2,,fixed,,fixed
407612,"FLOHOM 14 -- FLOHOM 14 | Pasadena, Chesapeake Bay",hostaway,,2027-04-15,2027-04-15,367,USD,fixed,2,,fixed,,fixed
467334,FLOHOM 15 -- FLOHOM 15 | North Myrtle Beach,hostaway,,2027-04-15,2027-04-15,692,USD,fixed,2,,fixed,,fixed
510832,FLOHOM 16 | Liberty Landing Marina,hostaway,,2027-04-15,2027-04-15,777,USD,fixed,2,,fixed,,fixed
146908,"FLOHOM 01 -- FLOHOM 01 | Inner Harbor, Baltimore",hostaway,,2027-04-16,2027-04-16,679,USD,fixed,2,,fixed,,fixed
146944,"FLOHOM 02 -- FLOHOM 02 | Inner Harbor - Canton, Baltimore",hostaway,,2027-04-16,2027-04-16,514,USD,fixed,2,,fixed,,fixed
146946,"FLOHOM 03 -- FLOHOM 03 | Magothy River, Annapolis",hostaway,,2027-04-16,2027-04-16,424,USD,fixed,2,,fixed,,fixed
260001,FLOHOM 04 -- FLOHOM 04 | National Harbor,hostaway,,2027-04-16,2027-04-16,777,USD,fixed,2,,fixed,,fixed
278502,"FLOHOM 05 -- FLOHOM 05 | Inner Harbor, Baltimore",hostaway,,2027-04-16,2027-04-16,476,USD,fixed,2,,fixed,,fixed
345316,FLOHOM 06 -- FLOHOM 06 | National Harbor,hostaway,,2027-04-16,2027-04-16,916,USD,fixed,2,,fixed,,fixed
366176,"FLOHOM 07 -- FLOHOM 07 | Inner Harbor - Canton, Baltimore",hostaway,,2027-04-16,2027-04-16,614,USD,fixed,2,,fixed,,fixed
376368,FLOHOM 08 -- FLOHOM 08 | National Harbor,hostaway,,2027-04-16,2027-04-16,476,USD,fixed,2,,fixed,,fixed
383097,FLOHOM 09 -- FLOHOM 09 | Baltimore Peninsula,hostaway,,2027-04-16,2027-04-16,476,USD,fixed,2,,fixed,,fixed
404358,FLOHOM 10 -- FLOHOM 10 | Virginia Beach,hostaway,,2027-04-16,2027-04-16,614,USD,fixed,2,,fixed,,fixed
427313,FLOHOM 11 -- FLOHOM 11 | Virginia Beach,hostaway,,2027-04-16,2027-04-16,424,USD,fixed,2,,fixed,,fixed
422608,"FLOHOM 12 -- FLOHOM 12 | Inner Harbor - Fells Point, Baltimore",hostaway,,2027-04-16,2027-04-16,614,USD,fixed,2,,fixed,,fixed
485833,"FLOHOM 13 -- FLOHOM 13 | Inner Harbor, Baltimore",hostaway,,2027-04-16,2027-04-16,916,USD,fixed,2,,fixed,,fixed
407612,"FLOHOM 14 -- FLOHOM 14 | Pasadena, Chesapeake Bay",hostaway,,2027-04-16,2027-04-16,424,USD,fixed,2,,fixed,,fixed
467334,FLOHOM 15 -- FLOHOM 15 | North Myrtle Beach,hostaway,,2027-04-16,2027-04-16,815,USD,fixed,2,,fixed,,fixed
510832,FLOHOM 16 | Liberty Landing Marina,hostaway,,2027-04-16,2027-04-16,916,USD,fixed,2,,fixed,,fixed
146908,"FLOHOM 01 -- FLOHOM 01 | Inner Harbor, Baltimore",hostaway,,2027-04-17,2027-04-17,679,USD,fixed,2,,fixed,,fixed
146944,"FLOHOM 02 -- FLOHOM 02 | Inner Harbor - Canton, Baltimore",hostaway,,2027-04-17,2027-04-17,514,USD,fixed,2,,fixed,,fixed
146946,"FLOHOM 03 -- FLOHOM 03 | Magothy River, Annapolis",hostaway,,2027-04-17,2027-04-17,424,USD,fixed,2,,fixed,,fixed
260001,FLOHOM 04 -- FLOHOM 04 | National Harbor,hostaway,,2027-04-17,2027-04-17,777,USD,fixed,2,,fixed,,fixed
278502,"FLOHOM 05 -- FLOHOM 05 | Inner Harbor, Baltimore",hostaway,,2027-04-17,2027-04-17,476,USD,fixed,2,,fixed,,fixed
345316,FLOHOM 06 -- FLOHOM 06 | National Harbor,hostaway,,2027-04-17,2027-04-17,916,USD,fixed,2,,fixed,,fixed
366176,"FLOHOM 07 -- FLOHOM 07 | Inner Harbor - Canton, Baltimore",hostaway,,2027-04-17,2027-04-17,614,USD,fixed,2,,fixed,,fixed
376368,FLOHOM 08 -- FLOHOM 08 | National Harbor,hostaway,,2027-04-17,2027-04-17,476,USD,fixed,2,,fixed,,fixed
383097,FLOHOM 09 -- FLOHOM 09 | Baltimore Peninsula,hostaway,,2027-04-17,2027-04-17,476,USD,fixed,2,,fixed,,fixed
404358,FLOHOM 10 -- FLOHOM 10 | Virginia Beach,hostaway,,2027-04-17,2027-04-17,614,USD,fixed,2,,fixed,,fixed
427313,FLOHOM 11 -- FLOHOM 11 | Virginia Beach,hostaway,,2027-04-17,2027-04-17,424,USD,fixed,2,,fixed,,fixed
422608,"FLOHOM 12 -- FLOHOM 12 | Inner Harbor - Fells Point, Baltimore",hostaway,,2027-04-17,2027-04-17,614,USD,fixed,2,,fixed,,fixed
485833,"FLOHOM 13 -- FLOHOM 13 | Inner Harbor, Baltimore",hostaway,,2027-04-17,2027-04-17,916,USD,fixed,2,,fixed,,fixed
407612,"FLOHOM 14 -- FLOHOM 14 | Pasadena, Chesapeake Bay",hostaway,,2027-04-17,2027-04-17,424,USD,fixed,2,,fixed,,fixed
467334,FLOHOM 15 -- FLOHOM 15 | North Myrtle Beach,hostaway,,2027-04-17,2027-04-17,815,USD,fixed,2,,fixed,,fixed
510832,FLOHOM 16 | Liberty Landing Marina,hostaway,,2027-04-17,2027-04-17,916,USD,fixed,2,,fixed,,fixed
146908,"FLOHOM 01 -- FLOHOM 01 | Inner Harbor, Baltimore",hostaway,,2027-04-18,2027-04-18,559,USD,fixed,2,,fixed,,fixed
146944,"FLOHOM 02 -- FLOHOM 02 | Inner Harbor - Canton, Baltimore",hostaway,,2027-04-18,2027-04-18,439,USD,fixed,2,,fixed,,fixed
146946,"FLOHOM 03 -- FLOHOM 03 | Magothy River, Annapolis",hostaway,,2027-04-18,2027-04-18,367,USD,fixed,2,,fixed,,fixed
260001,FLOHOM 04 -- FLOHOM 04 | National Harbor,hostaway,,2027-04-18,2027-04-18,649,USD,fixed,2,,fixed,,fixed
278502,"FLOHOM 05 -- FLOHOM 05 | Inner Harbor, Baltimore",hostaway,,2027-04-18,2027-04-18,394,USD,fixed,2,,fixed,,fixed
345316,FLOHOM 06 -- FLOHOM 06 | National Harbor,hostaway,,2027-04-18,2027-04-18,777,USD,fixed,2,,fixed,,fixed
366176,"FLOHOM 07 -- FLOHOM 07 | Inner Harbor - Canton, Baltimore",hostaway,,2027-04-18,2027-04-18,494,USD,fixed,2,,fixed,,fixed
376368,FLOHOM 08 -- FLOHOM 08 | National Harbor,hostaway,,2027-04-18,2027-04-18,394,USD,fixed,2,,fixed,,fixed
383097,FLOHOM 09 -- FLOHOM 09 | Baltimore Peninsula,hostaway,,2027-04-18,2027-04-18,394,USD,fixed,2,,fixed,,fixed
404358,FLOHOM 10 -- FLOHOM 10 | Virginia Beach,hostaway,,2027-04-18,2027-04-18,494,USD,fixed,2,,fixed,,fixed
427313,FLOHOM 11 -- FLOHOM 11 | Virginia Beach,hostaway,,2027-04-18,2027-04-18,367,USD,fixed,2,,fixed,,fixed
422608,"FLOHOM 12 -- FLOHOM 12 | Inner Harbor - Fells Point, Baltimore",hostaway,,2027-04-18,2027-04-18,494,USD,fixed,2,,fixed,,fixed
485833,"FLOHOM 13 -- FLOHOM 13 | Inner Harbor, Baltimore",hostaway,,2027-04-18,2027-04-18,777,USD,fixed,2,,fixed,,fixed
407612,"FLOHOM 14 -- FLOHOM 14 | Pasadena, Chesapeake Bay",hostaway,,2027-04-18,2027-04-18,367,USD,fixed,2,,fixed,,fixed
467334,FLOHOM 15 -- FLOHOM 15 | North Myrtle Beach,hostaway,,2027-04-18,2027-04-18,692,USD,fixed,2,,fixed,,fixed
510832,FLOHOM 16 | Liberty Landing Marina,hostaway,,2027-04-18,2027-04-18,777,USD,fixed,2,,fixed,,fixed
146908,"FLOHOM 01 -- FLOHOM 01 | Inner Harbor, Baltimore",hostaway,,2027-04-19,2027-04-19,459,USD,fixed,2,,fixed,,fixed
146944,"FLOHOM 02 -- FLOHOM 02 | Inner Harbor - Canton, Baltimore",hostaway,,2027-04-19,2027-04-19,366,USD,fixed,2,,fixed,,fixed
146946,"FLOHOM 03 -- FLOHOM 03 | Magothy River, Annapolis",hostaway,,2027-04-19,2027-04-19,312,USD,fixed,2,,fixed,,fixed
260001,FLOHOM 04 -- FLOHOM 04 | National Harbor,hostaway,,2027-04-19,2027-04-19,473,USD,fixed,2,,fixed,,fixed
278502,"FLOHOM 05 -- FLOHOM 05 | Inner Harbor, Baltimore",hostaway,,2027-04-19,2027-04-19,333,USD,fixed,2,,fixed,,fixed
345316,FLOHOM 06 -- FLOHOM 06 | National Harbor,hostaway,,2027-04-19,2027-04-19,534,USD,fixed,2,,fixed,,fixed
366176,"FLOHOM 07 -- FLOHOM 07 | Inner Harbor - Canton, Baltimore",hostaway,,2027-04-19,2027-04-19,426,USD,fixed,2,,fixed,,fixed
376368,FLOHOM 08 -- FLOHOM 08 | National Harbor,hostaway,,2027-04-19,2027-04-19,333,USD,fixed,2,,fixed,,fixed
383097,FLOHOM 09 -- FLOHOM 09 | Baltimore Peninsula,hostaway,,2027-04-19,2027-04-19,333,USD,fixed,2,,fixed,,fixed
404358,FLOHOM 10 -- FLOHOM 10 | Virginia Beach,hostaway,,2027-04-19,2027-04-19,426,USD,fixed,2,,fixed,,fixed
427313,FLOHOM 11 -- FLOHOM 11 | Virginia Beach,hostaway,,2027-04-19,2027-04-19,312,USD,fixed,2,,fixed,,fixed
422608,"FLOHOM 12 -- FLOHOM 12 | Inner Harbor - Fells Point, Baltimore",hostaway,,2027-04-19,2027-04-19,426,USD,fixed,2,,fixed,,fixed
485833,"FLOHOM 13 -- FLOHOM 13 | Inner Harbor, Baltimore",hostaway,,2027-04-19,2027-04-19,534,USD,fixed,2,,fixed,,fixed
407612,"FLOHOM 14 -- FLOHOM 14 | Pasadena, Chesapeake Bay",hostaway,,2027-04-19,2027-04-19,312,USD,fixed,2,,fixed,,fixed
467334,FLOHOM 15 -- FLOHOM 15 | North Myrtle Beach,hostaway,,2027-04-19,2027-04-19,499,USD,fixed,2,,fixed,,fixed
510832,FLOHOM 16 | Liberty Landing Marina,hostaway,,2027-04-19,2027-04-19,534,USD,fixed,2,,fixed,,fixed
146908,"FLOHOM 01 -- FLOHOM 01 | Inner Harbor, Baltimore",hostaway,,2027-04-20,2027-04-20,459,USD,fixed,2,,fixed,,fixed
146944,"FLOHOM 02 -- FLOHOM 02 | Inner Harbor - Canton, Baltimore",hostaway,,2027-04-20,2027-04-20,366,USD,fixed,2,,fixed,,fixed
146946,"FLOHOM 03 -- FLOHOM 03 | Magothy River, Annapolis",hostaway,,2027-04-20,2027-04-20,312,USD,fixed,2,,fixed,,fixed
260001,FLOHOM 04 -- FLOHOM 04 | National Harbor,hostaway,,2027-04-20,2027-04-20,473,USD,fixed,2,,fixed,,fixed
278502,"FLOHOM 05 -- FLOHOM 05 | Inner Harbor, Baltimore",hostaway,,2027-04-20,2027-04-20,333,USD,fixed,2,,fixed,,fixed
345316,FLOHOM 06 -- FLOHOM 06 | National Harbor,hostaway,,2027-04-20,2027-04-20,534,USD,fixed,2,,fixed,,fixed
366176,"FLOHOM 07 -- FLOHOM 07 | Inner Harbor - Canton, Baltimore",hostaway,,2027-04-20,2027-04-20,426,USD,fixed,2,,fixed,,fixed
376368,FLOHOM 08 -- FLOHOM 08 | National Harbor,hostaway,,2027-04-20,2027-04-20,333,USD,fixed,2,,fixed,,fixed
383097,FLOHOM 09 -- FLOHOM 09 | Baltimore Peninsula,hostaway,,2027-04-20,2027-04-20,333,USD,fixed,2,,fixed,,fixed
404358,FLOHOM 10 -- FLOHOM 10 | Virginia Beach,hostaway,,2027-04-20,2027-04-20,426,USD,fixed,2,,fixed,,fixed
427313,FLOHOM 11 -- FLOHOM 11 | Virginia Beach,hostaway,,2027-04-20,2027-04-20,312,USD,fixed,2,,fixed,,fixed
422608,"FLOHOM 12 -- FLOHOM 12 | Inner Harbor - Fells Point, Baltimore",hostaway,,2027-04-20,2027-04-20,426,USD,fixed,2,,fixed,,fixed
485833,"FLOHOM 13 -- FLOHOM 13 | Inner Harbor, Baltimore",hostaway,,2027-04-20,2027-04-20,534,USD,fixed,2,,fixed,,fixed
407612,"FLOHOM 14 -- FLOHOM 14 | Pasadena, Chesapeake Bay",hostaway,,2027-04-20,2027-04-20,312,USD,fixed,2,,fixed,,fixed
467334,FLOHOM 15 -- FLOHOM 15 | North Myrtle Beach,hostaway,,2027-04-20,2027-04-20,499,USD,fixed,2,,fixed,,fixed
510832,FLOHOM 16 | Liberty Landing Marina,hostaway,,2027-04-20,2027-04-20,534,USD,fixed,2,,fixed,,fixed
146908,"FLOHOM 01 -- FLOHOM 01 | Inner Harbor, Baltimore",hostaway,,2027-04-21,2027-04-21,459,USD,fixed,2,,fixed,,fixed
146944,"FLOHOM 02 -- FLOHOM 02 | Inner Harbor - Canton, Baltimore",hostaway,,2027-04-21,2027-04-21,366,USD,fixed,2,,fixed,,fixed
146946,"FLOHOM 03 -- FLOHOM 03 | Magothy River, Annapolis",hostaway,,2027-04-21,2027-04-21,312,USD,fixed,2,,fixed,,fixed
260001,FLOHOM 04 -- FLOHOM 04 | National Harbor,hostaway,,2027-04-21,2027-04-21,473,USD,fixed,2,,fixed,,fixed
278502,"FLOHOM 05 -- FLOHOM 05 | Inner Harbor, Baltimore",hostaway,,2027-04-21,2027-04-21,333,USD,fixed,2,,fixed,,fixed
345316,FLOHOM 06 -- FLOHOM 06 | National Harbor,hostaway,,2027-04-21,2027-04-21,534,USD,fixed,2,,fixed,,fixed
366176,"FLOHOM 07 -- FLOHOM 07 | Inner Harbor - Canton, Baltimore",hostaway,,2027-04-21,2027-04-21,426,USD,fixed,2,,fixed,,fixed
376368,FLOHOM 08 -- FLOHOM 08 | National Harbor,hostaway,,2027-04-21,2027-04-21,333,USD,fixed,2,,fixed,,fixed
383097,FLOHOM 09 -- FLOHOM 09 | Baltimore Peninsula,hostaway,,2027-04-21,2027-04-21,333,USD,fixed,2,,fixed,,fixed
404358,FLOHOM 10 -- FLOHOM 10 | Virginia Beach,hostaway,,2027-04-21,2027-04-21,426,USD,fixed,2,,fixed,,fixed
427313,FLOHOM 11 -- FLOHOM 11 | Virginia Beach,hostaway,,2027-04-21,2027-04-21,312,USD,fixed,2,,fixed,,fixed
422608,"FLOHOM 12 -- FLOHOM 12 | Inner Harbor - Fells Point, Baltimore",hostaway,,2027-04-21,2027-04-21,426,USD,fixed,2,,fixed,,fixed
485833,"FLOHOM 13 -- FLOHOM 13 | Inner Harbor, Baltimore",hostaway,,2027-04-21,2027-04-21,534,USD,fixed,2,,fixed,,fixed
407612,"FLOHOM 14 -- FLOHOM 14 | Pasadena, Chesapeake Bay",hostaway,,2027-04-21,2027-04-21,312,USD,fixed,2,,fixed,,fixed
467334,FLOHOM 15 -- FLOHOM 15 | North Myrtle Beach,hostaway,,2027-04-21,2027-04-21,499,USD,fixed,2,,fixed,,fixed
510832,FLOHOM 16 | Liberty Landing Marina,hostaway,,2027-04-21,2027-04-21,534,USD,fixed,2,,fixed,,fixed
146908,"FLOHOM 01 -- FLOHOM 01 | Inner Harbor, Baltimore",hostaway,,2027-04-22,2027-04-22,559,USD,fixed,2,,fixed,,fixed
146944,"FLOHOM 02 -- FLOHOM 02 | Inner Harbor - Canton, Baltimore",hostaway,,2027-04-22,2027-04-22,439,USD,fixed,2,,fixed,,fixed
146946,"FLOHOM 03 -- FLOHOM 03 | Magothy River, Annapolis",hostaway,,2027-04-22,2027-04-22,367,USD,fixed,2,,fixed,,fixed
260001,FLOHOM 04 -- FLOHOM 04 | National Harbor,hostaway,,2027-04-22,2027-04-22,649,USD,fixed,2,,fixed,,fixed
278502,"FLOHOM 05 -- FLOHOM 05 | Inner Harbor, Baltimore",hostaway,,2027-04-22,2027-04-22,394,USD,fixed,2,,fixed,,fixed
345316,FLOHOM 06 -- FLOHOM 06 | National Harbor,hostaway,,2027-04-22,2027-04-22,777,USD,fixed,2,,fixed,,fixed
366176,"FLOHOM 07 -- FLOHOM 07 | Inner Harbor - Canton, Baltimore",hostaway,,2027-04-22,2027-04-22,494,USD,fixed,2,,fixed,,fixed
376368,FLOHOM 08 -- FLOHOM 08 | National Harbor,hostaway,,2027-04-22,2027-04-22,394,USD,fixed,2,,fixed,,fixed
383097,FLOHOM 09 -- FLOHOM 09 | Baltimore Peninsula,hostaway,,2027-04-22,2027-04-22,394,USD,fixed,2,,fixed,,fixed
404358,FLOHOM 10 -- FLOHOM 10 | Virginia Beach,hostaway,,2027-04-22,2027-04-22,494,USD,fixed,2,,fixed,,fixed
427313,FLOHOM 11 -- FLOHOM 11 | Virginia Beach,hostaway,,2027-04-22,2027-04-22,367,USD,fixed,2,,fixed,,fixed
422608,"FLOHOM 12 -- FLOHOM 12 | Inner Harbor - Fells Point, Baltimore",hostaway,,2027-04-22,2027-04-22,494,USD,fixed,2,,fixed,,fixed
485833,"FLOHOM 13 -- FLOHOM 13 | Inner Harbor, Baltimore",hostaway,,2027-04-22,2027-04-22,777,USD,fixed,2,,fixed,,fixed
407612,"FLOHOM 14 -- FLOHOM 14 | Pasadena, Chesapeake Bay",hostaway,,2027-04-22,2027-04-22,367,USD,fixed,2,,fixed,,fixed
467334,FLOHOM 15 -- FLOHOM 15 | North Myrtle Beach,hostaway,,2027-04-22,2027-04-22,692,USD,fixed,2,,fixed,,fixed
510832,FLOHOM 16 | Liberty Landing Marina,hostaway,,2027-04-22,2027-04-22,1088,USD,fixed,2,,fixed,,fixed
146908,"FLOHOM 01 -- FLOHOM 01 | Inner Harbor, Baltimore",hostaway,,2027-04-23,2027-04-23,679,USD,fixed,2,,fixed,,fixed
146944,"FLOHOM 02 -- FLOHOM 02 | Inner Harbor - Canton, Baltimore",hostaway,,2027-04-23,2027-04-23,514,USD,fixed,2,,fixed,,fixed
146946,"FLOHOM 03 -- FLOHOM 03 | Magothy River, Annapolis",hostaway,,2027-04-23,2027-04-23,424,USD,fixed,2,,fixed,,fixed
260001,FLOHOM 04 -- FLOHOM 04 | National Harbor,hostaway,,2027-04-23,2027-04-23,777,USD,fixed,2,,fixed,,fixed
278502,"FLOHOM 05 -- FLOHOM 05 | Inner Harbor, Baltimore",hostaway,,2027-04-23,2027-04-23,476,USD,fixed,2,,fixed,,fixed
345316,FLOHOM 06 -- FLOHOM 06 | National Harbor,hostaway,,2027-04-23,2027-04-23,916,USD,fixed,2,,fixed,,fixed
366176,"FLOHOM 07 -- FLOHOM 07 | Inner Harbor - Canton, Baltimore",hostaway,,2027-04-23,2027-04-23,614,USD,fixed,2,,fixed,,fixed
376368,FLOHOM 08 -- FLOHOM 08 | National Harbor,hostaway,,2027-04-23,2027-04-23,476,USD,fixed,2,,fixed,,fixed
383097,FLOHOM 09 -- FLOHOM 09 | Baltimore Peninsula,hostaway,,2027-04-23,2027-04-23,476,USD,fixed,2,,fixed,,fixed
404358,FLOHOM 10 -- FLOHOM 10 | Virginia Beach,hostaway,,2027-04-23,2027-04-23,614,USD,fixed,2,,fixed,,fixed
427313,FLOHOM 11 -- FLOHOM 11 | Virginia Beach,hostaway,,2027-04-23,2027-04-23,424,USD,fixed,2,,fixed,,fixed
422608,"FLOHOM 12 -- FLOHOM 12 | Inner Harbor - Fells Point, Baltimore",hostaway,,2027-04-23,2027-04-23,614,USD,fixed,2,,fixed,,fixed
485833,"FLOHOM 13 -- FLOHOM 13 | Inner Harbor, Baltimore",hostaway,,2027-04-23,2027-04-23,916,USD,fixed,2,,fixed,,fixed
407612,"FLOHOM 14 -- FLOHOM 14 | Pasadena, Chesapeake Bay",hostaway,,2027-04-23,2027-04-23,424,USD,fixed,2,,fixed,,fixed
467334,FLOHOM 15 -- FLOHOM 15 | North Myrtle Beach,hostaway,,2027-04-23,2027-04-23,815,USD,fixed,2,,fixed,,fixed
510832,FLOHOM 16 | Liberty Landing Marina,hostaway,,2027-04-23,2027-04-23,1283,USD,fixed,2,,fixed,,fixed
146908,"FLOHOM 01 -- FLOHOM 01 | Inner Harbor, Baltimore",hostaway,,2027-04-24,2027-04-24,679,USD,fixed,2,,fixed,,fixed
146944,"FLOHOM 02 -- FLOHOM 02 | Inner Harbor - Canton, Baltimore",hostaway,,2027-04-24,2027-04-24,514,USD,fixed,2,,fixed,,fixed
146946,"FLOHOM 03 -- FLOHOM 03 | Magothy River, Annapolis",hostaway,,2027-04-24,2027-04-24,424,USD,fixed,2,,fixed,,fixed
260001,FLOHOM 04 -- FLOHOM 04 | National Harbor,hostaway,,2027-04-24,2027-04-24,777,USD,fixed,2,,fixed,,fixed
278502,"FLOHOM 05 -- FLOHOM 05 | Inner Harbor, Baltimore",hostaway,,2027-04-24,2027-04-24,476,USD,fixed,2,,fixed,,fixed
345316,FLOHOM 06 -- FLOHOM 06 | National Harbor,hostaway,,2027-04-24,2027-04-24,916,USD,fixed,2,,fixed,,fixed
366176,"FLOHOM 07 -- FLOHOM 07 | Inner Harbor - Canton, Baltimore",hostaway,,2027-04-24,2027-04-24,614,USD,fixed,2,,fixed,,fixed
376368,FLOHOM 08 -- FLOHOM 08 | National Harbor,hostaway,,2027-04-24,2027-04-24,476,USD,fixed,2,,fixed,,fixed
383097,FLOHOM 09 -- FLOHOM 09 | Baltimore Peninsula,hostaway,,2027-04-24,2027-04-24,476,USD,fixed,2,,fixed,,fixed
404358,FLOHOM 10 -- FLOHOM 10 | Virginia Beach,hostaway,,2027-04-24,2027-04-24,614,USD,fixed,2,,fixed,,fixed
427313,FLOHOM 11 -- FLOHOM 11 | Virginia Beach,hostaway,,2027-04-24,2027-04-24,424,USD,fixed,2,,fixed,,fixed
422608,"FLOHOM 12 -- FLOHOM 12 | Inner Harbor - Fells Point, Baltimore",hostaway,,2027-04-24,2027-04-24,614,USD,fixed,2,,fixed,,fixed
485833,"FLOHOM 13 -- FLOHOM 13 | Inner Harbor, Baltimore",hostaway,,2027-04-24,2027-04-24,916,USD,fixed,2,,fixed,,fixed
407612,"FLOHOM 14 -- FLOHOM 14 | Pasadena, Chesapeake Bay",hostaway,,2027-04-24,2027-04-24,424,USD,fixed,2,,fixed,,fixed
467334,FLOHOM 15 -- FLOHOM 15 | North Myrtle Beach,hostaway,,2027-04-24,2027-04-24,815,USD,fixed,2,,fixed,,fixed
510832,FLOHOM 16 | Liberty Landing Marina,hostaway,,2027-04-24,2027-04-24,1283,USD,fixed,2,,fixed,,fixed
146908,"FLOHOM 01 -- FLOHOM 01 | Inner Harbor, Baltimore",hostaway,,2027-04-25,2027-04-25,559,USD,fixed,2,,fixed,,fixed
146944,"FLOHOM 02 -- FLOHOM 02 | Inner Harbor - Canton, Baltimore",hostaway,,2027-04-25,2027-04-25,439,USD,fixed,2,,fixed,,fixed
146946,"FLOHOM 03 -- FLOHOM 03 | Magothy River, Annapolis",hostaway,,2027-04-25,2027-04-25,367,USD,fixed,2,,fixed,,fixed
260001,FLOHOM 04 -- FLOHOM 04 | National Harbor,hostaway,,2027-04-25,2027-04-25,649,USD,fixed,2,,fixed,,fixed
278502,"FLOHOM 05 -- FLOHOM 05 | Inner Harbor, Baltimore",hostaway,,2027-04-25,2027-04-25,394,USD,fixed,2,,fixed,,fixed
345316,FLOHOM 06 -- FLOHOM 06 | National Harbor,hostaway,,2027-04-25,2027-04-25,777,USD,fixed,2,,fixed,,fixed
366176,"FLOHOM 07 -- FLOHOM 07 | Inner Harbor - Canton, Baltimore",hostaway,,2027-04-25,2027-04-25,494,USD,fixed,2,,fixed,,fixed
376368,FLOHOM 08 -- FLOHOM 08 | National Harbor,hostaway,,2027-04-25,2027-04-25,394,USD,fixed,2,,fixed,,fixed
383097,FLOHOM 09 -- FLOHOM 09 | Baltimore Peninsula,hostaway,,2027-04-25,2027-04-25,394,USD,fixed,2,,fixed,,fixed
404358,FLOHOM 10 -- FLOHOM 10 | Virginia Beach,hostaway,,2027-04-25,2027-04-25,494,USD,fixed,2,,fixed,,fixed
427313,FLOHOM 11 -- FLOHOM 11 | Virginia Beach,hostaway,,2027-04-25,2027-04-25,367,USD,fixed,2,,fixed,,fixed
422608,"FLOHOM 12 -- FLOHOM 12 | Inner Harbor - Fells Point, Baltimore",hostaway,,2027-04-25,2027-04-25,494,USD,fixed,2,,fixed,,fixed
485833,"FLOHOM 13 -- FLOHOM 13 | Inner Harbor, Baltimore",hostaway,,2027-04-25,2027-04-25,777,USD,fixed,2,,fixed,,fixed
407612,"FLOHOM 14 -- FLOHOM 14 | Pasadena, Chesapeake Bay",hostaway,,2027-04-25,2027-04-25,367,USD,fixed,2,,fixed,,fixed
467334,FLOHOM 15 -- FLOHOM 15 | North Myrtle Beach,hostaway,,2027-04-25,2027-04-25,692,USD,fixed,2,,fixed,,fixed
510832,FLOHOM 16 | Liberty Landing Marina,hostaway,,2027-04-25,2027-04-25,1088,USD,fixed,2,,fixed,,fixed
146908,"FLOHOM 01 -- FLOHOM 01 | Inner Harbor, Baltimore",hostaway,,2027-04-26,2027-04-26,459,USD,fixed,2,,fixed,,fixed
146944,"FLOHOM 02 -- FLOHOM 02 | Inner Harbor - Canton, Baltimore",hostaway,,2027-04-26,2027-04-26,366,USD,fixed,2,,fixed,,fixed
146946,"FLOHOM 03 -- FLOHOM 03 | Magothy River, Annapolis",hostaway,,2027-04-26,2027-04-26,312,USD,fixed,2,,fixed,,fixed
260001,FLOHOM 04 -- FLOHOM 04 | National Harbor,hostaway,,2027-04-26,2027-04-26,473,USD,fixed,2,,fixed,,fixed
278502,"FLOHOM 05 -- FLOHOM 05 | Inner Harbor, Baltimore",hostaway,,2027-04-26,2027-04-26,333,USD,fixed,2,,fixed,,fixed
345316,FLOHOM 06 -- FLOHOM 06 | National Harbor,hostaway,,2027-04-26,2027-04-26,534,USD,fixed,2,,fixed,,fixed
366176,"FLOHOM 07 -- FLOHOM 07 | Inner Harbor - Canton, Baltimore",hostaway,,2027-04-26,2027-04-26,426,USD,fixed,2,,fixed,,fixed
376368,FLOHOM 08 -- FLOHOM 08 | National Harbor,hostaway,,2027-04-26,2027-04-26,333,USD,fixed,2,,fixed,,fixed
383097,FLOHOM 09 -- FLOHOM 09 | Baltimore Peninsula,hostaway,,2027-04-26,2027-04-26,333,USD,fixed,2,,fixed,,fixed
404358,FLOHOM 10 -- FLOHOM 10 | Virginia Beach,hostaway,,2027-04-26,2027-04-26,426,USD,fixed,2,,fixed,,fixed
427313,FLOHOM 11 -- FLOHOM 11 | Virginia Beach,hostaway,,2027-04-26,2027-04-26,312,USD,fixed,2,,fixed,,fixed
422608,"FLOHOM 12 -- FLOHOM 12 | Inner Harbor - Fells Point, Baltimore",hostaway,,2027-04-26,2027-04-26,426,USD,fixed,2,,fixed,,fixed
485833,"FLOHOM 13 -- FLOHOM 13 | Inner Harbor, Baltimore",hostaway,,2027-04-26,2027-04-26,534,USD,fixed,2,,fixed,,fixed
407612,"FLOHOM 14 -- FLOHOM 14 | Pasadena, Chesapeake Bay",hostaway,,2027-04-26,2027-04-26,312,USD,fixed,2,,fixed,,fixed
467334,FLOHOM 15 -- FLOHOM 15 | North Myrtle Beach,hostaway,,2027-04-26,2027-04-26,499,USD,fixed,2,,fixed,,fixed
510832,FLOHOM 16 | Liberty Landing Marina,hostaway,,2027-04-26,2027-04-26,747,USD,fixed,2,,fixed,,fixed
146908,"FLOHOM 01 -- FLOHOM 01 | Inner Harbor, Baltimore",hostaway,,2027-04-27,2027-04-27,459,USD,fixed,2,,fixed,,fixed
146944,"FLOHOM 02 -- FLOHOM 02 | Inner Harbor - Canton, Baltimore",hostaway,,2027-04-27,2027-04-27,366,USD,fixed,2,,fixed,,fixed
146946,"FLOHOM 03 -- FLOHOM 03 | Magothy River, Annapolis",hostaway,,2027-04-27,2027-04-27,312,USD,fixed,2,,fixed,,fixed
260001,FLOHOM 04 -- FLOHOM 04 | National Harbor,hostaway,,2027-04-27,2027-04-27,473,USD,fixed,2,,fixed,,fixed
278502,"FLOHOM 05 -- FLOHOM 05 | Inner Harbor, Baltimore",hostaway,,2027-04-27,2027-04-27,333,USD,fixed,2,,fixed,,fixed
345316,FLOHOM 06 -- FLOHOM 06 | National Harbor,hostaway,,2027-04-27,2027-04-27,534,USD,fixed,2,,fixed,,fixed
366176,"FLOHOM 07 -- FLOHOM 07 | Inner Harbor - Canton, Baltimore",hostaway,,2027-04-27,2027-04-27,426,USD,fixed,2,,fixed,,fixed
376368,FLOHOM 08 -- FLOHOM 08 | National Harbor,hostaway,,2027-04-27,2027-04-27,333,USD,fixed,2,,fixed,,fixed
383097,FLOHOM 09 -- FLOHOM 09 | Baltimore Peninsula,hostaway,,2027-04-27,2027-04-27,333,USD,fixed,2,,fixed,,fixed
404358,FLOHOM 10 -- FLOHOM 10 | Virginia Beach,hostaway,,2027-04-27,2027-04-27,426,USD,fixed,2,,fixed,,fixed
427313,FLOHOM 11 -- FLOHOM 11 | Virginia Beach,hostaway,,2027-04-27,2027-04-27,312,USD,fixed,2,,fixed,,fixed
422608,"FLOHOM 12 -- FLOHOM 12 | Inner Harbor - Fells Point, Baltimore",hostaway,,2027-04-27,2027-04-27,426,USD,fixed,2,,fixed,,fixed
485833,"FLOHOM 13 -- FLOHOM 13 | Inner Harbor, Baltimore",hostaway,,2027-04-27,2027-04-27,534,USD,fixed,2,,fixed,,fixed
407612,"FLOHOM 14 -- FLOHOM 14 | Pasadena, Chesapeake Bay",hostaway,,2027-04-27,2027-04-27,312,USD,fixed,2,,fixed,,fixed
467334,FLOHOM 15 -- FLOHOM 15 | North Myrtle Beach,hostaway,,2027-04-27,2027-04-27,499,USD,fixed,2,,fixed,,fixed
510832,FLOHOM 16 | Liberty Landing Marina,hostaway,,2027-04-27,2027-04-27,747,USD,fixed,2,,fixed,,fixed
146908,"FLOHOM 01 -- FLOHOM 01 | Inner Harbor, Baltimore",hostaway,,2027-04-28,2027-04-28,459,USD,fixed,2,,fixed,,fixed
146944,"FLOHOM 02 -- FLOHOM 02 | Inner Harbor - Canton, Baltimore",hostaway,,2027-04-28,2027-04-28,366,USD,fixed,2,,fixed,,fixed
146946,"FLOHOM 03 -- FLOHOM 03 | Magothy River, Annapolis",hostaway,,2027-04-28,2027-04-28,312,USD,fixed,2,,fixed,,fixed
260001,FLOHOM 04 -- FLOHOM 04 | National Harbor,hostaway,,2027-04-28,2027-04-28,473,USD,fixed,2,,fixed,,fixed
278502,"FLOHOM 05 -- FLOHOM 05 | Inner Harbor, Baltimore",hostaway,,2027-04-28,2027-04-28,333,USD,fixed,2,,fixed,,fixed
345316,FLOHOM 06 -- FLOHOM 06 | National Harbor,hostaway,,2027-04-28,2027-04-28,534,USD,fixed,2,,fixed,,fixed
366176,"FLOHOM 07 -- FLOHOM 07 | Inner Harbor - Canton, Baltimore",hostaway,,2027-04-28,2027-04-28,426,USD,fixed,2,,fixed,,fixed
376368,FLOHOM 08 -- FLOHOM 08 | National Harbor,hostaway,,2027-04-28,2027-04-28,333,USD,fixed,2,,fixed,,fixed
383097,FLOHOM 09 -- FLOHOM 09 | Baltimore Peninsula,hostaway,,2027-04-28,2027-04-28,333,USD,fixed,2,,fixed,,fixed
404358,FLOHOM 10 -- FLOHOM 10 | Virginia Beach,hostaway,,2027-04-28,2027-04-28,426,USD,fixed,2,,fixed,,fixed
427313,FLOHOM 11 -- FLOHOM 11 | Virginia Beach,hostaway,,2027-04-28,2027-04-28,312,USD,fixed,2,,fixed,,fixed
422608,"FLOHOM 12 -- FLOHOM 12 | Inner Harbor - Fells Point, Baltimore",hostaway,,2027-04-28,2027-04-28,426,USD,fixed,2,,fixed,,fixed
485833,"FLOHOM 13 -- FLOHOM 13 | Inner Harbor, Baltimore",hostaway,,2027-04-28,2027-04-28,534,USD,fixed,2,,fixed,,fixed
407612,"FLOHOM 14 -- FLOHOM 14 | Pasadena, Chesapeake Bay",hostaway,,2027-04-28,2027-04-28,312,USD,fixed,2,,fixed,,fixed
467334,FLOHOM 15 -- FLOHOM 15 | North Myrtle Beach,hostaway,,2027-04-28,2027-04-28,499,USD,fixed,2,,fixed,,fixed
510832,FLOHOM 16 | Liberty Landing Marina,hostaway,,2027-04-28,2027-04-28,747,USD,fixed,2,,fixed,,fixed
146908,"FLOHOM 01 -- FLOHOM 01 | Inner Harbor, Baltimore",hostaway,,2027-04-29,2027-04-29,559,USD,fixed,2,,fixed,,fixed
146944,"FLOHOM 02 -- FLOHOM 02 | Inner Harbor - Canton, Baltimore",hostaway,,2027-04-29,2027-04-29,439,USD,fixed,2,,fixed,,fixed
146946,"FLOHOM 03 -- FLOHOM 03 | Magothy River, Annapolis",hostaway,,2027-04-29,2027-04-29,367,USD,fixed,2,,fixed,,fixed
260001,FLOHOM 04 -- FLOHOM 04 | National Harbor,hostaway,,2027-04-29,2027-04-29,649,USD,fixed,2,,fixed,,fixed
278502,"FLOHOM 05 -- FLOHOM 05 | Inner Harbor, Baltimore",hostaway,,2027-04-29,2027-04-29,394,USD,fixed,2,,fixed,,fixed
345316,FLOHOM 06 -- FLOHOM 06 | National Harbor,hostaway,,2027-04-29,2027-04-29,777,USD,fixed,2,,fixed,,fixed
366176,"FLOHOM 07 -- FLOHOM 07 | Inner Harbor - Canton, Baltimore",hostaway,,2027-04-29,2027-04-29,494,USD,fixed,2,,fixed,,fixed
376368,FLOHOM 08 -- FLOHOM 08 | National Harbor,hostaway,,2027-04-29,2027-04-29,394,USD,fixed,2,,fixed,,fixed
383097,FLOHOM 09 -- FLOHOM 09 | Baltimore Peninsula,hostaway,,2027-04-29,2027-04-29,394,USD,fixed,2,,fixed,,fixed
404358,FLOHOM 10 -- FLOHOM 10 | Virginia Beach,hostaway,,2027-04-29,2027-04-29,494,USD,fixed,2,,fixed,,fixed
427313,FLOHOM 11 -- FLOHOM 11 | Virginia Beach,hostaway,,2027-04-29,2027-04-29,367,USD,fixed,2,,fixed,,fixed
422608,"FLOHOM 12 -- FLOHOM 12 | Inner Harbor - Fells Point, Baltimore",hostaway,,2027-04-29,2027-04-29,494,USD,fixed,2,,fixed,,fixed
485833,"FLOHOM 13 -- FLOHOM 13 | Inner Harbor, Baltimore",hostaway,,2027-04-29,2027-04-29,777,USD,fixed,2,,fixed,,fixed
407612,"FLOHOM 14 -- FLOHOM 14 | Pasadena, Chesapeake Bay",hostaway,,2027-04-29,2027-04-29,367,USD,fixed,2,,fixed,,fixed
467334,FLOHOM 15 -- FLOHOM 15 | North Myrtle Beach,hostaway,,2027-04-29,2027-04-29,692,USD,fixed,2,,fixed,,fixed
510832,FLOHOM 16 | Liberty Landing Marina,hostaway,,2027-04-29,2027-04-29,1088,USD,fixed,2,,fixed,,fixed
146908,"FLOHOM 01 -- FLOHOM 01 | Inner Harbor, Baltimore",hostaway,,2027-04-30,2027-04-30,679,USD,fixed,2,,fixed,,fixed
146944,"FLOHOM 02 -- FLOHOM 02 | Inner Harbor - Canton, Baltimore",hostaway,,2027-04-30,2027-04-30,514,USD,fixed,2,,fixed,,fixed
146946,"FLOHOM 03 -- FLOHOM 03 | Magothy River, Annapolis",hostaway,,2027-04-30,2027-04-30,424,USD,fixed,2,,fixed,,fixed
260001,FLOHOM 04 -- FLOHOM 04 | National Harbor,hostaway,,2027-04-30,2027-04-30,777,USD,fixed,2,,fixed,,fixed
278502,"FLOHOM 05 -- FLOHOM 05 | Inner Harbor, Baltimore",hostaway,,2027-04-30,2027-04-30,476,USD,fixed,2,,fixed,,fixed
345316,FLOHOM 06 -- FLOHOM 06 | National Harbor,hostaway,,2027-04-30,2027-04-30,916,USD,fixed,2,,fixed,,fixed
366176,"FLOHOM 07 -- FLOHOM 07 | Inner Harbor - Canton, Baltimore",hostaway,,2027-04-30,2027-04-30,614,USD,fixed,2,,fixed,,fixed
376368,FLOHOM 08 -- FLOHOM 08 | National Harbor,hostaway,,2027-04-30,2027-04-30,476,USD,fixed,2,,fixed,,fixed
383097,FLOHOM 09 -- FLOHOM 09 | Baltimore Peninsula,hostaway,,2027-04-30,2027-04-30,476,USD,fixed,2,,fixed,,fixed
404358,FLOHOM 10 -- FLOHOM 10 | Virginia Beach,hostaway,,2027-04-30,2027-04-30,614,USD,fixed,2,,fixed,,fixed
427313,FLOHOM 11 -- FLOHOM 11 | Virginia Beach,hostaway,,2027-04-30,2027-04-30,424,USD,fixed,2,,fixed,,fixed
422608,"FLOHOM 12 -- FLOHOM 12 | Inner Harbor - Fells Point, Baltimore",hostaway,,2027-04-30,2027-04-30,614,USD,fixed,2,,fixed,,fixed
485833,"FLOHOM 13 -- FLOHOM 13 | Inner Harbor, Baltimore",hostaway,,2027-04-30,2027-04-30,916,USD,fixed,2,,fixed,,fixed
407612,"FLOHOM 14 -- FLOHOM 14 | Pasadena, Chesapeake Bay",hostaway,,2027-04-30,2027-04-30,424,USD,fixed,2,,fixed,,fixed
467334,FLOHOM 15 -- FLOHOM 15 | North Myrtle Beach,hostaway,,2027-04-30,2027-04-30,815,USD,fixed,2,,fixed,,fixed
510832,FLOHOM 16 | Liberty Landing Marina,hostaway,,2027-04-30,2027-04-30,1283,USD,fixed,2,,fixed,,fixed
146908,"FLOHOM 01 -- FLOHOM 01 | Inner Harbor, Baltimore",hostaway,,2027-05-01,2027-05-01,679,USD,fixed,2,,fixed,,fixed
146944,"FLOHOM 02 -- FLOHOM 02 | Inner Harbor - Canton, Baltimore",hostaway,,2027-05-01,2027-05-01,514,USD,fixed,2,,fixed,,fixed
146946,"FLOHOM 03 -- FLOHOM 03 | Magothy River, Annapolis",hostaway,,2027-05-01,2027-05-01,424,USD,fixed,2,,fixed,,fixed
260001,FLOHOM 04 -- FLOHOM 04 | National Harbor,hostaway,,2027-05-01,2027-05-01,777,USD,fixed,2,,fixed,,fixed
278502,"FLOHOM 05 -- FLOHOM 05 | Inner Harbor, Baltimore",hostaway,,2027-05-01,2027-05-01,476,USD,fixed,2,,fixed,,fixed
345316,FLOHOM 06 -- FLOHOM 06 | National Harbor,hostaway,,2027-05-01,2027-05-01,916,USD,fixed,2,,fixed,,fixed
366176,"FLOHOM 07 -- FLOHOM 07 | Inner Harbor - Canton, Baltimore",hostaway,,2027-05-01,2027-05-01,614,USD,fixed,2,,fixed,,fixed
376368,FLOHOM 08 -- FLOHOM 08 | National Harbor,hostaway,,2027-05-01,2027-05-01,476,USD,fixed,2,,fixed,,fixed
383097,FLOHOM 09 -- FLOHOM 09 | Baltimore Peninsula,hostaway,,2027-05-01,2027-05-01,476,USD,fixed,2,,fixed,,fixed
404358,FLOHOM 10 -- FLOHOM 10 | Virginia Beach,hostaway,,2027-05-01,2027-05-01,614,USD,fixed,2,,fixed,,fixed
427313,FLOHOM 11 -- FLOHOM 11 | Virginia Beach,hostaway,,2027-05-01,2027-05-01,424,USD,fixed,2,,fixed,,fixed
422608,"FLOHOM 12 -- FLOHOM 12 | Inner Harbor - Fells Point, Baltimore",hostaway,,2027-05-01,2027-05-01,614,USD,fixed,2,,fixed,,fixed
485833,"FLOHOM 13 -- FLOHOM 13 | Inner Harbor, Baltimore",hostaway,,2027-05-01,2027-05-01,916,USD,fixed,2,,fixed,,fixed
407612,"FLOHOM 14 -- FLOHOM 14 | Pasadena, Chesapeake Bay",hostaway,,2027-05-01,2027-05-01,424,USD,fixed,2,,fixed,,fixed
467334,FLOHOM 15 -- FLOHOM 15 | North Myrtle Beach,hostaway,,2027-05-01,2027-05-01,815,USD,fixed,2,,fixed,,fixed
510832,FLOHOM 16 | Liberty Landing Marina,hostaway,,2027-05-01,2027-05-01,1283,USD,fixed,2,,fixed,,fixed
146908,"FLOHOM 01 -- FLOHOM 01 | Inner Harbor, Baltimore",hostaway,,2027-05-02,2027-05-02,559,USD,fixed,2,,fixed,,fixed
146944,"FLOHOM 02 -- FLOHOM 02 | Inner Harbor - Canton, Baltimore",hostaway,,2027-05-02,2027-05-02,439,USD,fixed,2,,fixed,,fixed
146946,"FLOHOM 03 -- FLOHOM 03 | Magothy River, Annapolis",hostaway,,2027-05-02,2027-05-02,367,USD,fixed,2,,fixed,,fixed
260001,FLOHOM 04 -- FLOHOM 04 | National Harbor,hostaway,,2027-05-02,2027-05-02,649,USD,fixed,2,,fixed,,fixed
278502,"FLOHOM 05 -- FLOHOM 05 | Inner Harbor, Baltimore",hostaway,,2027-05-02,2027-05-02,394,USD,fixed,2,,fixed,,fixed
345316,FLOHOM 06 -- FLOHOM 06 | National Harbor,hostaway,,2027-05-02,2027-05-02,777,USD,fixed,2,,fixed,,fixed
366176,"FLOHOM 07 -- FLOHOM 07 | Inner Harbor - Canton, Baltimore",hostaway,,2027-05-02,2027-05-02,494,USD,fixed,2,,fixed,,fixed
376368,FLOHOM 08 -- FLOHOM 08 | National Harbor,hostaway,,2027-05-02,2027-05-02,394,USD,fixed,2,,fixed,,fixed
383097,FLOHOM 09 -- FLOHOM 09 | Baltimore Peninsula,hostaway,,2027-05-02,2027-05-02,394,USD,fixed,2,,fixed,,fixed
404358,FLOHOM 10 -- FLOHOM 10 | Virginia Beach,hostaway,,2027-05-02,2027-05-02,494,USD,fixed,2,,fixed,,fixed
427313,FLOHOM 11 -- FLOHOM 11 | Virginia Beach,hostaway,,2027-05-02,2027-05-02,367,USD,fixed,2,,fixed,,fixed
422608,"FLOHOM 12 -- FLOHOM 12 | Inner Harbor - Fells Point, Baltimore",hostaway,,2027-05-02,2027-05-02,494,USD,fixed,2,,fixed,,fixed
485833,"FLOHOM 13 -- FLOHOM 13 | Inner Harbor, Baltimore",hostaway,,2027-05-02,2027-05-02,777,USD,fixed,2,,fixed,,fixed
407612,"FLOHOM 14 -- FLOHOM 14 | Pasadena, Chesapeake Bay",hostaway,,2027-05-02,2027-05-02,367,USD,fixed,2,,fixed,,fixed
467334,FLOHOM 15 -- FLOHOM 15 | North Myrtle Beach,hostaway,,2027-05-02,2027-05-02,692,USD,fixed,2,,fixed,,fixed
510832,FLOHOM 16 | Liberty Landing Marina,hostaway,,2027-05-02,2027-05-02,1088,USD,fixed,2,,fixed,,fixed
146908,"FLOHOM 01 -- FLOHOM 01 | Inner Harbor, Baltimore",hostaway,,2027-05-03,2027-05-03,459,USD,fixed,2,,fixed,,fixed
146944,"FLOHOM 02 -- FLOHOM 02 | Inner Harbor - Canton, Baltimore",hostaway,,2027-05-03,2027-05-03,366,USD,fixed,2,,fixed,,fixed
146946,"FLOHOM 03 -- FLOHOM 03 | Magothy River, Annapolis",hostaway,,2027-05-03,2027-05-03,312,USD,fixed,2,,fixed,,fixed
260001,FLOHOM 04 -- FLOHOM 04 | National Harbor,hostaway,,2027-05-03,2027-05-03,473,USD,fixed,2,,fixed,,fixed
278502,"FLOHOM 05 -- FLOHOM 05 | Inner Harbor, Baltimore",hostaway,,2027-05-03,2027-05-03,333,USD,fixed,2,,fixed,,fixed
345316,FLOHOM 06 -- FLOHOM 06 | National Harbor,hostaway,,2027-05-03,2027-05-03,534,USD,fixed,2,,fixed,,fixed
366176,"FLOHOM 07 -- FLOHOM 07 | Inner Harbor - Canton, Baltimore",hostaway,,2027-05-03,2027-05-03,426,USD,fixed,2,,fixed,,fixed
376368,FLOHOM 08 -- FLOHOM 08 | National Harbor,hostaway,,2027-05-03,2027-05-03,333,USD,fixed,2,,fixed,,fixed
383097,FLOHOM 09 -- FLOHOM 09 | Baltimore Peninsula,hostaway,,2027-05-03,2027-05-03,333,USD,fixed,2,,fixed,,fixed
404358,FLOHOM 10 -- FLOHOM 10 | Virginia Beach,hostaway,,2027-05-03,2027-05-03,426,USD,fixed,2,,fixed,,fixed
427313,FLOHOM 11 -- FLOHOM 11 | Virginia Beach,hostaway,,2027-05-03,2027-05-03,312,USD,fixed,2,,fixed,,fixed
422608,"FLOHOM 12 -- FLOHOM 12 | Inner Harbor - Fells Point, Baltimore",hostaway,,2027-05-03,2027-05-03,426,USD,fixed,2,,fixed,,fixed
485833,"FLOHOM 13 -- FLOHOM 13 | Inner Harbor, Baltimore",hostaway,,2027-05-03,2027-05-03,534,USD,fixed,2,,fixed,,fixed
407612,"FLOHOM 14 -- FLOHOM 14 | Pasadena, Chesapeake Bay",hostaway,,2027-05-03,2027-05-03,312,USD,fixed,2,,fixed,,fixed
467334,FLOHOM 15 -- FLOHOM 15 | North Myrtle Beach,hostaway,,2027-05-03,2027-05-03,499,USD,fixed,2,,fixed,,fixed
510832,FLOHOM 16 | Liberty Landing Marina,hostaway,,2027-05-03,2027-05-03,747,USD,fixed,2,,fixed,,fixed
146908,"FLOHOM 01 -- FLOHOM 01 | Inner Harbor, Baltimore",hostaway,,2027-05-04,2027-05-04,459,USD,fixed,2,,fixed,,fixed
146944,"FLOHOM 02 -- FLOHOM 02 | Inner Harbor - Canton, Baltimore",hostaway,,2027-05-04,2027-05-04,366,USD,fixed,2,,fixed,,fixed
146946,"FLOHOM 03 -- FLOHOM 03 | Magothy River, Annapolis",hostaway,,2027-05-04,2027-05-04,312,USD,fixed,2,,fixed,,fixed
260001,FLOHOM 04 -- FLOHOM 04 | National Harbor,hostaway,,2027-05-04,2027-05-04,473,USD,fixed,2,,fixed,,fixed
278502,"FLOHOM 05 -- FLOHOM 05 | Inner Harbor, Baltimore",hostaway,,2027-05-04,2027-05-04,333,USD,fixed,2,,fixed,,fixed
345316,FLOHOM 06 -- FLOHOM 06 | National Harbor,hostaway,,2027-05-04,2027-05-04,534,USD,fixed,2,,fixed,,fixed
366176,"FLOHOM 07 -- FLOHOM 07 | Inner Harbor - Canton, Baltimore",hostaway,,2027-05-04,2027-05-04,426,USD,fixed,2,,fixed,,fixed
376368,FLOHOM 08 -- FLOHOM 08 | National Harbor,hostaway,,2027-05-04,2027-05-04,333,USD,fixed,2,,fixed,,fixed
383097,FLOHOM 09 -- FLOHOM 09 | Baltimore Peninsula,hostaway,,2027-05-04,2027-05-04,333,USD,fixed,2,,fixed,,fixed
404358,FLOHOM 10 -- FLOHOM 10 | Virginia Beach,hostaway,,2027-05-04,2027-05-04,426,USD,fixed,2,,fixed,,fixed
427313,FLOHOM 11 -- FLOHOM 11 | Virginia Beach,hostaway,,2027-05-04,2027-05-04,312,USD,fixed,2,,fixed,,fixed
422608,"FLOHOM 12 -- FLOHOM 12 | Inner Harbor - Fells Point, Baltimore",hostaway,,2027-05-04,2027-05-04,426,USD,fixed,2,,fixed,,fixed
485833,"FLOHOM 13 -- FLOHOM 13 | Inner Harbor, Baltimore",hostaway,,2027-05-04,2027-05-04,534,USD,fixed,2,,fixed,,fixed
407612,"FLOHOM 14 -- FLOHOM 14 | Pasadena, Chesapeake Bay",hostaway,,2027-05-04,2027-05-04,312,USD,fixed,2,,fixed,,fixed
467334,FLOHOM 15 -- FLOHOM 15 | North Myrtle Beach,hostaway,,2027-05-04,2027-05-04,499,USD,fixed,2,,fixed,,fixed
510832,FLOHOM 16 | Liberty Landing Marina,hostaway,,2027-05-04,2027-05-04,747,USD,fixed,2,,fixed,,fixed
146908,"FLOHOM 01 -- FLOHOM 01 | Inner Harbor, Baltimore",hostaway,,2027-05-05,2027-05-05,459,USD,fixed,2,,fixed,,fixed
146944,"FLOHOM 02 -- FLOHOM 02 | Inner Harbor - Canton, Baltimore",hostaway,,2027-05-05,2027-05-05,366,USD,fixed,2,,fixed,,fixed
146946,"FLOHOM 03 -- FLOHOM 03 | Magothy River, Annapolis",hostaway,,2027-05-05,2027-05-05,312,USD,fixed,2,,fixed,,fixed
260001,FLOHOM 04 -- FLOHOM 04 | National Harbor,hostaway,,2027-05-05,2027-05-05,473,USD,fixed,2,,fixed,,fixed
278502,"FLOHOM 05 -- FLOHOM 05 | Inner Harbor, Baltimore",hostaway,,2027-05-05,2027-05-05,333,USD,fixed,2,,fixed,,fixed
345316,FLOHOM 06 -- FLOHOM 06 | National Harbor,hostaway,,2027-05-05,2027-05-05,534,USD,fixed,2,,fixed,,fixed
366176,"FLOHOM 07 -- FLOHOM 07 | Inner Harbor - Canton, Baltimore",hostaway,,2027-05-05,2027-05-05,426,USD,fixed,2,,fixed,,fixed
376368,FLOHOM 08 -- FLOHOM 08 | National Harbor,hostaway,,2027-05-05,2027-05-05,333,USD,fixed,2,,fixed,,fixed
383097,FLOHOM 09 -- FLOHOM 09 | Baltimore Peninsula,hostaway,,2027-05-05,2027-05-05,333,USD,fixed,2,,fixed,,fixed
404358,FLOHOM 10 -- FLOHOM 10 | Virginia Beach,hostaway,,2027-05-05,2027-05-05,426,USD,fixed,2,,fixed,,fixed
427313,FLOHOM 11 -- FLOHOM 11 | Virginia Beach,hostaway,,2027-05-05,2027-05-05,312,USD,fixed,2,,fixed,,fixed
422608,"FLOHOM 12 -- FLOHOM 12 | Inner Harbor - Fells Point, Baltimore",hostaway,,2027-05-05,2027-05-05,426,USD,fixed,2,,fixed,,fixed
485833,"FLOHOM 13 -- FLOHOM 13 | Inner Harbor, Baltimore",hostaway,,2027-05-05,2027-05-05,534,USD,fixed,2,,fixed,,fixed
407612,"FLOHOM 14 -- FLOHOM 14 | Pasadena, Chesapeake Bay",hostaway,,2027-05-05,2027-05-05,312,USD,fixed,2,,fixed,,fixed
467334,FLOHOM 15 -- FLOHOM 15 | North Myrtle Beach,hostaway,,2027-05-05,2027-05-05,499,USD,fixed,2,,fixed,,fixed
510832,FLOHOM 16 | Liberty Landing Marina,hostaway,,2027-05-05,2027-05-05,747,USD,fixed,2,,fixed,,fixed
146908,"FLOHOM 01 -- FLOHOM 01 | Inner Harbor, Baltimore",hostaway,,2027-05-06,2027-05-06,935,USD,fixed,2,,fixed,,fixed
146944,"FLOHOM 02 -- FLOHOM 02 | Inner Harbor - Canton, Baltimore",hostaway,,2027-05-06,2027-05-06,695,USD,fixed,2,,fixed,,fixed
146946,"FLOHOM 03 -- FLOHOM 03 | Magothy River, Annapolis",hostaway,,2027-05-06,2027-05-06,509,USD,fixed,2,,fixed,,fixed
260001,FLOHOM 04 -- FLOHOM 04 | National Harbor,hostaway,,2027-05-06,2027-05-06,900,USD,fixed,2,,fixed,,fixed
278502,"FLOHOM 05 -- FLOHOM 05 | Inner Harbor, Baltimore",hostaway,,2027-05-06,2027-05-06,641,USD,fixed,2,,fixed,,fixed
345316,FLOHOM 06 -- FLOHOM 06 | National Harbor,hostaway,,2027-05-06,2027-05-06,1021,USD,fixed,2,,fixed,,fixed
366176,"FLOHOM 07 -- FLOHOM 07 | Inner Harbor - Canton, Baltimore",hostaway,,2027-05-06,2027-05-06,809,USD,fixed,2,,fixed,,fixed
376368,FLOHOM 08 -- FLOHOM 08 | National Harbor,hostaway,,2027-05-06,2027-05-06,641,USD,fixed,2,,fixed,,fixed
383097,FLOHOM 09 -- FLOHOM 09 | Baltimore Peninsula,hostaway,,2027-05-06,2027-05-06,641,USD,fixed,2,,fixed,,fixed
404358,FLOHOM 10 -- FLOHOM 10 | Virginia Beach,hostaway,,2027-05-06,2027-05-06,809,USD,fixed,2,,fixed,,fixed
427313,FLOHOM 11 -- FLOHOM 11 | Virginia Beach,hostaway,,2027-05-06,2027-05-06,509,USD,fixed,2,,fixed,,fixed
422608,"FLOHOM 12 -- FLOHOM 12 | Inner Harbor - Fells Point, Baltimore",hostaway,,2027-05-06,2027-05-06,809,USD,fixed,2,,fixed,,fixed
485833,"FLOHOM 13 -- FLOHOM 13 | Inner Harbor, Baltimore",hostaway,,2027-05-06,2027-05-06,1021,USD,fixed,2,,fixed,,fixed
407612,"FLOHOM 14 -- FLOHOM 14 | Pasadena, Chesapeake Bay",hostaway,,2027-05-06,2027-05-06,509,USD,fixed,2,,fixed,,fixed
467334,FLOHOM 15 -- FLOHOM 15 | North Myrtle Beach,hostaway,,2027-05-06,2027-05-06,983,USD,fixed,2,,fixed,,fixed
510832,FLOHOM 16 | Liberty Landing Marina,hostaway,,2027-05-06,2027-05-06,1021,USD,fixed,2,,fixed,,fixed
146908,"FLOHOM 01 -- FLOHOM 01 | Inner Harbor, Baltimore",hostaway,,2027-05-07,2027-05-07,1102,USD,fixed,2,,fixed,,fixed
146944,"FLOHOM 02 -- FLOHOM 02 | Inner Harbor - Canton, Baltimore",hostaway,,2027-05-07,2027-05-07,833,USD,fixed,2,,fixed,,fixed
146946,"FLOHOM 03 -- FLOHOM 03 | Magothy River, Annapolis",hostaway,,2027-05-07,2027-05-07,659,USD,fixed,2,,fixed,,fixed
260001,FLOHOM 04 -- FLOHOM 04 | National Harbor,hostaway,,2027-05-07,2027-05-07,1061,USD,fixed,2,,fixed,,fixed
278502,"FLOHOM 05 -- FLOHOM 05 | Inner Harbor, Baltimore",hostaway,,2027-05-07,2027-05-07,752,USD,fixed,2,,fixed,,fixed
345316,FLOHOM 06 -- FLOHOM 06 | National Harbor,hostaway,,2027-05-07,2027-05-07,1259,USD,fixed,2,,fixed,,fixed
366176,"FLOHOM 07 -- FLOHOM 07 | Inner Harbor - Canton, Baltimore",hostaway,,2027-05-07,2027-05-07,995,USD,fixed,2,,fixed,,fixed
376368,FLOHOM 08 -- FLOHOM 08 | National Harbor,hostaway,,2027-05-07,2027-05-07,752,USD,fixed,2,,fixed,,fixed
383097,FLOHOM 09 -- FLOHOM 09 | Baltimore Peninsula,hostaway,,2027-05-07,2027-05-07,752,USD,fixed,2,,fixed,,fixed
404358,FLOHOM 10 -- FLOHOM 10 | Virginia Beach,hostaway,,2027-05-07,2027-05-07,995,USD,fixed,2,,fixed,,fixed
427313,FLOHOM 11 -- FLOHOM 11 | Virginia Beach,hostaway,,2027-05-07,2027-05-07,659,USD,fixed,2,,fixed,,fixed
422608,"FLOHOM 12 -- FLOHOM 12 | Inner Harbor - Fells Point, Baltimore",hostaway,,2027-05-07,2027-05-07,995,USD,fixed,2,,fixed,,fixed
485833,"FLOHOM 13 -- FLOHOM 13 | Inner Harbor, Baltimore",hostaway,,2027-05-07,2027-05-07,1259,USD,fixed,2,,fixed,,fixed
407612,"FLOHOM 14 -- FLOHOM 14 | Pasadena, Chesapeake Bay",hostaway,,2027-05-07,2027-05-07,659,USD,fixed,2,,fixed,,fixed
467334,FLOHOM 15 -- FLOHOM 15 | North Myrtle Beach,hostaway,,2027-05-07,2027-05-07,1431,USD,fixed,2,,fixed,,fixed
510832,FLOHOM 16 | Liberty Landing Marina,hostaway,,2027-05-07,2027-05-07,1259,USD,fixed,2,,fixed,,fixed
146908,"FLOHOM 01 -- FLOHOM 01 | Inner Harbor, Baltimore",hostaway,,2027-05-08,2027-05-08,1102,USD,fixed,2,,fixed,,fixed
146944,"FLOHOM 02 -- FLOHOM 02 | Inner Harbor - Canton, Baltimore",hostaway,,2027-05-08,2027-05-08,833,USD,fixed,2,,fixed,,fixed
146946,"FLOHOM 03 -- FLOHOM 03 | Magothy River, Annapolis",hostaway,,2027-05-08,2027-05-08,659,USD,fixed,2,,fixed,,fixed
260001,FLOHOM 04 -- FLOHOM 04 | National Harbor,hostaway,,2027-05-08,2027-05-08,1061,USD,fixed,2,,fixed,,fixed
278502,"FLOHOM 05 -- FLOHOM 05 | Inner Harbor, Baltimore",hostaway,,2027-05-08,2027-05-08,752,USD,fixed,2,,fixed,,fixed
345316,FLOHOM 06 -- FLOHOM 06 | National Harbor,hostaway,,2027-05-08,2027-05-08,1259,USD,fixed,2,,fixed,,fixed
366176,"FLOHOM 07 -- FLOHOM 07 | Inner Harbor - Canton, Baltimore",hostaway,,2027-05-08,2027-05-08,995,USD,fixed,2,,fixed,,fixed
376368,FLOHOM 08 -- FLOHOM 08 | National Harbor,hostaway,,2027-05-08,2027-05-08,752,USD,fixed,2,,fixed,,fixed
383097,FLOHOM 09 -- FLOHOM 09 | Baltimore Peninsula,hostaway,,2027-05-08,2027-05-08,752,USD,fixed,2,,fixed,,fixed
404358,FLOHOM 10 -- FLOHOM 10 | Virginia Beach,hostaway,,2027-05-08,2027-05-08,995,USD,fixed,2,,fixed,,fixed
427313,FLOHOM 11 -- FLOHOM 11 | Virginia Beach,hostaway,,2027-05-08,2027-05-08,659,USD,fixed,2,,fixed,,fixed
422608,"FLOHOM 12 -- FLOHOM 12 | Inner Harbor - Fells Point, Baltimore",hostaway,,2027-05-08,2027-05-08,995,USD,fixed,2,,fixed,,fixed
485833,"FLOHOM 13 -- FLOHOM 13 | Inner Harbor, Baltimore",hostaway,,2027-05-08,2027-05-08,1259,USD,fixed,2,,fixed,,fixed
407612,"FLOHOM 14 -- FLOHOM 14 | Pasadena, Chesapeake Bay",hostaway,,2027-05-08,2027-05-08,659,USD,fixed,2,,fixed,,fixed
467334,FLOHOM 15 -- FLOHOM 15 | North Myrtle Beach,hostaway,,2027-05-08,2027-05-08,1431,USD,fixed,2,,fixed,,fixed
510832,FLOHOM 16 | Liberty Landing Marina,hostaway,,2027-05-08,2027-05-08,1259,USD,fixed,2,,fixed,,fixed
146908,"FLOHOM 01 -- FLOHOM 01 | Inner Harbor, Baltimore",hostaway,,2027-05-09,2027-05-09,935,USD,fixed,2,,fixed,,fixed
146944,"FLOHOM 02 -- FLOHOM 02 | Inner Harbor - Canton, Baltimore",hostaway,,2027-05-09,2027-05-09,695,USD,fixed,2,,fixed,,fixed
146946,"FLOHOM 03 -- FLOHOM 03 | Magothy River, Annapolis",hostaway,,2027-05-09,2027-05-09,509,USD,fixed,2,,fixed,,fixed
260001,FLOHOM 04 -- FLOHOM 04 | National Harbor,hostaway,,2027-05-09,2027-05-09,900,USD,fixed,2,,fixed,,fixed
278502,"FLOHOM 05 -- FLOHOM 05 | Inner Harbor, Baltimore",hostaway,,2027-05-09,2027-05-09,641,USD,fixed,2,,fixed,,fixed
345316,FLOHOM 06 -- FLOHOM 06 | National Harbor,hostaway,,2027-05-09,2027-05-09,1021,USD,fixed,2,,fixed,,fixed
366176,"FLOHOM 07 -- FLOHOM 07 | Inner Harbor - Canton, Baltimore",hostaway,,2027-05-09,2027-05-09,809,USD,fixed,2,,fixed,,fixed
376368,FLOHOM 08 -- FLOHOM 08 | National Harbor,hostaway,,2027-05-09,2027-05-09,641,USD,fixed,2,,fixed,,fixed
383097,FLOHOM 09 -- FLOHOM 09 | Baltimore Peninsula,hostaway,,2027-05-09,2027-05-09,641,USD,fixed,2,,fixed,,fixed
404358,FLOHOM 10 -- FLOHOM 10 | Virginia Beach,hostaway,,2027-05-09,2027-05-09,809,USD,fixed,2,,fixed,,fixed
427313,FLOHOM 11 -- FLOHOM 11 | Virginia Beach,hostaway,,2027-05-09,2027-05-09,509,USD,fixed,2,,fixed,,fixed
422608,"FLOHOM 12 -- FLOHOM 12 | Inner Harbor - Fells Point, Baltimore",hostaway,,2027-05-09,2027-05-09,809,USD,fixed,2,,fixed,,fixed
485833,"FLOHOM 13 -- FLOHOM 13 | Inner Harbor, Baltimore",hostaway,,2027-05-09,2027-05-09,1021,USD,fixed,2,,fixed,,fixed
407612,"FLOHOM 14 -- FLOHOM 14 | Pasadena, Chesapeake Bay",hostaway,,2027-05-09,2027-05-09,509,USD,fixed,2,,fixed,,fixed
467334,FLOHOM 15 -- FLOHOM 15 | North Myrtle Beach,hostaway,,2027-05-09,2027-05-09,1180,USD,fixed,2,,fixed,,fixed
510832,FLOHOM 16 | Liberty Landing Marina,hostaway,,2027-05-09,2027-05-09,1021,USD,fixed,2,,fixed,,fixed
146908,"FLOHOM 01 -- FLOHOM 01 | Inner Harbor, Baltimore",hostaway,,2027-05-10,2027-05-10,579,USD,fixed,2,,fixed,,fixed
146944,"FLOHOM 02 -- FLOHOM 02 | Inner Harbor - Canton, Baltimore",hostaway,,2027-05-10,2027-05-10,426,USD,fixed,2,,fixed,,fixed
146946,"FLOHOM 03 -- FLOHOM 03 | Magothy River, Annapolis",hostaway,,2027-05-10,2027-05-10,333,USD,fixed,2,,fixed,,fixed
260001,FLOHOM 04 -- FLOHOM 04 | National Harbor,hostaway,,2027-05-10,2027-05-10,576,USD,fixed,2,,fixed,,fixed
278502,"FLOHOM 05 -- FLOHOM 05 | Inner Harbor, Baltimore",hostaway,,2027-05-10,2027-05-10,393,USD,fixed,2,,fixed,,fixed
345316,FLOHOM 06 -- FLOHOM 06 | National Harbor,hostaway,,2027-05-10,2027-05-10,684,USD,fixed,2,,fixed,,fixed
366176,"FLOHOM 07 -- FLOHOM 07 | Inner Harbor - Canton, Baltimore",hostaway,,2027-05-10,2027-05-10,483,USD,fixed,2,,fixed,,fixed
376368,FLOHOM 08 -- FLOHOM 08 | National Harbor,hostaway,,2027-05-10,2027-05-10,393,USD,fixed,2,,fixed,,fixed
383097,FLOHOM 09 -- FLOHOM 09 | Baltimore Peninsula,hostaway,,2027-05-10,2027-05-10,393,USD,fixed,2,,fixed,,fixed
404358,FLOHOM 10 -- FLOHOM 10 | Virginia Beach,hostaway,,2027-05-10,2027-05-10,483,USD,fixed,2,,fixed,,fixed
427313,FLOHOM 11 -- FLOHOM 11 | Virginia Beach,hostaway,,2027-05-10,2027-05-10,333,USD,fixed,2,,fixed,,fixed
422608,"FLOHOM 12 -- FLOHOM 12 | Inner Harbor - Fells Point, Baltimore",hostaway,,2027-05-10,2027-05-10,483,USD,fixed,2,,fixed,,fixed
485833,"FLOHOM 13 -- FLOHOM 13 | Inner Harbor, Baltimore",hostaway,,2027-05-10,2027-05-10,684,USD,fixed,2,,fixed,,fixed
407612,"FLOHOM 14 -- FLOHOM 14 | Pasadena, Chesapeake Bay",hostaway,,2027-05-10,2027-05-10,333,USD,fixed,2,,fixed,,fixed
467334,FLOHOM 15 -- FLOHOM 15 | North Myrtle Beach,hostaway,,2027-05-10,2027-05-10,789,USD,fixed,2,,fixed,,fixed
510832,FLOHOM 16 | Liberty Landing Marina,hostaway,,2027-05-10,2027-05-10,684,USD,fixed,2,,fixed,,fixed
146908,"FLOHOM 01 -- FLOHOM 01 | Inner Harbor, Baltimore",hostaway,,2027-05-11,2027-05-11,579,USD,fixed,2,,fixed,,fixed
146944,"FLOHOM 02 -- FLOHOM 02 | Inner Harbor - Canton, Baltimore",hostaway,,2027-05-11,2027-05-11,426,USD,fixed,2,,fixed,,fixed
146946,"FLOHOM 03 -- FLOHOM 03 | Magothy River, Annapolis",hostaway,,2027-05-11,2027-05-11,333,USD,fixed,2,,fixed,,fixed
260001,FLOHOM 04 -- FLOHOM 04 | National Harbor,hostaway,,2027-05-11,2027-05-11,576,USD,fixed,2,,fixed,,fixed
278502,"FLOHOM 05 -- FLOHOM 05 | Inner Harbor, Baltimore",hostaway,,2027-05-11,2027-05-11,393,USD,fixed,2,,fixed,,fixed
345316,FLOHOM 06 -- FLOHOM 06 | National Harbor,hostaway,,2027-05-11,2027-05-11,684,USD,fixed,2,,fixed,,fixed
366176,"FLOHOM 07 -- FLOHOM 07 | Inner Harbor - Canton, Baltimore",hostaway,,2027-05-11,2027-05-11,483,USD,fixed,2,,fixed,,fixed
376368,FLOHOM 08 -- FLOHOM 08 | National Harbor,hostaway,,2027-05-11,2027-05-11,393,USD,fixed,2,,fixed,,fixed
383097,FLOHOM 09 -- FLOHOM 09 | Baltimore Peninsula,hostaway,,2027-05-11,2027-05-11,393,USD,fixed,2,,fixed,,fixed
404358,FLOHOM 10 -- FLOHOM 10 | Virginia Beach,hostaway,,2027-05-11,2027-05-11,483,USD,fixed,2,,fixed,,fixed
427313,FLOHOM 11 -- FLOHOM 11 | Virginia Beach,hostaway,,2027-05-11,2027-05-11,333,USD,fixed,2,,fixed,,fixed
422608,"FLOHOM 12 -- FLOHOM 12 | Inner Harbor - Fells Point, Baltimore",hostaway,,2027-05-11,2027-05-11,483,USD,fixed,2,,fixed,,fixed
485833,"FLOHOM 13 -- FLOHOM 13 | Inner Harbor, Baltimore",hostaway,,2027-05-11,2027-05-11,684,USD,fixed,2,,fixed,,fixed
407612,"FLOHOM 14 -- FLOHOM 14 | Pasadena, Chesapeake Bay",hostaway,,2027-05-11,2027-05-11,333,USD,fixed,2,,fixed,,fixed
467334,FLOHOM 15 -- FLOHOM 15 | North Myrtle Beach,hostaway,,2027-05-11,2027-05-11,789,USD,fixed,2,,fixed,,fixed
510832,FLOHOM 16 | Liberty Landing Marina,hostaway,,2027-05-11,2027-05-11,684,USD,fixed,2,,fixed,,fixed
146908,"FLOHOM 01 -- FLOHOM 01 | Inner Harbor, Baltimore",hostaway,,2027-05-12,2027-05-12,579,USD,fixed,2,,fixed,,fixed
146944,"FLOHOM 02 -- FLOHOM 02 | Inner Harbor - Canton, Baltimore",hostaway,,2027-05-12,2027-05-12,426,USD,fixed,2,,fixed,,fixed
146946,"FLOHOM 03 -- FLOHOM 03 | Magothy River, Annapolis",hostaway,,2027-05-12,2027-05-12,333,USD,fixed,2,,fixed,,fixed
260001,FLOHOM 04 -- FLOHOM 04 | National Harbor,hostaway,,2027-05-12,2027-05-12,576,USD,fixed,2,,fixed,,fixed
278502,"FLOHOM 05 -- FLOHOM 05 | Inner Harbor, Baltimore",hostaway,,2027-05-12,2027-05-12,393,USD,fixed,2,,fixed,,fixed
345316,FLOHOM 06 -- FLOHOM 06 | National Harbor,hostaway,,2027-05-12,2027-05-12,684,USD,fixed,2,,fixed,,fixed
366176,"FLOHOM 07 -- FLOHOM 07 | Inner Harbor - Canton, Baltimore",hostaway,,2027-05-12,2027-05-12,483,USD,fixed,2,,fixed,,fixed
376368,FLOHOM 08 -- FLOHOM 08 | National Harbor,hostaway,,2027-05-12,2027-05-12,393,USD,fixed,2,,fixed,,fixed
383097,FLOHOM 09 -- FLOHOM 09 | Baltimore Peninsula,hostaway,,2027-05-12,2027-05-12,393,USD,fixed,2,,fixed,,fixed
404358,FLOHOM 10 -- FLOHOM 10 | Virginia Beach,hostaway,,2027-05-12,2027-05-12,483,USD,fixed,2,,fixed,,fixed
427313,FLOHOM 11 -- FLOHOM 11 | Virginia Beach,hostaway,,2027-05-12,2027-05-12,333,USD,fixed,2,,fixed,,fixed
422608,"FLOHOM 12 -- FLOHOM 12 | Inner Harbor - Fells Point, Baltimore",hostaway,,2027-05-12,2027-05-12,483,USD,fixed,2,,fixed,,fixed
485833,"FLOHOM 13 -- FLOHOM 13 | Inner Harbor, Baltimore",hostaway,,2027-05-12,2027-05-12,684,USD,fixed,2,,fixed,,fixed
407612,"FLOHOM 14 -- FLOHOM 14 | Pasadena, Chesapeake Bay",hostaway,,2027-05-12,2027-05-12,333,USD,fixed,2,,fixed,,fixed
467334,FLOHOM 15 -- FLOHOM 15 | North Myrtle Beach,hostaway,,2027-05-12,2027-05-12,789,USD,fixed,2,,fixed,,fixed
510832,FLOHOM 16 | Liberty Landing Marina,hostaway,,2027-05-12,2027-05-12,684,USD,fixed,2,,fixed,,fixed
146908,"FLOHOM 01 -- FLOHOM 01 | Inner Harbor, Baltimore",hostaway,,2027-05-13,2027-05-13,935,USD,fixed,2,,fixed,,fixed
146944,"FLOHOM 02 -- FLOHOM 02 | Inner Harbor - Canton, Baltimore",hostaway,,2027-05-13,2027-05-13,695,USD,fixed,2,,fixed,,fixed
146946,"FLOHOM 03 -- FLOHOM 03 | Magothy River, Annapolis",hostaway,,2027-05-13,2027-05-13,509,USD,fixed,2,,fixed,,fixed
260001,FLOHOM 04 -- FLOHOM 04 | National Harbor,hostaway,,2027-05-13,2027-05-13,900,USD,fixed,2,,fixed,,fixed
278502,"FLOHOM 05 -- FLOHOM 05 | Inner Harbor, Baltimore",hostaway,,2027-05-13,2027-05-13,641,USD,fixed,2,,fixed,,fixed
345316,FLOHOM 06 -- FLOHOM 06 | National Harbor,hostaway,,2027-05-13,2027-05-13,1021,USD,fixed,2,,fixed,,fixed
366176,"FLOHOM 07 -- FLOHOM 07 | Inner Harbor - Canton, Baltimore",hostaway,,2027-05-13,2027-05-13,809,USD,fixed,2,,fixed,,fixed
376368,FLOHOM 08 -- FLOHOM 08 | National Harbor,hostaway,,2027-05-13,2027-05-13,641,USD,fixed,2,,fixed,,fixed
383097,FLOHOM 09 -- FLOHOM 09 | Baltimore Peninsula,hostaway,,2027-05-13,2027-05-13,641,USD,fixed,2,,fixed,,fixed
404358,FLOHOM 10 -- FLOHOM 10 | Virginia Beach,hostaway,,2027-05-13,2027-05-13,809,USD,fixed,2,,fixed,,fixed
427313,FLOHOM 11 -- FLOHOM 11 | Virginia Beach,hostaway,,2027-05-13,2027-05-13,509,USD,fixed,2,,fixed,,fixed
422608,"FLOHOM 12 -- FLOHOM 12 | Inner Harbor - Fells Point, Baltimore",hostaway,,2027-05-13,2027-05-13,809,USD,fixed,2,,fixed,,fixed
485833,"FLOHOM 13 -- FLOHOM 13 | Inner Harbor, Baltimore",hostaway,,2027-05-13,2027-05-13,1021,USD,fixed,2,,fixed,,fixed
407612,"FLOHOM 14 -- FLOHOM 14 | Pasadena, Chesapeake Bay",hostaway,,2027-05-13,2027-05-13,509,USD,fixed,2,,fixed,,fixed
467334,FLOHOM 15 -- FLOHOM 15 | North Myrtle Beach,hostaway,,2027-05-13,2027-05-13,1180,USD,fixed,2,,fixed,,fixed
510832,FLOHOM 16 | Liberty Landing Marina,hostaway,,2027-05-13,2027-05-13,1021,USD,fixed,2,,fixed,,fixed
146908,"FLOHOM 01 -- FLOHOM 01 | Inner Harbor, Baltimore",hostaway,,2027-05-14,2027-05-14,1102,USD,fixed,2,,fixed,,fixed
146944,"FLOHOM 02 -- FLOHOM 02 | Inner Harbor - Canton, Baltimore",hostaway,,2027-05-14,2027-05-14,833,USD,fixed,2,,fixed,,fixed
146946,"FLOHOM 03 -- FLOHOM 03 | Magothy River, Annapolis",hostaway,,2027-05-14,2027-05-14,659,USD,fixed,2,,fixed,,fixed
260001,FLOHOM 04 -- FLOHOM 04 | National Harbor,hostaway,,2027-05-14,2027-05-14,1061,USD,fixed,2,,fixed,,fixed
278502,"FLOHOM 05 -- FLOHOM 05 | Inner Harbor, Baltimore",hostaway,,2027-05-14,2027-05-14,752,USD,fixed,2,,fixed,,fixed
345316,FLOHOM 06 -- FLOHOM 06 | National Harbor,hostaway,,2027-05-14,2027-05-14,1259,USD,fixed,2,,fixed,,fixed
366176,"FLOHOM 07 -- FLOHOM 07 | Inner Harbor - Canton, Baltimore",hostaway,,2027-05-14,2027-05-14,995,USD,fixed,2,,fixed,,fixed
376368,FLOHOM 08 -- FLOHOM 08 | National Harbor,hostaway,,2027-05-14,2027-05-14,752,USD,fixed,2,,fixed,,fixed
383097,FLOHOM 09 -- FLOHOM 09 | Baltimore Peninsula,hostaway,,2027-05-14,2027-05-14,752,USD,fixed,2,,fixed,,fixed
404358,FLOHOM 10 -- FLOHOM 10 | Virginia Beach,hostaway,,2027-05-14,2027-05-14,995,USD,fixed,2,,fixed,,fixed
427313,FLOHOM 11 -- FLOHOM 11 | Virginia Beach,hostaway,,2027-05-14,2027-05-14,659,USD,fixed,2,,fixed,,fixed
422608,"FLOHOM 12 -- FLOHOM 12 | Inner Harbor - Fells Point, Baltimore",hostaway,,2027-05-14,2027-05-14,995,USD,fixed,2,,fixed,,fixed
485833,"FLOHOM 13 -- FLOHOM 13 | Inner Harbor, Baltimore",hostaway,,2027-05-14,2027-05-14,1259,USD,fixed,2,,fixed,,fixed
407612,"FLOHOM 14 -- FLOHOM 14 | Pasadena, Chesapeake Bay",hostaway,,2027-05-14,2027-05-14,659,USD,fixed,2,,fixed,,fixed
467334,FLOHOM 15 -- FLOHOM 15 | North Myrtle Beach,hostaway,,2027-05-14,2027-05-14,1431,USD,fixed,2,,fixed,,fixed
510832,FLOHOM 16 | Liberty Landing Marina,hostaway,,2027-05-14,2027-05-14,1259,USD,fixed,2,,fixed,,fixed
146908,"FLOHOM 01 -- FLOHOM 01 | Inner Harbor, Baltimore",hostaway,,2027-05-15,2027-05-15,1102,USD,fixed,2,,fixed,,fixed
146944,"FLOHOM 02 -- FLOHOM 02 | Inner Harbor - Canton, Baltimore",hostaway,,2027-05-15,2027-05-15,833,USD,fixed,2,,fixed,,fixed
146946,"FLOHOM 03 -- FLOHOM 03 | Magothy River, Annapolis",hostaway,,2027-05-15,2027-05-15,659,USD,fixed,2,,fixed,,fixed
260001,FLOHOM 04 -- FLOHOM 04 | National Harbor,hostaway,,2027-05-15,2027-05-15,1061,USD,fixed,2,,fixed,,fixed
278502,"FLOHOM 05 -- FLOHOM 05 | Inner Harbor, Baltimore",hostaway,,2027-05-15,2027-05-15,752,USD,fixed,2,,fixed,,fixed
345316,FLOHOM 06 -- FLOHOM 06 | National Harbor,hostaway,,2027-05-15,2027-05-15,1259,USD,fixed,2,,fixed,,fixed
366176,"FLOHOM 07 -- FLOHOM 07 | Inner Harbor - Canton, Baltimore",hostaway,,2027-05-15,2027-05-15,995,USD,fixed,2,,fixed,,fixed
376368,FLOHOM 08 -- FLOHOM 08 | National Harbor,hostaway,,2027-05-15,2027-05-15,752,USD,fixed,2,,fixed,,fixed
383097,FLOHOM 09 -- FLOHOM 09 | Baltimore Peninsula,hostaway,,2027-05-15,2027-05-15,752,USD,fixed,2,,fixed,,fixed
404358,FLOHOM 10 -- FLOHOM 10 | Virginia Beach,hostaway,,2027-05-15,2027-05-15,995,USD,fixed,2,,fixed,,fixed
427313,FLOHOM 11 -- FLOHOM 11 | Virginia Beach,hostaway,,2027-05-15,2027-05-15,659,USD,fixed,2,,fixed,,fixed
422608,"FLOHOM 12 -- FLOHOM 12 | Inner Harbor - Fells Point, Baltimore",hostaway,,2027-05-15,2027-05-15,995,USD,fixed,2,,fixed,,fixed
485833,"FLOHOM 13 -- FLOHOM 13 | Inner Harbor, Baltimore",hostaway,,2027-05-15,2027-05-15,1259,USD,fixed,2,,fixed,,fixed
407612,"FLOHOM 14 -- FLOHOM 14 | Pasadena, Chesapeake Bay",hostaway,,2027-05-15,2027-05-15,659,USD,fixed,2,,fixed,,fixed
467334,FLOHOM 15 -- FLOHOM 15 | North Myrtle Beach,hostaway,,2027-05-15,2027-05-15,1431,USD,fixed,2,,fixed,,fixed
510832,FLOHOM 16 | Liberty Landing Marina,hostaway,,2027-05-15,2027-05-15,1259,USD,fixed,2,,fixed,,fixed
146908,"FLOHOM 01 -- FLOHOM 01 | Inner Harbor, Baltimore",hostaway,,2027-05-16,2027-05-16,935,USD,fixed,2,,fixed,,fixed
146944,"FLOHOM 02 -- FLOHOM 02 | Inner Harbor - Canton, Baltimore",hostaway,,2027-05-16,2027-05-16,695,USD,fixed,2,,fixed,,fixed
146946,"FLOHOM 03 -- FLOHOM 03 | Magothy River, Annapolis",hostaway,,2027-05-16,2027-05-16,509,USD,fixed,2,,fixed,,fixed
260001,FLOHOM 04 -- FLOHOM 04 | National Harbor,hostaway,,2027-05-16,2027-05-16,900,USD,fixed,2,,fixed,,fixed
278502,"FLOHOM 05 -- FLOHOM 05 | Inner Harbor, Baltimore",hostaway,,2027-05-16,2027-05-16,641,USD,fixed,2,,fixed,,fixed
345316,FLOHOM 06 -- FLOHOM 06 | National Harbor,hostaway,,2027-05-16,2027-05-16,1021,USD,fixed,2,,fixed,,fixed
366176,"FLOHOM 07 -- FLOHOM 07 | Inner Harbor - Canton, Baltimore",hostaway,,2027-05-16,2027-05-16,809,USD,fixed,2,,fixed,,fixed
376368,FLOHOM 08 -- FLOHOM 08 | National Harbor,hostaway,,2027-05-16,2027-05-16,641,USD,fixed,2,,fixed,,fixed
383097,FLOHOM 09 -- FLOHOM 09 | Baltimore Peninsula,hostaway,,2027-05-16,2027-05-16,641,USD,fixed,2,,fixed,,fixed
404358,FLOHOM 10 -- FLOHOM 10 | Virginia Beach,hostaway,,2027-05-16,2027-05-16,809,USD,fixed,2,,fixed,,fixed
427313,FLOHOM 11 -- FLOHOM 11 | Virginia Beach,hostaway,,2027-05-16,2027-05-16,509,USD,fixed,2,,fixed,,fixed
422608,"FLOHOM 12 -- FLOHOM 12 | Inner Harbor - Fells Point, Baltimore",hostaway,,2027-05-16,2027-05-16,809,USD,fixed,2,,fixed,,fixed
485833,"FLOHOM 13 -- FLOHOM 13 | Inner Harbor, Baltimore",hostaway,,2027-05-16,2027-05-16,1021,USD,fixed,2,,fixed,,fixed
407612,"FLOHOM 14 -- FLOHOM 14 | Pasadena, Chesapeake Bay",hostaway,,2027-05-16,2027-05-16,509,USD,fixed,2,,fixed,,fixed
467334,FLOHOM 15 -- FLOHOM 15 | North Myrtle Beach,hostaway,,2027-05-16,2027-05-16,1180,USD,fixed,2,,fixed,,fixed
510832,FLOHOM 16 | Liberty Landing Marina,hostaway,,2027-05-16,2027-05-16,1021,USD,fixed,2,,fixed,,fixed
146908,"FLOHOM 01 -- FLOHOM 01 | Inner Harbor, Baltimore",hostaway,,2027-05-17,2027-05-17,579,USD,fixed,2,,fixed,,fixed
146944,"FLOHOM 02 -- FLOHOM 02 | Inner Harbor - Canton, Baltimore",hostaway,,2027-05-17,2027-05-17,426,USD,fixed,2,,fixed,,fixed
146946,"FLOHOM 03 -- FLOHOM 03 | Magothy River, Annapolis",hostaway,,2027-05-17,2027-05-17,333,USD,fixed,2,,fixed,,fixed
260001,FLOHOM 04 -- FLOHOM 04 | National Harbor,hostaway,,2027-05-17,2027-05-17,576,USD,fixed,2,,fixed,,fixed
278502,"FLOHOM 05 -- FLOHOM 05 | Inner Harbor, Baltimore",hostaway,,2027-05-17,2027-05-17,393,USD,fixed,2,,fixed,,fixed
345316,FLOHOM 06 -- FLOHOM 06 | National Harbor,hostaway,,2027-05-17,2027-05-17,684,USD,fixed,2,,fixed,,fixed
366176,"FLOHOM 07 -- FLOHOM 07 | Inner Harbor - Canton, Baltimore",hostaway,,2027-05-17,2027-05-17,483,USD,fixed,2,,fixed,,fixed
376368,FLOHOM 08 -- FLOHOM 08 | National Harbor,hostaway,,2027-05-17,2027-05-17,393,USD,fixed,2,,fixed,,fixed
383097,FLOHOM 09 -- FLOHOM 09 | Baltimore Peninsula,hostaway,,2027-05-17,2027-05-17,393,USD,fixed,2,,fixed,,fixed
404358,FLOHOM 10 -- FLOHOM 10 | Virginia Beach,hostaway,,2027-05-17,2027-05-17,483,USD,fixed,2,,fixed,,fixed
427313,FLOHOM 11 -- FLOHOM 11 | Virginia Beach,hostaway,,2027-05-17,2027-05-17,333,USD,fixed,2,,fixed,,fixed
422608,"FLOHOM 12 -- FLOHOM 12 | Inner Harbor - Fells Point, Baltimore",hostaway,,2027-05-17,2027-05-17,483,USD,fixed,2,,fixed,,fixed
485833,"FLOHOM 13 -- FLOHOM 13 | Inner Harbor, Baltimore",hostaway,,2027-05-17,2027-05-17,684,USD,fixed,2,,fixed,,fixed
407612,"FLOHOM 14 -- FLOHOM 14 | Pasadena, Chesapeake Bay",hostaway,,2027-05-17,2027-05-17,333,USD,fixed,2,,fixed,,fixed
467334,FLOHOM 15 -- FLOHOM 15 | North Myrtle Beach,hostaway,,2027-05-17,2027-05-17,658,USD,fixed,2,,fixed,,fixed
510832,FLOHOM 16 | Liberty Landing Marina,hostaway,,2027-05-17,2027-05-17,684,USD,fixed,2,,fixed,,fixed
146908,"FLOHOM 01 -- FLOHOM 01 | Inner Harbor, Baltimore",hostaway,,2027-05-18,2027-05-18,579,USD,fixed,2,,fixed,,fixed
146944,"FLOHOM 02 -- FLOHOM 02 | Inner Harbor - Canton, Baltimore",hostaway,,2027-05-18,2027-05-18,426,USD,fixed,2,,fixed,,fixed
146946,"FLOHOM 03 -- FLOHOM 03 | Magothy River, Annapolis",hostaway,,2027-05-18,2027-05-18,333,USD,fixed,2,,fixed,,fixed
260001,FLOHOM 04 -- FLOHOM 04 | National Harbor,hostaway,,2027-05-18,2027-05-18,576,USD,fixed,2,,fixed,,fixed
278502,"FLOHOM 05 -- FLOHOM 05 | Inner Harbor, Baltimore",hostaway,,2027-05-18,2027-05-18,393,USD,fixed,2,,fixed,,fixed
345316,FLOHOM 06 -- FLOHOM 06 | National Harbor,hostaway,,2027-05-18,2027-05-18,684,USD,fixed,2,,fixed,,fixed
366176,"FLOHOM 07 -- FLOHOM 07 | Inner Harbor - Canton, Baltimore",hostaway,,2027-05-18,2027-05-18,483,USD,fixed,2,,fixed,,fixed
376368,FLOHOM 08 -- FLOHOM 08 | National Harbor,hostaway,,2027-05-18,2027-05-18,393,USD,fixed,2,,fixed,,fixed
383097,FLOHOM 09 -- FLOHOM 09 | Baltimore Peninsula,hostaway,,2027-05-18,2027-05-18,393,USD,fixed,2,,fixed,,fixed
404358,FLOHOM 10 -- FLOHOM 10 | Virginia Beach,hostaway,,2027-05-18,2027-05-18,483,USD,fixed,2,,fixed,,fixed
427313,FLOHOM 11 -- FLOHOM 11 | Virginia Beach,hostaway,,2027-05-18,2027-05-18,333,USD,fixed,2,,fixed,,fixed
422608,"FLOHOM 12 -- FLOHOM 12 | Inner Harbor - Fells Point, Baltimore",hostaway,,2027-05-18,2027-05-18,483,USD,fixed,2,,fixed,,fixed
485833,"FLOHOM 13 -- FLOHOM 13 | Inner Harbor, Baltimore",hostaway,,2027-05-18,2027-05-18,684,USD,fixed,2,,fixed,,fixed
407612,"FLOHOM 14 -- FLOHOM 14 | Pasadena, Chesapeake Bay",hostaway,,2027-05-18,2027-05-18,333,USD,fixed,2,,fixed,,fixed
467334,FLOHOM 15 -- FLOHOM 15 | North Myrtle Beach,hostaway,,2027-05-18,2027-05-18,658,USD,fixed,2,,fixed,,fixed
510832,FLOHOM 16 | Liberty Landing Marina,hostaway,,2027-05-18,2027-05-18,684,USD,fixed,2,,fixed,,fixed
146908,"FLOHOM 01 -- FLOHOM 01 | Inner Harbor, Baltimore",hostaway,,2027-05-19,2027-05-19,579,USD,fixed,2,,fixed,,fixed
146944,"FLOHOM 02 -- FLOHOM 02 | Inner Harbor - Canton, Baltimore",hostaway,,2027-05-19,2027-05-19,426,USD,fixed,2,,fixed,,fixed
146946,"FLOHOM 03 -- FLOHOM 03 | Magothy River, Annapolis",hostaway,,2027-05-19,2027-05-19,333,USD,fixed,2,,fixed,,fixed
260001,FLOHOM 04 -- FLOHOM 04 | National Harbor,hostaway,,2027-05-19,2027-05-19,576,USD,fixed,2,,fixed,,fixed
278502,"FLOHOM 05 -- FLOHOM 05 | Inner Harbor, Baltimore",hostaway,,2027-05-19,2027-05-19,393,USD,fixed,2,,fixed,,fixed
345316,FLOHOM 06 -- FLOHOM 06 | National Harbor,hostaway,,2027-05-19,2027-05-19,684,USD,fixed,2,,fixed,,fixed
366176,"FLOHOM 07 -- FLOHOM 07 | Inner Harbor - Canton, Baltimore",hostaway,,2027-05-19,2027-05-19,483,USD,fixed,2,,fixed,,fixed
376368,FLOHOM 08 -- FLOHOM 08 | National Harbor,hostaway,,2027-05-19,2027-05-19,393,USD,fixed,2,,fixed,,fixed
383097,FLOHOM 09 -- FLOHOM 09 | Baltimore Peninsula,hostaway,,2027-05-19,2027-05-19,393,USD,fixed,2,,fixed,,fixed
404358,FLOHOM 10 -- FLOHOM 10 | Virginia Beach,hostaway,,2027-05-19,2027-05-19,483,USD,fixed,2,,fixed,,fixed
427313,FLOHOM 11 -- FLOHOM 11 | Virginia Beach,hostaway,,2027-05-19,2027-05-19,333,USD,fixed,2,,fixed,,fixed
422608,"FLOHOM 12 -- FLOHOM 12 | Inner Harbor - Fells Point, Baltimore",hostaway,,2027-05-19,2027-05-19,483,USD,fixed,2,,fixed,,fixed
485833,"FLOHOM 13 -- FLOHOM 13 | Inner Harbor, Baltimore",hostaway,,2027-05-19,2027-05-19,684,USD,fixed,2,,fixed,,fixed
407612,"FLOHOM 14 -- FLOHOM 14 | Pasadena, Chesapeake Bay",hostaway,,2027-05-19,2027-05-19,333,USD,fixed,2,,fixed,,fixed
467334,FLOHOM 15 -- FLOHOM 15 | North Myrtle Beach,hostaway,,2027-05-19,2027-05-19,658,USD,fixed,2,,fixed,,fixed
510832,FLOHOM 16 | Liberty Landing Marina,hostaway,,2027-05-19,2027-05-19,684,USD,fixed,2,,fixed,,fixed
146908,"FLOHOM 01 -- FLOHOM 01 | Inner Harbor, Baltimore",hostaway,,2027-05-20,2027-05-20,935,USD,fixed,2,,fixed,,fixed
146944,"FLOHOM 02 -- FLOHOM 02 | Inner Harbor - Canton, Baltimore",hostaway,,2027-05-20,2027-05-20,695,USD,fixed,2,,fixed,,fixed
146946,"FLOHOM 03 -- FLOHOM 03 | Magothy River, Annapolis",hostaway,,2027-05-20,2027-05-20,509,USD,fixed,2,,fixed,,fixed
260001,FLOHOM 04 -- FLOHOM 04 | National Harbor,hostaway,,2027-05-20,2027-05-20,900,USD,fixed,2,,fixed,,fixed
278502,"FLOHOM 05 -- FLOHOM 05 | Inner Harbor, Baltimore",hostaway,,2027-05-20,2027-05-20,641,USD,fixed,2,,fixed,,fixed
345316,FLOHOM 06 -- FLOHOM 06 | National Harbor,hostaway,,2027-05-20,2027-05-20,1021,USD,fixed,2,,fixed,,fixed
366176,"FLOHOM 07 -- FLOHOM 07 | Inner Harbor - Canton, Baltimore",hostaway,,2027-05-20,2027-05-20,809,USD,fixed,2,,fixed,,fixed
376368,FLOHOM 08 -- FLOHOM 08 | National Harbor,hostaway,,2027-05-20,2027-05-20,641,USD,fixed,2,,fixed,,fixed
383097,FLOHOM 09 -- FLOHOM 09 | Baltimore Peninsula,hostaway,,2027-05-20,2027-05-20,641,USD,fixed,2,,fixed,,fixed
404358,FLOHOM 10 -- FLOHOM 10 | Virginia Beach,hostaway,,2027-05-20,2027-05-20,809,USD,fixed,2,,fixed,,fixed
427313,FLOHOM 11 -- FLOHOM 11 | Virginia Beach,hostaway,,2027-05-20,2027-05-20,509,USD,fixed,2,,fixed,,fixed
422608,"FLOHOM 12 -- FLOHOM 12 | Inner Harbor - Fells Point, Baltimore",hostaway,,2027-05-20,2027-05-20,809,USD,fixed,2,,fixed,,fixed
485833,"FLOHOM 13 -- FLOHOM 13 | Inner Harbor, Baltimore",hostaway,,2027-05-20,2027-05-20,1021,USD,fixed,2,,fixed,,fixed
407612,"FLOHOM 14 -- FLOHOM 14 | Pasadena, Chesapeake Bay",hostaway,,2027-05-20,2027-05-20,509,USD,fixed,2,,fixed,,fixed
467334,FLOHOM 15 -- FLOHOM 15 | North Myrtle Beach,hostaway,,2027-05-20,2027-05-20,983,USD,fixed,2,,fixed,,fixed
510832,FLOHOM 16 | Liberty Landing Marina,hostaway,,2027-05-20,2027-05-20,1021,USD,fixed,2,,fixed,,fixed
146908,"FLOHOM 01 -- FLOHOM 01 | Inner Harbor, Baltimore",hostaway,,2027-05-21,2027-05-21,1102,USD,fixed,2,,fixed,,fixed
146944,"FLOHOM 02 -- FLOHOM 02 | Inner Harbor - Canton, Baltimore",hostaway,,2027-05-21,2027-05-21,833,USD,fixed,2,,fixed,,fixed
146946,"FLOHOM 03 -- FLOHOM 03 | Magothy River, Annapolis",hostaway,,2027-05-21,2027-05-21,659,USD,fixed,2,,fixed,,fixed
260001,FLOHOM 04 -- FLOHOM 04 | National Harbor,hostaway,,2027-05-21,2027-05-21,1061,USD,fixed,2,,fixed,,fixed
278502,"FLOHOM 05 -- FLOHOM 05 | Inner Harbor, Baltimore",hostaway,,2027-05-21,2027-05-21,752,USD,fixed,2,,fixed,,fixed
345316,FLOHOM 06 -- FLOHOM 06 | National Harbor,hostaway,,2027-05-21,2027-05-21,1259,USD,fixed,2,,fixed,,fixed
366176,"FLOHOM 07 -- FLOHOM 07 | Inner Harbor - Canton, Baltimore",hostaway,,2027-05-21,2027-05-21,995,USD,fixed,2,,fixed,,fixed
376368,FLOHOM 08 -- FLOHOM 08 | National Harbor,hostaway,,2027-05-21,2027-05-21,752,USD,fixed,2,,fixed,,fixed
383097,FLOHOM 09 -- FLOHOM 09 | Baltimore Peninsula,hostaway,,2027-05-21,2027-05-21,752,USD,fixed,2,,fixed,,fixed
404358,FLOHOM 10 -- FLOHOM 10 | Virginia Beach,hostaway,,2027-05-21,2027-05-21,995,USD,fixed,2,,fixed,,fixed
427313,FLOHOM 11 -- FLOHOM 11 | Virginia Beach,hostaway,,2027-05-21,2027-05-21,659,USD,fixed,2,,fixed,,fixed
422608,"FLOHOM 12 -- FLOHOM 12 | Inner Harbor - Fells Point, Baltimore",hostaway,,2027-05-21,2027-05-21,995,USD,fixed,2,,fixed,,fixed
485833,"FLOHOM 13 -- FLOHOM 13 | Inner Harbor, Baltimore",hostaway,,2027-05-21,2027-05-21,1259,USD,fixed,2,,fixed,,fixed
407612,"FLOHOM 14 -- FLOHOM 14 | Pasadena, Chesapeake Bay",hostaway,,2027-05-21,2027-05-21,659,USD,fixed,2,,fixed,,fixed
467334,FLOHOM 15 -- FLOHOM 15 | North Myrtle Beach,hostaway,,2027-05-21,2027-05-21,1193,USD,fixed,2,,fixed,,fixed
510832,FLOHOM 16 | Liberty Landing Marina,hostaway,,2027-05-21,2027-05-21,1259,USD,fixed,2,,fixed,,fixed
146908,"FLOHOM 01 -- FLOHOM 01 | Inner Harbor, Baltimore",hostaway,,2027-05-22,2027-05-22,1102,USD,fixed,2,,fixed,,fixed
146944,"FLOHOM 02 -- FLOHOM 02 | Inner Harbor - Canton, Baltimore",hostaway,,2027-05-22,2027-05-22,833,USD,fixed,2,,fixed,,fixed
146946,"FLOHOM 03 -- FLOHOM 03 | Magothy River, Annapolis",hostaway,,2027-05-22,2027-05-22,659,USD,fixed,2,,fixed,,fixed
260001,FLOHOM 04 -- FLOHOM 04 | National Harbor,hostaway,,2027-05-22,2027-05-22,1061,USD,fixed,2,,fixed,,fixed
278502,"FLOHOM 05 -- FLOHOM 05 | Inner Harbor, Baltimore",hostaway,,2027-05-22,2027-05-22,752,USD,fixed,2,,fixed,,fixed
345316,FLOHOM 06 -- FLOHOM 06 | National Harbor,hostaway,,2027-05-22,2027-05-22,1259,USD,fixed,2,,fixed,,fixed
366176,"FLOHOM 07 -- FLOHOM 07 | Inner Harbor - Canton, Baltimore",hostaway,,2027-05-22,2027-05-22,995,USD,fixed,2,,fixed,,fixed
376368,FLOHOM 08 -- FLOHOM 08 | National Harbor,hostaway,,2027-05-22,2027-05-22,752,USD,fixed,2,,fixed,,fixed
383097,FLOHOM 09 -- FLOHOM 09 | Baltimore Peninsula,hostaway,,2027-05-22,2027-05-22,752,USD,fixed,2,,fixed,,fixed
404358,FLOHOM 10 -- FLOHOM 10 | Virginia Beach,hostaway,,2027-05-22,2027-05-22,995,USD,fixed,2,,fixed,,fixed
427313,FLOHOM 11 -- FLOHOM 11 | Virginia Beach,hostaway,,2027-05-22,2027-05-22,659,USD,fixed,2,,fixed,,fixed
422608,"FLOHOM 12 -- FLOHOM 12 | Inner Harbor - Fells Point, Baltimore",hostaway,,2027-05-22,2027-05-22,995,USD,fixed,2,,fixed,,fixed
485833,"FLOHOM 13 -- FLOHOM 13 | Inner Harbor, Baltimore",hostaway,,2027-05-22,2027-05-22,1259,USD,fixed,2,,fixed,,fixed
407612,"FLOHOM 14 -- FLOHOM 14 | Pasadena, Chesapeake Bay",hostaway,,2027-05-22,2027-05-22,659,USD,fixed,2,,fixed,,fixed
467334,FLOHOM 15 -- FLOHOM 15 | North Myrtle Beach,hostaway,,2027-05-22,2027-05-22,1193,USD,fixed,2,,fixed,,fixed
510832,FLOHOM 16 | Liberty Landing Marina,hostaway,,2027-05-22,2027-05-22,1259,USD,fixed,2,,fixed,,fixed
146908,"FLOHOM 01 -- FLOHOM 01 | Inner Harbor, Baltimore",hostaway,,2027-05-23,2027-05-23,935,USD,fixed,2,,fixed,,fixed
146944,"FLOHOM 02 -- FLOHOM 02 | Inner Harbor - Canton, Baltimore",hostaway,,2027-05-23,2027-05-23,695,USD,fixed,2,,fixed,,fixed
146946,"FLOHOM 03 -- FLOHOM 03 | Magothy River, Annapolis",hostaway,,2027-05-23,2027-05-23,509,USD,fixed,2,,fixed,,fixed
260001,FLOHOM 04 -- FLOHOM 04 | National Harbor,hostaway,,2027-05-23,2027-05-23,900,USD,fixed,2,,fixed,,fixed
278502,"FLOHOM 05 -- FLOHOM 05 | Inner Harbor, Baltimore",hostaway,,2027-05-23,2027-05-23,641,USD,fixed,2,,fixed,,fixed
345316,FLOHOM 06 -- FLOHOM 06 | National Harbor,hostaway,,2027-05-23,2027-05-23,1021,USD,fixed,2,,fixed,,fixed
366176,"FLOHOM 07 -- FLOHOM 07 | Inner Harbor - Canton, Baltimore",hostaway,,2027-05-23,2027-05-23,809,USD,fixed,2,,fixed,,fixed
376368,FLOHOM 08 -- FLOHOM 08 | National Harbor,hostaway,,2027-05-23,2027-05-23,641,USD,fixed,2,,fixed,,fixed
383097,FLOHOM 09 -- FLOHOM 09 | Baltimore Peninsula,hostaway,,2027-05-23,2027-05-23,641,USD,fixed,2,,fixed,,fixed
404358,FLOHOM 10 -- FLOHOM 10 | Virginia Beach,hostaway,,2027-05-23,2027-05-23,809,USD,fixed,2,,fixed,,fixed
427313,FLOHOM 11 -- FLOHOM 11 | Virginia Beach,hostaway,,2027-05-23,2027-05-23,509,USD,fixed,2,,fixed,,fixed
422608,"FLOHOM 12 -- FLOHOM 12 | Inner Harbor - Fells Point, Baltimore",hostaway,,2027-05-23,2027-05-23,809,USD,fixed,2,,fixed,,fixed
485833,"FLOHOM 13 -- FLOHOM 13 | Inner Harbor, Baltimore",hostaway,,2027-05-23,2027-05-23,1021,USD,fixed,2,,fixed,,fixed
407612,"FLOHOM 14 -- FLOHOM 14 | Pasadena, Chesapeake Bay",hostaway,,2027-05-23,2027-05-23,509,USD,fixed,2,,fixed,,fixed
467334,FLOHOM 15 -- FLOHOM 15 | North Myrtle Beach,hostaway,,2027-05-23,2027-05-23,983,USD,fixed,2,,fixed,,fixed
510832,FLOHOM 16 | Liberty Landing Marina,hostaway,,2027-05-23,2027-05-23,1021,USD,fixed,2,,fixed,,fixed
146908,"FLOHOM 01 -- FLOHOM 01 | Inner Harbor, Baltimore",hostaway,,2027-05-24,2027-05-24,579,USD,fixed,2,,fixed,,fixed
146944,"FLOHOM 02 -- FLOHOM 02 | Inner Harbor - Canton, Baltimore",hostaway,,2027-05-24,2027-05-24,426,USD,fixed,2,,fixed,,fixed
146946,"FLOHOM 03 -- FLOHOM 03 | Magothy River, Annapolis",hostaway,,2027-05-24,2027-05-24,333,USD,fixed,2,,fixed,,fixed
260001,FLOHOM 04 -- FLOHOM 04 | National Harbor,hostaway,,2027-05-24,2027-05-24,576,USD,fixed,2,,fixed,,fixed
278502,"FLOHOM 05 -- FLOHOM 05 | Inner Harbor, Baltimore",hostaway,,2027-05-24,2027-05-24,393,USD,fixed,2,,fixed,,fixed
345316,FLOHOM 06 -- FLOHOM 06 | National Harbor,hostaway,,2027-05-24,2027-05-24,684,USD,fixed,2,,fixed,,fixed
366176,"FLOHOM 07 -- FLOHOM 07 | Inner Harbor - Canton, Baltimore",hostaway,,2027-05-24,2027-05-24,483,USD,fixed,2,,fixed,,fixed
376368,FLOHOM 08 -- FLOHOM 08 | National Harbor,hostaway,,2027-05-24,2027-05-24,393,USD,fixed,2,,fixed,,fixed
383097,FLOHOM 09 -- FLOHOM 09 | Baltimore Peninsula,hostaway,,2027-05-24,2027-05-24,393,USD,fixed,2,,fixed,,fixed
404358,FLOHOM 10 -- FLOHOM 10 | Virginia Beach,hostaway,,2027-05-24,2027-05-24,483,USD,fixed,2,,fixed,,fixed
427313,FLOHOM 11 -- FLOHOM 11 | Virginia Beach,hostaway,,2027-05-24,2027-05-24,333,USD,fixed,2,,fixed,,fixed
422608,"FLOHOM 12 -- FLOHOM 12 | Inner Harbor - Fells Point, Baltimore",hostaway,,2027-05-24,2027-05-24,483,USD,fixed,2,,fixed,,fixed
485833,"FLOHOM 13 -- FLOHOM 13 | Inner Harbor, Baltimore",hostaway,,2027-05-24,2027-05-24,684,USD,fixed,2,,fixed,,fixed
407612,"FLOHOM 14 -- FLOHOM 14 | Pasadena, Chesapeake Bay",hostaway,,2027-05-24,2027-05-24,333,USD,fixed,2,,fixed,,fixed
467334,FLOHOM 15 -- FLOHOM 15 | North Myrtle Beach,hostaway,,2027-05-24,2027-05-24,658,USD,fixed,2,,fixed,,fixed
510832,FLOHOM 16 | Liberty Landing Marina,hostaway,,2027-05-24,2027-05-24,684,USD,fixed,2,,fixed,,fixed
146908,"FLOHOM 01 -- FLOHOM 01 | Inner Harbor, Baltimore",hostaway,,2027-05-25,2027-05-25,579,USD,fixed,2,,fixed,,fixed
146944,"FLOHOM 02 -- FLOHOM 02 | Inner Harbor - Canton, Baltimore",hostaway,,2027-05-25,2027-05-25,426,USD,fixed,2,,fixed,,fixed
146946,"FLOHOM 03 -- FLOHOM 03 | Magothy River, Annapolis",hostaway,,2027-05-25,2027-05-25,333,USD,fixed,2,,fixed,,fixed
260001,FLOHOM 04 -- FLOHOM 04 | National Harbor,hostaway,,2027-05-25,2027-05-25,576,USD,fixed,2,,fixed,,fixed
278502,"FLOHOM 05 -- FLOHOM 05 | Inner Harbor, Baltimore",hostaway,,2027-05-25,2027-05-25,393,USD,fixed,2,,fixed,,fixed
345316,FLOHOM 06 -- FLOHOM 06 | National Harbor,hostaway,,2027-05-25,2027-05-25,684,USD,fixed,2,,fixed,,fixed
366176,"FLOHOM 07 -- FLOHOM 07 | Inner Harbor - Canton, Baltimore",hostaway,,2027-05-25,2027-05-25,483,USD,fixed,2,,fixed,,fixed
376368,FLOHOM 08 -- FLOHOM 08 | National Harbor,hostaway,,2027-05-25,2027-05-25,393,USD,fixed,2,,fixed,,fixed
383097,FLOHOM 09 -- FLOHOM 09 | Baltimore Peninsula,hostaway,,2027-05-25,2027-05-25,393,USD,fixed,2,,fixed,,fixed
404358,FLOHOM 10 -- FLOHOM 10 | Virginia Beach,hostaway,,2027-05-25,2027-05-25,483,USD,fixed,2,,fixed,,fixed
427313,FLOHOM 11 -- FLOHOM 11 | Virginia Beach,hostaway,,2027-05-25,2027-05-25,333,USD,fixed,2,,fixed,,fixed
422608,"FLOHOM 12 -- FLOHOM 12 | Inner Harbor - Fells Point, Baltimore",hostaway,,2027-05-25,2027-05-25,483,USD,fixed,2,,fixed,,fixed
485833,"FLOHOM 13 -- FLOHOM 13 | Inner Harbor, Baltimore",hostaway,,2027-05-25,2027-05-25,684,USD,fixed,2,,fixed,,fixed
407612,"FLOHOM 14 -- FLOHOM 14 | Pasadena, Chesapeake Bay",hostaway,,2027-05-25,2027-05-25,333,USD,fixed,2,,fixed,,fixed
467334,FLOHOM 15 -- FLOHOM 15 | North Myrtle Beach,hostaway,,2027-05-25,2027-05-25,658,USD,fixed,2,,fixed,,fixed
510832,FLOHOM 16 | Liberty Landing Marina,hostaway,,2027-05-25,2027-05-25,684,USD,fixed,2,,fixed,,fixed
146908,"FLOHOM 01 -- FLOHOM 01 | Inner Harbor, Baltimore",hostaway,,2027-05-26,2027-05-26,579,USD,fixed,2,,fixed,,fixed
146944,"FLOHOM 02 -- FLOHOM 02 | Inner Harbor - Canton, Baltimore",hostaway,,2027-05-26,2027-05-26,426,USD,fixed,2,,fixed,,fixed
146946,"FLOHOM 03 -- FLOHOM 03 | Magothy River, Annapolis",hostaway,,2027-05-26,2027-05-26,333,USD,fixed,2,,fixed,,fixed
260001,FLOHOM 04 -- FLOHOM 04 | National Harbor,hostaway,,2027-05-26,2027-05-26,576,USD,fixed,2,,fixed,,fixed
278502,"FLOHOM 05 -- FLOHOM 05 | Inner Harbor, Baltimore",hostaway,,2027-05-26,2027-05-26,393,USD,fixed,2,,fixed,,fixed
345316,FLOHOM 06 -- FLOHOM 06 | National Harbor,hostaway,,2027-05-26,2027-05-26,684,USD,fixed,2,,fixed,,fixed
366176,"FLOHOM 07 -- FLOHOM 07 | Inner Harbor - Canton, Baltimore",hostaway,,2027-05-26,2027-05-26,483,USD,fixed,2,,fixed,,fixed
376368,FLOHOM 08 -- FLOHOM 08 | National Harbor,hostaway,,2027-05-26,2027-05-26,393,USD,fixed,2,,fixed,,fixed
383097,FLOHOM 09 -- FLOHOM 09 | Baltimore Peninsula,hostaway,,2027-05-26,2027-05-26,393,USD,fixed,2,,fixed,,fixed
404358,FLOHOM 10 -- FLOHOM 10 | Virginia Beach,hostaway,,2027-05-26,2027-05-26,483,USD,fixed,2,,fixed,,fixed
427313,FLOHOM 11 -- FLOHOM 11 | Virginia Beach,hostaway,,2027-05-26,2027-05-26,333,USD,fixed,2,,fixed,,fixed
422608,"FLOHOM 12 -- FLOHOM 12 | Inner Harbor - Fells Point, Baltimore",hostaway,,2027-05-26,2027-05-26,483,USD,fixed,2,,fixed,,fixed
485833,"FLOHOM 13 -- FLOHOM 13 | Inner Harbor, Baltimore",hostaway,,2027-05-26,2027-05-26,684,USD,fixed,2,,fixed,,fixed
407612,"FLOHOM 14 -- FLOHOM 14 | Pasadena, Chesapeake Bay",hostaway,,2027-05-26,2027-05-26,333,USD,fixed,2,,fixed,,fixed
467334,FLOHOM 15 -- FLOHOM 15 | North Myrtle Beach,hostaway,,2027-05-26,2027-05-26,658,USD,fixed,2,,fixed,,fixed
510832,FLOHOM 16 | Liberty Landing Marina,hostaway,,2027-05-26,2027-05-26,684,USD,fixed,2,,fixed,,fixed
146908,"FLOHOM 01 -- FLOHOM 01 | Inner Harbor, Baltimore",hostaway,,2027-05-27,2027-05-27,935,USD,fixed,2,,fixed,,fixed
146944,"FLOHOM 02 -- FLOHOM 02 | Inner Harbor - Canton, Baltimore",hostaway,,2027-05-27,2027-05-27,695,USD,fixed,2,,fixed,,fixed
146946,"FLOHOM 03 -- FLOHOM 03 | Magothy River, Annapolis",hostaway,,2027-05-27,2027-05-27,509,USD,fixed,2,,fixed,,fixed
260001,FLOHOM 04 -- FLOHOM 04 | National Harbor,hostaway,,2027-05-27,2027-05-27,900,USD,fixed,2,,fixed,,fixed
278502,"FLOHOM 05 -- FLOHOM 05 | Inner Harbor, Baltimore",hostaway,,2027-05-27,2027-05-27,641,USD,fixed,2,,fixed,,fixed
345316,FLOHOM 06 -- FLOHOM 06 | National Harbor,hostaway,,2027-05-27,2027-05-27,1021,USD,fixed,2,,fixed,,fixed
366176,"FLOHOM 07 -- FLOHOM 07 | Inner Harbor - Canton, Baltimore",hostaway,,2027-05-27,2027-05-27,809,USD,fixed,2,,fixed,,fixed
376368,FLOHOM 08 -- FLOHOM 08 | National Harbor,hostaway,,2027-05-27,2027-05-27,641,USD,fixed,2,,fixed,,fixed
383097,FLOHOM 09 -- FLOHOM 09 | Baltimore Peninsula,hostaway,,2027-05-27,2027-05-27,641,USD,fixed,2,,fixed,,fixed
404358,FLOHOM 10 -- FLOHOM 10 | Virginia Beach,hostaway,,2027-05-27,2027-05-27,809,USD,fixed,2,,fixed,,fixed
427313,FLOHOM 11 -- FLOHOM 11 | Virginia Beach,hostaway,,2027-05-27,2027-05-27,509,USD,fixed,2,,fixed,,fixed
422608,"FLOHOM 12 -- FLOHOM 12 | Inner Harbor - Fells Point, Baltimore",hostaway,,2027-05-27,2027-05-27,809,USD,fixed,2,,fixed,,fixed
485833,"FLOHOM 13 -- FLOHOM 13 | Inner Harbor, Baltimore",hostaway,,2027-05-27,2027-05-27,1021,USD,fixed,2,,fixed,,fixed
407612,"FLOHOM 14 -- FLOHOM 14 | Pasadena, Chesapeake Bay",hostaway,,2027-05-27,2027-05-27,509,USD,fixed,2,,fixed,,fixed
467334,FLOHOM 15 -- FLOHOM 15 | North Myrtle Beach,hostaway,,2027-05-27,2027-05-27,983,USD,fixed,2,,fixed,,fixed
510832,FLOHOM 16 | Liberty Landing Marina,hostaway,,2027-05-27,2027-05-27,1021,USD,fixed,2,,fixed,,fixed
146908,"FLOHOM 01 -- FLOHOM 01 | Inner Harbor, Baltimore",hostaway,,2027-05-28,2027-05-28,1433,USD,fixed,2,,fixed,,fixed
146944,"FLOHOM 02 -- FLOHOM 02 | Inner Harbor - Canton, Baltimore",hostaway,,2027-05-28,2027-05-28,1083,USD,fixed,2,,fixed,,fixed
146946,"FLOHOM 03 -- FLOHOM 03 | Magothy River, Annapolis",hostaway,,2027-05-28,2027-05-28,856,USD,fixed,2,,fixed,,fixed
260001,FLOHOM 04 -- FLOHOM 04 | National Harbor,hostaway,,2027-05-28,2027-05-28,1380,USD,fixed,2,,fixed,,fixed
278502,"FLOHOM 05 -- FLOHOM 05 | Inner Harbor, Baltimore",hostaway,,2027-05-28,2027-05-28,978,USD,fixed,2,,fixed,,fixed
345316,FLOHOM 06 -- FLOHOM 06 | National Harbor,hostaway,,2027-05-28,2027-05-28,1636,USD,fixed,2,,fixed,,fixed
366176,"FLOHOM 07 -- FLOHOM 07 | Inner Harbor - Canton, Baltimore",hostaway,,2027-05-28,2027-05-28,1293,USD,fixed,2,,fixed,,fixed
376368,FLOHOM 08 -- FLOHOM 08 | National Harbor,hostaway,,2027-05-28,2027-05-28,978,USD,fixed,2,,fixed,,fixed
383097,FLOHOM 09 -- FLOHOM 09 | Baltimore Peninsula,hostaway,,2027-05-28,2027-05-28,978,USD,fixed,2,,fixed,,fixed
404358,FLOHOM 10 -- FLOHOM 10 | Virginia Beach,hostaway,,2027-05-28,2027-05-28,1293,USD,fixed,2,,fixed,,fixed
427313,FLOHOM 11 -- FLOHOM 11 | Virginia Beach,hostaway,,2027-05-28,2027-05-28,856,USD,fixed,2,,fixed,,fixed
422608,"FLOHOM 12 -- FLOHOM 12 | Inner Harbor - Fells Point, Baltimore",hostaway,,2027-05-28,2027-05-28,1293,USD,fixed,2,,fixed,,fixed
485833,"FLOHOM 13 -- FLOHOM 13 | Inner Harbor, Baltimore",hostaway,,2027-05-28,2027-05-28,1636,USD,fixed,2,,fixed,,fixed
407612,"FLOHOM 14 -- FLOHOM 14 | Pasadena, Chesapeake Bay",hostaway,,2027-05-28,2027-05-28,856,USD,fixed,2,,fixed,,fixed
467334,FLOHOM 15 -- FLOHOM 15 | North Myrtle Beach,hostaway,,2027-05-28,2027-05-28,1551,USD,fixed,2,,fixed,,fixed
510832,FLOHOM 16 | Liberty Landing Marina,hostaway,,2027-05-28,2027-05-28,1636,USD,fixed,2,,fixed,,fixed
146908,"FLOHOM 01 -- FLOHOM 01 | Inner Harbor, Baltimore",hostaway,,2027-05-29,2027-05-29,1433,USD,fixed,2,,fixed,,fixed
146944,"FLOHOM 02 -- FLOHOM 02 | Inner Harbor - Canton, Baltimore",hostaway,,2027-05-29,2027-05-29,1083,USD,fixed,2,,fixed,,fixed
146946,"FLOHOM 03 -- FLOHOM 03 | Magothy River, Annapolis",hostaway,,2027-05-29,2027-05-29,856,USD,fixed,2,,fixed,,fixed
260001,FLOHOM 04 -- FLOHOM 04 | National Harbor,hostaway,,2027-05-29,2027-05-29,1380,USD,fixed,2,,fixed,,fixed
278502,"FLOHOM 05 -- FLOHOM 05 | Inner Harbor, Baltimore",hostaway,,2027-05-29,2027-05-29,978,USD,fixed,2,,fixed,,fixed
345316,FLOHOM 06 -- FLOHOM 06 | National Harbor,hostaway,,2027-05-29,2027-05-29,1636,USD,fixed,2,,fixed,,fixed
366176,"FLOHOM 07 -- FLOHOM 07 | Inner Harbor - Canton, Baltimore",hostaway,,2027-05-29,2027-05-29,1293,USD,fixed,2,,fixed,,fixed
376368,FLOHOM 08 -- FLOHOM 08 | National Harbor,hostaway,,2027-05-29,2027-05-29,978,USD,fixed,2,,fixed,,fixed
383097,FLOHOM 09 -- FLOHOM 09 | Baltimore Peninsula,hostaway,,2027-05-29,2027-05-29,978,USD,fixed,2,,fixed,,fixed
404358,FLOHOM 10 -- FLOHOM 10 | Virginia Beach,hostaway,,2027-05-29,2027-05-29,1293,USD,fixed,2,,fixed,,fixed
427313,FLOHOM 11 -- FLOHOM 11 | Virginia Beach,hostaway,,2027-05-29,2027-05-29,856,USD,fixed,2,,fixed,,fixed
422608,"FLOHOM 12 -- FLOHOM 12 | Inner Harbor - Fells Point, Baltimore",hostaway,,2027-05-29,2027-05-29,1293,USD,fixed,2,,fixed,,fixed
485833,"FLOHOM 13 -- FLOHOM 13 | Inner Harbor, Baltimore",hostaway,,2027-05-29,2027-05-29,1636,USD,fixed,2,,fixed,,fixed
407612,"FLOHOM 14 -- FLOHOM 14 | Pasadena, Chesapeake Bay",hostaway,,2027-05-29,2027-05-29,856,USD,fixed,2,,fixed,,fixed
467334,FLOHOM 15 -- FLOHOM 15 | North Myrtle Beach,hostaway,,2027-05-29,2027-05-29,1551,USD,fixed,2,,fixed,,fixed
510832,FLOHOM 16 | Liberty Landing Marina,hostaway,,2027-05-29,2027-05-29,1636,USD,fixed,2,,fixed,,fixed
146908,"FLOHOM 01 -- FLOHOM 01 | Inner Harbor, Baltimore",hostaway,,2027-05-30,2027-05-30,1028,USD,fixed,2,,fixed,,fixed
146944,"FLOHOM 02 -- FLOHOM 02 | Inner Harbor - Canton, Baltimore",hostaway,,2027-05-30,2027-05-30,764,USD,fixed,2,,fixed,,fixed
146946,"FLOHOM 03 -- FLOHOM 03 | Magothy River, Annapolis",hostaway,,2027-05-30,2027-05-30,560,USD,fixed,2,,fixed,,fixed
260001,FLOHOM 04 -- FLOHOM 04 | National Harbor,hostaway,,2027-05-30,2027-05-30,990,USD,fixed,2,,fixed,,fixed
278502,"FLOHOM 05 -- FLOHOM 05 | Inner Harbor, Baltimore",hostaway,,2027-05-30,2027-05-30,705,USD,fixed,2,,fixed,,fixed
345316,FLOHOM 06 -- FLOHOM 06 | National Harbor,hostaway,,2027-05-30,2027-05-30,1123,USD,fixed,2,,fixed,,fixed
366176,"FLOHOM 07 -- FLOHOM 07 | Inner Harbor - Canton, Baltimore",hostaway,,2027-05-30,2027-05-30,890,USD,fixed,2,,fixed,,fixed
376368,FLOHOM 08 -- FLOHOM 08 | National Harbor,hostaway,,2027-05-30,2027-05-30,705,USD,fixed,2,,fixed,,fixed
383097,FLOHOM 09 -- FLOHOM 09 | Baltimore Peninsula,hostaway,,2027-05-30,2027-05-30,705,USD,fixed,2,,fixed,,fixed
404358,FLOHOM 10 -- FLOHOM 10 | Virginia Beach,hostaway,,2027-05-30,2027-05-30,890,USD,fixed,2,,fixed,,fixed
427313,FLOHOM 11 -- FLOHOM 11 | Virginia Beach,hostaway,,2027-05-30,2027-05-30,560,USD,fixed,2,,fixed,,fixed
422608,"FLOHOM 12 -- FLOHOM 12 | Inner Harbor - Fells Point, Baltimore",hostaway,,2027-05-30,2027-05-30,890,USD,fixed,2,,fixed,,fixed
485833,"FLOHOM 13 -- FLOHOM 13 | Inner Harbor, Baltimore",hostaway,,2027-05-30,2027-05-30,1123,USD,fixed,2,,fixed,,fixed
407612,"FLOHOM 14 -- FLOHOM 14 | Pasadena, Chesapeake Bay",hostaway,,2027-05-30,2027-05-30,560,USD,fixed,2,,fixed,,fixed
467334,FLOHOM 15 -- FLOHOM 15 | North Myrtle Beach,hostaway,,2027-05-30,2027-05-30,1081,USD,fixed,2,,fixed,,fixed
510832,FLOHOM 16 | Liberty Landing Marina,hostaway,,2027-05-30,2027-05-30,1123,USD,fixed,2,,fixed,,fixed
146908,"FLOHOM 01 -- FLOHOM 01 | Inner Harbor, Baltimore",hostaway,,2027-05-31,2027-05-31,695,USD,fixed,2,,fixed,,fixed
146944,"FLOHOM 02 -- FLOHOM 02 | Inner Harbor - Canton, Baltimore",hostaway,,2027-05-31,2027-05-31,511,USD,fixed,2,,fixed,,fixed
146946,"FLOHOM 03 -- FLOHOM 03 | Magothy River, Annapolis",hostaway,,2027-05-31,2027-05-31,400,USD,fixed,2,,fixed,,fixed
260001,FLOHOM 04 -- FLOHOM 04 | National Harbor,hostaway,,2027-05-31,2027-05-31,692,USD,fixed,2,,fixed,,fixed
278502,"FLOHOM 05 -- FLOHOM 05 | Inner Harbor, Baltimore",hostaway,,2027-05-31,2027-05-31,472,USD,fixed,2,,fixed,,fixed
345316,FLOHOM 06 -- FLOHOM 06 | National Harbor,hostaway,,2027-05-31,2027-05-31,821,USD,fixed,2,,fixed,,fixed
366176,"FLOHOM 07 -- FLOHOM 07 | Inner Harbor - Canton, Baltimore",hostaway,,2027-05-31,2027-05-31,580,USD,fixed,2,,fixed,,fixed
376368,FLOHOM 08 -- FLOHOM 08 | National Harbor,hostaway,,2027-05-31,2027-05-31,472,USD,fixed,2,,fixed,,fixed
383097,FLOHOM 09 -- FLOHOM 09 | Baltimore Peninsula,hostaway,,2027-05-31,2027-05-31,472,USD,fixed,2,,fixed,,fixed
404358,FLOHOM 10 -- FLOHOM 10 | Virginia Beach,hostaway,,2027-05-31,2027-05-31,580,USD,fixed,2,,fixed,,fixed
427313,FLOHOM 11 -- FLOHOM 11 | Virginia Beach,hostaway,,2027-05-31,2027-05-31,400,USD,fixed,2,,fixed,,fixed
422608,"FLOHOM 12 -- FLOHOM 12 | Inner Harbor - Fells Point, Baltimore",hostaway,,2027-05-31,2027-05-31,580,USD,fixed,2,,fixed,,fixed
485833,"FLOHOM 13 -- FLOHOM 13 | Inner Harbor, Baltimore",hostaway,,2027-05-31,2027-05-31,821,USD,fixed,2,,fixed,,fixed
407612,"FLOHOM 14 -- FLOHOM 14 | Pasadena, Chesapeake Bay",hostaway,,2027-05-31,2027-05-31,400,USD,fixed,2,,fixed,,fixed
467334,FLOHOM 15 -- FLOHOM 15 | North Myrtle Beach,hostaway,,2027-05-31,2027-05-31,789,USD,fixed,2,,fixed,,fixed
510832,FLOHOM 16 | Liberty Landing Marina,hostaway,,2027-05-31,2027-05-31,821,USD,fixed,2,,fixed,,fixed
146908,"FLOHOM 01 -- FLOHOM 01 | Inner Harbor, Baltimore",hostaway,,2027-06-01,2027-06-01,579,USD,fixed,2,,fixed,,fixed
146944,"FLOHOM 02 -- FLOHOM 02 | Inner Harbor - Canton, Baltimore",hostaway,,2027-06-01,2027-06-01,426,USD,fixed,2,,fixed,,fixed
146946,"FLOHOM 03 -- FLOHOM 03 | Magothy River, Annapolis",hostaway,,2027-06-01,2027-06-01,333,USD,fixed,2,,fixed,,fixed
260001,FLOHOM 04 -- FLOHOM 04 | National Harbor,hostaway,,2027-06-01,2027-06-01,576,USD,fixed,2,,fixed,,fixed
278502,"FLOHOM 05 -- FLOHOM 05 | Inner Harbor, Baltimore",hostaway,,2027-06-01,2027-06-01,393,USD,fixed,2,,fixed,,fixed
345316,FLOHOM 06 -- FLOHOM 06 | National Harbor,hostaway,,2027-06-01,2027-06-01,684,USD,fixed,2,,fixed,,fixed
366176,"FLOHOM 07 -- FLOHOM 07 | Inner Harbor - Canton, Baltimore",hostaway,,2027-06-01,2027-06-01,483,USD,fixed,2,,fixed,,fixed
376368,FLOHOM 08 -- FLOHOM 08 | National Harbor,hostaway,,2027-06-01,2027-06-01,393,USD,fixed,2,,fixed,,fixed
383097,FLOHOM 09 -- FLOHOM 09 | Baltimore Peninsula,hostaway,,2027-06-01,2027-06-01,393,USD,fixed,2,,fixed,,fixed
404358,FLOHOM 10 -- FLOHOM 10 | Virginia Beach,hostaway,,2027-06-01,2027-06-01,483,USD,fixed,2,,fixed,,fixed
427313,FLOHOM 11 -- FLOHOM 11 | Virginia Beach,hostaway,,2027-06-01,2027-06-01,333,USD,fixed,2,,fixed,,fixed
422608,"FLOHOM 12 -- FLOHOM 12 | Inner Harbor - Fells Point, Baltimore",hostaway,,2027-06-01,2027-06-01,483,USD,fixed,2,,fixed,,fixed
485833,"FLOHOM 13 -- FLOHOM 13 | Inner Harbor, Baltimore",hostaway,,2027-06-01,2027-06-01,684,USD,fixed,2,,fixed,,fixed
407612,"FLOHOM 14 -- FLOHOM 14 | Pasadena, Chesapeake Bay",hostaway,,2027-06-01,2027-06-01,333,USD,fixed,2,,fixed,,fixed
467334,FLOHOM 15 -- FLOHOM 15 | North Myrtle Beach,hostaway,,2027-06-01,2027-06-01,658,USD,fixed,2,,fixed,,fixed
510832,FLOHOM 16 | Liberty Landing Marina,hostaway,,2027-06-01,2027-06-01,684,USD,fixed,2,,fixed,,fixed
146908,"FLOHOM 01 -- FLOHOM 01 | Inner Harbor, Baltimore",hostaway,,2027-06-02,2027-06-02,579,USD,fixed,2,,fixed,,fixed
146944,"FLOHOM 02 -- FLOHOM 02 | Inner Harbor - Canton, Baltimore",hostaway,,2027-06-02,2027-06-02,426,USD,fixed,2,,fixed,,fixed
146946,"FLOHOM 03 -- FLOHOM 03 | Magothy River, Annapolis",hostaway,,2027-06-02,2027-06-02,333,USD,fixed,2,,fixed,,fixed
260001,FLOHOM 04 -- FLOHOM 04 | National Harbor,hostaway,,2027-06-02,2027-06-02,576,USD,fixed,2,,fixed,,fixed
278502,"FLOHOM 05 -- FLOHOM 05 | Inner Harbor, Baltimore",hostaway,,2027-06-02,2027-06-02,393,USD,fixed,2,,fixed,,fixed
345316,FLOHOM 06 -- FLOHOM 06 | National Harbor,hostaway,,2027-06-02,2027-06-02,684,USD,fixed,2,,fixed,,fixed
366176,"FLOHOM 07 -- FLOHOM 07 | Inner Harbor - Canton, Baltimore",hostaway,,2027-06-02,2027-06-02,483,USD,fixed,2,,fixed,,fixed
376368,FLOHOM 08 -- FLOHOM 08 | National Harbor,hostaway,,2027-06-02,2027-06-02,393,USD,fixed,2,,fixed,,fixed
383097,FLOHOM 09 -- FLOHOM 09 | Baltimore Peninsula,hostaway,,2027-06-02,2027-06-02,393,USD,fixed,2,,fixed,,fixed
404358,FLOHOM 10 -- FLOHOM 10 | Virginia Beach,hostaway,,2027-06-02,2027-06-02,483,USD,fixed,2,,fixed,,fixed
427313,FLOHOM 11 -- FLOHOM 11 | Virginia Beach,hostaway,,2027-06-02,2027-06-02,333,USD,fixed,2,,fixed,,fixed
422608,"FLOHOM 12 -- FLOHOM 12 | Inner Harbor - Fells Point, Baltimore",hostaway,,2027-06-02,2027-06-02,483,USD,fixed,2,,fixed,,fixed
485833,"FLOHOM 13 -- FLOHOM 13 | Inner Harbor, Baltimore",hostaway,,2027-06-02,2027-06-02,684,USD,fixed,2,,fixed,,fixed
407612,"FLOHOM 14 -- FLOHOM 14 | Pasadena, Chesapeake Bay",hostaway,,2027-06-02,2027-06-02,333,USD,fixed,2,,fixed,,fixed
467334,FLOHOM 15 -- FLOHOM 15 | North Myrtle Beach,hostaway,,2027-06-02,2027-06-02,658,USD,fixed,2,,fixed,,fixed
510832,FLOHOM 16 | Liberty Landing Marina,hostaway,,2027-06-02,2027-06-02,684,USD,fixed,2,,fixed,,fixed
146908,"FLOHOM 01 -- FLOHOM 01 | Inner Harbor, Baltimore",hostaway,,2027-06-03,2027-06-03,935,USD,fixed,2,,fixed,,fixed
146944,"FLOHOM 02 -- FLOHOM 02 | Inner Harbor - Canton, Baltimore",hostaway,,2027-06-03,2027-06-03,695,USD,fixed,2,,fixed,,fixed
146946,"FLOHOM 03 -- FLOHOM 03 | Magothy River, Annapolis",hostaway,,2027-06-03,2027-06-03,509,USD,fixed,2,,fixed,,fixed
260001,FLOHOM 04 -- FLOHOM 04 | National Harbor,hostaway,,2027-06-03,2027-06-03,900,USD,fixed,2,,fixed,,fixed
278502,"FLOHOM 05 -- FLOHOM 05 | Inner Harbor, Baltimore",hostaway,,2027-06-03,2027-06-03,641,USD,fixed,2,,fixed,,fixed
345316,FLOHOM 06 -- FLOHOM 06 | National Harbor,hostaway,,2027-06-03,2027-06-03,1021,USD,fixed,2,,fixed,,fixed
366176,"FLOHOM 07 -- FLOHOM 07 | Inner Harbor - Canton, Baltimore",hostaway,,2027-06-03,2027-06-03,809,USD,fixed,2,,fixed,,fixed
376368,FLOHOM 08 -- FLOHOM 08 | National Harbor,hostaway,,2027-06-03,2027-06-03,641,USD,fixed,2,,fixed,,fixed
383097,FLOHOM 09 -- FLOHOM 09 | Baltimore Peninsula,hostaway,,2027-06-03,2027-06-03,641,USD,fixed,2,,fixed,,fixed
404358,FLOHOM 10 -- FLOHOM 10 | Virginia Beach,hostaway,,2027-06-03,2027-06-03,809,USD,fixed,2,,fixed,,fixed
427313,FLOHOM 11 -- FLOHOM 11 | Virginia Beach,hostaway,,2027-06-03,2027-06-03,509,USD,fixed,2,,fixed,,fixed
422608,"FLOHOM 12 -- FLOHOM 12 | Inner Harbor - Fells Point, Baltimore",hostaway,,2027-06-03,2027-06-03,809,USD,fixed,2,,fixed,,fixed
485833,"FLOHOM 13 -- FLOHOM 13 | Inner Harbor, Baltimore",hostaway,,2027-06-03,2027-06-03,1021,USD,fixed,2,,fixed,,fixed
407612,"FLOHOM 14 -- FLOHOM 14 | Pasadena, Chesapeake Bay",hostaway,,2027-06-03,2027-06-03,509,USD,fixed,2,,fixed,,fixed
467334,FLOHOM 15 -- FLOHOM 15 | North Myrtle Beach,hostaway,,2027-06-03,2027-06-03,1032,USD,fixed,2,,fixed,,fixed
510832,FLOHOM 16 | Liberty Landing Marina,hostaway,,2027-06-03,2027-06-03,1021,USD,fixed,2,,fixed,,fixed
146908,"FLOHOM 01 -- FLOHOM 01 | Inner Harbor, Baltimore",hostaway,,2027-06-04,2027-06-04,1102,USD,fixed,2,,fixed,,fixed
146944,"FLOHOM 02 -- FLOHOM 02 | Inner Harbor - Canton, Baltimore",hostaway,,2027-06-04,2027-06-04,833,USD,fixed,2,,fixed,,fixed
146946,"FLOHOM 03 -- FLOHOM 03 | Magothy River, Annapolis",hostaway,,2027-06-04,2027-06-04,659,USD,fixed,2,,fixed,,fixed
260001,FLOHOM 04 -- FLOHOM 04 | National Harbor,hostaway,,2027-06-04,2027-06-04,1061,USD,fixed,2,,fixed,,fixed
278502,"FLOHOM 05 -- FLOHOM 05 | Inner Harbor, Baltimore",hostaway,,2027-06-04,2027-06-04,752,USD,fixed,2,,fixed,,fixed
345316,FLOHOM 06 -- FLOHOM 06 | National Harbor,hostaway,,2027-06-04,2027-06-04,1259,USD,fixed,2,,fixed,,fixed
366176,"FLOHOM 07 -- FLOHOM 07 | Inner Harbor - Canton, Baltimore",hostaway,,2027-06-04,2027-06-04,995,USD,fixed,2,,fixed,,fixed
376368,FLOHOM 08 -- FLOHOM 08 | National Harbor,hostaway,,2027-06-04,2027-06-04,752,USD,fixed,2,,fixed,,fixed
383097,FLOHOM 09 -- FLOHOM 09 | Baltimore Peninsula,hostaway,,2027-06-04,2027-06-04,752,USD,fixed,2,,fixed,,fixed
404358,FLOHOM 10 -- FLOHOM 10 | Virginia Beach,hostaway,,2027-06-04,2027-06-04,995,USD,fixed,2,,fixed,,fixed
427313,FLOHOM 11 -- FLOHOM 11 | Virginia Beach,hostaway,,2027-06-04,2027-06-04,659,USD,fixed,2,,fixed,,fixed
422608,"FLOHOM 12 -- FLOHOM 12 | Inner Harbor - Fells Point, Baltimore",hostaway,,2027-06-04,2027-06-04,995,USD,fixed,2,,fixed,,fixed
485833,"FLOHOM 13 -- FLOHOM 13 | Inner Harbor, Baltimore",hostaway,,2027-06-04,2027-06-04,1259,USD,fixed,2,,fixed,,fixed
407612,"FLOHOM 14 -- FLOHOM 14 | Pasadena, Chesapeake Bay",hostaway,,2027-06-04,2027-06-04,659,USD,fixed,2,,fixed,,fixed
467334,FLOHOM 15 -- FLOHOM 15 | North Myrtle Beach,hostaway,,2027-06-04,2027-06-04,1252,USD,fixed,2,,fixed,,fixed
510832,FLOHOM 16 | Liberty Landing Marina,hostaway,,2027-06-04,2027-06-04,1259,USD,fixed,2,,fixed,,fixed
146908,"FLOHOM 01 -- FLOHOM 01 | Inner Harbor, Baltimore",hostaway,,2027-06-05,2027-06-05,1102,USD,fixed,2,,fixed,,fixed
146944,"FLOHOM 02 -- FLOHOM 02 | Inner Harbor - Canton, Baltimore",hostaway,,2027-06-05,2027-06-05,833,USD,fixed,2,,fixed,,fixed
146946,"FLOHOM 03 -- FLOHOM 03 | Magothy River, Annapolis",hostaway,,2027-06-05,2027-06-05,659,USD,fixed,2,,fixed,,fixed
260001,FLOHOM 04 -- FLOHOM 04 | National Harbor,hostaway,,2027-06-05,2027-06-05,1061,USD,fixed,2,,fixed,,fixed
278502,"FLOHOM 05 -- FLOHOM 05 | Inner Harbor, Baltimore",hostaway,,2027-06-05,2027-06-05,752,USD,fixed,2,,fixed,,fixed
345316,FLOHOM 06 -- FLOHOM 06 | National Harbor,hostaway,,2027-06-05,2027-06-05,1259,USD,fixed,2,,fixed,,fixed
366176,"FLOHOM 07 -- FLOHOM 07 | Inner Harbor - Canton, Baltimore",hostaway,,2027-06-05,2027-06-05,995,USD,fixed,2,,fixed,,fixed
376368,FLOHOM 08 -- FLOHOM 08 | National Harbor,hostaway,,2027-06-05,2027-06-05,752,USD,fixed,2,,fixed,,fixed
383097,FLOHOM 09 -- FLOHOM 09 | Baltimore Peninsula,hostaway,,2027-06-05,2027-06-05,752,USD,fixed,2,,fixed,,fixed
404358,FLOHOM 10 -- FLOHOM 10 | Virginia Beach,hostaway,,2027-06-05,2027-06-05,995,USD,fixed,2,,fixed,,fixed
427313,FLOHOM 11 -- FLOHOM 11 | Virginia Beach,hostaway,,2027-06-05,2027-06-05,659,USD,fixed,2,,fixed,,fixed
422608,"FLOHOM 12 -- FLOHOM 12 | Inner Harbor - Fells Point, Baltimore",hostaway,,2027-06-05,2027-06-05,995,USD,fixed,2,,fixed,,fixed
485833,"FLOHOM 13 -- FLOHOM 13 | Inner Harbor, Baltimore",hostaway,,2027-06-05,2027-06-05,1259,USD,fixed,2,,fixed,,fixed
407612,"FLOHOM 14 -- FLOHOM 14 | Pasadena, Chesapeake Bay",hostaway,,2027-06-05,2027-06-05,659,USD,fixed,2,,fixed,,fixed
467334,FLOHOM 15 -- FLOHOM 15 | North Myrtle Beach,hostaway,,2027-06-05,2027-06-05,1252,USD,fixed,2,,fixed,,fixed
510832,FLOHOM 16 | Liberty Landing Marina,hostaway,,2027-06-05,2027-06-05,1259,USD,fixed,2,,fixed,,fixed
146908,"FLOHOM 01 -- FLOHOM 01 | Inner Harbor, Baltimore",hostaway,,2027-06-06,2027-06-06,935,USD,fixed,2,,fixed,,fixed
146944,"FLOHOM 02 -- FLOHOM 02 | Inner Harbor - Canton, Baltimore",hostaway,,2027-06-06,2027-06-06,695,USD,fixed,2,,fixed,,fixed
146946,"FLOHOM 03 -- FLOHOM 03 | Magothy River, Annapolis",hostaway,,2027-06-06,2027-06-06,509,USD,fixed,2,,fixed,,fixed
260001,FLOHOM 04 -- FLOHOM 04 | National Harbor,hostaway,,2027-06-06,2027-06-06,900,USD,fixed,2,,fixed,,fixed
278502,"FLOHOM 05 -- FLOHOM 05 | Inner Harbor, Baltimore",hostaway,,2027-06-06,2027-06-06,641,USD,fixed,2,,fixed,,fixed
345316,FLOHOM 06 -- FLOHOM 06 | National Harbor,hostaway,,2027-06-06,2027-06-06,1021,USD,fixed,2,,fixed,,fixed
366176,"FLOHOM 07 -- FLOHOM 07 | Inner Harbor - Canton, Baltimore",hostaway,,2027-06-06,2027-06-06,809,USD,fixed,2,,fixed,,fixed
376368,FLOHOM 08 -- FLOHOM 08 | National Harbor,hostaway,,2027-06-06,2027-06-06,641,USD,fixed,2,,fixed,,fixed
383097,FLOHOM 09 -- FLOHOM 09 | Baltimore Peninsula,hostaway,,2027-06-06,2027-06-06,641,USD,fixed,2,,fixed,,fixed
404358,FLOHOM 10 -- FLOHOM 10 | Virginia Beach,hostaway,,2027-06-06,2027-06-06,809,USD,fixed,2,,fixed,,fixed
427313,FLOHOM 11 -- FLOHOM 11 | Virginia Beach,hostaway,,2027-06-06,2027-06-06,509,USD,fixed,2,,fixed,,fixed
422608,"FLOHOM 12 -- FLOHOM 12 | Inner Harbor - Fells Point, Baltimore",hostaway,,2027-06-06,2027-06-06,809,USD,fixed,2,,fixed,,fixed
485833,"FLOHOM 13 -- FLOHOM 13 | Inner Harbor, Baltimore",hostaway,,2027-06-06,2027-06-06,1021,USD,fixed,2,,fixed,,fixed
407612,"FLOHOM 14 -- FLOHOM 14 | Pasadena, Chesapeake Bay",hostaway,,2027-06-06,2027-06-06,509,USD,fixed,2,,fixed,,fixed
467334,FLOHOM 15 -- FLOHOM 15 | North Myrtle Beach,hostaway,,2027-06-06,2027-06-06,1032,USD,fixed,2,,fixed,,fixed
510832,FLOHOM 16 | Liberty Landing Marina,hostaway,,2027-06-06,2027-06-06,1021,USD,fixed,2,,fixed,,fixed
146908,"FLOHOM 01 -- FLOHOM 01 | Inner Harbor, Baltimore",hostaway,,2027-06-07,2027-06-07,579,USD,fixed,2,,fixed,,fixed
146944,"FLOHOM 02 -- FLOHOM 02 | Inner Harbor - Canton, Baltimore",hostaway,,2027-06-07,2027-06-07,426,USD,fixed,2,,fixed,,fixed
146946,"FLOHOM 03 -- FLOHOM 03 | Magothy River, Annapolis",hostaway,,2027-06-07,2027-06-07,333,USD,fixed,2,,fixed,,fixed
260001,FLOHOM 04 -- FLOHOM 04 | National Harbor,hostaway,,2027-06-07,2027-06-07,576,USD,fixed,2,,fixed,,fixed
278502,"FLOHOM 05 -- FLOHOM 05 | Inner Harbor, Baltimore",hostaway,,2027-06-07,2027-06-07,393,USD,fixed,2,,fixed,,fixed
345316,FLOHOM 06 -- FLOHOM 06 | National Harbor,hostaway,,2027-06-07,2027-06-07,684,USD,fixed,2,,fixed,,fixed
366176,"FLOHOM 07 -- FLOHOM 07 | Inner Harbor - Canton, Baltimore",hostaway,,2027-06-07,2027-06-07,483,USD,fixed,2,,fixed,,fixed
376368,FLOHOM 08 -- FLOHOM 08 | National Harbor,hostaway,,2027-06-07,2027-06-07,393,USD,fixed,2,,fixed,,fixed
383097,FLOHOM 09 -- FLOHOM 09 | Baltimore Peninsula,hostaway,,2027-06-07,2027-06-07,393,USD,fixed,2,,fixed,,fixed
404358,FLOHOM 10 -- FLOHOM 10 | Virginia Beach,hostaway,,2027-06-07,2027-06-07,483,USD,fixed,2,,fixed,,fixed
427313,FLOHOM 11 -- FLOHOM 11 | Virginia Beach,hostaway,,2027-06-07,2027-06-07,333,USD,fixed,2,,fixed,,fixed
422608,"FLOHOM 12 -- FLOHOM 12 | Inner Harbor - Fells Point, Baltimore",hostaway,,2027-06-07,2027-06-07,483,USD,fixed,2,,fixed,,fixed
485833,"FLOHOM 13 -- FLOHOM 13 | Inner Harbor, Baltimore",hostaway,,2027-06-07,2027-06-07,684,USD,fixed,2,,fixed,,fixed
407612,"FLOHOM 14 -- FLOHOM 14 | Pasadena, Chesapeake Bay",hostaway,,2027-06-07,2027-06-07,333,USD,fixed,2,,fixed,,fixed
467334,FLOHOM 15 -- FLOHOM 15 | North Myrtle Beach,hostaway,,2027-06-07,2027-06-07,658,USD,fixed,2,,fixed,,fixed
510832,FLOHOM 16 | Liberty Landing Marina,hostaway,,2027-06-07,2027-06-07,684,USD,fixed,2,,fixed,,fixed
146908,"FLOHOM 01 -- FLOHOM 01 | Inner Harbor, Baltimore",hostaway,,2027-06-08,2027-06-08,579,USD,fixed,2,,fixed,,fixed
146944,"FLOHOM 02 -- FLOHOM 02 | Inner Harbor - Canton, Baltimore",hostaway,,2027-06-08,2027-06-08,426,USD,fixed,2,,fixed,,fixed
146946,"FLOHOM 03 -- FLOHOM 03 | Magothy River, Annapolis",hostaway,,2027-06-08,2027-06-08,333,USD,fixed,2,,fixed,,fixed
260001,FLOHOM 04 -- FLOHOM 04 | National Harbor,hostaway,,2027-06-08,2027-06-08,576,USD,fixed,2,,fixed,,fixed
278502,"FLOHOM 05 -- FLOHOM 05 | Inner Harbor, Baltimore",hostaway,,2027-06-08,2027-06-08,393,USD,fixed,2,,fixed,,fixed
345316,FLOHOM 06 -- FLOHOM 06 | National Harbor,hostaway,,2027-06-08,2027-06-08,684,USD,fixed,2,,fixed,,fixed
366176,"FLOHOM 07 -- FLOHOM 07 | Inner Harbor - Canton, Baltimore",hostaway,,2027-06-08,2027-06-08,483,USD,fixed,2,,fixed,,fixed
376368,FLOHOM 08 -- FLOHOM 08 | National Harbor,hostaway,,2027-06-08,2027-06-08,393,USD,fixed,2,,fixed,,fixed
383097,FLOHOM 09 -- FLOHOM 09 | Baltimore Peninsula,hostaway,,2027-06-08,2027-06-08,393,USD,fixed,2,,fixed,,fixed
404358,FLOHOM 10 -- FLOHOM 10 | Virginia Beach,hostaway,,2027-06-08,2027-06-08,483,USD,fixed,2,,fixed,,fixed
427313,FLOHOM 11 -- FLOHOM 11 | Virginia Beach,hostaway,,2027-06-08,2027-06-08,333,USD,fixed,2,,fixed,,fixed
422608,"FLOHOM 12 -- FLOHOM 12 | Inner Harbor - Fells Point, Baltimore",hostaway,,2027-06-08,2027-06-08,483,USD,fixed,2,,fixed,,fixed
485833,"FLOHOM 13 -- FLOHOM 13 | Inner Harbor, Baltimore",hostaway,,2027-06-08,2027-06-08,684,USD,fixed,2,,fixed,,fixed
407612,"FLOHOM 14 -- FLOHOM 14 | Pasadena, Chesapeake Bay",hostaway,,2027-06-08,2027-06-08,333,USD,fixed,2,,fixed,,fixed
467334,FLOHOM 15 -- FLOHOM 15 | North Myrtle Beach,hostaway,,2027-06-08,2027-06-08,658,USD,fixed,2,,fixed,,fixed
510832,FLOHOM 16 | Liberty Landing Marina,hostaway,,2027-06-08,2027-06-08,684,USD,fixed,2,,fixed,,fixed
146908,"FLOHOM 01 -- FLOHOM 01 | Inner Harbor, Baltimore",hostaway,,2027-06-09,2027-06-09,579,USD,fixed,2,,fixed,,fixed
146944,"FLOHOM 02 -- FLOHOM 02 | Inner Harbor - Canton, Baltimore",hostaway,,2027-06-09,2027-06-09,426,USD,fixed,2,,fixed,,fixed
146946,"FLOHOM 03 -- FLOHOM 03 | Magothy River, Annapolis",hostaway,,2027-06-09,2027-06-09,333,USD,fixed,2,,fixed,,fixed
260001,FLOHOM 04 -- FLOHOM 04 | National Harbor,hostaway,,2027-06-09,2027-06-09,576,USD,fixed,2,,fixed,,fixed
278502,"FLOHOM 05 -- FLOHOM 05 | Inner Harbor, Baltimore",hostaway,,2027-06-09,2027-06-09,393,USD,fixed,2,,fixed,,fixed
345316,FLOHOM 06 -- FLOHOM 06 | National Harbor,hostaway,,2027-06-09,2027-06-09,684,USD,fixed,2,,fixed,,fixed
366176,"FLOHOM 07 -- FLOHOM 07 | Inner Harbor - Canton, Baltimore",hostaway,,2027-06-09,2027-06-09,483,USD,fixed,2,,fixed,,fixed
376368,FLOHOM 08 -- FLOHOM 08 | National Harbor,hostaway,,2027-06-09,2027-06-09,393,USD,fixed,2,,fixed,,fixed
383097,FLOHOM 09 -- FLOHOM 09 | Baltimore Peninsula,hostaway,,2027-06-09,2027-06-09,393,USD,fixed,2,,fixed,,fixed
404358,FLOHOM 10 -- FLOHOM 10 | Virginia Beach,hostaway,,2027-06-09,2027-06-09,483,USD,fixed,2,,fixed,,fixed
427313,FLOHOM 11 -- FLOHOM 11 | Virginia Beach,hostaway,,2027-06-09,2027-06-09,333,USD,fixed,2,,fixed,,fixed
422608,"FLOHOM 12 -- FLOHOM 12 | Inner Harbor - Fells Point, Baltimore",hostaway,,2027-06-09,2027-06-09,483,USD,fixed,2,,fixed,,fixed
485833,"FLOHOM 13 -- FLOHOM 13 | Inner Harbor, Baltimore",hostaway,,2027-06-09,2027-06-09,684,USD,fixed,2,,fixed,,fixed
407612,"FLOHOM 14 -- FLOHOM 14 | Pasadena, Chesapeake Bay",hostaway,,2027-06-09,2027-06-09,333,USD,fixed,2,,fixed,,fixed
467334,FLOHOM 15 -- FLOHOM 15 | North Myrtle Beach,hostaway,,2027-06-09,2027-06-09,658,USD,fixed,2,,fixed,,fixed
510832,FLOHOM 16 | Liberty Landing Marina,hostaway,,2027-06-09,2027-06-09,684,USD,fixed,2,,fixed,,fixed
146908,"FLOHOM 01 -- FLOHOM 01 | Inner Harbor, Baltimore",hostaway,,2027-06-10,2027-06-10,935,USD,fixed,2,,fixed,,fixed
146944,"FLOHOM 02 -- FLOHOM 02 | Inner Harbor - Canton, Baltimore",hostaway,,2027-06-10,2027-06-10,695,USD,fixed,2,,fixed,,fixed
146946,"FLOHOM 03 -- FLOHOM 03 | Magothy River, Annapolis",hostaway,,2027-06-10,2027-06-10,509,USD,fixed,2,,fixed,,fixed
260001,FLOHOM 04 -- FLOHOM 04 | National Harbor,hostaway,,2027-06-10,2027-06-10,900,USD,fixed,2,,fixed,,fixed
278502,"FLOHOM 05 -- FLOHOM 05 | Inner Harbor, Baltimore",hostaway,,2027-06-10,2027-06-10,641,USD,fixed,2,,fixed,,fixed
345316,FLOHOM 06 -- FLOHOM 06 | National Harbor,hostaway,,2027-06-10,2027-06-10,1021,USD,fixed,2,,fixed,,fixed
366176,"FLOHOM 07 -- FLOHOM 07 | Inner Harbor - Canton, Baltimore",hostaway,,2027-06-10,2027-06-10,809,USD,fixed,2,,fixed,,fixed
376368,FLOHOM 08 -- FLOHOM 08 | National Harbor,hostaway,,2027-06-10,2027-06-10,641,USD,fixed,2,,fixed,,fixed
383097,FLOHOM 09 -- FLOHOM 09 | Baltimore Peninsula,hostaway,,2027-06-10,2027-06-10,641,USD,fixed,2,,fixed,,fixed
404358,FLOHOM 10 -- FLOHOM 10 | Virginia Beach,hostaway,,2027-06-10,2027-06-10,809,USD,fixed,2,,fixed,,fixed
427313,FLOHOM 11 -- FLOHOM 11 | Virginia Beach,hostaway,,2027-06-10,2027-06-10,509,USD,fixed,2,,fixed,,fixed
422608,"FLOHOM 12 -- FLOHOM 12 | Inner Harbor - Fells Point, Baltimore",hostaway,,2027-06-10,2027-06-10,809,USD,fixed,2,,fixed,,fixed
485833,"FLOHOM 13 -- FLOHOM 13 | Inner Harbor, Baltimore",hostaway,,2027-06-10,2027-06-10,1021,USD,fixed,2,,fixed,,fixed
407612,"FLOHOM 14 -- FLOHOM 14 | Pasadena, Chesapeake Bay",hostaway,,2027-06-10,2027-06-10,509,USD,fixed,2,,fixed,,fixed
467334,FLOHOM 15 -- FLOHOM 15 | North Myrtle Beach,hostaway,,2027-06-10,2027-06-10,983,USD,fixed,2,,fixed,,fixed
510832,FLOHOM 16 | Liberty Landing Marina,hostaway,,2027-06-10,2027-06-10,1021,USD,fixed,2,,fixed,,fixed
146908,"FLOHOM 01 -- FLOHOM 01 | Inner Harbor, Baltimore",hostaway,,2027-06-11,2027-06-11,1102,USD,fixed,2,,fixed,,fixed
146944,"FLOHOM 02 -- FLOHOM 02 | Inner Harbor - Canton, Baltimore",hostaway,,2027-06-11,2027-06-11,833,USD,fixed,2,,fixed,,fixed
146946,"FLOHOM 03 -- FLOHOM 03 | Magothy River, Annapolis",hostaway,,2027-06-11,2027-06-11,659,USD,fixed,2,,fixed,,fixed
260001,FLOHOM 04 -- FLOHOM 04 | National Harbor,hostaway,,2027-06-11,2027-06-11,1061,USD,fixed,2,,fixed,,fixed
278502,"FLOHOM 05 -- FLOHOM 05 | Inner Harbor, Baltimore",hostaway,,2027-06-11,2027-06-11,752,USD,fixed,2,,fixed,,fixed
345316,FLOHOM 06 -- FLOHOM 06 | National Harbor,hostaway,,2027-06-11,2027-06-11,1259,USD,fixed,2,,fixed,,fixed
366176,"FLOHOM 07 -- FLOHOM 07 | Inner Harbor - Canton, Baltimore",hostaway,,2027-06-11,2027-06-11,995,USD,fixed,2,,fixed,,fixed
376368,FLOHOM 08 -- FLOHOM 08 | National Harbor,hostaway,,2027-06-11,2027-06-11,752,USD,fixed,2,,fixed,,fixed
383097,FLOHOM 09 -- FLOHOM 09 | Baltimore Peninsula,hostaway,,2027-06-11,2027-06-11,752,USD,fixed,2,,fixed,,fixed
404358,FLOHOM 10 -- FLOHOM 10 | Virginia Beach,hostaway,,2027-06-11,2027-06-11,995,USD,fixed,2,,fixed,,fixed
427313,FLOHOM 11 -- FLOHOM 11 | Virginia Beach,hostaway,,2027-06-11,2027-06-11,659,USD,fixed,2,,fixed,,fixed
422608,"FLOHOM 12 -- FLOHOM 12 | Inner Harbor - Fells Point, Baltimore",hostaway,,2027-06-11,2027-06-11,995,USD,fixed,2,,fixed,,fixed
485833,"FLOHOM 13 -- FLOHOM 13 | Inner Harbor, Baltimore",hostaway,,2027-06-11,2027-06-11,1259,USD,fixed,2,,fixed,,fixed
407612,"FLOHOM 14 -- FLOHOM 14 | Pasadena, Chesapeake Bay",hostaway,,2027-06-11,2027-06-11,659,USD,fixed,2,,fixed,,fixed
467334,FLOHOM 15 -- FLOHOM 15 | North Myrtle Beach,hostaway,,2027-06-11,2027-06-11,1193,USD,fixed,2,,fixed,,fixed
510832,FLOHOM 16 | Liberty Landing Marina,hostaway,,2027-06-11,2027-06-11,1259,USD,fixed,2,,fixed,,fixed
146908,"FLOHOM 01 -- FLOHOM 01 | Inner Harbor, Baltimore",hostaway,,2027-06-12,2027-06-12,1102,USD,fixed,2,,fixed,,fixed
146944,"FLOHOM 02 -- FLOHOM 02 | Inner Harbor - Canton, Baltimore",hostaway,,2027-06-12,2027-06-12,833,USD,fixed,2,,fixed,,fixed
146946,"FLOHOM 03 -- FLOHOM 03 | Magothy River, Annapolis",hostaway,,2027-06-12,2027-06-12,659,USD,fixed,2,,fixed,,fixed
260001,FLOHOM 04 -- FLOHOM 04 | National Harbor,hostaway,,2027-06-12,2027-06-12,1061,USD,fixed,2,,fixed,,fixed
278502,"FLOHOM 05 -- FLOHOM 05 | Inner Harbor, Baltimore",hostaway,,2027-06-12,2027-06-12,752,USD,fixed,2,,fixed,,fixed
345316,FLOHOM 06 -- FLOHOM 06 | National Harbor,hostaway,,2027-06-12,2027-06-12,1259,USD,fixed,2,,fixed,,fixed
366176,"FLOHOM 07 -- FLOHOM 07 | Inner Harbor - Canton, Baltimore",hostaway,,2027-06-12,2027-06-12,995,USD,fixed,2,,fixed,,fixed
376368,FLOHOM 08 -- FLOHOM 08 | National Harbor,hostaway,,2027-06-12,2027-06-12,752,USD,fixed,2,,fixed,,fixed
383097,FLOHOM 09 -- FLOHOM 09 | Baltimore Peninsula,hostaway,,2027-06-12,2027-06-12,752,USD,fixed,2,,fixed,,fixed
404358,FLOHOM 10 -- FLOHOM 10 | Virginia Beach,hostaway,,2027-06-12,2027-06-12,995,USD,fixed,2,,fixed,,fixed
427313,FLOHOM 11 -- FLOHOM 11 | Virginia Beach,hostaway,,2027-06-12,2027-06-12,659,USD,fixed,2,,fixed,,fixed
422608,"FLOHOM 12 -- FLOHOM 12 | Inner Harbor - Fells Point, Baltimore",hostaway,,2027-06-12,2027-06-12,995,USD,fixed,2,,fixed,,fixed
485833,"FLOHOM 13 -- FLOHOM 13 | Inner Harbor, Baltimore",hostaway,,2027-06-12,2027-06-12,1259,USD,fixed,2,,fixed,,fixed
407612,"FLOHOM 14 -- FLOHOM 14 | Pasadena, Chesapeake Bay",hostaway,,2027-06-12,2027-06-12,659,USD,fixed,2,,fixed,,fixed
467334,FLOHOM 15 -- FLOHOM 15 | North Myrtle Beach,hostaway,,2027-06-12,2027-06-12,1193,USD,fixed,2,,fixed,,fixed
510832,FLOHOM 16 | Liberty Landing Marina,hostaway,,2027-06-12,2027-06-12,1259,USD,fixed,2,,fixed,,fixed
146908,"FLOHOM 01 -- FLOHOM 01 | Inner Harbor, Baltimore",hostaway,,2027-06-13,2027-06-13,935,USD,fixed,2,,fixed,,fixed
146944,"FLOHOM 02 -- FLOHOM 02 | Inner Harbor - Canton, Baltimore",hostaway,,2027-06-13,2027-06-13,695,USD,fixed,2,,fixed,,fixed
146946,"FLOHOM 03 -- FLOHOM 03 | Magothy River, Annapolis",hostaway,,2027-06-13,2027-06-13,509,USD,fixed,2,,fixed,,fixed
260001,FLOHOM 04 -- FLOHOM 04 | National Harbor,hostaway,,2027-06-13,2027-06-13,900,USD,fixed,2,,fixed,,fixed
278502,"FLOHOM 05 -- FLOHOM 05 | Inner Harbor, Baltimore",hostaway,,2027-06-13,2027-06-13,641,USD,fixed,2,,fixed,,fixed
345316,FLOHOM 06 -- FLOHOM 06 | National Harbor,hostaway,,2027-06-13,2027-06-13,1021,USD,fixed,2,,fixed,,fixed
366176,"FLOHOM 07 -- FLOHOM 07 | Inner Harbor - Canton, Baltimore",hostaway,,2027-06-13,2027-06-13,809,USD,fixed,2,,fixed,,fixed
376368,FLOHOM 08 -- FLOHOM 08 | National Harbor,hostaway,,2027-06-13,2027-06-13,641,USD,fixed,2,,fixed,,fixed
383097,FLOHOM 09 -- FLOHOM 09 | Baltimore Peninsula,hostaway,,2027-06-13,2027-06-13,641,USD,fixed,2,,fixed,,fixed
404358,FLOHOM 10 -- FLOHOM 10 | Virginia Beach,hostaway,,2027-06-13,2027-06-13,809,USD,fixed,2,,fixed,,fixed
427313,FLOHOM 11 -- FLOHOM 11 | Virginia Beach,hostaway,,2027-06-13,2027-06-13,509,USD,fixed,2,,fixed,,fixed
422608,"FLOHOM 12 -- FLOHOM 12 | Inner Harbor - Fells Point, Baltimore",hostaway,,2027-06-13,2027-06-13,809,USD,fixed,2,,fixed,,fixed
485833,"FLOHOM 13 -- FLOHOM 13 | Inner Harbor, Baltimore",hostaway,,2027-06-13,2027-06-13,1021,USD,fixed,2,,fixed,,fixed
407612,"FLOHOM 14 -- FLOHOM 14 | Pasadena, Chesapeake Bay",hostaway,,2027-06-13,2027-06-13,509,USD,fixed,2,,fixed,,fixed
467334,FLOHOM 15 -- FLOHOM 15 | North Myrtle Beach,hostaway,,2027-06-13,2027-06-13,983,USD,fixed,2,,fixed,,fixed
510832,FLOHOM 16 | Liberty Landing Marina,hostaway,,2027-06-13,2027-06-13,1021,USD,fixed,2,,fixed,,fixed
146908,"FLOHOM 01 -- FLOHOM 01 | Inner Harbor, Baltimore",hostaway,,2027-06-14,2027-06-14,579,USD,fixed,2,,fixed,,fixed
146944,"FLOHOM 02 -- FLOHOM 02 | Inner Harbor - Canton, Baltimore",hostaway,,2027-06-14,2027-06-14,426,USD,fixed,2,,fixed,,fixed
146946,"FLOHOM 03 -- FLOHOM 03 | Magothy River, Annapolis",hostaway,,2027-06-14,2027-06-14,333,USD,fixed,2,,fixed,,fixed
260001,FLOHOM 04 -- FLOHOM 04 | National Harbor,hostaway,,2027-06-14,2027-06-14,576,USD,fixed,2,,fixed,,fixed
278502,"FLOHOM 05 -- FLOHOM 05 | Inner Harbor, Baltimore",hostaway,,2027-06-14,2027-06-14,393,USD,fixed,2,,fixed,,fixed
345316,FLOHOM 06 -- FLOHOM 06 | National Harbor,hostaway,,2027-06-14,2027-06-14,684,USD,fixed,2,,fixed,,fixed
366176,"FLOHOM 07 -- FLOHOM 07 | Inner Harbor - Canton, Baltimore",hostaway,,2027-06-14,2027-06-14,483,USD,fixed,2,,fixed,,fixed
376368,FLOHOM 08 -- FLOHOM 08 | National Harbor,hostaway,,2027-06-14,2027-06-14,393,USD,fixed,2,,fixed,,fixed
383097,FLOHOM 09 -- FLOHOM 09 | Baltimore Peninsula,hostaway,,2027-06-14,2027-06-14,393,USD,fixed,2,,fixed,,fixed
404358,FLOHOM 10 -- FLOHOM 10 | Virginia Beach,hostaway,,2027-06-14,2027-06-14,483,USD,fixed,2,,fixed,,fixed
427313,FLOHOM 11 -- FLOHOM 11 | Virginia Beach,hostaway,,2027-06-14,2027-06-14,333,USD,fixed,2,,fixed,,fixed
422608,"FLOHOM 12 -- FLOHOM 12 | Inner Harbor - Fells Point, Baltimore",hostaway,,2027-06-14,2027-06-14,483,USD,fixed,2,,fixed,,fixed
485833,"FLOHOM 13 -- FLOHOM 13 | Inner Harbor, Baltimore",hostaway,,2027-06-14,2027-06-14,684,USD,fixed,2,,fixed,,fixed
407612,"FLOHOM 14 -- FLOHOM 14 | Pasadena, Chesapeake Bay",hostaway,,2027-06-14,2027-06-14,333,USD,fixed,2,,fixed,,fixed
467334,FLOHOM 15 -- FLOHOM 15 | North Myrtle Beach,hostaway,,2027-06-14,2027-06-14,658,USD,fixed,2,,fixed,,fixed
510832,FLOHOM 16 | Liberty Landing Marina,hostaway,,2027-06-14,2027-06-14,684,USD,fixed,2,,fixed,,fixed
146908,"FLOHOM 01 -- FLOHOM 01 | Inner Harbor, Baltimore",hostaway,,2027-06-15,2027-06-15,579,USD,fixed,2,,fixed,,fixed
146944,"FLOHOM 02 -- FLOHOM 02 | Inner Harbor - Canton, Baltimore",hostaway,,2027-06-15,2027-06-15,426,USD,fixed,2,,fixed,,fixed
146946,"FLOHOM 03 -- FLOHOM 03 | Magothy River, Annapolis",hostaway,,2027-06-15,2027-06-15,333,USD,fixed,2,,fixed,,fixed
260001,FLOHOM 04 -- FLOHOM 04 | National Harbor,hostaway,,2027-06-15,2027-06-15,576,USD,fixed,2,,fixed,,fixed
278502,"FLOHOM 05 -- FLOHOM 05 | Inner Harbor, Baltimore",hostaway,,2027-06-15,2027-06-15,393,USD,fixed,2,,fixed,,fixed
345316,FLOHOM 06 -- FLOHOM 06 | National Harbor,hostaway,,2027-06-15,2027-06-15,684,USD,fixed,2,,fixed,,fixed
366176,"FLOHOM 07 -- FLOHOM 07 | Inner Harbor - Canton, Baltimore",hostaway,,2027-06-15,2027-06-15,483,USD,fixed,2,,fixed,,fixed
376368,FLOHOM 08 -- FLOHOM 08 | National Harbor,hostaway,,2027-06-15,2027-06-15,393,USD,fixed,2,,fixed,,fixed
383097,FLOHOM 09 -- FLOHOM 09 | Baltimore Peninsula,hostaway,,2027-06-15,2027-06-15,393,USD,fixed,2,,fixed,,fixed
404358,FLOHOM 10 -- FLOHOM 10 | Virginia Beach,hostaway,,2027-06-15,2027-06-15,483,USD,fixed,2,,fixed,,fixed
427313,FLOHOM 11 -- FLOHOM 11 | Virginia Beach,hostaway,,2027-06-15,2027-06-15,333,USD,fixed,2,,fixed,,fixed
422608,"FLOHOM 12 -- FLOHOM 12 | Inner Harbor - Fells Point, Baltimore",hostaway,,2027-06-15,2027-06-15,483,USD,fixed,2,,fixed,,fixed
485833,"FLOHOM 13 -- FLOHOM 13 | Inner Harbor, Baltimore",hostaway,,2027-06-15,2027-06-15,684,USD,fixed,2,,fixed,,fixed
407612,"FLOHOM 14 -- FLOHOM 14 | Pasadena, Chesapeake Bay",hostaway,,2027-06-15,2027-06-15,333,USD,fixed,2,,fixed,,fixed
467334,FLOHOM 15 -- FLOHOM 15 | North Myrtle Beach,hostaway,,2027-06-15,2027-06-15,658,USD,fixed,2,,fixed,,fixed
510832,FLOHOM 16 | Liberty Landing Marina,hostaway,,2027-06-15,2027-06-15,684,USD,fixed,2,,fixed,,fixed
146908,"FLOHOM 01 -- FLOHOM 01 | Inner Harbor, Baltimore",hostaway,,2027-06-16,2027-06-16,579,USD,fixed,2,,fixed,,fixed
146944,"FLOHOM 02 -- FLOHOM 02 | Inner Harbor - Canton, Baltimore",hostaway,,2027-06-16,2027-06-16,426,USD,fixed,2,,fixed,,fixed
146946,"FLOHOM 03 -- FLOHOM 03 | Magothy River, Annapolis",hostaway,,2027-06-16,2027-06-16,333,USD,fixed,2,,fixed,,fixed
260001,FLOHOM 04 -- FLOHOM 04 | National Harbor,hostaway,,2027-06-16,2027-06-16,576,USD,fixed,2,,fixed,,fixed
278502,"FLOHOM 05 -- FLOHOM 05 | Inner Harbor, Baltimore",hostaway,,2027-06-16,2027-06-16,393,USD,fixed,2,,fixed,,fixed
345316,FLOHOM 06 -- FLOHOM 06 | National Harbor,hostaway,,2027-06-16,2027-06-16,684,USD,fixed,2,,fixed,,fixed
366176,"FLOHOM 07 -- FLOHOM 07 | Inner Harbor - Canton, Baltimore",hostaway,,2027-06-16,2027-06-16,483,USD,fixed,2,,fixed,,fixed
376368,FLOHOM 08 -- FLOHOM 08 | National Harbor,hostaway,,2027-06-16,2027-06-16,393,USD,fixed,2,,fixed,,fixed
383097,FLOHOM 09 -- FLOHOM 09 | Baltimore Peninsula,hostaway,,2027-06-16,2027-06-16,393,USD,fixed,2,,fixed,,fixed
404358,FLOHOM 10 -- FLOHOM 10 | Virginia Beach,hostaway,,2027-06-16,2027-06-16,483,USD,fixed,2,,fixed,,fixed
427313,FLOHOM 11 -- FLOHOM 11 | Virginia Beach,hostaway,,2027-06-16,2027-06-16,333,USD,fixed,2,,fixed,,fixed
422608,"FLOHOM 12 -- FLOHOM 12 | Inner Harbor - Fells Point, Baltimore",hostaway,,2027-06-16,2027-06-16,483,USD,fixed,2,,fixed,,fixed
485833,"FLOHOM 13 -- FLOHOM 13 | Inner Harbor, Baltimore",hostaway,,2027-06-16,2027-06-16,684,USD,fixed,2,,fixed,,fixed
407612,"FLOHOM 14 -- FLOHOM 14 | Pasadena, Chesapeake Bay",hostaway,,2027-06-16,2027-06-16,333,USD,fixed,2,,fixed,,fixed
467334,FLOHOM 15 -- FLOHOM 15 | North Myrtle Beach,hostaway,,2027-06-16,2027-06-16,658,USD,fixed,2,,fixed,,fixed
510832,FLOHOM 16 | Liberty Landing Marina,hostaway,,2027-06-16,2027-06-16,684,USD,fixed,2,,fixed,,fixed
146908,"FLOHOM 01 -- FLOHOM 01 | Inner Harbor, Baltimore",hostaway,,2027-06-17,2027-06-17,935,USD,fixed,2,,fixed,,fixed
146944,"FLOHOM 02 -- FLOHOM 02 | Inner Harbor - Canton, Baltimore",hostaway,,2027-06-17,2027-06-17,695,USD,fixed,2,,fixed,,fixed
146946,"FLOHOM 03 -- FLOHOM 03 | Magothy River, Annapolis",hostaway,,2027-06-17,2027-06-17,509,USD,fixed,2,,fixed,,fixed
260001,FLOHOM 04 -- FLOHOM 04 | National Harbor,hostaway,,2027-06-17,2027-06-17,900,USD,fixed,2,,fixed,,fixed
278502,"FLOHOM 05 -- FLOHOM 05 | Inner Harbor, Baltimore",hostaway,,2027-06-17,2027-06-17,641,USD,fixed,2,,fixed,,fixed
345316,FLOHOM 06 -- FLOHOM 06 | National Harbor,hostaway,,2027-06-17,2027-06-17,1021,USD,fixed,2,,fixed,,fixed
366176,"FLOHOM 07 -- FLOHOM 07 | Inner Harbor - Canton, Baltimore",hostaway,,2027-06-17,2027-06-17,809,USD,fixed,2,,fixed,,fixed
376368,FLOHOM 08 -- FLOHOM 08 | National Harbor,hostaway,,2027-06-17,2027-06-17,641,USD,fixed,2,,fixed,,fixed
383097,FLOHOM 09 -- FLOHOM 09 | Baltimore Peninsula,hostaway,,2027-06-17,2027-06-17,641,USD,fixed,2,,fixed,,fixed
404358,FLOHOM 10 -- FLOHOM 10 | Virginia Beach,hostaway,,2027-06-17,2027-06-17,809,USD,fixed,2,,fixed,,fixed
427313,FLOHOM 11 -- FLOHOM 11 | Virginia Beach,hostaway,,2027-06-17,2027-06-17,509,USD,fixed,2,,fixed,,fixed
422608,"FLOHOM 12 -- FLOHOM 12 | Inner Harbor - Fells Point, Baltimore",hostaway,,2027-06-17,2027-06-17,809,USD,fixed,2,,fixed,,fixed
485833,"FLOHOM 13 -- FLOHOM 13 | Inner Harbor, Baltimore",hostaway,,2027-06-17,2027-06-17,1021,USD,fixed,2,,fixed,,fixed
407612,"FLOHOM 14 -- FLOHOM 14 | Pasadena, Chesapeake Bay",hostaway,,2027-06-17,2027-06-17,509,USD,fixed,2,,fixed,,fixed
467334,FLOHOM 15 -- FLOHOM 15 | North Myrtle Beach,hostaway,,2027-06-17,2027-06-17,983,USD,fixed,2,,fixed,,fixed
510832,FLOHOM 16 | Liberty Landing Marina,hostaway,,2027-06-17,2027-06-17,1021,USD,fixed,2,,fixed,,fixed
146908,"FLOHOM 01 -- FLOHOM 01 | Inner Harbor, Baltimore",hostaway,,2027-06-18,2027-06-18,1102,USD,fixed,2,,fixed,,fixed
146944,"FLOHOM 02 -- FLOHOM 02 | Inner Harbor - Canton, Baltimore",hostaway,,2027-06-18,2027-06-18,833,USD,fixed,2,,fixed,,fixed
146946,"FLOHOM 03 -- FLOHOM 03 | Magothy River, Annapolis",hostaway,,2027-06-18,2027-06-18,659,USD,fixed,2,,fixed,,fixed
260001,FLOHOM 04 -- FLOHOM 04 | National Harbor,hostaway,,2027-06-18,2027-06-18,1061,USD,fixed,2,,fixed,,fixed
278502,"FLOHOM 05 -- FLOHOM 05 | Inner Harbor, Baltimore",hostaway,,2027-06-18,2027-06-18,752,USD,fixed,2,,fixed,,fixed
345316,FLOHOM 06 -- FLOHOM 06 | National Harbor,hostaway,,2027-06-18,2027-06-18,1259,USD,fixed,2,,fixed,,fixed
366176,"FLOHOM 07 -- FLOHOM 07 | Inner Harbor - Canton, Baltimore",hostaway,,2027-06-18,2027-06-18,995,USD,fixed,2,,fixed,,fixed
376368,FLOHOM 08 -- FLOHOM 08 | National Harbor,hostaway,,2027-06-18,2027-06-18,752,USD,fixed,2,,fixed,,fixed
383097,FLOHOM 09 -- FLOHOM 09 | Baltimore Peninsula,hostaway,,2027-06-18,2027-06-18,752,USD,fixed,2,,fixed,,fixed
404358,FLOHOM 10 -- FLOHOM 10 | Virginia Beach,hostaway,,2027-06-18,2027-06-18,995,USD,fixed,2,,fixed,,fixed
427313,FLOHOM 11 -- FLOHOM 11 | Virginia Beach,hostaway,,2027-06-18,2027-06-18,659,USD,fixed,2,,fixed,,fixed
422608,"FLOHOM 12 -- FLOHOM 12 | Inner Harbor - Fells Point, Baltimore",hostaway,,2027-06-18,2027-06-18,995,USD,fixed,2,,fixed,,fixed
485833,"FLOHOM 13 -- FLOHOM 13 | Inner Harbor, Baltimore",hostaway,,2027-06-18,2027-06-18,1259,USD,fixed,2,,fixed,,fixed
407612,"FLOHOM 14 -- FLOHOM 14 | Pasadena, Chesapeake Bay",hostaway,,2027-06-18,2027-06-18,659,USD,fixed,2,,fixed,,fixed
467334,FLOHOM 15 -- FLOHOM 15 | North Myrtle Beach,hostaway,,2027-06-18,2027-06-18,1193,USD,fixed,2,,fixed,,fixed
510832,FLOHOM 16 | Liberty Landing Marina,hostaway,,2027-06-18,2027-06-18,1259,USD,fixed,2,,fixed,,fixed
146908,"FLOHOM 01 -- FLOHOM 01 | Inner Harbor, Baltimore",hostaway,,2027-06-19,2027-06-19,1102,USD,fixed,2,,fixed,,fixed
146944,"FLOHOM 02 -- FLOHOM 02 | Inner Harbor - Canton, Baltimore",hostaway,,2027-06-19,2027-06-19,833,USD,fixed,2,,fixed,,fixed
146946,"FLOHOM 03 -- FLOHOM 03 | Magothy River, Annapolis",hostaway,,2027-06-19,2027-06-19,659,USD,fixed,2,,fixed,,fixed
260001,FLOHOM 04 -- FLOHOM 04 | National Harbor,hostaway,,2027-06-19,2027-06-19,1061,USD,fixed,2,,fixed,,fixed
278502,"FLOHOM 05 -- FLOHOM 05 | Inner Harbor, Baltimore",hostaway,,2027-06-19,2027-06-19,752,USD,fixed,2,,fixed,,fixed
345316,FLOHOM 06 -- FLOHOM 06 | National Harbor,hostaway,,2027-06-19,2027-06-19,1259,USD,fixed,2,,fixed,,fixed
366176,"FLOHOM 07 -- FLOHOM 07 | Inner Harbor - Canton, Baltimore",hostaway,,2027-06-19,2027-06-19,995,USD,fixed,2,,fixed,,fixed
376368,FLOHOM 08 -- FLOHOM 08 | National Harbor,hostaway,,2027-06-19,2027-06-19,752,USD,fixed,2,,fixed,,fixed
383097,FLOHOM 09 -- FLOHOM 09 | Baltimore Peninsula,hostaway,,2027-06-19,2027-06-19,752,USD,fixed,2,,fixed,,fixed
404358,FLOHOM 10 -- FLOHOM 10 | Virginia Beach,hostaway,,2027-06-19,2027-06-19,995,USD,fixed,2,,fixed,,fixed
427313,FLOHOM 11 -- FLOHOM 11 | Virginia Beach,hostaway,,2027-06-19,2027-06-19,659,USD,fixed,2,,fixed,,fixed
422608,"FLOHOM 12 -- FLOHOM 12 | Inner Harbor - Fells Point, Baltimore",hostaway,,2027-06-19,2027-06-19,995,USD,fixed,2,,fixed,,fixed
485833,"FLOHOM 13 -- FLOHOM 13 | Inner Harbor, Baltimore",hostaway,,2027-06-19,2027-06-19,1259,USD,fixed,2,,fixed,,fixed
407612,"FLOHOM 14 -- FLOHOM 14 | Pasadena, Chesapeake Bay",hostaway,,2027-06-19,2027-06-19,659,USD,fixed,2,,fixed,,fixed
467334,FLOHOM 15 -- FLOHOM 15 | North Myrtle Beach,hostaway,,2027-06-19,2027-06-19,1193,USD,fixed,2,,fixed,,fixed
510832,FLOHOM 16 | Liberty Landing Marina,hostaway,,2027-06-19,2027-06-19,1259,USD,fixed,2,,fixed,,fixed
146908,"FLOHOM 01 -- FLOHOM 01 | Inner Harbor, Baltimore",hostaway,,2027-06-20,2027-06-20,935,USD,fixed,2,,fixed,,fixed
146944,"FLOHOM 02 -- FLOHOM 02 | Inner Harbor - Canton, Baltimore",hostaway,,2027-06-20,2027-06-20,695,USD,fixed,2,,fixed,,fixed
146946,"FLOHOM 03 -- FLOHOM 03 | Magothy River, Annapolis",hostaway,,2027-06-20,2027-06-20,509,USD,fixed,2,,fixed,,fixed
260001,FLOHOM 04 -- FLOHOM 04 | National Harbor,hostaway,,2027-06-20,2027-06-20,900,USD,fixed,2,,fixed,,fixed
278502,"FLOHOM 05 -- FLOHOM 05 | Inner Harbor, Baltimore",hostaway,,2027-06-20,2027-06-20,641,USD,fixed,2,,fixed,,fixed
345316,FLOHOM 06 -- FLOHOM 06 | National Harbor,hostaway,,2027-06-20,2027-06-20,1021,USD,fixed,2,,fixed,,fixed
366176,"FLOHOM 07 -- FLOHOM 07 | Inner Harbor - Canton, Baltimore",hostaway,,2027-06-20,2027-06-20,809,USD,fixed,2,,fixed,,fixed
376368,FLOHOM 08 -- FLOHOM 08 | National Harbor,hostaway,,2027-06-20,2027-06-20,641,USD,fixed,2,,fixed,,fixed
383097,FLOHOM 09 -- FLOHOM 09 | Baltimore Peninsula,hostaway,,2027-06-20,2027-06-20,641,USD,fixed,2,,fixed,,fixed
404358,FLOHOM 10 -- FLOHOM 10 | Virginia Beach,hostaway,,2027-06-20,2027-06-20,809,USD,fixed,2,,fixed,,fixed
427313,FLOHOM 11 -- FLOHOM 11 | Virginia Beach,hostaway,,2027-06-20,2027-06-20,509,USD,fixed,2,,fixed,,fixed
422608,"FLOHOM 12 -- FLOHOM 12 | Inner Harbor - Fells Point, Baltimore",hostaway,,2027-06-20,2027-06-20,809,USD,fixed,2,,fixed,,fixed
485833,"FLOHOM 13 -- FLOHOM 13 | Inner Harbor, Baltimore",hostaway,,2027-06-20,2027-06-20,1021,USD,fixed,2,,fixed,,fixed
407612,"FLOHOM 14 -- FLOHOM 14 | Pasadena, Chesapeake Bay",hostaway,,2027-06-20,2027-06-20,509,USD,fixed,2,,fixed,,fixed
467334,FLOHOM 15 -- FLOHOM 15 | North Myrtle Beach,hostaway,,2027-06-20,2027-06-20,983,USD,fixed,2,,fixed,,fixed
510832,FLOHOM 16 | Liberty Landing Marina,hostaway,,2027-06-20,2027-06-20,1021,USD,fixed,2,,fixed,,fixed
146908,"FLOHOM 01 -- FLOHOM 01 | Inner Harbor, Baltimore",hostaway,,2027-06-21,2027-06-21,579,USD,fixed,2,,fixed,,fixed
146944,"FLOHOM 02 -- FLOHOM 02 | Inner Harbor - Canton, Baltimore",hostaway,,2027-06-21,2027-06-21,426,USD,fixed,2,,fixed,,fixed
146946,"FLOHOM 03 -- FLOHOM 03 | Magothy River, Annapolis",hostaway,,2027-06-21,2027-06-21,333,USD,fixed,2,,fixed,,fixed
260001,FLOHOM 04 -- FLOHOM 04 | National Harbor,hostaway,,2027-06-21,2027-06-21,576,USD,fixed,2,,fixed,,fixed
278502,"FLOHOM 05 -- FLOHOM 05 | Inner Harbor, Baltimore",hostaway,,2027-06-21,2027-06-21,393,USD,fixed,2,,fixed,,fixed
345316,FLOHOM 06 -- FLOHOM 06 | National Harbor,hostaway,,2027-06-21,2027-06-21,684,USD,fixed,2,,fixed,,fixed
366176,"FLOHOM 07 -- FLOHOM 07 | Inner Harbor - Canton, Baltimore",hostaway,,2027-06-21,2027-06-21,483,USD,fixed,2,,fixed,,fixed
376368,FLOHOM 08 -- FLOHOM 08 | National Harbor,hostaway,,2027-06-21,2027-06-21,393,USD,fixed,2,,fixed,,fixed
383097,FLOHOM 09 -- FLOHOM 09 | Baltimore Peninsula,hostaway,,2027-06-21,2027-06-21,393,USD,fixed,2,,fixed,,fixed
404358,FLOHOM 10 -- FLOHOM 10 | Virginia Beach,hostaway,,2027-06-21,2027-06-21,483,USD,fixed,2,,fixed,,fixed
427313,FLOHOM 11 -- FLOHOM 11 | Virginia Beach,hostaway,,2027-06-21,2027-06-21,333,USD,fixed,2,,fixed,,fixed
422608,"FLOHOM 12 -- FLOHOM 12 | Inner Harbor - Fells Point, Baltimore",hostaway,,2027-06-21,2027-06-21,483,USD,fixed,2,,fixed,,fixed
485833,"FLOHOM 13 -- FLOHOM 13 | Inner Harbor, Baltimore",hostaway,,2027-06-21,2027-06-21,684,USD,fixed,2,,fixed,,fixed
407612,"FLOHOM 14 -- FLOHOM 14 | Pasadena, Chesapeake Bay",hostaway,,2027-06-21,2027-06-21,333,USD,fixed,2,,fixed,,fixed
467334,FLOHOM 15 -- FLOHOM 15 | North Myrtle Beach,hostaway,,2027-06-21,2027-06-21,658,USD,fixed,2,,fixed,,fixed
510832,FLOHOM 16 | Liberty Landing Marina,hostaway,,2027-06-21,2027-06-21,684,USD,fixed,2,,fixed,,fixed
146908,"FLOHOM 01 -- FLOHOM 01 | Inner Harbor, Baltimore",hostaway,,2027-06-22,2027-06-22,579,USD,fixed,2,,fixed,,fixed
146944,"FLOHOM 02 -- FLOHOM 02 | Inner Harbor - Canton, Baltimore",hostaway,,2027-06-22,2027-06-22,426,USD,fixed,2,,fixed,,fixed
146946,"FLOHOM 03 -- FLOHOM 03 | Magothy River, Annapolis",hostaway,,2027-06-22,2027-06-22,333,USD,fixed,2,,fixed,,fixed
260001,FLOHOM 04 -- FLOHOM 04 | National Harbor,hostaway,,2027-06-22,2027-06-22,576,USD,fixed,2,,fixed,,fixed
278502,"FLOHOM 05 -- FLOHOM 05 | Inner Harbor, Baltimore",hostaway,,2027-06-22,2027-06-22,393,USD,fixed,2,,fixed,,fixed
345316,FLOHOM 06 -- FLOHOM 06 | National Harbor,hostaway,,2027-06-22,2027-06-22,684,USD,fixed,2,,fixed,,fixed
366176,"FLOHOM 07 -- FLOHOM 07 | Inner Harbor - Canton, Baltimore",hostaway,,2027-06-22,2027-06-22,483,USD,fixed,2,,fixed,,fixed
376368,FLOHOM 08 -- FLOHOM 08 | National Harbor,hostaway,,2027-06-22,2027-06-22,393,USD,fixed,2,,fixed,,fixed
383097,FLOHOM 09 -- FLOHOM 09 | Baltimore Peninsula,hostaway,,2027-06-22,2027-06-22,393,USD,fixed,2,,fixed,,fixed
404358,FLOHOM 10 -- FLOHOM 10 | Virginia Beach,hostaway,,2027-06-22,2027-06-22,483,USD,fixed,2,,fixed,,fixed
427313,FLOHOM 11 -- FLOHOM 11 | Virginia Beach,hostaway,,2027-06-22,2027-06-22,333,USD,fixed,2,,fixed,,fixed
422608,"FLOHOM 12 -- FLOHOM 12 | Inner Harbor - Fells Point, Baltimore",hostaway,,2027-06-22,2027-06-22,483,USD,fixed,2,,fixed,,fixed
485833,"FLOHOM 13 -- FLOHOM 13 | Inner Harbor, Baltimore",hostaway,,2027-06-22,2027-06-22,684,USD,fixed,2,,fixed,,fixed
407612,"FLOHOM 14 -- FLOHOM 14 | Pasadena, Chesapeake Bay",hostaway,,2027-06-22,2027-06-22,333,USD,fixed,2,,fixed,,fixed
467334,FLOHOM 15 -- FLOHOM 15 | North Myrtle Beach,hostaway,,2027-06-22,2027-06-22,658,USD,fixed,2,,fixed,,fixed
510832,FLOHOM 16 | Liberty Landing Marina,hostaway,,2027-06-22,2027-06-22,684,USD,fixed,2,,fixed,,fixed
146908,"FLOHOM 01 -- FLOHOM 01 | Inner Harbor, Baltimore",hostaway,,2027-06-23,2027-06-23,579,USD,fixed,2,,fixed,,fixed
146944,"FLOHOM 02 -- FLOHOM 02 | Inner Harbor - Canton, Baltimore",hostaway,,2027-06-23,2027-06-23,426,USD,fixed,2,,fixed,,fixed
146946,"FLOHOM 03 -- FLOHOM 03 | Magothy River, Annapolis",hostaway,,2027-06-23,2027-06-23,333,USD,fixed,2,,fixed,,fixed
260001,FLOHOM 04 -- FLOHOM 04 | National Harbor,hostaway,,2027-06-23,2027-06-23,576,USD,fixed,2,,fixed,,fixed
278502,"FLOHOM 05 -- FLOHOM 05 | Inner Harbor, Baltimore",hostaway,,2027-06-23,2027-06-23,393,USD,fixed,2,,fixed,,fixed
345316,FLOHOM 06 -- FLOHOM 06 | National Harbor,hostaway,,2027-06-23,2027-06-23,684,USD,fixed,2,,fixed,,fixed
366176,"FLOHOM 07 -- FLOHOM 07 | Inner Harbor - Canton, Baltimore",hostaway,,2027-06-23,2027-06-23,483,USD,fixed,2,,fixed,,fixed
376368,FLOHOM 08 -- FLOHOM 08 | National Harbor,hostaway,,2027-06-23,2027-06-23,393,USD,fixed,2,,fixed,,fixed
383097,FLOHOM 09 -- FLOHOM 09 | Baltimore Peninsula,hostaway,,2027-06-23,2027-06-23,393,USD,fixed,2,,fixed,,fixed
404358,FLOHOM 10 -- FLOHOM 10 | Virginia Beach,hostaway,,2027-06-23,2027-06-23,483,USD,fixed,2,,fixed,,fixed
427313,FLOHOM 11 -- FLOHOM 11 | Virginia Beach,hostaway,,2027-06-23,2027-06-23,333,USD,fixed,2,,fixed,,fixed
422608,"FLOHOM 12 -- FLOHOM 12 | Inner Harbor - Fells Point, Baltimore",hostaway,,2027-06-23,2027-06-23,483,USD,fixed,2,,fixed,,fixed
485833,"FLOHOM 13 -- FLOHOM 13 | Inner Harbor, Baltimore",hostaway,,2027-06-23,2027-06-23,684,USD,fixed,2,,fixed,,fixed
407612,"FLOHOM 14 -- FLOHOM 14 | Pasadena, Chesapeake Bay",hostaway,,2027-06-23,2027-06-23,333,USD,fixed,2,,fixed,,fixed
467334,FLOHOM 15 -- FLOHOM 15 | North Myrtle Beach,hostaway,,2027-06-23,2027-06-23,658,USD,fixed,2,,fixed,,fixed
510832,FLOHOM 16 | Liberty Landing Marina,hostaway,,2027-06-23,2027-06-23,684,USD,fixed,2,,fixed,,fixed
146908,"FLOHOM 01 -- FLOHOM 01 | Inner Harbor, Baltimore",hostaway,,2027-06-24,2027-06-24,935,USD,fixed,2,,fixed,,fixed
146944,"FLOHOM 02 -- FLOHOM 02 | Inner Harbor - Canton, Baltimore",hostaway,,2027-06-24,2027-06-24,695,USD,fixed,2,,fixed,,fixed
146946,"FLOHOM 03 -- FLOHOM 03 | Magothy River, Annapolis",hostaway,,2027-06-24,2027-06-24,509,USD,fixed,2,,fixed,,fixed
260001,FLOHOM 04 -- FLOHOM 04 | National Harbor,hostaway,,2027-06-24,2027-06-24,900,USD,fixed,2,,fixed,,fixed
278502,"FLOHOM 05 -- FLOHOM 05 | Inner Harbor, Baltimore",hostaway,,2027-06-24,2027-06-24,641,USD,fixed,2,,fixed,,fixed
345316,FLOHOM 06 -- FLOHOM 06 | National Harbor,hostaway,,2027-06-24,2027-06-24,1021,USD,fixed,2,,fixed,,fixed
366176,"FLOHOM 07 -- FLOHOM 07 | Inner Harbor - Canton, Baltimore",hostaway,,2027-06-24,2027-06-24,809,USD,fixed,2,,fixed,,fixed
376368,FLOHOM 08 -- FLOHOM 08 | National Harbor,hostaway,,2027-06-24,2027-06-24,641,USD,fixed,2,,fixed,,fixed
383097,FLOHOM 09 -- FLOHOM 09 | Baltimore Peninsula,hostaway,,2027-06-24,2027-06-24,641,USD,fixed,2,,fixed,,fixed
404358,FLOHOM 10 -- FLOHOM 10 | Virginia Beach,hostaway,,2027-06-24,2027-06-24,809,USD,fixed,2,,fixed,,fixed
427313,FLOHOM 11 -- FLOHOM 11 | Virginia Beach,hostaway,,2027-06-24,2027-06-24,509,USD,fixed,2,,fixed,,fixed
422608,"FLOHOM 12 -- FLOHOM 12 | Inner Harbor - Fells Point, Baltimore",hostaway,,2027-06-24,2027-06-24,809,USD,fixed,2,,fixed,,fixed
485833,"FLOHOM 13 -- FLOHOM 13 | Inner Harbor, Baltimore",hostaway,,2027-06-24,2027-06-24,1021,USD,fixed,2,,fixed,,fixed
407612,"FLOHOM 14 -- FLOHOM 14 | Pasadena, Chesapeake Bay",hostaway,,2027-06-24,2027-06-24,509,USD,fixed,2,,fixed,,fixed
467334,FLOHOM 15 -- FLOHOM 15 | North Myrtle Beach,hostaway,,2027-06-24,2027-06-24,983,USD,fixed,2,,fixed,,fixed
510832,FLOHOM 16 | Liberty Landing Marina,hostaway,,2027-06-24,2027-06-24,1123,USD,fixed,2,,fixed,,fixed
146908,"FLOHOM 01 -- FLOHOM 01 | Inner Harbor, Baltimore",hostaway,,2027-06-25,2027-06-25,1102,USD,fixed,2,,fixed,,fixed
146944,"FLOHOM 02 -- FLOHOM 02 | Inner Harbor - Canton, Baltimore",hostaway,,2027-06-25,2027-06-25,833,USD,fixed,2,,fixed,,fixed
146946,"FLOHOM 03 -- FLOHOM 03 | Magothy River, Annapolis",hostaway,,2027-06-25,2027-06-25,659,USD,fixed,2,,fixed,,fixed
260001,FLOHOM 04 -- FLOHOM 04 | National Harbor,hostaway,,2027-06-25,2027-06-25,1061,USD,fixed,2,,fixed,,fixed
278502,"FLOHOM 05 -- FLOHOM 05 | Inner Harbor, Baltimore",hostaway,,2027-06-25,2027-06-25,752,USD,fixed,2,,fixed,,fixed
345316,FLOHOM 06 -- FLOHOM 06 | National Harbor,hostaway,,2027-06-25,2027-06-25,1259,USD,fixed,2,,fixed,,fixed
366176,"FLOHOM 07 -- FLOHOM 07 | Inner Harbor - Canton, Baltimore",hostaway,,2027-06-25,2027-06-25,995,USD,fixed,2,,fixed,,fixed
376368,FLOHOM 08 -- FLOHOM 08 | National Harbor,hostaway,,2027-06-25,2027-06-25,752,USD,fixed,2,,fixed,,fixed
383097,FLOHOM 09 -- FLOHOM 09 | Baltimore Peninsula,hostaway,,2027-06-25,2027-06-25,752,USD,fixed,2,,fixed,,fixed
404358,FLOHOM 10 -- FLOHOM 10 | Virginia Beach,hostaway,,2027-06-25,2027-06-25,995,USD,fixed,2,,fixed,,fixed
427313,FLOHOM 11 -- FLOHOM 11 | Virginia Beach,hostaway,,2027-06-25,2027-06-25,659,USD,fixed,2,,fixed,,fixed
422608,"FLOHOM 12 -- FLOHOM 12 | Inner Harbor - Fells Point, Baltimore",hostaway,,2027-06-25,2027-06-25,995,USD,fixed,2,,fixed,,fixed
485833,"FLOHOM 13 -- FLOHOM 13 | Inner Harbor, Baltimore",hostaway,,2027-06-25,2027-06-25,1259,USD,fixed,2,,fixed,,fixed
407612,"FLOHOM 14 -- FLOHOM 14 | Pasadena, Chesapeake Bay",hostaway,,2027-06-25,2027-06-25,659,USD,fixed,2,,fixed,,fixed
467334,FLOHOM 15 -- FLOHOM 15 | North Myrtle Beach,hostaway,,2027-06-25,2027-06-25,1193,USD,fixed,2,,fixed,,fixed
510832,FLOHOM 16 | Liberty Landing Marina,hostaway,,2027-06-25,2027-06-25,1385,USD,fixed,2,,fixed,,fixed
146908,"FLOHOM 01 -- FLOHOM 01 | Inner Harbor, Baltimore",hostaway,,2027-06-26,2027-06-26,1102,USD,fixed,2,,fixed,,fixed
146944,"FLOHOM 02 -- FLOHOM 02 | Inner Harbor - Canton, Baltimore",hostaway,,2027-06-26,2027-06-26,833,USD,fixed,2,,fixed,,fixed
146946,"FLOHOM 03 -- FLOHOM 03 | Magothy River, Annapolis",hostaway,,2027-06-26,2027-06-26,659,USD,fixed,2,,fixed,,fixed
260001,FLOHOM 04 -- FLOHOM 04 | National Harbor,hostaway,,2027-06-26,2027-06-26,1061,USD,fixed,2,,fixed,,fixed
278502,"FLOHOM 05 -- FLOHOM 05 | Inner Harbor, Baltimore",hostaway,,2027-06-26,2027-06-26,752,USD,fixed,2,,fixed,,fixed
345316,FLOHOM 06 -- FLOHOM 06 | National Harbor,hostaway,,2027-06-26,2027-06-26,1259,USD,fixed,2,,fixed,,fixed
366176,"FLOHOM 07 -- FLOHOM 07 | Inner Harbor - Canton, Baltimore",hostaway,,2027-06-26,2027-06-26,995,USD,fixed,2,,fixed,,fixed
376368,FLOHOM 08 -- FLOHOM 08 | National Harbor,hostaway,,2027-06-26,2027-06-26,752,USD,fixed,2,,fixed,,fixed
383097,FLOHOM 09 -- FLOHOM 09 | Baltimore Peninsula,hostaway,,2027-06-26,2027-06-26,752,USD,fixed,2,,fixed,,fixed
404358,FLOHOM 10 -- FLOHOM 10 | Virginia Beach,hostaway,,2027-06-26,2027-06-26,995,USD,fixed,2,,fixed,,fixed
427313,FLOHOM 11 -- FLOHOM 11 | Virginia Beach,hostaway,,2027-06-26,2027-06-26,659,USD,fixed,2,,fixed,,fixed
422608,"FLOHOM 12 -- FLOHOM 12 | Inner Harbor - Fells Point, Baltimore",hostaway,,2027-06-26,2027-06-26,995,USD,fixed,2,,fixed,,fixed
485833,"FLOHOM 13 -- FLOHOM 13 | Inner Harbor, Baltimore",hostaway,,2027-06-26,2027-06-26,1259,USD,fixed,2,,fixed,,fixed
407612,"FLOHOM 14 -- FLOHOM 14 | Pasadena, Chesapeake Bay",hostaway,,2027-06-26,2027-06-26,659,USD,fixed,2,,fixed,,fixed
467334,FLOHOM 15 -- FLOHOM 15 | North Myrtle Beach,hostaway,,2027-06-26,2027-06-26,1193,USD,fixed,2,,fixed,,fixed
510832,FLOHOM 16 | Liberty Landing Marina,hostaway,,2027-06-26,2027-06-26,1385,USD,fixed,2,,fixed,,fixed
146908,"FLOHOM 01 -- FLOHOM 01 | Inner Harbor, Baltimore",hostaway,,2027-06-27,2027-06-27,935,USD,fixed,2,,fixed,,fixed
146944,"FLOHOM 02 -- FLOHOM 02 | Inner Harbor - Canton, Baltimore",hostaway,,2027-06-27,2027-06-27,695,USD,fixed,2,,fixed,,fixed
146946,"FLOHOM 03 -- FLOHOM 03 | Magothy River, Annapolis",hostaway,,2027-06-27,2027-06-27,509,USD,fixed,2,,fixed,,fixed
260001,FLOHOM 04 -- FLOHOM 04 | National Harbor,hostaway,,2027-06-27,2027-06-27,900,USD,fixed,2,,fixed,,fixed
278502,"FLOHOM 05 -- FLOHOM 05 | Inner Harbor, Baltimore",hostaway,,2027-06-27,2027-06-27,641,USD,fixed,2,,fixed,,fixed
345316,FLOHOM 06 -- FLOHOM 06 | National Harbor,hostaway,,2027-06-27,2027-06-27,1021,USD,fixed,2,,fixed,,fixed
366176,"FLOHOM 07 -- FLOHOM 07 | Inner Harbor - Canton, Baltimore",hostaway,,2027-06-27,2027-06-27,809,USD,fixed,2,,fixed,,fixed
376368,FLOHOM 08 -- FLOHOM 08 | National Harbor,hostaway,,2027-06-27,2027-06-27,641,USD,fixed,2,,fixed,,fixed
383097,FLOHOM 09 -- FLOHOM 09 | Baltimore Peninsula,hostaway,,2027-06-27,2027-06-27,641,USD,fixed,2,,fixed,,fixed
404358,FLOHOM 10 -- FLOHOM 10 | Virginia Beach,hostaway,,2027-06-27,2027-06-27,809,USD,fixed,2,,fixed,,fixed
427313,FLOHOM 11 -- FLOHOM 11 | Virginia Beach,hostaway,,2027-06-27,2027-06-27,509,USD,fixed,2,,fixed,,fixed
422608,"FLOHOM 12 -- FLOHOM 12 | Inner Harbor - Fells Point, Baltimore",hostaway,,2027-06-27,2027-06-27,809,USD,fixed,2,,fixed,,fixed
485833,"FLOHOM 13 -- FLOHOM 13 | Inner Harbor, Baltimore",hostaway,,2027-06-27,2027-06-27,1021,USD,fixed,2,,fixed,,fixed
407612,"FLOHOM 14 -- FLOHOM 14 | Pasadena, Chesapeake Bay",hostaway,,2027-06-27,2027-06-27,509,USD,fixed,2,,fixed,,fixed
467334,FLOHOM 15 -- FLOHOM 15 | North Myrtle Beach,hostaway,,2027-06-27,2027-06-27,983,USD,fixed,2,,fixed,,fixed
510832,FLOHOM 16 | Liberty Landing Marina,hostaway,,2027-06-27,2027-06-27,1123,USD,fixed,2,,fixed,,fixed
146908,"FLOHOM 01 -- FLOHOM 01 | Inner Harbor, Baltimore",hostaway,,2027-06-28,2027-06-28,579,USD,fixed,2,,fixed,,fixed
146944,"FLOHOM 02 -- FLOHOM 02 | Inner Harbor - Canton, Baltimore",hostaway,,2027-06-28,2027-06-28,426,USD,fixed,2,,fixed,,fixed
146946,"FLOHOM 03 -- FLOHOM 03 | Magothy River, Annapolis",hostaway,,2027-06-28,2027-06-28,333,USD,fixed,2,,fixed,,fixed
260001,FLOHOM 04 -- FLOHOM 04 | National Harbor,hostaway,,2027-06-28,2027-06-28,576,USD,fixed,2,,fixed,,fixed
278502,"FLOHOM 05 -- FLOHOM 05 | Inner Harbor, Baltimore",hostaway,,2027-06-28,2027-06-28,393,USD,fixed,2,,fixed,,fixed
345316,FLOHOM 06 -- FLOHOM 06 | National Harbor,hostaway,,2027-06-28,2027-06-28,684,USD,fixed,2,,fixed,,fixed
366176,"FLOHOM 07 -- FLOHOM 07 | Inner Harbor - Canton, Baltimore",hostaway,,2027-06-28,2027-06-28,483,USD,fixed,2,,fixed,,fixed
376368,FLOHOM 08 -- FLOHOM 08 | National Harbor,hostaway,,2027-06-28,2027-06-28,393,USD,fixed,2,,fixed,,fixed
383097,FLOHOM 09 -- FLOHOM 09 | Baltimore Peninsula,hostaway,,2027-06-28,2027-06-28,393,USD,fixed,2,,fixed,,fixed
404358,FLOHOM 10 -- FLOHOM 10 | Virginia Beach,hostaway,,2027-06-28,2027-06-28,483,USD,fixed,2,,fixed,,fixed
427313,FLOHOM 11 -- FLOHOM 11 | Virginia Beach,hostaway,,2027-06-28,2027-06-28,333,USD,fixed,2,,fixed,,fixed
422608,"FLOHOM 12 -- FLOHOM 12 | Inner Harbor - Fells Point, Baltimore",hostaway,,2027-06-28,2027-06-28,483,USD,fixed,2,,fixed,,fixed
485833,"FLOHOM 13 -- FLOHOM 13 | Inner Harbor, Baltimore",hostaway,,2027-06-28,2027-06-28,684,USD,fixed,2,,fixed,,fixed
407612,"FLOHOM 14 -- FLOHOM 14 | Pasadena, Chesapeake Bay",hostaway,,2027-06-28,2027-06-28,333,USD,fixed,2,,fixed,,fixed
467334,FLOHOM 15 -- FLOHOM 15 | North Myrtle Beach,hostaway,,2027-06-28,2027-06-28,658,USD,fixed,2,,fixed,,fixed
510832,FLOHOM 16 | Liberty Landing Marina,hostaway,,2027-06-28,2027-06-28,684,USD,fixed,2,,fixed,,fixed
146908,"FLOHOM 01 -- FLOHOM 01 | Inner Harbor, Baltimore",hostaway,,2027-06-29,2027-06-29,579,USD,fixed,2,,fixed,,fixed
146944,"FLOHOM 02 -- FLOHOM 02 | Inner Harbor - Canton, Baltimore",hostaway,,2027-06-29,2027-06-29,426,USD,fixed,2,,fixed,,fixed
146946,"FLOHOM 03 -- FLOHOM 03 | Magothy River, Annapolis",hostaway,,2027-06-29,2027-06-29,333,USD,fixed,2,,fixed,,fixed
260001,FLOHOM 04 -- FLOHOM 04 | National Harbor,hostaway,,2027-06-29,2027-06-29,576,USD,fixed,2,,fixed,,fixed
278502,"FLOHOM 05 -- FLOHOM 05 | Inner Harbor, Baltimore",hostaway,,2027-06-29,2027-06-29,393,USD,fixed,2,,fixed,,fixed
345316,FLOHOM 06 -- FLOHOM 06 | National Harbor,hostaway,,2027-06-29,2027-06-29,684,USD,fixed,2,,fixed,,fixed
366176,"FLOHOM 07 -- FLOHOM 07 | Inner Harbor - Canton, Baltimore",hostaway,,2027-06-29,2027-06-29,483,USD,fixed,2,,fixed,,fixed
376368,FLOHOM 08 -- FLOHOM 08 | National Harbor,hostaway,,2027-06-29,2027-06-29,393,USD,fixed,2,,fixed,,fixed
383097,FLOHOM 09 -- FLOHOM 09 | Baltimore Peninsula,hostaway,,2027-06-29,2027-06-29,393,USD,fixed,2,,fixed,,fixed
404358,FLOHOM 10 -- FLOHOM 10 | Virginia Beach,hostaway,,2027-06-29,2027-06-29,483,USD,fixed,2,,fixed,,fixed
427313,FLOHOM 11 -- FLOHOM 11 | Virginia Beach,hostaway,,2027-06-29,2027-06-29,333,USD,fixed,2,,fixed,,fixed
422608,"FLOHOM 12 -- FLOHOM 12 | Inner Harbor - Fells Point, Baltimore",hostaway,,2027-06-29,2027-06-29,483,USD,fixed,2,,fixed,,fixed
485833,"FLOHOM 13 -- FLOHOM 13 | Inner Harbor, Baltimore",hostaway,,2027-06-29,2027-06-29,684,USD,fixed,2,,fixed,,fixed
407612,"FLOHOM 14 -- FLOHOM 14 | Pasadena, Chesapeake Bay",hostaway,,2027-06-29,2027-06-29,333,USD,fixed,2,,fixed,,fixed
467334,FLOHOM 15 -- FLOHOM 15 | North Myrtle Beach,hostaway,,2027-06-29,2027-06-29,658,USD,fixed,2,,fixed,,fixed
510832,FLOHOM 16 | Liberty Landing Marina,hostaway,,2027-06-29,2027-06-29,684,USD,fixed,2,,fixed,,fixed
146908,"FLOHOM 01 -- FLOHOM 01 | Inner Harbor, Baltimore",hostaway,,2027-06-30,2027-06-30,579,USD,fixed,2,,fixed,,fixed
146944,"FLOHOM 02 -- FLOHOM 02 | Inner Harbor - Canton, Baltimore",hostaway,,2027-06-30,2027-06-30,426,USD,fixed,2,,fixed,,fixed
146946,"FLOHOM 03 -- FLOHOM 03 | Magothy River, Annapolis",hostaway,,2027-06-30,2027-06-30,333,USD,fixed,2,,fixed,,fixed
260001,FLOHOM 04 -- FLOHOM 04 | National Harbor,hostaway,,2027-06-30,2027-06-30,576,USD,fixed,2,,fixed,,fixed
278502,"FLOHOM 05 -- FLOHOM 05 | Inner Harbor, Baltimore",hostaway,,2027-06-30,2027-06-30,393,USD,fixed,2,,fixed,,fixed
345316,FLOHOM 06 -- FLOHOM 06 | National Harbor,hostaway,,2027-06-30,2027-06-30,684,USD,fixed,2,,fixed,,fixed
366176,"FLOHOM 07 -- FLOHOM 07 | Inner Harbor - Canton, Baltimore",hostaway,,2027-06-30,2027-06-30,483,USD,fixed,2,,fixed,,fixed
376368,FLOHOM 08 -- FLOHOM 08 | National Harbor,hostaway,,2027-06-30,2027-06-30,393,USD,fixed,2,,fixed,,fixed
383097,FLOHOM 09 -- FLOHOM 09 | Baltimore Peninsula,hostaway,,2027-06-30,2027-06-30,393,USD,fixed,2,,fixed,,fixed
404358,FLOHOM 10 -- FLOHOM 10 | Virginia Beach,hostaway,,2027-06-30,2027-06-30,483,USD,fixed,2,,fixed,,fixed
427313,FLOHOM 11 -- FLOHOM 11 | Virginia Beach,hostaway,,2027-06-30,2027-06-30,333,USD,fixed,2,,fixed,,fixed
422608,"FLOHOM 12 -- FLOHOM 12 | Inner Harbor - Fells Point, Baltimore",hostaway,,2027-06-30,2027-06-30,483,USD,fixed,2,,fixed,,fixed
485833,"FLOHOM 13 -- FLOHOM 13 | Inner Harbor, Baltimore",hostaway,,2027-06-30,2027-06-30,684,USD,fixed,2,,fixed,,fixed
407612,"FLOHOM 14 -- FLOHOM 14 | Pasadena, Chesapeake Bay",hostaway,,2027-06-30,2027-06-30,333,USD,fixed,2,,fixed,,fixed
467334,FLOHOM 15 -- FLOHOM 15 | North Myrtle Beach,hostaway,,2027-06-30,2027-06-30,658,USD,fixed,2,,fixed,,fixed
510832,FLOHOM 16 | Liberty Landing Marina,hostaway,,2027-06-30,2027-06-30,684,USD,fixed,2,,fixed,,fixed
146908,"FLOHOM 01 -- FLOHOM 01 | Inner Harbor, Baltimore",hostaway,,2027-07-01,2027-07-01,935,USD,fixed,2,,fixed,,fixed
146944,"FLOHOM 02 -- FLOHOM 02 | Inner Harbor - Canton, Baltimore",hostaway,,2027-07-01,2027-07-01,695,USD,fixed,2,,fixed,,fixed
146946,"FLOHOM 03 -- FLOHOM 03 | Magothy River, Annapolis",hostaway,,2027-07-01,2027-07-01,509,USD,fixed,2,,fixed,,fixed
260001,FLOHOM 04 -- FLOHOM 04 | National Harbor,hostaway,,2027-07-01,2027-07-01,900,USD,fixed,2,,fixed,,fixed
278502,"FLOHOM 05 -- FLOHOM 05 | Inner Harbor, Baltimore",hostaway,,2027-07-01,2027-07-01,641,USD,fixed,2,,fixed,,fixed
345316,FLOHOM 06 -- FLOHOM 06 | National Harbor,hostaway,,2027-07-01,2027-07-01,1021,USD,fixed,2,,fixed,,fixed
366176,"FLOHOM 07 -- FLOHOM 07 | Inner Harbor - Canton, Baltimore",hostaway,,2027-07-01,2027-07-01,809,USD,fixed,2,,fixed,,fixed
376368,FLOHOM 08 -- FLOHOM 08 | National Harbor,hostaway,,2027-07-01,2027-07-01,641,USD,fixed,2,,fixed,,fixed
383097,FLOHOM 09 -- FLOHOM 09 | Baltimore Peninsula,hostaway,,2027-07-01,2027-07-01,641,USD,fixed,2,,fixed,,fixed
404358,FLOHOM 10 -- FLOHOM 10 | Virginia Beach,hostaway,,2027-07-01,2027-07-01,809,USD,fixed,2,,fixed,,fixed
427313,FLOHOM 11 -- FLOHOM 11 | Virginia Beach,hostaway,,2027-07-01,2027-07-01,509,USD,fixed,2,,fixed,,fixed
422608,"FLOHOM 12 -- FLOHOM 12 | Inner Harbor - Fells Point, Baltimore",hostaway,,2027-07-01,2027-07-01,809,USD,fixed,2,,fixed,,fixed
485833,"FLOHOM 13 -- FLOHOM 13 | Inner Harbor, Baltimore",hostaway,,2027-07-01,2027-07-01,1021,USD,fixed,2,,fixed,,fixed
407612,"FLOHOM 14 -- FLOHOM 14 | Pasadena, Chesapeake Bay",hostaway,,2027-07-01,2027-07-01,509,USD,fixed,2,,fixed,,fixed
467334,FLOHOM 15 -- FLOHOM 15 | North Myrtle Beach,hostaway,,2027-07-01,2027-07-01,983,USD,fixed,2,,fixed,,fixed
510832,FLOHOM 16 | Liberty Landing Marina,hostaway,,2027-07-01,2027-07-01,1123,USD,fixed,2,,fixed,,fixed
146908,"FLOHOM 01 -- FLOHOM 01 | Inner Harbor, Baltimore",hostaway,,2027-07-02,2027-07-02,1662,USD,fixed,2,,fixed,,fixed
146944,"FLOHOM 02 -- FLOHOM 02 | Inner Harbor - Canton, Baltimore",hostaway,,2027-07-02,2027-07-02,1340,USD,fixed,2,,fixed,,fixed
146946,"FLOHOM 03 -- FLOHOM 03 | Magothy River, Annapolis",hostaway,,2027-07-02,2027-07-02,1123,USD,fixed,2,,fixed,,fixed
260001,FLOHOM 04 -- FLOHOM 04 | National Harbor,hostaway,,2027-07-02,2027-07-02,1662,USD,fixed,2,,fixed,,fixed
278502,"FLOHOM 05 -- FLOHOM 05 | Inner Harbor, Baltimore",hostaway,,2027-07-02,2027-07-02,1261,USD,fixed,2,,fixed,,fixed
345316,FLOHOM 06 -- FLOHOM 06 | National Harbor,hostaway,,2027-07-02,2027-07-02,2026,USD,fixed,2,,fixed,,fixed
366176,"FLOHOM 07 -- FLOHOM 07 | Inner Harbor - Canton, Baltimore",hostaway,,2027-07-02,2027-07-02,1451,USD,fixed,2,,fixed,,fixed
376368,FLOHOM 08 -- FLOHOM 08 | National Harbor,hostaway,,2027-07-02,2027-07-02,1261,USD,fixed,2,,fixed,,fixed
383097,FLOHOM 09 -- FLOHOM 09 | Baltimore Peninsula,hostaway,,2027-07-02,2027-07-02,1261,USD,fixed,2,,fixed,,fixed
404358,FLOHOM 10 -- FLOHOM 10 | Virginia Beach,hostaway,,2027-07-02,2027-07-02,1451,USD,fixed,2,,fixed,,fixed
427313,FLOHOM 11 -- FLOHOM 11 | Virginia Beach,hostaway,,2027-07-02,2027-07-02,1123,USD,fixed,2,,fixed,,fixed
422608,"FLOHOM 12 -- FLOHOM 12 | Inner Harbor - Fells Point, Baltimore",hostaway,,2027-07-02,2027-07-02,1451,USD,fixed,2,,fixed,,fixed
485833,"FLOHOM 13 -- FLOHOM 13 | Inner Harbor, Baltimore",hostaway,,2027-07-02,2027-07-02,2026,USD,fixed,2,,fixed,,fixed
407612,"FLOHOM 14 -- FLOHOM 14 | Pasadena, Chesapeake Bay",hostaway,,2027-07-02,2027-07-02,1123,USD,fixed,2,,fixed,,fixed
467334,FLOHOM 15 -- FLOHOM 15 | North Myrtle Beach,hostaway,,2027-07-02,2027-07-02,1820,USD,fixed,2,,fixed,,fixed
510832,FLOHOM 16 | Liberty Landing Marina,hostaway,,2027-07-02,2027-07-02,2026,USD,fixed,2,,fixed,,fixed
146908,"FLOHOM 01 -- FLOHOM 01 | Inner Harbor, Baltimore",hostaway,,2027-07-03,2027-07-03,1662,USD,fixed,2,,fixed,,fixed
146944,"FLOHOM 02 -- FLOHOM 02 | Inner Harbor - Canton, Baltimore",hostaway,,2027-07-03,2027-07-03,1340,USD,fixed,2,,fixed,,fixed
146946,"FLOHOM 03 -- FLOHOM 03 | Magothy River, Annapolis",hostaway,,2027-07-03,2027-07-03,1123,USD,fixed,2,,fixed,,fixed
260001,FLOHOM 04 -- FLOHOM 04 | National Harbor,hostaway,,2027-07-03,2027-07-03,1662,USD,fixed,2,,fixed,,fixed
278502,"FLOHOM 05 -- FLOHOM 05 | Inner Harbor, Baltimore",hostaway,,2027-07-03,2027-07-03,1261,USD,fixed,2,,fixed,,fixed
345316,FLOHOM 06 -- FLOHOM 06 | National Harbor,hostaway,,2027-07-03,2027-07-03,2026,USD,fixed,2,,fixed,,fixed
366176,"FLOHOM 07 -- FLOHOM 07 | Inner Harbor - Canton, Baltimore",hostaway,,2027-07-03,2027-07-03,1451,USD,fixed,2,,fixed,,fixed
376368,FLOHOM 08 -- FLOHOM 08 | National Harbor,hostaway,,2027-07-03,2027-07-03,1261,USD,fixed,2,,fixed,,fixed
383097,FLOHOM 09 -- FLOHOM 09 | Baltimore Peninsula,hostaway,,2027-07-03,2027-07-03,1261,USD,fixed,2,,fixed,,fixed
404358,FLOHOM 10 -- FLOHOM 10 | Virginia Beach,hostaway,,2027-07-03,2027-07-03,1451,USD,fixed,2,,fixed,,fixed
427313,FLOHOM 11 -- FLOHOM 11 | Virginia Beach,hostaway,,2027-07-03,2027-07-03,1123,USD,fixed,2,,fixed,,fixed
422608,"FLOHOM 12 -- FLOHOM 12 | Inner Harbor - Fells Point, Baltimore",hostaway,,2027-07-03,2027-07-03,1451,USD,fixed,2,,fixed,,fixed
485833,"FLOHOM 13 -- FLOHOM 13 | Inner Harbor, Baltimore",hostaway,,2027-07-03,2027-07-03,2026,USD,fixed,2,,fixed,,fixed
407612,"FLOHOM 14 -- FLOHOM 14 | Pasadena, Chesapeake Bay",hostaway,,2027-07-03,2027-07-03,1123,USD,fixed,2,,fixed,,fixed
467334,FLOHOM 15 -- FLOHOM 15 | North Myrtle Beach,hostaway,,2027-07-03,2027-07-03,1820,USD,fixed,2,,fixed,,fixed
510832,FLOHOM 16 | Liberty Landing Marina,hostaway,,2027-07-03,2027-07-03,2026,USD,fixed,2,,fixed,,fixed
146908,"FLOHOM 01 -- FLOHOM 01 | Inner Harbor, Baltimore",hostaway,,2027-07-04,2027-07-04,1028,USD,fixed,2,,fixed,,fixed
146944,"FLOHOM 02 -- FLOHOM 02 | Inner Harbor - Canton, Baltimore",hostaway,,2027-07-04,2027-07-04,764,USD,fixed,2,,fixed,,fixed
146946,"FLOHOM 03 -- FLOHOM 03 | Magothy River, Annapolis",hostaway,,2027-07-04,2027-07-04,560,USD,fixed,2,,fixed,,fixed
260001,FLOHOM 04 -- FLOHOM 04 | National Harbor,hostaway,,2027-07-04,2027-07-04,990,USD,fixed,2,,fixed,,fixed
278502,"FLOHOM 05 -- FLOHOM 05 | Inner Harbor, Baltimore",hostaway,,2027-07-04,2027-07-04,705,USD,fixed,2,,fixed,,fixed
345316,FLOHOM 06 -- FLOHOM 06 | National Harbor,hostaway,,2027-07-04,2027-07-04,1123,USD,fixed,2,,fixed,,fixed
366176,"FLOHOM 07 -- FLOHOM 07 | Inner Harbor - Canton, Baltimore",hostaway,,2027-07-04,2027-07-04,890,USD,fixed,2,,fixed,,fixed
376368,FLOHOM 08 -- FLOHOM 08 | National Harbor,hostaway,,2027-07-04,2027-07-04,705,USD,fixed,2,,fixed,,fixed
383097,FLOHOM 09 -- FLOHOM 09 | Baltimore Peninsula,hostaway,,2027-07-04,2027-07-04,705,USD,fixed,2,,fixed,,fixed
404358,FLOHOM 10 -- FLOHOM 10 | Virginia Beach,hostaway,,2027-07-04,2027-07-04,890,USD,fixed,2,,fixed,,fixed
427313,FLOHOM 11 -- FLOHOM 11 | Virginia Beach,hostaway,,2027-07-04,2027-07-04,560,USD,fixed,2,,fixed,,fixed
422608,"FLOHOM 12 -- FLOHOM 12 | Inner Harbor - Fells Point, Baltimore",hostaway,,2027-07-04,2027-07-04,890,USD,fixed,2,,fixed,,fixed
485833,"FLOHOM 13 -- FLOHOM 13 | Inner Harbor, Baltimore",hostaway,,2027-07-04,2027-07-04,1123,USD,fixed,2,,fixed,,fixed
407612,"FLOHOM 14 -- FLOHOM 14 | Pasadena, Chesapeake Bay",hostaway,,2027-07-04,2027-07-04,560,USD,fixed,2,,fixed,,fixed
467334,FLOHOM 15 -- FLOHOM 15 | North Myrtle Beach,hostaway,,2027-07-04,2027-07-04,1081,USD,fixed,2,,fixed,,fixed
510832,FLOHOM 16 | Liberty Landing Marina,hostaway,,2027-07-04,2027-07-04,1235,USD,fixed,2,,fixed,,fixed
146908,"FLOHOM 01 -- FLOHOM 01 | Inner Harbor, Baltimore",hostaway,,2027-07-05,2027-07-05,629,USD,fixed,2,,fixed,,fixed
146944,"FLOHOM 02 -- FLOHOM 02 | Inner Harbor - Canton, Baltimore",hostaway,,2027-07-05,2027-07-05,551,USD,fixed,2,,fixed,,fixed
146946,"FLOHOM 03 -- FLOHOM 03 | Magothy River, Annapolis",hostaway,,2027-07-05,2027-07-05,393,USD,fixed,2,,fixed,,fixed
260001,FLOHOM 04 -- FLOHOM 04 | National Harbor,hostaway,,2027-07-05,2027-07-05,629,USD,fixed,2,,fixed,,fixed
278502,"FLOHOM 05 -- FLOHOM 05 | Inner Harbor, Baltimore",hostaway,,2027-07-05,2027-07-05,478,USD,fixed,2,,fixed,,fixed
345316,FLOHOM 06 -- FLOHOM 06 | National Harbor,hostaway,,2027-07-05,2027-07-05,714,USD,fixed,2,,fixed,,fixed
366176,"FLOHOM 07 -- FLOHOM 07 | Inner Harbor - Canton, Baltimore",hostaway,,2027-07-05,2027-07-05,594,USD,fixed,2,,fixed,,fixed
376368,FLOHOM 08 -- FLOHOM 08 | National Harbor,hostaway,,2027-07-05,2027-07-05,478,USD,fixed,2,,fixed,,fixed
383097,FLOHOM 09 -- FLOHOM 09 | Baltimore Peninsula,hostaway,,2027-07-05,2027-07-05,478,USD,fixed,2,,fixed,,fixed
404358,FLOHOM 10 -- FLOHOM 10 | Virginia Beach,hostaway,,2027-07-05,2027-07-05,594,USD,fixed,2,,fixed,,fixed
427313,FLOHOM 11 -- FLOHOM 11 | Virginia Beach,hostaway,,2027-07-05,2027-07-05,393,USD,fixed,2,,fixed,,fixed
422608,"FLOHOM 12 -- FLOHOM 12 | Inner Harbor - Fells Point, Baltimore",hostaway,,2027-07-05,2027-07-05,594,USD,fixed,2,,fixed,,fixed
485833,"FLOHOM 13 -- FLOHOM 13 | Inner Harbor, Baltimore",hostaway,,2027-07-05,2027-07-05,714,USD,fixed,2,,fixed,,fixed
407612,"FLOHOM 14 -- FLOHOM 14 | Pasadena, Chesapeake Bay",hostaway,,2027-07-05,2027-07-05,393,USD,fixed,2,,fixed,,fixed
467334,FLOHOM 15 -- FLOHOM 15 | North Myrtle Beach,hostaway,,2027-07-05,2027-07-05,648,USD,fixed,2,,fixed,,fixed
510832,FLOHOM 16 | Liberty Landing Marina,hostaway,,2027-07-05,2027-07-05,714,USD,fixed,2,,fixed,,fixed
146908,"FLOHOM 01 -- FLOHOM 01 | Inner Harbor, Baltimore",hostaway,,2027-07-06,2027-07-06,629,USD,fixed,2,,fixed,,fixed
146944,"FLOHOM 02 -- FLOHOM 02 | Inner Harbor - Canton, Baltimore",hostaway,,2027-07-06,2027-07-06,551,USD,fixed,2,,fixed,,fixed
146946,"FLOHOM 03 -- FLOHOM 03 | Magothy River, Annapolis",hostaway,,2027-07-06,2027-07-06,393,USD,fixed,2,,fixed,,fixed
260001,FLOHOM 04 -- FLOHOM 04 | National Harbor,hostaway,,2027-07-06,2027-07-06,629,USD,fixed,2,,fixed,,fixed
278502,"FLOHOM 05 -- FLOHOM 05 | Inner Harbor, Baltimore",hostaway,,2027-07-06,2027-07-06,478,USD,fixed,2,,fixed,,fixed
345316,FLOHOM 06 -- FLOHOM 06 | National Harbor,hostaway,,2027-07-06,2027-07-06,714,USD,fixed,2,,fixed,,fixed
366176,"FLOHOM 07 -- FLOHOM 07 | Inner Harbor - Canton, Baltimore",hostaway,,2027-07-06,2027-07-06,594,USD,fixed,2,,fixed,,fixed
376368,FLOHOM 08 -- FLOHOM 08 | National Harbor,hostaway,,2027-07-06,2027-07-06,478,USD,fixed,2,,fixed,,fixed
383097,FLOHOM 09 -- FLOHOM 09 | Baltimore Peninsula,hostaway,,2027-07-06,2027-07-06,478,USD,fixed,2,,fixed,,fixed
404358,FLOHOM 10 -- FLOHOM 10 | Virginia Beach,hostaway,,2027-07-06,2027-07-06,594,USD,fixed,2,,fixed,,fixed
427313,FLOHOM 11 -- FLOHOM 11 | Virginia Beach,hostaway,,2027-07-06,2027-07-06,393,USD,fixed,2,,fixed,,fixed
422608,"FLOHOM 12 -- FLOHOM 12 | Inner Harbor - Fells Point, Baltimore",hostaway,,2027-07-06,2027-07-06,594,USD,fixed,2,,fixed,,fixed
485833,"FLOHOM 13 -- FLOHOM 13 | Inner Harbor, Baltimore",hostaway,,2027-07-06,2027-07-06,714,USD,fixed,2,,fixed,,fixed
407612,"FLOHOM 14 -- FLOHOM 14 | Pasadena, Chesapeake Bay",hostaway,,2027-07-06,2027-07-06,393,USD,fixed,2,,fixed,,fixed
467334,FLOHOM 15 -- FLOHOM 15 | North Myrtle Beach,hostaway,,2027-07-06,2027-07-06,648,USD,fixed,2,,fixed,,fixed
510832,FLOHOM 16 | Liberty Landing Marina,hostaway,,2027-07-06,2027-07-06,714,USD,fixed,2,,fixed,,fixed
146908,"FLOHOM 01 -- FLOHOM 01 | Inner Harbor, Baltimore",hostaway,,2027-07-07,2027-07-07,629,USD,fixed,2,,fixed,,fixed
146944,"FLOHOM 02 -- FLOHOM 02 | Inner Harbor - Canton, Baltimore",hostaway,,2027-07-07,2027-07-07,551,USD,fixed,2,,fixed,,fixed
146946,"FLOHOM 03 -- FLOHOM 03 | Magothy River, Annapolis",hostaway,,2027-07-07,2027-07-07,393,USD,fixed,2,,fixed,,fixed
260001,FLOHOM 04 -- FLOHOM 04 | National Harbor,hostaway,,2027-07-07,2027-07-07,629,USD,fixed,2,,fixed,,fixed
278502,"FLOHOM 05 -- FLOHOM 05 | Inner Harbor, Baltimore",hostaway,,2027-07-07,2027-07-07,478,USD,fixed,2,,fixed,,fixed
345316,FLOHOM 06 -- FLOHOM 06 | National Harbor,hostaway,,2027-07-07,2027-07-07,714,USD,fixed,2,,fixed,,fixed
366176,"FLOHOM 07 -- FLOHOM 07 | Inner Harbor - Canton, Baltimore",hostaway,,2027-07-07,2027-07-07,594,USD,fixed,2,,fixed,,fixed
376368,FLOHOM 08 -- FLOHOM 08 | National Harbor,hostaway,,2027-07-07,2027-07-07,478,USD,fixed,2,,fixed,,fixed
383097,FLOHOM 09 -- FLOHOM 09 | Baltimore Peninsula,hostaway,,2027-07-07,2027-07-07,478,USD,fixed,2,,fixed,,fixed
404358,FLOHOM 10 -- FLOHOM 10 | Virginia Beach,hostaway,,2027-07-07,2027-07-07,594,USD,fixed,2,,fixed,,fixed
427313,FLOHOM 11 -- FLOHOM 11 | Virginia Beach,hostaway,,2027-07-07,2027-07-07,393,USD,fixed,2,,fixed,,fixed
422608,"FLOHOM 12 -- FLOHOM 12 | Inner Harbor - Fells Point, Baltimore",hostaway,,2027-07-07,2027-07-07,594,USD,fixed,2,,fixed,,fixed
485833,"FLOHOM 13 -- FLOHOM 13 | Inner Harbor, Baltimore",hostaway,,2027-07-07,2027-07-07,714,USD,fixed,2,,fixed,,fixed
407612,"FLOHOM 14 -- FLOHOM 14 | Pasadena, Chesapeake Bay",hostaway,,2027-07-07,2027-07-07,393,USD,fixed,2,,fixed,,fixed
467334,FLOHOM 15 -- FLOHOM 15 | North Myrtle Beach,hostaway,,2027-07-07,2027-07-07,648,USD,fixed,2,,fixed,,fixed
510832,FLOHOM 16 | Liberty Landing Marina,hostaway,,2027-07-07,2027-07-07,714,USD,fixed,2,,fixed,,fixed
146908,"FLOHOM 01 -- FLOHOM 01 | Inner Harbor, Baltimore",hostaway,,2027-07-08,2027-07-08,1019,USD,fixed,2,,fixed,,fixed
146944,"FLOHOM 02 -- FLOHOM 02 | Inner Harbor - Canton, Baltimore",hostaway,,2027-07-08,2027-07-08,862,USD,fixed,2,,fixed,,fixed
146946,"FLOHOM 03 -- FLOHOM 03 | Magothy River, Annapolis",hostaway,,2027-07-08,2027-07-08,689,USD,fixed,2,,fixed,,fixed
260001,FLOHOM 04 -- FLOHOM 04 | National Harbor,hostaway,,2027-07-08,2027-07-08,1019,USD,fixed,2,,fixed,,fixed
278502,"FLOHOM 05 -- FLOHOM 05 | Inner Harbor, Baltimore",hostaway,,2027-07-08,2027-07-08,753,USD,fixed,2,,fixed,,fixed
345316,FLOHOM 06 -- FLOHOM 06 | National Harbor,hostaway,,2027-07-08,2027-07-08,1109,USD,fixed,2,,fixed,,fixed
366176,"FLOHOM 07 -- FLOHOM 07 | Inner Harbor - Canton, Baltimore",hostaway,,2027-07-08,2027-07-08,881,USD,fixed,2,,fixed,,fixed
376368,FLOHOM 08 -- FLOHOM 08 | National Harbor,hostaway,,2027-07-08,2027-07-08,753,USD,fixed,2,,fixed,,fixed
383097,FLOHOM 09 -- FLOHOM 09 | Baltimore Peninsula,hostaway,,2027-07-08,2027-07-08,753,USD,fixed,2,,fixed,,fixed
404358,FLOHOM 10 -- FLOHOM 10 | Virginia Beach,hostaway,,2027-07-08,2027-07-08,881,USD,fixed,2,,fixed,,fixed
427313,FLOHOM 11 -- FLOHOM 11 | Virginia Beach,hostaway,,2027-07-08,2027-07-08,689,USD,fixed,2,,fixed,,fixed
422608,"FLOHOM 12 -- FLOHOM 12 | Inner Harbor - Fells Point, Baltimore",hostaway,,2027-07-08,2027-07-08,881,USD,fixed,2,,fixed,,fixed
485833,"FLOHOM 13 -- FLOHOM 13 | Inner Harbor, Baltimore",hostaway,,2027-07-08,2027-07-08,1109,USD,fixed,2,,fixed,,fixed
407612,"FLOHOM 14 -- FLOHOM 14 | Pasadena, Chesapeake Bay",hostaway,,2027-07-08,2027-07-08,689,USD,fixed,2,,fixed,,fixed
467334,FLOHOM 15 -- FLOHOM 15 | North Myrtle Beach,hostaway,,2027-07-08,2027-07-08,1055,USD,fixed,2,,fixed,,fixed
510832,FLOHOM 16 | Liberty Landing Marina,hostaway,,2027-07-08,2027-07-08,1109,USD,fixed,2,,fixed,,fixed
146908,"FLOHOM 01 -- FLOHOM 01 | Inner Harbor, Baltimore",hostaway,,2027-07-09,2027-07-09,1511,USD,fixed,2,,fixed,,fixed
146944,"FLOHOM 02 -- FLOHOM 02 | Inner Harbor - Canton, Baltimore",hostaway,,2027-07-09,2027-07-09,1219,USD,fixed,2,,fixed,,fixed
146946,"FLOHOM 03 -- FLOHOM 03 | Magothy River, Annapolis",hostaway,,2027-07-09,2027-07-09,1021,USD,fixed,2,,fixed,,fixed
260001,FLOHOM 04 -- FLOHOM 04 | National Harbor,hostaway,,2027-07-09,2027-07-09,1511,USD,fixed,2,,fixed,,fixed
278502,"FLOHOM 05 -- FLOHOM 05 | Inner Harbor, Baltimore",hostaway,,2027-07-09,2027-07-09,1147,USD,fixed,2,,fixed,,fixed
345316,FLOHOM 06 -- FLOHOM 06 | National Harbor,hostaway,,2027-07-09,2027-07-09,1842,USD,fixed,2,,fixed,,fixed
366176,"FLOHOM 07 -- FLOHOM 07 | Inner Harbor - Canton, Baltimore",hostaway,,2027-07-09,2027-07-09,1319,USD,fixed,2,,fixed,,fixed
376368,FLOHOM 08 -- FLOHOM 08 | National Harbor,hostaway,,2027-07-09,2027-07-09,1147,USD,fixed,2,,fixed,,fixed
383097,FLOHOM 09 -- FLOHOM 09 | Baltimore Peninsula,hostaway,,2027-07-09,2027-07-09,1147,USD,fixed,2,,fixed,,fixed
404358,FLOHOM 10 -- FLOHOM 10 | Virginia Beach,hostaway,,2027-07-09,2027-07-09,1319,USD,fixed,2,,fixed,,fixed
427313,FLOHOM 11 -- FLOHOM 11 | Virginia Beach,hostaway,,2027-07-09,2027-07-09,1021,USD,fixed,2,,fixed,,fixed
422608,"FLOHOM 12 -- FLOHOM 12 | Inner Harbor - Fells Point, Baltimore",hostaway,,2027-07-09,2027-07-09,1319,USD,fixed,2,,fixed,,fixed
485833,"FLOHOM 13 -- FLOHOM 13 | Inner Harbor, Baltimore",hostaway,,2027-07-09,2027-07-09,1842,USD,fixed,2,,fixed,,fixed
407612,"FLOHOM 14 -- FLOHOM 14 | Pasadena, Chesapeake Bay",hostaway,,2027-07-09,2027-07-09,1021,USD,fixed,2,,fixed,,fixed
467334,FLOHOM 15 -- FLOHOM 15 | North Myrtle Beach,hostaway,,2027-07-09,2027-07-09,1655,USD,fixed,2,,fixed,,fixed
510832,FLOHOM 16 | Liberty Landing Marina,hostaway,,2027-07-09,2027-07-09,1842,USD,fixed,2,,fixed,,fixed
146908,"FLOHOM 01 -- FLOHOM 01 | Inner Harbor, Baltimore",hostaway,,2027-07-10,2027-07-10,1511,USD,fixed,2,,fixed,,fixed
146944,"FLOHOM 02 -- FLOHOM 02 | Inner Harbor - Canton, Baltimore",hostaway,,2027-07-10,2027-07-10,1219,USD,fixed,2,,fixed,,fixed
146946,"FLOHOM 03 -- FLOHOM 03 | Magothy River, Annapolis",hostaway,,2027-07-10,2027-07-10,1021,USD,fixed,2,,fixed,,fixed
260001,FLOHOM 04 -- FLOHOM 04 | National Harbor,hostaway,,2027-07-10,2027-07-10,1511,USD,fixed,2,,fixed,,fixed
278502,"FLOHOM 05 -- FLOHOM 05 | Inner Harbor, Baltimore",hostaway,,2027-07-10,2027-07-10,1147,USD,fixed,2,,fixed,,fixed
345316,FLOHOM 06 -- FLOHOM 06 | National Harbor,hostaway,,2027-07-10,2027-07-10,1842,USD,fixed,2,,fixed,,fixed
366176,"FLOHOM 07 -- FLOHOM 07 | Inner Harbor - Canton, Baltimore",hostaway,,2027-07-10,2027-07-10,1319,USD,fixed,2,,fixed,,fixed
376368,FLOHOM 08 -- FLOHOM 08 | National Harbor,hostaway,,2027-07-10,2027-07-10,1147,USD,fixed,2,,fixed,,fixed
383097,FLOHOM 09 -- FLOHOM 09 | Baltimore Peninsula,hostaway,,2027-07-10,2027-07-10,1147,USD,fixed,2,,fixed,,fixed
404358,FLOHOM 10 -- FLOHOM 10 | Virginia Beach,hostaway,,2027-07-10,2027-07-10,1319,USD,fixed,2,,fixed,,fixed
427313,FLOHOM 11 -- FLOHOM 11 | Virginia Beach,hostaway,,2027-07-10,2027-07-10,1021,USD,fixed,2,,fixed,,fixed
422608,"FLOHOM 12 -- FLOHOM 12 | Inner Harbor - Fells Point, Baltimore",hostaway,,2027-07-10,2027-07-10,1319,USD,fixed,2,,fixed,,fixed
485833,"FLOHOM 13 -- FLOHOM 13 | Inner Harbor, Baltimore",hostaway,,2027-07-10,2027-07-10,1842,USD,fixed,2,,fixed,,fixed
407612,"FLOHOM 14 -- FLOHOM 14 | Pasadena, Chesapeake Bay",hostaway,,2027-07-10,2027-07-10,1021,USD,fixed,2,,fixed,,fixed
467334,FLOHOM 15 -- FLOHOM 15 | North Myrtle Beach,hostaway,,2027-07-10,2027-07-10,1655,USD,fixed,2,,fixed,,fixed
510832,FLOHOM 16 | Liberty Landing Marina,hostaway,,2027-07-10,2027-07-10,1842,USD,fixed,2,,fixed,,fixed
146908,"FLOHOM 01 -- FLOHOM 01 | Inner Harbor, Baltimore",hostaway,,2027-07-11,2027-07-11,1019,USD,fixed,2,,fixed,,fixed
146944,"FLOHOM 02 -- FLOHOM 02 | Inner Harbor - Canton, Baltimore",hostaway,,2027-07-11,2027-07-11,862,USD,fixed,2,,fixed,,fixed
146946,"FLOHOM 03 -- FLOHOM 03 | Magothy River, Annapolis",hostaway,,2027-07-11,2027-07-11,689,USD,fixed,2,,fixed,,fixed
260001,FLOHOM 04 -- FLOHOM 04 | National Harbor,hostaway,,2027-07-11,2027-07-11,1019,USD,fixed,2,,fixed,,fixed
278502,"FLOHOM 05 -- FLOHOM 05 | Inner Harbor, Baltimore",hostaway,,2027-07-11,2027-07-11,753,USD,fixed,2,,fixed,,fixed
345316,FLOHOM 06 -- FLOHOM 06 | National Harbor,hostaway,,2027-07-11,2027-07-11,1109,USD,fixed,2,,fixed,,fixed
366176,"FLOHOM 07 -- FLOHOM 07 | Inner Harbor - Canton, Baltimore",hostaway,,2027-07-11,2027-07-11,881,USD,fixed,2,,fixed,,fixed
376368,FLOHOM 08 -- FLOHOM 08 | National Harbor,hostaway,,2027-07-11,2027-07-11,753,USD,fixed,2,,fixed,,fixed
383097,FLOHOM 09 -- FLOHOM 09 | Baltimore Peninsula,hostaway,,2027-07-11,2027-07-11,753,USD,fixed,2,,fixed,,fixed
404358,FLOHOM 10 -- FLOHOM 10 | Virginia Beach,hostaway,,2027-07-11,2027-07-11,881,USD,fixed,2,,fixed,,fixed
427313,FLOHOM 11 -- FLOHOM 11 | Virginia Beach,hostaway,,2027-07-11,2027-07-11,689,USD,fixed,2,,fixed,,fixed
422608,"FLOHOM 12 -- FLOHOM 12 | Inner Harbor - Fells Point, Baltimore",hostaway,,2027-07-11,2027-07-11,881,USD,fixed,2,,fixed,,fixed
485833,"FLOHOM 13 -- FLOHOM 13 | Inner Harbor, Baltimore",hostaway,,2027-07-11,2027-07-11,1109,USD,fixed,2,,fixed,,fixed
407612,"FLOHOM 14 -- FLOHOM 14 | Pasadena, Chesapeake Bay",hostaway,,2027-07-11,2027-07-11,689,USD,fixed,2,,fixed,,fixed
467334,FLOHOM 15 -- FLOHOM 15 | North Myrtle Beach,hostaway,,2027-07-11,2027-07-11,1055,USD,fixed,2,,fixed,,fixed
510832,FLOHOM 16 | Liberty Landing Marina,hostaway,,2027-07-11,2027-07-11,1109,USD,fixed,2,,fixed,,fixed
146908,"FLOHOM 01 -- FLOHOM 01 | Inner Harbor, Baltimore",hostaway,,2027-07-12,2027-07-12,629,USD,fixed,2,,fixed,,fixed
146944,"FLOHOM 02 -- FLOHOM 02 | Inner Harbor - Canton, Baltimore",hostaway,,2027-07-12,2027-07-12,551,USD,fixed,2,,fixed,,fixed
146946,"FLOHOM 03 -- FLOHOM 03 | Magothy River, Annapolis",hostaway,,2027-07-12,2027-07-12,393,USD,fixed,2,,fixed,,fixed
260001,FLOHOM 04 -- FLOHOM 04 | National Harbor,hostaway,,2027-07-12,2027-07-12,629,USD,fixed,2,,fixed,,fixed
278502,"FLOHOM 05 -- FLOHOM 05 | Inner Harbor, Baltimore",hostaway,,2027-07-12,2027-07-12,478,USD,fixed,2,,fixed,,fixed
345316,FLOHOM 06 -- FLOHOM 06 | National Harbor,hostaway,,2027-07-12,2027-07-12,714,USD,fixed,2,,fixed,,fixed
366176,"FLOHOM 07 -- FLOHOM 07 | Inner Harbor - Canton, Baltimore",hostaway,,2027-07-12,2027-07-12,594,USD,fixed,2,,fixed,,fixed
376368,FLOHOM 08 -- FLOHOM 08 | National Harbor,hostaway,,2027-07-12,2027-07-12,478,USD,fixed,2,,fixed,,fixed
383097,FLOHOM 09 -- FLOHOM 09 | Baltimore Peninsula,hostaway,,2027-07-12,2027-07-12,478,USD,fixed,2,,fixed,,fixed
404358,FLOHOM 10 -- FLOHOM 10 | Virginia Beach,hostaway,,2027-07-12,2027-07-12,594,USD,fixed,2,,fixed,,fixed
427313,FLOHOM 11 -- FLOHOM 11 | Virginia Beach,hostaway,,2027-07-12,2027-07-12,393,USD,fixed,2,,fixed,,fixed
422608,"FLOHOM 12 -- FLOHOM 12 | Inner Harbor - Fells Point, Baltimore",hostaway,,2027-07-12,2027-07-12,594,USD,fixed,2,,fixed,,fixed
485833,"FLOHOM 13 -- FLOHOM 13 | Inner Harbor, Baltimore",hostaway,,2027-07-12,2027-07-12,714,USD,fixed,2,,fixed,,fixed
407612,"FLOHOM 14 -- FLOHOM 14 | Pasadena, Chesapeake Bay",hostaway,,2027-07-12,2027-07-12,393,USD,fixed,2,,fixed,,fixed
467334,FLOHOM 15 -- FLOHOM 15 | North Myrtle Beach,hostaway,,2027-07-12,2027-07-12,648,USD,fixed,2,,fixed,,fixed
510832,FLOHOM 16 | Liberty Landing Marina,hostaway,,2027-07-12,2027-07-12,714,USD,fixed,2,,fixed,,fixed
146908,"FLOHOM 01 -- FLOHOM 01 | Inner Harbor, Baltimore",hostaway,,2027-07-13,2027-07-13,629,USD,fixed,2,,fixed,,fixed
146944,"FLOHOM 02 -- FLOHOM 02 | Inner Harbor - Canton, Baltimore",hostaway,,2027-07-13,2027-07-13,551,USD,fixed,2,,fixed,,fixed
146946,"FLOHOM 03 -- FLOHOM 03 | Magothy River, Annapolis",hostaway,,2027-07-13,2027-07-13,393,USD,fixed,2,,fixed,,fixed
260001,FLOHOM 04 -- FLOHOM 04 | National Harbor,hostaway,,2027-07-13,2027-07-13,629,USD,fixed,2,,fixed,,fixed
278502,"FLOHOM 05 -- FLOHOM 05 | Inner Harbor, Baltimore",hostaway,,2027-07-13,2027-07-13,478,USD,fixed,2,,fixed,,fixed
345316,FLOHOM 06 -- FLOHOM 06 | National Harbor,hostaway,,2027-07-13,2027-07-13,714,USD,fixed,2,,fixed,,fixed
366176,"FLOHOM 07 -- FLOHOM 07 | Inner Harbor - Canton, Baltimore",hostaway,,2027-07-13,2027-07-13,594,USD,fixed,2,,fixed,,fixed
376368,FLOHOM 08 -- FLOHOM 08 | National Harbor,hostaway,,2027-07-13,2027-07-13,478,USD,fixed,2,,fixed,,fixed
383097,FLOHOM 09 -- FLOHOM 09 | Baltimore Peninsula,hostaway,,2027-07-13,2027-07-13,478,USD,fixed,2,,fixed,,fixed
404358,FLOHOM 10 -- FLOHOM 10 | Virginia Beach,hostaway,,2027-07-13,2027-07-13,594,USD,fixed,2,,fixed,,fixed
427313,FLOHOM 11 -- FLOHOM 11 | Virginia Beach,hostaway,,2027-07-13,2027-07-13,393,USD,fixed,2,,fixed,,fixed
422608,"FLOHOM 12 -- FLOHOM 12 | Inner Harbor - Fells Point, Baltimore",hostaway,,2027-07-13,2027-07-13,594,USD,fixed,2,,fixed,,fixed
485833,"FLOHOM 13 -- FLOHOM 13 | Inner Harbor, Baltimore",hostaway,,2027-07-13,2027-07-13,714,USD,fixed,2,,fixed,,fixed
407612,"FLOHOM 14 -- FLOHOM 14 | Pasadena, Chesapeake Bay",hostaway,,2027-07-13,2027-07-13,393,USD,fixed,2,,fixed,,fixed
467334,FLOHOM 15 -- FLOHOM 15 | North Myrtle Beach,hostaway,,2027-07-13,2027-07-13,648,USD,fixed,2,,fixed,,fixed
510832,FLOHOM 16 | Liberty Landing Marina,hostaway,,2027-07-13,2027-07-13,714,USD,fixed,2,,fixed,,fixed
146908,"FLOHOM 01 -- FLOHOM 01 | Inner Harbor, Baltimore",hostaway,,2027-07-14,2027-07-14,629,USD,fixed,2,,fixed,,fixed
146944,"FLOHOM 02 -- FLOHOM 02 | Inner Harbor - Canton, Baltimore",hostaway,,2027-07-14,2027-07-14,551,USD,fixed,2,,fixed,,fixed
146946,"FLOHOM 03 -- FLOHOM 03 | Magothy River, Annapolis",hostaway,,2027-07-14,2027-07-14,393,USD,fixed,2,,fixed,,fixed
260001,FLOHOM 04 -- FLOHOM 04 | National Harbor,hostaway,,2027-07-14,2027-07-14,629,USD,fixed,2,,fixed,,fixed
278502,"FLOHOM 05 -- FLOHOM 05 | Inner Harbor, Baltimore",hostaway,,2027-07-14,2027-07-14,478,USD,fixed,2,,fixed,,fixed
345316,FLOHOM 06 -- FLOHOM 06 | National Harbor,hostaway,,2027-07-14,2027-07-14,714,USD,fixed,2,,fixed,,fixed
366176,"FLOHOM 07 -- FLOHOM 07 | Inner Harbor - Canton, Baltimore",hostaway,,2027-07-14,2027-07-14,594,USD,fixed,2,,fixed,,fixed
376368,FLOHOM 08 -- FLOHOM 08 | National Harbor,hostaway,,2027-07-14,2027-07-14,478,USD,fixed,2,,fixed,,fixed
383097,FLOHOM 09 -- FLOHOM 09 | Baltimore Peninsula,hostaway,,2027-07-14,2027-07-14,478,USD,fixed,2,,fixed,,fixed
404358,FLOHOM 10 -- FLOHOM 10 | Virginia Beach,hostaway,,2027-07-14,2027-07-14,594,USD,fixed,2,,fixed,,fixed
427313,FLOHOM 11 -- FLOHOM 11 | Virginia Beach,hostaway,,2027-07-14,2027-07-14,393,USD,fixed,2,,fixed,,fixed
422608,"FLOHOM 12 -- FLOHOM 12 | Inner Harbor - Fells Point, Baltimore",hostaway,,2027-07-14,2027-07-14,594,USD,fixed,2,,fixed,,fixed
485833,"FLOHOM 13 -- FLOHOM 13 | Inner Harbor, Baltimore",hostaway,,2027-07-14,2027-07-14,714,USD,fixed,2,,fixed,,fixed
407612,"FLOHOM 14 -- FLOHOM 14 | Pasadena, Chesapeake Bay",hostaway,,2027-07-14,2027-07-14,393,USD,fixed,2,,fixed,,fixed
467334,FLOHOM 15 -- FLOHOM 15 | North Myrtle Beach,hostaway,,2027-07-14,2027-07-14,648,USD,fixed,2,,fixed,,fixed
510832,FLOHOM 16 | Liberty Landing Marina,hostaway,,2027-07-14,2027-07-14,714,USD,fixed,2,,fixed,,fixed
146908,"FLOHOM 01 -- FLOHOM 01 | Inner Harbor, Baltimore",hostaway,,2027-07-15,2027-07-15,1019,USD,fixed,2,,fixed,,fixed
146944,"FLOHOM 02 -- FLOHOM 02 | Inner Harbor - Canton, Baltimore",hostaway,,2027-07-15,2027-07-15,862,USD,fixed,2,,fixed,,fixed
146946,"FLOHOM 03 -- FLOHOM 03 | Magothy River, Annapolis",hostaway,,2027-07-15,2027-07-15,689,USD,fixed,2,,fixed,,fixed
260001,FLOHOM 04 -- FLOHOM 04 | National Harbor,hostaway,,2027-07-15,2027-07-15,1019,USD,fixed,2,,fixed,,fixed
278502,"FLOHOM 05 -- FLOHOM 05 | Inner Harbor, Baltimore",hostaway,,2027-07-15,2027-07-15,753,USD,fixed,2,,fixed,,fixed
345316,FLOHOM 06 -- FLOHOM 06 | National Harbor,hostaway,,2027-07-15,2027-07-15,1109,USD,fixed,2,,fixed,,fixed
366176,"FLOHOM 07 -- FLOHOM 07 | Inner Harbor - Canton, Baltimore",hostaway,,2027-07-15,2027-07-15,881,USD,fixed,2,,fixed,,fixed
376368,FLOHOM 08 -- FLOHOM 08 | National Harbor,hostaway,,2027-07-15,2027-07-15,753,USD,fixed,2,,fixed,,fixed
383097,FLOHOM 09 -- FLOHOM 09 | Baltimore Peninsula,hostaway,,2027-07-15,2027-07-15,753,USD,fixed,2,,fixed,,fixed
404358,FLOHOM 10 -- FLOHOM 10 | Virginia Beach,hostaway,,2027-07-15,2027-07-15,881,USD,fixed,2,,fixed,,fixed
427313,FLOHOM 11 -- FLOHOM 11 | Virginia Beach,hostaway,,2027-07-15,2027-07-15,689,USD,fixed,2,,fixed,,fixed
422608,"FLOHOM 12 -- FLOHOM 12 | Inner Harbor - Fells Point, Baltimore",hostaway,,2027-07-15,2027-07-15,881,USD,fixed,2,,fixed,,fixed
485833,"FLOHOM 13 -- FLOHOM 13 | Inner Harbor, Baltimore",hostaway,,2027-07-15,2027-07-15,1109,USD,fixed,2,,fixed,,fixed
407612,"FLOHOM 14 -- FLOHOM 14 | Pasadena, Chesapeake Bay",hostaway,,2027-07-15,2027-07-15,689,USD,fixed,2,,fixed,,fixed
467334,FLOHOM 15 -- FLOHOM 15 | North Myrtle Beach,hostaway,,2027-07-15,2027-07-15,1055,USD,fixed,2,,fixed,,fixed
510832,FLOHOM 16 | Liberty Landing Marina,hostaway,,2027-07-15,2027-07-15,1109,USD,fixed,2,,fixed,,fixed
146908,"FLOHOM 01 -- FLOHOM 01 | Inner Harbor, Baltimore",hostaway,,2027-07-16,2027-07-16,1511,USD,fixed,2,,fixed,,fixed
146944,"FLOHOM 02 -- FLOHOM 02 | Inner Harbor - Canton, Baltimore",hostaway,,2027-07-16,2027-07-16,1219,USD,fixed,2,,fixed,,fixed
146946,"FLOHOM 03 -- FLOHOM 03 | Magothy River, Annapolis",hostaway,,2027-07-16,2027-07-16,1021,USD,fixed,2,,fixed,,fixed
260001,FLOHOM 04 -- FLOHOM 04 | National Harbor,hostaway,,2027-07-16,2027-07-16,1511,USD,fixed,2,,fixed,,fixed
278502,"FLOHOM 05 -- FLOHOM 05 | Inner Harbor, Baltimore",hostaway,,2027-07-16,2027-07-16,1147,USD,fixed,2,,fixed,,fixed
345316,FLOHOM 06 -- FLOHOM 06 | National Harbor,hostaway,,2027-07-16,2027-07-16,1842,USD,fixed,2,,fixed,,fixed
366176,"FLOHOM 07 -- FLOHOM 07 | Inner Harbor - Canton, Baltimore",hostaway,,2027-07-16,2027-07-16,1319,USD,fixed,2,,fixed,,fixed
376368,FLOHOM 08 -- FLOHOM 08 | National Harbor,hostaway,,2027-07-16,2027-07-16,1147,USD,fixed,2,,fixed,,fixed
383097,FLOHOM 09 -- FLOHOM 09 | Baltimore Peninsula,hostaway,,2027-07-16,2027-07-16,1147,USD,fixed,2,,fixed,,fixed
404358,FLOHOM 10 -- FLOHOM 10 | Virginia Beach,hostaway,,2027-07-16,2027-07-16,1319,USD,fixed,2,,fixed,,fixed
427313,FLOHOM 11 -- FLOHOM 11 | Virginia Beach,hostaway,,2027-07-16,2027-07-16,1021,USD,fixed,2,,fixed,,fixed
422608,"FLOHOM 12 -- FLOHOM 12 | Inner Harbor - Fells Point, Baltimore",hostaway,,2027-07-16,2027-07-16,1319,USD,fixed,2,,fixed,,fixed
485833,"FLOHOM 13 -- FLOHOM 13 | Inner Harbor, Baltimore",hostaway,,2027-07-16,2027-07-16,1842,USD,fixed,2,,fixed,,fixed
407612,"FLOHOM 14 -- FLOHOM 14 | Pasadena, Chesapeake Bay",hostaway,,2027-07-16,2027-07-16,1021,USD,fixed,2,,fixed,,fixed
467334,FLOHOM 15 -- FLOHOM 15 | North Myrtle Beach,hostaway,,2027-07-16,2027-07-16,1655,USD,fixed,2,,fixed,,fixed
510832,FLOHOM 16 | Liberty Landing Marina,hostaway,,2027-07-16,2027-07-16,1842,USD,fixed,2,,fixed,,fixed
146908,"FLOHOM 01 -- FLOHOM 01 | Inner Harbor, Baltimore",hostaway,,2027-07-17,2027-07-17,1511,USD,fixed,2,,fixed,,fixed
146944,"FLOHOM 02 -- FLOHOM 02 | Inner Harbor - Canton, Baltimore",hostaway,,2027-07-17,2027-07-17,1219,USD,fixed,2,,fixed,,fixed
146946,"FLOHOM 03 -- FLOHOM 03 | Magothy River, Annapolis",hostaway,,2027-07-17,2027-07-17,1021,USD,fixed,2,,fixed,,fixed
260001,FLOHOM 04 -- FLOHOM 04 | National Harbor,hostaway,,2027-07-17,2027-07-17,1511,USD,fixed,2,,fixed,,fixed
278502,"FLOHOM 05 -- FLOHOM 05 | Inner Harbor, Baltimore",hostaway,,2027-07-17,2027-07-17,1147,USD,fixed,2,,fixed,,fixed
345316,FLOHOM 06 -- FLOHOM 06 | National Harbor,hostaway,,2027-07-17,2027-07-17,1842,USD,fixed,2,,fixed,,fixed
366176,"FLOHOM 07 -- FLOHOM 07 | Inner Harbor - Canton, Baltimore",hostaway,,2027-07-17,2027-07-17,1319,USD,fixed,2,,fixed,,fixed
376368,FLOHOM 08 -- FLOHOM 08 | National Harbor,hostaway,,2027-07-17,2027-07-17,1147,USD,fixed,2,,fixed,,fixed
383097,FLOHOM 09 -- FLOHOM 09 | Baltimore Peninsula,hostaway,,2027-07-17,2027-07-17,1147,USD,fixed,2,,fixed,,fixed
404358,FLOHOM 10 -- FLOHOM 10 | Virginia Beach,hostaway,,2027-07-17,2027-07-17,1319,USD,fixed,2,,fixed,,fixed
427313,FLOHOM 11 -- FLOHOM 11 | Virginia Beach,hostaway,,2027-07-17,2027-07-17,1021,USD,fixed,2,,fixed,,fixed
422608,"FLOHOM 12 -- FLOHOM 12 | Inner Harbor - Fells Point, Baltimore",hostaway,,2027-07-17,2027-07-17,1319,USD,fixed,2,,fixed,,fixed
485833,"FLOHOM 13 -- FLOHOM 13 | Inner Harbor, Baltimore",hostaway,,2027-07-17,2027-07-17,1842,USD,fixed,2,,fixed,,fixed
407612,"FLOHOM 14 -- FLOHOM 14 | Pasadena, Chesapeake Bay",hostaway,,2027-07-17,2027-07-17,1021,USD,fixed,2,,fixed,,fixed
467334,FLOHOM 15 -- FLOHOM 15 | North Myrtle Beach,hostaway,,2027-07-17,2027-07-17,1655,USD,fixed,2,,fixed,,fixed
510832,FLOHOM 16 | Liberty Landing Marina,hostaway,,2027-07-17,2027-07-17,1842,USD,fixed,2,,fixed,,fixed
146908,"FLOHOM 01 -- FLOHOM 01 | Inner Harbor, Baltimore",hostaway,,2027-07-18,2027-07-18,1019,USD,fixed,2,,fixed,,fixed
146944,"FLOHOM 02 -- FLOHOM 02 | Inner Harbor - Canton, Baltimore",hostaway,,2027-07-18,2027-07-18,862,USD,fixed,2,,fixed,,fixed
146946,"FLOHOM 03 -- FLOHOM 03 | Magothy River, Annapolis",hostaway,,2027-07-18,2027-07-18,689,USD,fixed,2,,fixed,,fixed
260001,FLOHOM 04 -- FLOHOM 04 | National Harbor,hostaway,,2027-07-18,2027-07-18,1019,USD,fixed,2,,fixed,,fixed
278502,"FLOHOM 05 -- FLOHOM 05 | Inner Harbor, Baltimore",hostaway,,2027-07-18,2027-07-18,753,USD,fixed,2,,fixed,,fixed
345316,FLOHOM 06 -- FLOHOM 06 | National Harbor,hostaway,,2027-07-18,2027-07-18,1109,USD,fixed,2,,fixed,,fixed
366176,"FLOHOM 07 -- FLOHOM 07 | Inner Harbor - Canton, Baltimore",hostaway,,2027-07-18,2027-07-18,881,USD,fixed,2,,fixed,,fixed
376368,FLOHOM 08 -- FLOHOM 08 | National Harbor,hostaway,,2027-07-18,2027-07-18,753,USD,fixed,2,,fixed,,fixed
383097,FLOHOM 09 -- FLOHOM 09 | Baltimore Peninsula,hostaway,,2027-07-18,2027-07-18,753,USD,fixed,2,,fixed,,fixed
404358,FLOHOM 10 -- FLOHOM 10 | Virginia Beach,hostaway,,2027-07-18,2027-07-18,881,USD,fixed,2,,fixed,,fixed
427313,FLOHOM 11 -- FLOHOM 11 | Virginia Beach,hostaway,,2027-07-18,2027-07-18,689,USD,fixed,2,,fixed,,fixed
422608,"FLOHOM 12 -- FLOHOM 12 | Inner Harbor - Fells Point, Baltimore",hostaway,,2027-07-18,2027-07-18,881,USD,fixed,2,,fixed,,fixed
485833,"FLOHOM 13 -- FLOHOM 13 | Inner Harbor, Baltimore",hostaway,,2027-07-18,2027-07-18,1109,USD,fixed,2,,fixed,,fixed
407612,"FLOHOM 14 -- FLOHOM 14 | Pasadena, Chesapeake Bay",hostaway,,2027-07-18,2027-07-18,689,USD,fixed,2,,fixed,,fixed
467334,FLOHOM 15 -- FLOHOM 15 | North Myrtle Beach,hostaway,,2027-07-18,2027-07-18,1055,USD,fixed,2,,fixed,,fixed
510832,FLOHOM 16 | Liberty Landing Marina,hostaway,,2027-07-18,2027-07-18,1109,USD,fixed,2,,fixed,,fixed
146908,"FLOHOM 01 -- FLOHOM 01 | Inner Harbor, Baltimore",hostaway,,2027-07-19,2027-07-19,629,USD,fixed,2,,fixed,,fixed
146944,"FLOHOM 02 -- FLOHOM 02 | Inner Harbor - Canton, Baltimore",hostaway,,2027-07-19,2027-07-19,551,USD,fixed,2,,fixed,,fixed
146946,"FLOHOM 03 -- FLOHOM 03 | Magothy River, Annapolis",hostaway,,2027-07-19,2027-07-19,393,USD,fixed,2,,fixed,,fixed
260001,FLOHOM 04 -- FLOHOM 04 | National Harbor,hostaway,,2027-07-19,2027-07-19,629,USD,fixed,2,,fixed,,fixed
278502,"FLOHOM 05 -- FLOHOM 05 | Inner Harbor, Baltimore",hostaway,,2027-07-19,2027-07-19,478,USD,fixed,2,,fixed,,fixed
345316,FLOHOM 06 -- FLOHOM 06 | National Harbor,hostaway,,2027-07-19,2027-07-19,714,USD,fixed,2,,fixed,,fixed
366176,"FLOHOM 07 -- FLOHOM 07 | Inner Harbor - Canton, Baltimore",hostaway,,2027-07-19,2027-07-19,594,USD,fixed,2,,fixed,,fixed
376368,FLOHOM 08 -- FLOHOM 08 | National Harbor,hostaway,,2027-07-19,2027-07-19,478,USD,fixed,2,,fixed,,fixed
383097,FLOHOM 09 -- FLOHOM 09 | Baltimore Peninsula,hostaway,,2027-07-19,2027-07-19,478,USD,fixed,2,,fixed,,fixed
404358,FLOHOM 10 -- FLOHOM 10 | Virginia Beach,hostaway,,2027-07-19,2027-07-19,594,USD,fixed,2,,fixed,,fixed
427313,FLOHOM 11 -- FLOHOM 11 | Virginia Beach,hostaway,,2027-07-19,2027-07-19,393,USD,fixed,2,,fixed,,fixed
422608,"FLOHOM 12 -- FLOHOM 12 | Inner Harbor - Fells Point, Baltimore",hostaway,,2027-07-19,2027-07-19,594,USD,fixed,2,,fixed,,fixed
485833,"FLOHOM 13 -- FLOHOM 13 | Inner Harbor, Baltimore",hostaway,,2027-07-19,2027-07-19,714,USD,fixed,2,,fixed,,fixed
407612,"FLOHOM 14 -- FLOHOM 14 | Pasadena, Chesapeake Bay",hostaway,,2027-07-19,2027-07-19,393,USD,fixed,2,,fixed,,fixed
467334,FLOHOM 15 -- FLOHOM 15 | North Myrtle Beach,hostaway,,2027-07-19,2027-07-19,648,USD,fixed,2,,fixed,,fixed
510832,FLOHOM 16 | Liberty Landing Marina,hostaway,,2027-07-19,2027-07-19,714,USD,fixed,2,,fixed,,fixed
146908,"FLOHOM 01 -- FLOHOM 01 | Inner Harbor, Baltimore",hostaway,,2027-07-20,2027-07-20,629,USD,fixed,2,,fixed,,fixed
146944,"FLOHOM 02 -- FLOHOM 02 | Inner Harbor - Canton, Baltimore",hostaway,,2027-07-20,2027-07-20,551,USD,fixed,2,,fixed,,fixed
146946,"FLOHOM 03 -- FLOHOM 03 | Magothy River, Annapolis",hostaway,,2027-07-20,2027-07-20,393,USD,fixed,2,,fixed,,fixed
260001,FLOHOM 04 -- FLOHOM 04 | National Harbor,hostaway,,2027-07-20,2027-07-20,629,USD,fixed,2,,fixed,,fixed
278502,"FLOHOM 05 -- FLOHOM 05 | Inner Harbor, Baltimore",hostaway,,2027-07-20,2027-07-20,478,USD,fixed,2,,fixed,,fixed
345316,FLOHOM 06 -- FLOHOM 06 | National Harbor,hostaway,,2027-07-20,2027-07-20,714,USD,fixed,2,,fixed,,fixed
366176,"FLOHOM 07 -- FLOHOM 07 | Inner Harbor - Canton, Baltimore",hostaway,,2027-07-20,2027-07-20,594,USD,fixed,2,,fixed,,fixed
376368,FLOHOM 08 -- FLOHOM 08 | National Harbor,hostaway,,2027-07-20,2027-07-20,478,USD,fixed,2,,fixed,,fixed
383097,FLOHOM 09 -- FLOHOM 09 | Baltimore Peninsula,hostaway,,2027-07-20,2027-07-20,478,USD,fixed,2,,fixed,,fixed
404358,FLOHOM 10 -- FLOHOM 10 | Virginia Beach,hostaway,,2027-07-20,2027-07-20,594,USD,fixed,2,,fixed,,fixed
427313,FLOHOM 11 -- FLOHOM 11 | Virginia Beach,hostaway,,2027-07-20,2027-07-20,393,USD,fixed,2,,fixed,,fixed
422608,"FLOHOM 12 -- FLOHOM 12 | Inner Harbor - Fells Point, Baltimore",hostaway,,2027-07-20,2027-07-20,594,USD,fixed,2,,fixed,,fixed
485833,"FLOHOM 13 -- FLOHOM 13 | Inner Harbor, Baltimore",hostaway,,2027-07-20,2027-07-20,714,USD,fixed,2,,fixed,,fixed
407612,"FLOHOM 14 -- FLOHOM 14 | Pasadena, Chesapeake Bay",hostaway,,2027-07-20,2027-07-20,393,USD,fixed,2,,fixed,,fixed
467334,FLOHOM 15 -- FLOHOM 15 | North Myrtle Beach,hostaway,,2027-07-20,2027-07-20,648,USD,fixed,2,,fixed,,fixed
510832,FLOHOM 16 | Liberty Landing Marina,hostaway,,2027-07-20,2027-07-20,714,USD,fixed,2,,fixed,,fixed
146908,"FLOHOM 01 -- FLOHOM 01 | Inner Harbor, Baltimore",hostaway,,2027-07-21,2027-07-21,629,USD,fixed,2,,fixed,,fixed
146944,"FLOHOM 02 -- FLOHOM 02 | Inner Harbor - Canton, Baltimore",hostaway,,2027-07-21,2027-07-21,551,USD,fixed,2,,fixed,,fixed
146946,"FLOHOM 03 -- FLOHOM 03 | Magothy River, Annapolis",hostaway,,2027-07-21,2027-07-21,393,USD,fixed,2,,fixed,,fixed
260001,FLOHOM 04 -- FLOHOM 04 | National Harbor,hostaway,,2027-07-21,2027-07-21,629,USD,fixed,2,,fixed,,fixed
278502,"FLOHOM 05 -- FLOHOM 05 | Inner Harbor, Baltimore",hostaway,,2027-07-21,2027-07-21,478,USD,fixed,2,,fixed,,fixed
345316,FLOHOM 06 -- FLOHOM 06 | National Harbor,hostaway,,2027-07-21,2027-07-21,714,USD,fixed,2,,fixed,,fixed
366176,"FLOHOM 07 -- FLOHOM 07 | Inner Harbor - Canton, Baltimore",hostaway,,2027-07-21,2027-07-21,594,USD,fixed,2,,fixed,,fixed
376368,FLOHOM 08 -- FLOHOM 08 | National Harbor,hostaway,,2027-07-21,2027-07-21,478,USD,fixed,2,,fixed,,fixed
383097,FLOHOM 09 -- FLOHOM 09 | Baltimore Peninsula,hostaway,,2027-07-21,2027-07-21,478,USD,fixed,2,,fixed,,fixed
404358,FLOHOM 10 -- FLOHOM 10 | Virginia Beach,hostaway,,2027-07-21,2027-07-21,594,USD,fixed,2,,fixed,,fixed
427313,FLOHOM 11 -- FLOHOM 11 | Virginia Beach,hostaway,,2027-07-21,2027-07-21,393,USD,fixed,2,,fixed,,fixed
422608,"FLOHOM 12 -- FLOHOM 12 | Inner Harbor - Fells Point, Baltimore",hostaway,,2027-07-21,2027-07-21,594,USD,fixed,2,,fixed,,fixed
485833,"FLOHOM 13 -- FLOHOM 13 | Inner Harbor, Baltimore",hostaway,,2027-07-21,2027-07-21,714,USD,fixed,2,,fixed,,fixed
407612,"FLOHOM 14 -- FLOHOM 14 | Pasadena, Chesapeake Bay",hostaway,,2027-07-21,2027-07-21,393,USD,fixed,2,,fixed,,fixed
467334,FLOHOM 15 -- FLOHOM 15 | North Myrtle Beach,hostaway,,2027-07-21,2027-07-21,648,USD,fixed,2,,fixed,,fixed
510832,FLOHOM 16 | Liberty Landing Marina,hostaway,,2027-07-21,2027-07-21,714,USD,fixed,2,,fixed,,fixed
146908,"FLOHOM 01 -- FLOHOM 01 | Inner Harbor, Baltimore",hostaway,,2027-07-22,2027-07-22,1019,USD,fixed,2,,fixed,,fixed
146944,"FLOHOM 02 -- FLOHOM 02 | Inner Harbor - Canton, Baltimore",hostaway,,2027-07-22,2027-07-22,862,USD,fixed,2,,fixed,,fixed
146946,"FLOHOM 03 -- FLOHOM 03 | Magothy River, Annapolis",hostaway,,2027-07-22,2027-07-22,689,USD,fixed,2,,fixed,,fixed
260001,FLOHOM 04 -- FLOHOM 04 | National Harbor,hostaway,,2027-07-22,2027-07-22,1019,USD,fixed,2,,fixed,,fixed
278502,"FLOHOM 05 -- FLOHOM 05 | Inner Harbor, Baltimore",hostaway,,2027-07-22,2027-07-22,753,USD,fixed,2,,fixed,,fixed
345316,FLOHOM 06 -- FLOHOM 06 | National Harbor,hostaway,,2027-07-22,2027-07-22,1109,USD,fixed,2,,fixed,,fixed
366176,"FLOHOM 07 -- FLOHOM 07 | Inner Harbor - Canton, Baltimore",hostaway,,2027-07-22,2027-07-22,881,USD,fixed,2,,fixed,,fixed
376368,FLOHOM 08 -- FLOHOM 08 | National Harbor,hostaway,,2027-07-22,2027-07-22,753,USD,fixed,2,,fixed,,fixed
383097,FLOHOM 09 -- FLOHOM 09 | Baltimore Peninsula,hostaway,,2027-07-22,2027-07-22,753,USD,fixed,2,,fixed,,fixed
404358,FLOHOM 10 -- FLOHOM 10 | Virginia Beach,hostaway,,2027-07-22,2027-07-22,881,USD,fixed,2,,fixed,,fixed
427313,FLOHOM 11 -- FLOHOM 11 | Virginia Beach,hostaway,,2027-07-22,2027-07-22,689,USD,fixed,2,,fixed,,fixed
422608,"FLOHOM 12 -- FLOHOM 12 | Inner Harbor - Fells Point, Baltimore",hostaway,,2027-07-22,2027-07-22,881,USD,fixed,2,,fixed,,fixed
485833,"FLOHOM 13 -- FLOHOM 13 | Inner Harbor, Baltimore",hostaway,,2027-07-22,2027-07-22,1109,USD,fixed,2,,fixed,,fixed
407612,"FLOHOM 14 -- FLOHOM 14 | Pasadena, Chesapeake Bay",hostaway,,2027-07-22,2027-07-22,689,USD,fixed,2,,fixed,,fixed
467334,FLOHOM 15 -- FLOHOM 15 | North Myrtle Beach,hostaway,,2027-07-22,2027-07-22,1055,USD,fixed,2,,fixed,,fixed
510832,FLOHOM 16 | Liberty Landing Marina,hostaway,,2027-07-22,2027-07-22,1109,USD,fixed,2,,fixed,,fixed
146908,"FLOHOM 01 -- FLOHOM 01 | Inner Harbor, Baltimore",hostaway,,2027-07-23,2027-07-23,1511,USD,fixed,2,,fixed,,fixed
146944,"FLOHOM 02 -- FLOHOM 02 | Inner Harbor - Canton, Baltimore",hostaway,,2027-07-23,2027-07-23,1219,USD,fixed,2,,fixed,,fixed
146946,"FLOHOM 03 -- FLOHOM 03 | Magothy River, Annapolis",hostaway,,2027-07-23,2027-07-23,1021,USD,fixed,2,,fixed,,fixed
260001,FLOHOM 04 -- FLOHOM 04 | National Harbor,hostaway,,2027-07-23,2027-07-23,1511,USD,fixed,2,,fixed,,fixed
278502,"FLOHOM 05 -- FLOHOM 05 | Inner Harbor, Baltimore",hostaway,,2027-07-23,2027-07-23,1147,USD,fixed,2,,fixed,,fixed
345316,FLOHOM 06 -- FLOHOM 06 | National Harbor,hostaway,,2027-07-23,2027-07-23,1842,USD,fixed,2,,fixed,,fixed
366176,"FLOHOM 07 -- FLOHOM 07 | Inner Harbor - Canton, Baltimore",hostaway,,2027-07-23,2027-07-23,1319,USD,fixed,2,,fixed,,fixed
376368,FLOHOM 08 -- FLOHOM 08 | National Harbor,hostaway,,2027-07-23,2027-07-23,1147,USD,fixed,2,,fixed,,fixed
383097,FLOHOM 09 -- FLOHOM 09 | Baltimore Peninsula,hostaway,,2027-07-23,2027-07-23,1147,USD,fixed,2,,fixed,,fixed
404358,FLOHOM 10 -- FLOHOM 10 | Virginia Beach,hostaway,,2027-07-23,2027-07-23,1319,USD,fixed,2,,fixed,,fixed
427313,FLOHOM 11 -- FLOHOM 11 | Virginia Beach,hostaway,,2027-07-23,2027-07-23,1021,USD,fixed,2,,fixed,,fixed
422608,"FLOHOM 12 -- FLOHOM 12 | Inner Harbor - Fells Point, Baltimore",hostaway,,2027-07-23,2027-07-23,1319,USD,fixed,2,,fixed,,fixed
485833,"FLOHOM 13 -- FLOHOM 13 | Inner Harbor, Baltimore",hostaway,,2027-07-23,2027-07-23,1842,USD,fixed,2,,fixed,,fixed
407612,"FLOHOM 14 -- FLOHOM 14 | Pasadena, Chesapeake Bay",hostaway,,2027-07-23,2027-07-23,1021,USD,fixed,2,,fixed,,fixed
467334,FLOHOM 15 -- FLOHOM 15 | North Myrtle Beach,hostaway,,2027-07-23,2027-07-23,1655,USD,fixed,2,,fixed,,fixed
510832,FLOHOM 16 | Liberty Landing Marina,hostaway,,2027-07-23,2027-07-23,1842,USD,fixed,2,,fixed,,fixed
146908,"FLOHOM 01 -- FLOHOM 01 | Inner Harbor, Baltimore",hostaway,,2027-07-24,2027-07-24,1511,USD,fixed,2,,fixed,,fixed
146944,"FLOHOM 02 -- FLOHOM 02 | Inner Harbor - Canton, Baltimore",hostaway,,2027-07-24,2027-07-24,1219,USD,fixed,2,,fixed,,fixed
146946,"FLOHOM 03 -- FLOHOM 03 | Magothy River, Annapolis",hostaway,,2027-07-24,2027-07-24,1021,USD,fixed,2,,fixed,,fixed
260001,FLOHOM 04 -- FLOHOM 04 | National Harbor,hostaway,,2027-07-24,2027-07-24,1511,USD,fixed,2,,fixed,,fixed
278502,"FLOHOM 05 -- FLOHOM 05 | Inner Harbor, Baltimore",hostaway,,2027-07-24,2027-07-24,1147,USD,fixed,2,,fixed,,fixed
345316,FLOHOM 06 -- FLOHOM 06 | National Harbor,hostaway,,2027-07-24,2027-07-24,1842,USD,fixed,2,,fixed,,fixed
366176,"FLOHOM 07 -- FLOHOM 07 | Inner Harbor - Canton, Baltimore",hostaway,,2027-07-24,2027-07-24,1319,USD,fixed,2,,fixed,,fixed
376368,FLOHOM 08 -- FLOHOM 08 | National Harbor,hostaway,,2027-07-24,2027-07-24,1147,USD,fixed,2,,fixed,,fixed
383097,FLOHOM 09 -- FLOHOM 09 | Baltimore Peninsula,hostaway,,2027-07-24,2027-07-24,1147,USD,fixed,2,,fixed,,fixed
404358,FLOHOM 10 -- FLOHOM 10 | Virginia Beach,hostaway,,2027-07-24,2027-07-24,1319,USD,fixed,2,,fixed,,fixed
427313,FLOHOM 11 -- FLOHOM 11 | Virginia Beach,hostaway,,2027-07-24,2027-07-24,1021,USD,fixed,2,,fixed,,fixed
422608,"FLOHOM 12 -- FLOHOM 12 | Inner Harbor - Fells Point, Baltimore",hostaway,,2027-07-24,2027-07-24,1319,USD,fixed,2,,fixed,,fixed
485833,"FLOHOM 13 -- FLOHOM 13 | Inner Harbor, Baltimore",hostaway,,2027-07-24,2027-07-24,1842,USD,fixed,2,,fixed,,fixed
407612,"FLOHOM 14 -- FLOHOM 14 | Pasadena, Chesapeake Bay",hostaway,,2027-07-24,2027-07-24,1021,USD,fixed,2,,fixed,,fixed
467334,FLOHOM 15 -- FLOHOM 15 | North Myrtle Beach,hostaway,,2027-07-24,2027-07-24,1655,USD,fixed,2,,fixed,,fixed
510832,FLOHOM 16 | Liberty Landing Marina,hostaway,,2027-07-24,2027-07-24,1842,USD,fixed,2,,fixed,,fixed
146908,"FLOHOM 01 -- FLOHOM 01 | Inner Harbor, Baltimore",hostaway,,2027-07-25,2027-07-25,1019,USD,fixed,2,,fixed,,fixed
146944,"FLOHOM 02 -- FLOHOM 02 | Inner Harbor - Canton, Baltimore",hostaway,,2027-07-25,2027-07-25,862,USD,fixed,2,,fixed,,fixed
146946,"FLOHOM 03 -- FLOHOM 03 | Magothy River, Annapolis",hostaway,,2027-07-25,2027-07-25,689,USD,fixed,2,,fixed,,fixed
260001,FLOHOM 04 -- FLOHOM 04 | National Harbor,hostaway,,2027-07-25,2027-07-25,1019,USD,fixed,2,,fixed,,fixed
278502,"FLOHOM 05 -- FLOHOM 05 | Inner Harbor, Baltimore",hostaway,,2027-07-25,2027-07-25,753,USD,fixed,2,,fixed,,fixed
345316,FLOHOM 06 -- FLOHOM 06 | National Harbor,hostaway,,2027-07-25,2027-07-25,1109,USD,fixed,2,,fixed,,fixed
366176,"FLOHOM 07 -- FLOHOM 07 | Inner Harbor - Canton, Baltimore",hostaway,,2027-07-25,2027-07-25,881,USD,fixed,2,,fixed,,fixed
376368,FLOHOM 08 -- FLOHOM 08 | National Harbor,hostaway,,2027-07-25,2027-07-25,753,USD,fixed,2,,fixed,,fixed
383097,FLOHOM 09 -- FLOHOM 09 | Baltimore Peninsula,hostaway,,2027-07-25,2027-07-25,753,USD,fixed,2,,fixed,,fixed
404358,FLOHOM 10 -- FLOHOM 10 | Virginia Beach,hostaway,,2027-07-25,2027-07-25,881,USD,fixed,2,,fixed,,fixed
427313,FLOHOM 11 -- FLOHOM 11 | Virginia Beach,hostaway,,2027-07-25,2027-07-25,689,USD,fixed,2,,fixed,,fixed
422608,"FLOHOM 12 -- FLOHOM 12 | Inner Harbor - Fells Point, Baltimore",hostaway,,2027-07-25,2027-07-25,881,USD,fixed,2,,fixed,,fixed
485833,"FLOHOM 13 -- FLOHOM 13 | Inner Harbor, Baltimore",hostaway,,2027-07-25,2027-07-25,1109,USD,fixed,2,,fixed,,fixed
407612,"FLOHOM 14 -- FLOHOM 14 | Pasadena, Chesapeake Bay",hostaway,,2027-07-25,2027-07-25,689,USD,fixed,2,,fixed,,fixed
467334,FLOHOM 15 -- FLOHOM 15 | North Myrtle Beach,hostaway,,2027-07-25,2027-07-25,1055,USD,fixed,2,,fixed,,fixed
510832,FLOHOM 16 | Liberty Landing Marina,hostaway,,2027-07-25,2027-07-25,1109,USD,fixed,2,,fixed,,fixed
146908,"FLOHOM 01 -- FLOHOM 01 | Inner Harbor, Baltimore",hostaway,,2027-07-26,2027-07-26,629,USD,fixed,2,,fixed,,fixed
146944,"FLOHOM 02 -- FLOHOM 02 | Inner Harbor - Canton, Baltimore",hostaway,,2027-07-26,2027-07-26,551,USD,fixed,2,,fixed,,fixed
146946,"FLOHOM 03 -- FLOHOM 03 | Magothy River, Annapolis",hostaway,,2027-07-26,2027-07-26,393,USD,fixed,2,,fixed,,fixed
260001,FLOHOM 04 -- FLOHOM 04 | National Harbor,hostaway,,2027-07-26,2027-07-26,629,USD,fixed,2,,fixed,,fixed
278502,"FLOHOM 05 -- FLOHOM 05 | Inner Harbor, Baltimore",hostaway,,2027-07-26,2027-07-26,478,USD,fixed,2,,fixed,,fixed
345316,FLOHOM 06 -- FLOHOM 06 | National Harbor,hostaway,,2027-07-26,2027-07-26,714,USD,fixed,2,,fixed,,fixed
366176,"FLOHOM 07 -- FLOHOM 07 | Inner Harbor - Canton, Baltimore",hostaway,,2027-07-26,2027-07-26,594,USD,fixed,2,,fixed,,fixed
376368,FLOHOM 08 -- FLOHOM 08 | National Harbor,hostaway,,2027-07-26,2027-07-26,478,USD,fixed,2,,fixed,,fixed
383097,FLOHOM 09 -- FLOHOM 09 | Baltimore Peninsula,hostaway,,2027-07-26,2027-07-26,478,USD,fixed,2,,fixed,,fixed
404358,FLOHOM 10 -- FLOHOM 10 | Virginia Beach,hostaway,,2027-07-26,2027-07-26,594,USD,fixed,2,,fixed,,fixed
427313,FLOHOM 11 -- FLOHOM 11 | Virginia Beach,hostaway,,2027-07-26,2027-07-26,393,USD,fixed,2,,fixed,,fixed
422608,"FLOHOM 12 -- FLOHOM 12 | Inner Harbor - Fells Point, Baltimore",hostaway,,2027-07-26,2027-07-26,594,USD,fixed,2,,fixed,,fixed
485833,"FLOHOM 13 -- FLOHOM 13 | Inner Harbor, Baltimore",hostaway,,2027-07-26,2027-07-26,714,USD,fixed,2,,fixed,,fixed
407612,"FLOHOM 14 -- FLOHOM 14 | Pasadena, Chesapeake Bay",hostaway,,2027-07-26,2027-07-26,393,USD,fixed,2,,fixed,,fixed
467334,FLOHOM 15 -- FLOHOM 15 | North Myrtle Beach,hostaway,,2027-07-26,2027-07-26,648,USD,fixed,2,,fixed,,fixed
510832,FLOHOM 16 | Liberty Landing Marina,hostaway,,2027-07-26,2027-07-26,714,USD,fixed,2,,fixed,,fixed
146908,"FLOHOM 01 -- FLOHOM 01 | Inner Harbor, Baltimore",hostaway,,2027-07-27,2027-07-27,629,USD,fixed,2,,fixed,,fixed
146944,"FLOHOM 02 -- FLOHOM 02 | Inner Harbor - Canton, Baltimore",hostaway,,2027-07-27,2027-07-27,551,USD,fixed,2,,fixed,,fixed
146946,"FLOHOM 03 -- FLOHOM 03 | Magothy River, Annapolis",hostaway,,2027-07-27,2027-07-27,393,USD,fixed,2,,fixed,,fixed
260001,FLOHOM 04 -- FLOHOM 04 | National Harbor,hostaway,,2027-07-27,2027-07-27,629,USD,fixed,2,,fixed,,fixed
278502,"FLOHOM 05 -- FLOHOM 05 | Inner Harbor, Baltimore",hostaway,,2027-07-27,2027-07-27,478,USD,fixed,2,,fixed,,fixed
345316,FLOHOM 06 -- FLOHOM 06 | National Harbor,hostaway,,2027-07-27,2027-07-27,714,USD,fixed,2,,fixed,,fixed
366176,"FLOHOM 07 -- FLOHOM 07 | Inner Harbor - Canton, Baltimore",hostaway,,2027-07-27,2027-07-27,594,USD,fixed,2,,fixed,,fixed
376368,FLOHOM 08 -- FLOHOM 08 | National Harbor,hostaway,,2027-07-27,2027-07-27,478,USD,fixed,2,,fixed,,fixed
383097,FLOHOM 09 -- FLOHOM 09 | Baltimore Peninsula,hostaway,,2027-07-27,2027-07-27,478,USD,fixed,2,,fixed,,fixed
404358,FLOHOM 10 -- FLOHOM 10 | Virginia Beach,hostaway,,2027-07-27,2027-07-27,594,USD,fixed,2,,fixed,,fixed
427313,FLOHOM 11 -- FLOHOM 11 | Virginia Beach,hostaway,,2027-07-27,2027-07-27,393,USD,fixed,2,,fixed,,fixed
422608,"FLOHOM 12 -- FLOHOM 12 | Inner Harbor - Fells Point, Baltimore",hostaway,,2027-07-27,2027-07-27,594,USD,fixed,2,,fixed,,fixed
485833,"FLOHOM 13 -- FLOHOM 13 | Inner Harbor, Baltimore",hostaway,,2027-07-27,2027-07-27,714,USD,fixed,2,,fixed,,fixed
407612,"FLOHOM 14 -- FLOHOM 14 | Pasadena, Chesapeake Bay",hostaway,,2027-07-27,2027-07-27,393,USD,fixed,2,,fixed,,fixed
467334,FLOHOM 15 -- FLOHOM 15 | North Myrtle Beach,hostaway,,2027-07-27,2027-07-27,648,USD,fixed,2,,fixed,,fixed
510832,FLOHOM 16 | Liberty Landing Marina,hostaway,,2027-07-27,2027-07-27,714,USD,fixed,2,,fixed,,fixed
146908,"FLOHOM 01 -- FLOHOM 01 | Inner Harbor, Baltimore",hostaway,,2027-07-28,2027-07-28,629,USD,fixed,2,,fixed,,fixed
146944,"FLOHOM 02 -- FLOHOM 02 | Inner Harbor - Canton, Baltimore",hostaway,,2027-07-28,2027-07-28,551,USD,fixed,2,,fixed,,fixed
146946,"FLOHOM 03 -- FLOHOM 03 | Magothy River, Annapolis",hostaway,,2027-07-28,2027-07-28,393,USD,fixed,2,,fixed,,fixed
260001,FLOHOM 04 -- FLOHOM 04 | National Harbor,hostaway,,2027-07-28,2027-07-28,629,USD,fixed,2,,fixed,,fixed
278502,"FLOHOM 05 -- FLOHOM 05 | Inner Harbor, Baltimore",hostaway,,2027-07-28,2027-07-28,478,USD,fixed,2,,fixed,,fixed
345316,FLOHOM 06 -- FLOHOM 06 | National Harbor,hostaway,,2027-07-28,2027-07-28,714,USD,fixed,2,,fixed,,fixed
366176,"FLOHOM 07 -- FLOHOM 07 | Inner Harbor - Canton, Baltimore",hostaway,,2027-07-28,2027-07-28,594,USD,fixed,2,,fixed,,fixed
376368,FLOHOM 08 -- FLOHOM 08 | National Harbor,hostaway,,2027-07-28,2027-07-28,478,USD,fixed,2,,fixed,,fixed
383097,FLOHOM 09 -- FLOHOM 09 | Baltimore Peninsula,hostaway,,2027-07-28,2027-07-28,478,USD,fixed,2,,fixed,,fixed
404358,FLOHOM 10 -- FLOHOM 10 | Virginia Beach,hostaway,,2027-07-28,2027-07-28,594,USD,fixed,2,,fixed,,fixed
427313,FLOHOM 11 -- FLOHOM 11 | Virginia Beach,hostaway,,2027-07-28,2027-07-28,393,USD,fixed,2,,fixed,,fixed
422608,"FLOHOM 12 -- FLOHOM 12 | Inner Harbor - Fells Point, Baltimore",hostaway,,2027-07-28,2027-07-28,594,USD,fixed,2,,fixed,,fixed
485833,"FLOHOM 13 -- FLOHOM 13 | Inner Harbor, Baltimore",hostaway,,2027-07-28,2027-07-28,714,USD,fixed,2,,fixed,,fixed
407612,"FLOHOM 14 -- FLOHOM 14 | Pasadena, Chesapeake Bay",hostaway,,2027-07-28,2027-07-28,393,USD,fixed,2,,fixed,,fixed
467334,FLOHOM 15 -- FLOHOM 15 | North Myrtle Beach,hostaway,,2027-07-28,2027-07-28,648,USD,fixed,2,,fixed,,fixed
510832,FLOHOM 16 | Liberty Landing Marina,hostaway,,2027-07-28,2027-07-28,714,USD,fixed,2,,fixed,,fixed
146908,"FLOHOM 01 -- FLOHOM 01 | Inner Harbor, Baltimore",hostaway,,2027-07-29,2027-07-29,1019,USD,fixed,2,,fixed,,fixed
146944,"FLOHOM 02 -- FLOHOM 02 | Inner Harbor - Canton, Baltimore",hostaway,,2027-07-29,2027-07-29,862,USD,fixed,2,,fixed,,fixed
146946,"FLOHOM 03 -- FLOHOM 03 | Magothy River, Annapolis",hostaway,,2027-07-29,2027-07-29,689,USD,fixed,2,,fixed,,fixed
260001,FLOHOM 04 -- FLOHOM 04 | National Harbor,hostaway,,2027-07-29,2027-07-29,1019,USD,fixed,2,,fixed,,fixed
278502,"FLOHOM 05 -- FLOHOM 05 | Inner Harbor, Baltimore",hostaway,,2027-07-29,2027-07-29,753,USD,fixed,2,,fixed,,fixed
345316,FLOHOM 06 -- FLOHOM 06 | National Harbor,hostaway,,2027-07-29,2027-07-29,1109,USD,fixed,2,,fixed,,fixed
366176,"FLOHOM 07 -- FLOHOM 07 | Inner Harbor - Canton, Baltimore",hostaway,,2027-07-29,2027-07-29,881,USD,fixed,2,,fixed,,fixed
376368,FLOHOM 08 -- FLOHOM 08 | National Harbor,hostaway,,2027-07-29,2027-07-29,753,USD,fixed,2,,fixed,,fixed
383097,FLOHOM 09 -- FLOHOM 09 | Baltimore Peninsula,hostaway,,2027-07-29,2027-07-29,753,USD,fixed,2,,fixed,,fixed
404358,FLOHOM 10 -- FLOHOM 10 | Virginia Beach,hostaway,,2027-07-29,2027-07-29,881,USD,fixed,2,,fixed,,fixed
427313,FLOHOM 11 -- FLOHOM 11 | Virginia Beach,hostaway,,2027-07-29,2027-07-29,689,USD,fixed,2,,fixed,,fixed
422608,"FLOHOM 12 -- FLOHOM 12 | Inner Harbor - Fells Point, Baltimore",hostaway,,2027-07-29,2027-07-29,881,USD,fixed,2,,fixed,,fixed
485833,"FLOHOM 13 -- FLOHOM 13 | Inner Harbor, Baltimore",hostaway,,2027-07-29,2027-07-29,1109,USD,fixed,2,,fixed,,fixed
407612,"FLOHOM 14 -- FLOHOM 14 | Pasadena, Chesapeake Bay",hostaway,,2027-07-29,2027-07-29,689,USD,fixed,2,,fixed,,fixed
467334,FLOHOM 15 -- FLOHOM 15 | North Myrtle Beach,hostaway,,2027-07-29,2027-07-29,1055,USD,fixed,2,,fixed,,fixed
510832,FLOHOM 16 | Liberty Landing Marina,hostaway,,2027-07-29,2027-07-29,1109,USD,fixed,2,,fixed,,fixed
146908,"FLOHOM 01 -- FLOHOM 01 | Inner Harbor, Baltimore",hostaway,,2027-07-30,2027-07-30,1511,USD,fixed,2,,fixed,,fixed
146944,"FLOHOM 02 -- FLOHOM 02 | Inner Harbor - Canton, Baltimore",hostaway,,2027-07-30,2027-07-30,1219,USD,fixed,2,,fixed,,fixed
146946,"FLOHOM 03 -- FLOHOM 03 | Magothy River, Annapolis",hostaway,,2027-07-30,2027-07-30,1021,USD,fixed,2,,fixed,,fixed
260001,FLOHOM 04 -- FLOHOM 04 | National Harbor,hostaway,,2027-07-30,2027-07-30,1511,USD,fixed,2,,fixed,,fixed
278502,"FLOHOM 05 -- FLOHOM 05 | Inner Harbor, Baltimore",hostaway,,2027-07-30,2027-07-30,1147,USD,fixed,2,,fixed,,fixed
345316,FLOHOM 06 -- FLOHOM 06 | National Harbor,hostaway,,2027-07-30,2027-07-30,1842,USD,fixed,2,,fixed,,fixed
366176,"FLOHOM 07 -- FLOHOM 07 | Inner Harbor - Canton, Baltimore",hostaway,,2027-07-30,2027-07-30,1319,USD,fixed,2,,fixed,,fixed
376368,FLOHOM 08 -- FLOHOM 08 | National Harbor,hostaway,,2027-07-30,2027-07-30,1147,USD,fixed,2,,fixed,,fixed
383097,FLOHOM 09 -- FLOHOM 09 | Baltimore Peninsula,hostaway,,2027-07-30,2027-07-30,1147,USD,fixed,2,,fixed,,fixed
404358,FLOHOM 10 -- FLOHOM 10 | Virginia Beach,hostaway,,2027-07-30,2027-07-30,1319,USD,fixed,2,,fixed,,fixed
427313,FLOHOM 11 -- FLOHOM 11 | Virginia Beach,hostaway,,2027-07-30,2027-07-30,1021,USD,fixed,2,,fixed,,fixed
422608,"FLOHOM 12 -- FLOHOM 12 | Inner Harbor - Fells Point, Baltimore",hostaway,,2027-07-30,2027-07-30,1319,USD,fixed,2,,fixed,,fixed
485833,"FLOHOM 13 -- FLOHOM 13 | Inner Harbor, Baltimore",hostaway,,2027-07-30,2027-07-30,1842,USD,fixed,2,,fixed,,fixed
407612,"FLOHOM 14 -- FLOHOM 14 | Pasadena, Chesapeake Bay",hostaway,,2027-07-30,2027-07-30,1021,USD,fixed,2,,fixed,,fixed
467334,FLOHOM 15 -- FLOHOM 15 | North Myrtle Beach,hostaway,,2027-07-30,2027-07-30,1655,USD,fixed,2,,fixed,,fixed
510832,FLOHOM 16 | Liberty Landing Marina,hostaway,,2027-07-30,2027-07-30,1842,USD,fixed,2,,fixed,,fixed
146908,"FLOHOM 01 -- FLOHOM 01 | Inner Harbor, Baltimore",hostaway,,2027-07-31,2027-07-31,1511,USD,fixed,2,,fixed,,fixed
146944,"FLOHOM 02 -- FLOHOM 02 | Inner Harbor - Canton, Baltimore",hostaway,,2027-07-31,2027-07-31,1219,USD,fixed,2,,fixed,,fixed
146946,"FLOHOM 03 -- FLOHOM 03 | Magothy River, Annapolis",hostaway,,2027-07-31,2027-07-31,1021,USD,fixed,2,,fixed,,fixed
260001,FLOHOM 04 -- FLOHOM 04 | National Harbor,hostaway,,2027-07-31,2027-07-31,1511,USD,fixed,2,,fixed,,fixed
278502,"FLOHOM 05 -- FLOHOM 05 | Inner Harbor, Baltimore",hostaway,,2027-07-31,2027-07-31,1147,USD,fixed,2,,fixed,,fixed
345316,FLOHOM 06 -- FLOHOM 06 | National Harbor,hostaway,,2027-07-31,2027-07-31,1842,USD,fixed,2,,fixed,,fixed
366176,"FLOHOM 07 -- FLOHOM 07 | Inner Harbor - Canton, Baltimore",hostaway,,2027-07-31,2027-07-31,1319,USD,fixed,2,,fixed,,fixed
376368,FLOHOM 08 -- FLOHOM 08 | National Harbor,hostaway,,2027-07-31,2027-07-31,1147,USD,fixed,2,,fixed,,fixed
383097,FLOHOM 09 -- FLOHOM 09 | Baltimore Peninsula,hostaway,,2027-07-31,2027-07-31,1147,USD,fixed,2,,fixed,,fixed
404358,FLOHOM 10 -- FLOHOM 10 | Virginia Beach,hostaway,,2027-07-31,2027-07-31,1319,USD,fixed,2,,fixed,,fixed
427313,FLOHOM 11 -- FLOHOM 11 | Virginia Beach,hostaway,,2027-07-31,2027-07-31,1021,USD,fixed,2,,fixed,,fixed
422608,"FLOHOM 12 -- FLOHOM 12 | Inner Harbor - Fells Point, Baltimore",hostaway,,2027-07-31,2027-07-31,1319,USD,fixed,2,,fixed,,fixed
485833,"FLOHOM 13 -- FLOHOM 13 | Inner Harbor, Baltimore",hostaway,,2027-07-31,2027-07-31,1842,USD,fixed,2,,fixed,,fixed
407612,"FLOHOM 14 -- FLOHOM 14 | Pasadena, Chesapeake Bay",hostaway,,2027-07-31,2027-07-31,1021,USD,fixed,2,,fixed,,fixed
467334,FLOHOM 15 -- FLOHOM 15 | North Myrtle Beach,hostaway,,2027-07-31,2027-07-31,1655,USD,fixed,2,,fixed,,fixed
510832,FLOHOM 16 | Liberty Landing Marina,hostaway,,2027-07-31,2027-07-31,1842,USD,fixed,2,,fixed,,fixed
146908,"FLOHOM 01 -- FLOHOM 01 | Inner Harbor, Baltimore",hostaway,,2027-08-01,2027-08-01,1019,USD,fixed,2,,fixed,,fixed
146944,"FLOHOM 02 -- FLOHOM 02 | Inner Harbor - Canton, Baltimore",hostaway,,2027-08-01,2027-08-01,862,USD,fixed,2,,fixed,,fixed
146946,"FLOHOM 03 -- FLOHOM 03 | Magothy River, Annapolis",hostaway,,2027-08-01,2027-08-01,689,USD,fixed,2,,fixed,,fixed
260001,FLOHOM 04 -- FLOHOM 04 | National Harbor,hostaway,,2027-08-01,2027-08-01,1019,USD,fixed,2,,fixed,,fixed
278502,"FLOHOM 05 -- FLOHOM 05 | Inner Harbor, Baltimore",hostaway,,2027-08-01,2027-08-01,753,USD,fixed,2,,fixed,,fixed
345316,FLOHOM 06 -- FLOHOM 06 | National Harbor,hostaway,,2027-08-01,2027-08-01,1109,USD,fixed,2,,fixed,,fixed
366176,"FLOHOM 07 -- FLOHOM 07 | Inner Harbor - Canton, Baltimore",hostaway,,2027-08-01,2027-08-01,881,USD,fixed,2,,fixed,,fixed
376368,FLOHOM 08 -- FLOHOM 08 | National Harbor,hostaway,,2027-08-01,2027-08-01,753,USD,fixed,2,,fixed,,fixed
383097,FLOHOM 09 -- FLOHOM 09 | Baltimore Peninsula,hostaway,,2027-08-01,2027-08-01,753,USD,fixed,2,,fixed,,fixed
404358,FLOHOM 10 -- FLOHOM 10 | Virginia Beach,hostaway,,2027-08-01,2027-08-01,881,USD,fixed,2,,fixed,,fixed
427313,FLOHOM 11 -- FLOHOM 11 | Virginia Beach,hostaway,,2027-08-01,2027-08-01,689,USD,fixed,2,,fixed,,fixed
422608,"FLOHOM 12 -- FLOHOM 12 | Inner Harbor - Fells Point, Baltimore",hostaway,,2027-08-01,2027-08-01,881,USD,fixed,2,,fixed,,fixed
485833,"FLOHOM 13 -- FLOHOM 13 | Inner Harbor, Baltimore",hostaway,,2027-08-01,2027-08-01,1109,USD,fixed,2,,fixed,,fixed
407612,"FLOHOM 14 -- FLOHOM 14 | Pasadena, Chesapeake Bay",hostaway,,2027-08-01,2027-08-01,689,USD,fixed,2,,fixed,,fixed
467334,FLOHOM 15 -- FLOHOM 15 | North Myrtle Beach,hostaway,,2027-08-01,2027-08-01,1055,USD,fixed,2,,fixed,,fixed
510832,FLOHOM 16 | Liberty Landing Marina,hostaway,,2027-08-01,2027-08-01,1109,USD,fixed,2,,fixed,,fixed
146908,"FLOHOM 01 -- FLOHOM 01 | Inner Harbor, Baltimore",hostaway,,2027-08-02,2027-08-02,629,USD,fixed,2,,fixed,,fixed
146944,"FLOHOM 02 -- FLOHOM 02 | Inner Harbor - Canton, Baltimore",hostaway,,2027-08-02,2027-08-02,551,USD,fixed,2,,fixed,,fixed
146946,"FLOHOM 03 -- FLOHOM 03 | Magothy River, Annapolis",hostaway,,2027-08-02,2027-08-02,393,USD,fixed,2,,fixed,,fixed
260001,FLOHOM 04 -- FLOHOM 04 | National Harbor,hostaway,,2027-08-02,2027-08-02,629,USD,fixed,2,,fixed,,fixed
278502,"FLOHOM 05 -- FLOHOM 05 | Inner Harbor, Baltimore",hostaway,,2027-08-02,2027-08-02,478,USD,fixed,2,,fixed,,fixed
345316,FLOHOM 06 -- FLOHOM 06 | National Harbor,hostaway,,2027-08-02,2027-08-02,714,USD,fixed,2,,fixed,,fixed
366176,"FLOHOM 07 -- FLOHOM 07 | Inner Harbor - Canton, Baltimore",hostaway,,2027-08-02,2027-08-02,594,USD,fixed,2,,fixed,,fixed
376368,FLOHOM 08 -- FLOHOM 08 | National Harbor,hostaway,,2027-08-02,2027-08-02,478,USD,fixed,2,,fixed,,fixed
383097,FLOHOM 09 -- FLOHOM 09 | Baltimore Peninsula,hostaway,,2027-08-02,2027-08-02,478,USD,fixed,2,,fixed,,fixed
404358,FLOHOM 10 -- FLOHOM 10 | Virginia Beach,hostaway,,2027-08-02,2027-08-02,594,USD,fixed,2,,fixed,,fixed
427313,FLOHOM 11 -- FLOHOM 11 | Virginia Beach,hostaway,,2027-08-02,2027-08-02,393,USD,fixed,2,,fixed,,fixed
422608,"FLOHOM 12 -- FLOHOM 12 | Inner Harbor - Fells Point, Baltimore",hostaway,,2027-08-02,2027-08-02,594,USD,fixed,2,,fixed,,fixed
485833,"FLOHOM 13 -- FLOHOM 13 | Inner Harbor, Baltimore",hostaway,,2027-08-02,2027-08-02,714,USD,fixed,2,,fixed,,fixed
407612,"FLOHOM 14 -- FLOHOM 14 | Pasadena, Chesapeake Bay",hostaway,,2027-08-02,2027-08-02,393,USD,fixed,2,,fixed,,fixed
467334,FLOHOM 15 -- FLOHOM 15 | North Myrtle Beach,hostaway,,2027-08-02,2027-08-02,648,USD,fixed,2,,fixed,,fixed
510832,FLOHOM 16 | Liberty Landing Marina,hostaway,,2027-08-02,2027-08-02,714,USD,fixed,2,,fixed,,fixed
146908,"FLOHOM 01 -- FLOHOM 01 | Inner Harbor, Baltimore",hostaway,,2027-08-03,2027-08-03,629,USD,fixed,2,,fixed,,fixed
146944,"FLOHOM 02 -- FLOHOM 02 | Inner Harbor - Canton, Baltimore",hostaway,,2027-08-03,2027-08-03,551,USD,fixed,2,,fixed,,fixed
146946,"FLOHOM 03 -- FLOHOM 03 | Magothy River, Annapolis",hostaway,,2027-08-03,2027-08-03,393,USD,fixed,2,,fixed,,fixed
260001,FLOHOM 04 -- FLOHOM 04 | National Harbor,hostaway,,2027-08-03,2027-08-03,629,USD,fixed,2,,fixed,,fixed
278502,"FLOHOM 05 -- FLOHOM 05 | Inner Harbor, Baltimore",hostaway,,2027-08-03,2027-08-03,478,USD,fixed,2,,fixed,,fixed
345316,FLOHOM 06 -- FLOHOM 06 | National Harbor,hostaway,,2027-08-03,2027-08-03,714,USD,fixed,2,,fixed,,fixed
366176,"FLOHOM 07 -- FLOHOM 07 | Inner Harbor - Canton, Baltimore",hostaway,,2027-08-03,2027-08-03,594,USD,fixed,2,,fixed,,fixed
376368,FLOHOM 08 -- FLOHOM 08 | National Harbor,hostaway,,2027-08-03,2027-08-03,478,USD,fixed,2,,fixed,,fixed
383097,FLOHOM 09 -- FLOHOM 09 | Baltimore Peninsula,hostaway,,2027-08-03,2027-08-03,478,USD,fixed,2,,fixed,,fixed
404358,FLOHOM 10 -- FLOHOM 10 | Virginia Beach,hostaway,,2027-08-03,2027-08-03,594,USD,fixed,2,,fixed,,fixed
427313,FLOHOM 11 -- FLOHOM 11 | Virginia Beach,hostaway,,2027-08-03,2027-08-03,393,USD,fixed,2,,fixed,,fixed
422608,"FLOHOM 12 -- FLOHOM 12 | Inner Harbor - Fells Point, Baltimore",hostaway,,2027-08-03,2027-08-03,594,USD,fixed,2,,fixed,,fixed
485833,"FLOHOM 13 -- FLOHOM 13 | Inner Harbor, Baltimore",hostaway,,2027-08-03,2027-08-03,714,USD,fixed,2,,fixed,,fixed
407612,"FLOHOM 14 -- FLOHOM 14 | Pasadena, Chesapeake Bay",hostaway,,2027-08-03,2027-08-03,393,USD,fixed,2,,fixed,,fixed
467334,FLOHOM 15 -- FLOHOM 15 | North Myrtle Beach,hostaway,,2027-08-03,2027-08-03,648,USD,fixed,2,,fixed,,fixed
510832,FLOHOM 16 | Liberty Landing Marina,hostaway,,2027-08-03,2027-08-03,714,USD,fixed,2,,fixed,,fixed
146908,"FLOHOM 01 -- FLOHOM 01 | Inner Harbor, Baltimore",hostaway,,2027-08-04,2027-08-04,629,USD,fixed,2,,fixed,,fixed
146944,"FLOHOM 02 -- FLOHOM 02 | Inner Harbor - Canton, Baltimore",hostaway,,2027-08-04,2027-08-04,551,USD,fixed,2,,fixed,,fixed
146946,"FLOHOM 03 -- FLOHOM 03 | Magothy River, Annapolis",hostaway,,2027-08-04,2027-08-04,393,USD,fixed,2,,fixed,,fixed
260001,FLOHOM 04 -- FLOHOM 04 | National Harbor,hostaway,,2027-08-04,2027-08-04,629,USD,fixed,2,,fixed,,fixed
278502,"FLOHOM 05 -- FLOHOM 05 | Inner Harbor, Baltimore",hostaway,,2027-08-04,2027-08-04,478,USD,fixed,2,,fixed,,fixed
345316,FLOHOM 06 -- FLOHOM 06 | National Harbor,hostaway,,2027-08-04,2027-08-04,714,USD,fixed,2,,fixed,,fixed
366176,"FLOHOM 07 -- FLOHOM 07 | Inner Harbor - Canton, Baltimore",hostaway,,2027-08-04,2027-08-04,594,USD,fixed,2,,fixed,,fixed
376368,FLOHOM 08 -- FLOHOM 08 | National Harbor,hostaway,,2027-08-04,2027-08-04,478,USD,fixed,2,,fixed,,fixed
383097,FLOHOM 09 -- FLOHOM 09 | Baltimore Peninsula,hostaway,,2027-08-04,2027-08-04,478,USD,fixed,2,,fixed,,fixed
404358,FLOHOM 10 -- FLOHOM 10 | Virginia Beach,hostaway,,2027-08-04,2027-08-04,594,USD,fixed,2,,fixed,,fixed
427313,FLOHOM 11 -- FLOHOM 11 | Virginia Beach,hostaway,,2027-08-04,2027-08-04,393,USD,fixed,2,,fixed,,fixed
422608,"FLOHOM 12 -- FLOHOM 12 | Inner Harbor - Fells Point, Baltimore",hostaway,,2027-08-04,2027-08-04,594,USD,fixed,2,,fixed,,fixed
485833,"FLOHOM 13 -- FLOHOM 13 | Inner Harbor, Baltimore",hostaway,,2027-08-04,2027-08-04,714,USD,fixed,2,,fixed,,fixed
407612,"FLOHOM 14 -- FLOHOM 14 | Pasadena, Chesapeake Bay",hostaway,,2027-08-04,2027-08-04,393,USD,fixed,2,,fixed,,fixed
467334,FLOHOM 15 -- FLOHOM 15 | North Myrtle Beach,hostaway,,2027-08-04,2027-08-04,648,USD,fixed,2,,fixed,,fixed
510832,FLOHOM 16 | Liberty Landing Marina,hostaway,,2027-08-04,2027-08-04,714,USD,fixed,2,,fixed,,fixed
146908,"FLOHOM 01 -- FLOHOM 01 | Inner Harbor, Baltimore",hostaway,,2027-08-05,2027-08-05,1019,USD,fixed,2,,fixed,,fixed
146944,"FLOHOM 02 -- FLOHOM 02 | Inner Harbor - Canton, Baltimore",hostaway,,2027-08-05,2027-08-05,862,USD,fixed,2,,fixed,,fixed
146946,"FLOHOM 03 -- FLOHOM 03 | Magothy River, Annapolis",hostaway,,2027-08-05,2027-08-05,689,USD,fixed,2,,fixed,,fixed
260001,FLOHOM 04 -- FLOHOM 04 | National Harbor,hostaway,,2027-08-05,2027-08-05,1019,USD,fixed,2,,fixed,,fixed
278502,"FLOHOM 05 -- FLOHOM 05 | Inner Harbor, Baltimore",hostaway,,2027-08-05,2027-08-05,753,USD,fixed,2,,fixed,,fixed
345316,FLOHOM 06 -- FLOHOM 06 | National Harbor,hostaway,,2027-08-05,2027-08-05,1109,USD,fixed,2,,fixed,,fixed
366176,"FLOHOM 07 -- FLOHOM 07 | Inner Harbor - Canton, Baltimore",hostaway,,2027-08-05,2027-08-05,881,USD,fixed,2,,fixed,,fixed
376368,FLOHOM 08 -- FLOHOM 08 | National Harbor,hostaway,,2027-08-05,2027-08-05,753,USD,fixed,2,,fixed,,fixed
383097,FLOHOM 09 -- FLOHOM 09 | Baltimore Peninsula,hostaway,,2027-08-05,2027-08-05,753,USD,fixed,2,,fixed,,fixed
404358,FLOHOM 10 -- FLOHOM 10 | Virginia Beach,hostaway,,2027-08-05,2027-08-05,881,USD,fixed,2,,fixed,,fixed
427313,FLOHOM 11 -- FLOHOM 11 | Virginia Beach,hostaway,,2027-08-05,2027-08-05,689,USD,fixed,2,,fixed,,fixed
422608,"FLOHOM 12 -- FLOHOM 12 | Inner Harbor - Fells Point, Baltimore",hostaway,,2027-08-05,2027-08-05,881,USD,fixed,2,,fixed,,fixed
485833,"FLOHOM 13 -- FLOHOM 13 | Inner Harbor, Baltimore",hostaway,,2027-08-05,2027-08-05,1109,USD,fixed,2,,fixed,,fixed
407612,"FLOHOM 14 -- FLOHOM 14 | Pasadena, Chesapeake Bay",hostaway,,2027-08-05,2027-08-05,689,USD,fixed,2,,fixed,,fixed
467334,FLOHOM 15 -- FLOHOM 15 | North Myrtle Beach,hostaway,,2027-08-05,2027-08-05,1055,USD,fixed,2,,fixed,,fixed
510832,FLOHOM 16 | Liberty Landing Marina,hostaway,,2027-08-05,2027-08-05,1109,USD,fixed,2,,fixed,,fixed
146908,"FLOHOM 01 -- FLOHOM 01 | Inner Harbor, Baltimore",hostaway,,2027-08-06,2027-08-06,1511,USD,fixed,2,,fixed,,fixed
146944,"FLOHOM 02 -- FLOHOM 02 | Inner Harbor - Canton, Baltimore",hostaway,,2027-08-06,2027-08-06,1219,USD,fixed,2,,fixed,,fixed
146946,"FLOHOM 03 -- FLOHOM 03 | Magothy River, Annapolis",hostaway,,2027-08-06,2027-08-06,1021,USD,fixed,2,,fixed,,fixed
260001,FLOHOM 04 -- FLOHOM 04 | National Harbor,hostaway,,2027-08-06,2027-08-06,1511,USD,fixed,2,,fixed,,fixed
278502,"FLOHOM 05 -- FLOHOM 05 | Inner Harbor, Baltimore",hostaway,,2027-08-06,2027-08-06,1147,USD,fixed,2,,fixed,,fixed
345316,FLOHOM 06 -- FLOHOM 06 | National Harbor,hostaway,,2027-08-06,2027-08-06,1842,USD,fixed,2,,fixed,,fixed
366176,"FLOHOM 07 -- FLOHOM 07 | Inner Harbor - Canton, Baltimore",hostaway,,2027-08-06,2027-08-06,1319,USD,fixed,2,,fixed,,fixed
376368,FLOHOM 08 -- FLOHOM 08 | National Harbor,hostaway,,2027-08-06,2027-08-06,1147,USD,fixed,2,,fixed,,fixed
383097,FLOHOM 09 -- FLOHOM 09 | Baltimore Peninsula,hostaway,,2027-08-06,2027-08-06,1147,USD,fixed,2,,fixed,,fixed
404358,FLOHOM 10 -- FLOHOM 10 | Virginia Beach,hostaway,,2027-08-06,2027-08-06,1319,USD,fixed,2,,fixed,,fixed
427313,FLOHOM 11 -- FLOHOM 11 | Virginia Beach,hostaway,,2027-08-06,2027-08-06,1021,USD,fixed,2,,fixed,,fixed
422608,"FLOHOM 12 -- FLOHOM 12 | Inner Harbor - Fells Point, Baltimore",hostaway,,2027-08-06,2027-08-06,1319,USD,fixed,2,,fixed,,fixed
485833,"FLOHOM 13 -- FLOHOM 13 | Inner Harbor, Baltimore",hostaway,,2027-08-06,2027-08-06,1842,USD,fixed,2,,fixed,,fixed
407612,"FLOHOM 14 -- FLOHOM 14 | Pasadena, Chesapeake Bay",hostaway,,2027-08-06,2027-08-06,1021,USD,fixed,2,,fixed,,fixed
467334,FLOHOM 15 -- FLOHOM 15 | North Myrtle Beach,hostaway,,2027-08-06,2027-08-06,1655,USD,fixed,2,,fixed,,fixed
510832,FLOHOM 16 | Liberty Landing Marina,hostaway,,2027-08-06,2027-08-06,1842,USD,fixed,2,,fixed,,fixed
146908,"FLOHOM 01 -- FLOHOM 01 | Inner Harbor, Baltimore",hostaway,,2027-08-07,2027-08-07,1511,USD,fixed,2,,fixed,,fixed
146944,"FLOHOM 02 -- FLOHOM 02 | Inner Harbor - Canton, Baltimore",hostaway,,2027-08-07,2027-08-07,1219,USD,fixed,2,,fixed,,fixed
146946,"FLOHOM 03 -- FLOHOM 03 | Magothy River, Annapolis",hostaway,,2027-08-07,2027-08-07,1021,USD,fixed,2,,fixed,,fixed
260001,FLOHOM 04 -- FLOHOM 04 | National Harbor,hostaway,,2027-08-07,2027-08-07,1511,USD,fixed,2,,fixed,,fixed
278502,"FLOHOM 05 -- FLOHOM 05 | Inner Harbor, Baltimore",hostaway,,2027-08-07,2027-08-07,1147,USD,fixed,2,,fixed,,fixed
345316,FLOHOM 06 -- FLOHOM 06 | National Harbor,hostaway,,2027-08-07,2027-08-07,1842,USD,fixed,2,,fixed,,fixed
366176,"FLOHOM 07 -- FLOHOM 07 | Inner Harbor - Canton, Baltimore",hostaway,,2027-08-07,2027-08-07,1319,USD,fixed,2,,fixed,,fixed
376368,FLOHOM 08 -- FLOHOM 08 | National Harbor,hostaway,,2027-08-07,2027-08-07,1147,USD,fixed,2,,fixed,,fixed
383097,FLOHOM 09 -- FLOHOM 09 | Baltimore Peninsula,hostaway,,2027-08-07,2027-08-07,1147,USD,fixed,2,,fixed,,fixed
404358,FLOHOM 10 -- FLOHOM 10 | Virginia Beach,hostaway,,2027-08-07,2027-08-07,1319,USD,fixed,2,,fixed,,fixed
427313,FLOHOM 11 -- FLOHOM 11 | Virginia Beach,hostaway,,2027-08-07,2027-08-07,1021,USD,fixed,2,,fixed,,fixed
422608,"FLOHOM 12 -- FLOHOM 12 | Inner Harbor - Fells Point, Baltimore",hostaway,,2027-08-07,2027-08-07,1319,USD,fixed,2,,fixed,,fixed
485833,"FLOHOM 13 -- FLOHOM 13 | Inner Harbor, Baltimore",hostaway,,2027-08-07,2027-08-07,1842,USD,fixed,2,,fixed,,fixed
407612,"FLOHOM 14 -- FLOHOM 14 | Pasadena, Chesapeake Bay",hostaway,,2027-08-07,2027-08-07,1021,USD,fixed,2,,fixed,,fixed
467334,FLOHOM 15 -- FLOHOM 15 | North Myrtle Beach,hostaway,,2027-08-07,2027-08-07,1655,USD,fixed,2,,fixed,,fixed
510832,FLOHOM 16 | Liberty Landing Marina,hostaway,,2027-08-07,2027-08-07,1842,USD,fixed,2,,fixed,,fixed
146908,"FLOHOM 01 -- FLOHOM 01 | Inner Harbor, Baltimore",hostaway,,2027-08-08,2027-08-08,1019,USD,fixed,2,,fixed,,fixed
146944,"FLOHOM 02 -- FLOHOM 02 | Inner Harbor - Canton, Baltimore",hostaway,,2027-08-08,2027-08-08,862,USD,fixed,2,,fixed,,fixed
146946,"FLOHOM 03 -- FLOHOM 03 | Magothy River, Annapolis",hostaway,,2027-08-08,2027-08-08,689,USD,fixed,2,,fixed,,fixed
260001,FLOHOM 04 -- FLOHOM 04 | National Harbor,hostaway,,2027-08-08,2027-08-08,1019,USD,fixed,2,,fixed,,fixed
278502,"FLOHOM 05 -- FLOHOM 05 | Inner Harbor, Baltimore",hostaway,,2027-08-08,2027-08-08,753,USD,fixed,2,,fixed,,fixed
345316,FLOHOM 06 -- FLOHOM 06 | National Harbor,hostaway,,2027-08-08,2027-08-08,1109,USD,fixed,2,,fixed,,fixed
366176,"FLOHOM 07 -- FLOHOM 07 | Inner Harbor - Canton, Baltimore",hostaway,,2027-08-08,2027-08-08,881,USD,fixed,2,,fixed,,fixed
376368,FLOHOM 08 -- FLOHOM 08 | National Harbor,hostaway,,2027-08-08,2027-08-08,753,USD,fixed,2,,fixed,,fixed
383097,FLOHOM 09 -- FLOHOM 09 | Baltimore Peninsula,hostaway,,2027-08-08,2027-08-08,753,USD,fixed,2,,fixed,,fixed
404358,FLOHOM 10 -- FLOHOM 10 | Virginia Beach,hostaway,,2027-08-08,2027-08-08,881,USD,fixed,2,,fixed,,fixed
427313,FLOHOM 11 -- FLOHOM 11 | Virginia Beach,hostaway,,2027-08-08,2027-08-08,689,USD,fixed,2,,fixed,,fixed
422608,"FLOHOM 12 -- FLOHOM 12 | Inner Harbor - Fells Point, Baltimore",hostaway,,2027-08-08,2027-08-08,881,USD,fixed,2,,fixed,,fixed
485833,"FLOHOM 13 -- FLOHOM 13 | Inner Harbor, Baltimore",hostaway,,2027-08-08,2027-08-08,1109,USD,fixed,2,,fixed,,fixed
407612,"FLOHOM 14 -- FLOHOM 14 | Pasadena, Chesapeake Bay",hostaway,,2027-08-08,2027-08-08,689,USD,fixed,2,,fixed,,fixed
467334,FLOHOM 15 -- FLOHOM 15 | North Myrtle Beach,hostaway,,2027-08-08,2027-08-08,1055,USD,fixed,2,,fixed,,fixed
510832,FLOHOM 16 | Liberty Landing Marina,hostaway,,2027-08-08,2027-08-08,1109,USD,fixed,2,,fixed,,fixed
146908,"FLOHOM 01 -- FLOHOM 01 | Inner Harbor, Baltimore",hostaway,,2027-08-09,2027-08-09,629,USD,fixed,2,,fixed,,fixed
146944,"FLOHOM 02 -- FLOHOM 02 | Inner Harbor - Canton, Baltimore",hostaway,,2027-08-09,2027-08-09,551,USD,fixed,2,,fixed,,fixed
146946,"FLOHOM 03 -- FLOHOM 03 | Magothy River, Annapolis",hostaway,,2027-08-09,2027-08-09,393,USD,fixed,2,,fixed,,fixed
260001,FLOHOM 04 -- FLOHOM 04 | National Harbor,hostaway,,2027-08-09,2027-08-09,629,USD,fixed,2,,fixed,,fixed
278502,"FLOHOM 05 -- FLOHOM 05 | Inner Harbor, Baltimore",hostaway,,2027-08-09,2027-08-09,478,USD,fixed,2,,fixed,,fixed
345316,FLOHOM 06 -- FLOHOM 06 | National Harbor,hostaway,,2027-08-09,2027-08-09,714,USD,fixed,2,,fixed,,fixed
366176,"FLOHOM 07 -- FLOHOM 07 | Inner Harbor - Canton, Baltimore",hostaway,,2027-08-09,2027-08-09,594,USD,fixed,2,,fixed,,fixed
376368,FLOHOM 08 -- FLOHOM 08 | National Harbor,hostaway,,2027-08-09,2027-08-09,478,USD,fixed,2,,fixed,,fixed
383097,FLOHOM 09 -- FLOHOM 09 | Baltimore Peninsula,hostaway,,2027-08-09,2027-08-09,478,USD,fixed,2,,fixed,,fixed
404358,FLOHOM 10 -- FLOHOM 10 | Virginia Beach,hostaway,,2027-08-09,2027-08-09,594,USD,fixed,2,,fixed,,fixed
427313,FLOHOM 11 -- FLOHOM 11 | Virginia Beach,hostaway,,2027-08-09,2027-08-09,393,USD,fixed,2,,fixed,,fixed
422608,"FLOHOM 12 -- FLOHOM 12 | Inner Harbor - Fells Point, Baltimore",hostaway,,2027-08-09,2027-08-09,594,USD,fixed,2,,fixed,,fixed
485833,"FLOHOM 13 -- FLOHOM 13 | Inner Harbor, Baltimore",hostaway,,2027-08-09,2027-08-09,714,USD,fixed,2,,fixed,,fixed
407612,"FLOHOM 14 -- FLOHOM 14 | Pasadena, Chesapeake Bay",hostaway,,2027-08-09,2027-08-09,393,USD,fixed,2,,fixed,,fixed
467334,FLOHOM 15 -- FLOHOM 15 | North Myrtle Beach,hostaway,,2027-08-09,2027-08-09,648,USD,fixed,2,,fixed,,fixed
510832,FLOHOM 16 | Liberty Landing Marina,hostaway,,2027-08-09,2027-08-09,714,USD,fixed,2,,fixed,,fixed
146908,"FLOHOM 01 -- FLOHOM 01 | Inner Harbor, Baltimore",hostaway,,2027-08-10,2027-08-10,629,USD,fixed,2,,fixed,,fixed
146944,"FLOHOM 02 -- FLOHOM 02 | Inner Harbor - Canton, Baltimore",hostaway,,2027-08-10,2027-08-10,551,USD,fixed,2,,fixed,,fixed
146946,"FLOHOM 03 -- FLOHOM 03 | Magothy River, Annapolis",hostaway,,2027-08-10,2027-08-10,393,USD,fixed,2,,fixed,,fixed
260001,FLOHOM 04 -- FLOHOM 04 | National Harbor,hostaway,,2027-08-10,2027-08-10,629,USD,fixed,2,,fixed,,fixed
278502,"FLOHOM 05 -- FLOHOM 05 | Inner Harbor, Baltimore",hostaway,,2027-08-10,2027-08-10,478,USD,fixed,2,,fixed,,fixed
345316,FLOHOM 06 -- FLOHOM 06 | National Harbor,hostaway,,2027-08-10,2027-08-10,714,USD,fixed,2,,fixed,,fixed
366176,"FLOHOM 07 -- FLOHOM 07 | Inner Harbor - Canton, Baltimore",hostaway,,2027-08-10,2027-08-10,594,USD,fixed,2,,fixed,,fixed
376368,FLOHOM 08 -- FLOHOM 08 | National Harbor,hostaway,,2027-08-10,2027-08-10,478,USD,fixed,2,,fixed,,fixed
383097,FLOHOM 09 -- FLOHOM 09 | Baltimore Peninsula,hostaway,,2027-08-10,2027-08-10,478,USD,fixed,2,,fixed,,fixed
404358,FLOHOM 10 -- FLOHOM 10 | Virginia Beach,hostaway,,2027-08-10,2027-08-10,594,USD,fixed,2,,fixed,,fixed
427313,FLOHOM 11 -- FLOHOM 11 | Virginia Beach,hostaway,,2027-08-10,2027-08-10,393,USD,fixed,2,,fixed,,fixed
422608,"FLOHOM 12 -- FLOHOM 12 | Inner Harbor - Fells Point, Baltimore",hostaway,,2027-08-10,2027-08-10,594,USD,fixed,2,,fixed,,fixed
485833,"FLOHOM 13 -- FLOHOM 13 | Inner Harbor, Baltimore",hostaway,,2027-08-10,2027-08-10,714,USD,fixed,2,,fixed,,fixed
407612,"FLOHOM 14 -- FLOHOM 14 | Pasadena, Chesapeake Bay",hostaway,,2027-08-10,2027-08-10,393,USD,fixed,2,,fixed,,fixed
467334,FLOHOM 15 -- FLOHOM 15 | North Myrtle Beach,hostaway,,2027-08-10,2027-08-10,648,USD,fixed,2,,fixed,,fixed
510832,FLOHOM 16 | Liberty Landing Marina,hostaway,,2027-08-10,2027-08-10,714,USD,fixed,2,,fixed,,fixed
146908,"FLOHOM 01 -- FLOHOM 01 | Inner Harbor, Baltimore",hostaway,,2027-08-11,2027-08-11,629,USD,fixed,2,,fixed,,fixed
146944,"FLOHOM 02 -- FLOHOM 02 | Inner Harbor - Canton, Baltimore",hostaway,,2027-08-11,2027-08-11,551,USD,fixed,2,,fixed,,fixed
146946,"FLOHOM 03 -- FLOHOM 03 | Magothy River, Annapolis",hostaway,,2027-08-11,2027-08-11,393,USD,fixed,2,,fixed,,fixed
260001,FLOHOM 04 -- FLOHOM 04 | National Harbor,hostaway,,2027-08-11,2027-08-11,629,USD,fixed,2,,fixed,,fixed
278502,"FLOHOM 05 -- FLOHOM 05 | Inner Harbor, Baltimore",hostaway,,2027-08-11,2027-08-11,478,USD,fixed,2,,fixed,,fixed
345316,FLOHOM 06 -- FLOHOM 06 | National Harbor,hostaway,,2027-08-11,2027-08-11,714,USD,fixed,2,,fixed,,fixed
366176,"FLOHOM 07 -- FLOHOM 07 | Inner Harbor - Canton, Baltimore",hostaway,,2027-08-11,2027-08-11,594,USD,fixed,2,,fixed,,fixed
376368,FLOHOM 08 -- FLOHOM 08 | National Harbor,hostaway,,2027-08-11,2027-08-11,478,USD,fixed,2,,fixed,,fixed
383097,FLOHOM 09 -- FLOHOM 09 | Baltimore Peninsula,hostaway,,2027-08-11,2027-08-11,478,USD,fixed,2,,fixed,,fixed
404358,FLOHOM 10 -- FLOHOM 10 | Virginia Beach,hostaway,,2027-08-11,2027-08-11,594,USD,fixed,2,,fixed,,fixed
427313,FLOHOM 11 -- FLOHOM 11 | Virginia Beach,hostaway,,2027-08-11,2027-08-11,393,USD,fixed,2,,fixed,,fixed
422608,"FLOHOM 12 -- FLOHOM 12 | Inner Harbor - Fells Point, Baltimore",hostaway,,2027-08-11,2027-08-11,594,USD,fixed,2,,fixed,,fixed
485833,"FLOHOM 13 -- FLOHOM 13 | Inner Harbor, Baltimore",hostaway,,2027-08-11,2027-08-11,714,USD,fixed,2,,fixed,,fixed
407612,"FLOHOM 14 -- FLOHOM 14 | Pasadena, Chesapeake Bay",hostaway,,2027-08-11,2027-08-11,393,USD,fixed,2,,fixed,,fixed
467334,FLOHOM 15 -- FLOHOM 15 | North Myrtle Beach,hostaway,,2027-08-11,2027-08-11,648,USD,fixed,2,,fixed,,fixed
510832,FLOHOM 16 | Liberty Landing Marina,hostaway,,2027-08-11,2027-08-11,714,USD,fixed,2,,fixed,,fixed
146908,"FLOHOM 01 -- FLOHOM 01 | Inner Harbor, Baltimore",hostaway,,2027-08-12,2027-08-12,1019,USD,fixed,2,,fixed,,fixed
146944,"FLOHOM 02 -- FLOHOM 02 | Inner Harbor - Canton, Baltimore",hostaway,,2027-08-12,2027-08-12,862,USD,fixed,2,,fixed,,fixed
146946,"FLOHOM 03 -- FLOHOM 03 | Magothy River, Annapolis",hostaway,,2027-08-12,2027-08-12,689,USD,fixed,2,,fixed,,fixed
260001,FLOHOM 04 -- FLOHOM 04 | National Harbor,hostaway,,2027-08-12,2027-08-12,1019,USD,fixed,2,,fixed,,fixed
278502,"FLOHOM 05 -- FLOHOM 05 | Inner Harbor, Baltimore",hostaway,,2027-08-12,2027-08-12,753,USD,fixed,2,,fixed,,fixed
345316,FLOHOM 06 -- FLOHOM 06 | National Harbor,hostaway,,2027-08-12,2027-08-12,1109,USD,fixed,2,,fixed,,fixed
366176,"FLOHOM 07 -- FLOHOM 07 | Inner Harbor - Canton, Baltimore",hostaway,,2027-08-12,2027-08-12,881,USD,fixed,2,,fixed,,fixed
376368,FLOHOM 08 -- FLOHOM 08 | National Harbor,hostaway,,2027-08-12,2027-08-12,753,USD,fixed,2,,fixed,,fixed
383097,FLOHOM 09 -- FLOHOM 09 | Baltimore Peninsula,hostaway,,2027-08-12,2027-08-12,753,USD,fixed,2,,fixed,,fixed
404358,FLOHOM 10 -- FLOHOM 10 | Virginia Beach,hostaway,,2027-08-12,2027-08-12,881,USD,fixed,2,,fixed,,fixed
427313,FLOHOM 11 -- FLOHOM 11 | Virginia Beach,hostaway,,2027-08-12,2027-08-12,689,USD,fixed,2,,fixed,,fixed
422608,"FLOHOM 12 -- FLOHOM 12 | Inner Harbor - Fells Point, Baltimore",hostaway,,2027-08-12,2027-08-12,881,USD,fixed,2,,fixed,,fixed
485833,"FLOHOM 13 -- FLOHOM 13 | Inner Harbor, Baltimore",hostaway,,2027-08-12,2027-08-12,1109,USD,fixed,2,,fixed,,fixed
407612,"FLOHOM 14 -- FLOHOM 14 | Pasadena, Chesapeake Bay",hostaway,,2027-08-12,2027-08-12,689,USD,fixed,2,,fixed,,fixed
467334,FLOHOM 15 -- FLOHOM 15 | North Myrtle Beach,hostaway,,2027-08-12,2027-08-12,1055,USD,fixed,2,,fixed,,fixed
510832,FLOHOM 16 | Liberty Landing Marina,hostaway,,2027-08-12,2027-08-12,1109,USD,fixed,2,,fixed,,fixed
146908,"FLOHOM 01 -- FLOHOM 01 | Inner Harbor, Baltimore",hostaway,,2027-08-13,2027-08-13,1511,USD,fixed,2,,fixed,,fixed
146944,"FLOHOM 02 -- FLOHOM 02 | Inner Harbor - Canton, Baltimore",hostaway,,2027-08-13,2027-08-13,1219,USD,fixed,2,,fixed,,fixed
146946,"FLOHOM 03 -- FLOHOM 03 | Magothy River, Annapolis",hostaway,,2027-08-13,2027-08-13,1021,USD,fixed,2,,fixed,,fixed
260001,FLOHOM 04 -- FLOHOM 04 | National Harbor,hostaway,,2027-08-13,2027-08-13,1511,USD,fixed,2,,fixed,,fixed
278502,"FLOHOM 05 -- FLOHOM 05 | Inner Harbor, Baltimore",hostaway,,2027-08-13,2027-08-13,1147,USD,fixed,2,,fixed,,fixed
345316,FLOHOM 06 -- FLOHOM 06 | National Harbor,hostaway,,2027-08-13,2027-08-13,1842,USD,fixed,2,,fixed,,fixed
366176,"FLOHOM 07 -- FLOHOM 07 | Inner Harbor - Canton, Baltimore",hostaway,,2027-08-13,2027-08-13,1319,USD,fixed,2,,fixed,,fixed
376368,FLOHOM 08 -- FLOHOM 08 | National Harbor,hostaway,,2027-08-13,2027-08-13,1147,USD,fixed,2,,fixed,,fixed
383097,FLOHOM 09 -- FLOHOM 09 | Baltimore Peninsula,hostaway,,2027-08-13,2027-08-13,1147,USD,fixed,2,,fixed,,fixed
404358,FLOHOM 10 -- FLOHOM 10 | Virginia Beach,hostaway,,2027-08-13,2027-08-13,1319,USD,fixed,2,,fixed,,fixed
427313,FLOHOM 11 -- FLOHOM 11 | Virginia Beach,hostaway,,2027-08-13,2027-08-13,1021,USD,fixed,2,,fixed,,fixed
422608,"FLOHOM 12 -- FLOHOM 12 | Inner Harbor - Fells Point, Baltimore",hostaway,,2027-08-13,2027-08-13,1319,USD,fixed,2,,fixed,,fixed
485833,"FLOHOM 13 -- FLOHOM 13 | Inner Harbor, Baltimore",hostaway,,2027-08-13,2027-08-13,1842,USD,fixed,2,,fixed,,fixed
407612,"FLOHOM 14 -- FLOHOM 14 | Pasadena, Chesapeake Bay",hostaway,,2027-08-13,2027-08-13,1021,USD,fixed,2,,fixed,,fixed
467334,FLOHOM 15 -- FLOHOM 15 | North Myrtle Beach,hostaway,,2027-08-13,2027-08-13,1655,USD,fixed,2,,fixed,,fixed
510832,FLOHOM 16 | Liberty Landing Marina,hostaway,,2027-08-13,2027-08-13,1842,USD,fixed,2,,fixed,,fixed
146908,"FLOHOM 01 -- FLOHOM 01 | Inner Harbor, Baltimore",hostaway,,2027-08-14,2027-08-14,1511,USD,fixed,2,,fixed,,fixed
146944,"FLOHOM 02 -- FLOHOM 02 | Inner Harbor - Canton, Baltimore",hostaway,,2027-08-14,2027-08-14,1219,USD,fixed,2,,fixed,,fixed
146946,"FLOHOM 03 -- FLOHOM 03 | Magothy River, Annapolis",hostaway,,2027-08-14,2027-08-14,1021,USD,fixed,2,,fixed,,fixed
260001,FLOHOM 04 -- FLOHOM 04 | National Harbor,hostaway,,2027-08-14,2027-08-14,1511,USD,fixed,2,,fixed,,fixed
278502,"FLOHOM 05 -- FLOHOM 05 | Inner Harbor, Baltimore",hostaway,,2027-08-14,2027-08-14,1147,USD,fixed,2,,fixed,,fixed
345316,FLOHOM 06 -- FLOHOM 06 | National Harbor,hostaway,,2027-08-14,2027-08-14,1842,USD,fixed,2,,fixed,,fixed
366176,"FLOHOM 07 -- FLOHOM 07 | Inner Harbor - Canton, Baltimore",hostaway,,2027-08-14,2027-08-14,1319,USD,fixed,2,,fixed,,fixed
376368,FLOHOM 08 -- FLOHOM 08 | National Harbor,hostaway,,2027-08-14,2027-08-14,1147,USD,fixed,2,,fixed,,fixed
383097,FLOHOM 09 -- FLOHOM 09 | Baltimore Peninsula,hostaway,,2027-08-14,2027-08-14,1147,USD,fixed,2,,fixed,,fixed
404358,FLOHOM 10 -- FLOHOM 10 | Virginia Beach,hostaway,,2027-08-14,2027-08-14,1319,USD,fixed,2,,fixed,,fixed
427313,FLOHOM 11 -- FLOHOM 11 | Virginia Beach,hostaway,,2027-08-14,2027-08-14,1021,USD,fixed,2,,fixed,,fixed
422608,"FLOHOM 12 -- FLOHOM 12 | Inner Harbor - Fells Point, Baltimore",hostaway,,2027-08-14,2027-08-14,1319,USD,fixed,2,,fixed,,fixed
485833,"FLOHOM 13 -- FLOHOM 13 | Inner Harbor, Baltimore",hostaway,,2027-08-14,2027-08-14,1842,USD,fixed,2,,fixed,,fixed
407612,"FLOHOM 14 -- FLOHOM 14 | Pasadena, Chesapeake Bay",hostaway,,2027-08-14,2027-08-14,1021,USD,fixed,2,,fixed,,fixed
467334,FLOHOM 15 -- FLOHOM 15 | North Myrtle Beach,hostaway,,2027-08-14,2027-08-14,1655,USD,fixed,2,,fixed,,fixed
510832,FLOHOM 16 | Liberty Landing Marina,hostaway,,2027-08-14,2027-08-14,1842,USD,fixed,2,,fixed,,fixed
146908,"FLOHOM 01 -- FLOHOM 01 | Inner Harbor, Baltimore",hostaway,,2027-08-15,2027-08-15,1019,USD,fixed,2,,fixed,,fixed
146944,"FLOHOM 02 -- FLOHOM 02 | Inner Harbor - Canton, Baltimore",hostaway,,2027-08-15,2027-08-15,862,USD,fixed,2,,fixed,,fixed
146946,"FLOHOM 03 -- FLOHOM 03 | Magothy River, Annapolis",hostaway,,2027-08-15,2027-08-15,689,USD,fixed,2,,fixed,,fixed
260001,FLOHOM 04 -- FLOHOM 04 | National Harbor,hostaway,,2027-08-15,2027-08-15,1019,USD,fixed,2,,fixed,,fixed
278502,"FLOHOM 05 -- FLOHOM 05 | Inner Harbor, Baltimore",hostaway,,2027-08-15,2027-08-15,753,USD,fixed,2,,fixed,,fixed
345316,FLOHOM 06 -- FLOHOM 06 | National Harbor,hostaway,,2027-08-15,2027-08-15,1109,USD,fixed,2,,fixed,,fixed
366176,"FLOHOM 07 -- FLOHOM 07 | Inner Harbor - Canton, Baltimore",hostaway,,2027-08-15,2027-08-15,881,USD,fixed,2,,fixed,,fixed
376368,FLOHOM 08 -- FLOHOM 08 | National Harbor,hostaway,,2027-08-15,2027-08-15,753,USD,fixed,2,,fixed,,fixed
383097,FLOHOM 09 -- FLOHOM 09 | Baltimore Peninsula,hostaway,,2027-08-15,2027-08-15,753,USD,fixed,2,,fixed,,fixed
404358,FLOHOM 10 -- FLOHOM 10 | Virginia Beach,hostaway,,2027-08-15,2027-08-15,881,USD,fixed,2,,fixed,,fixed
427313,FLOHOM 11 -- FLOHOM 11 | Virginia Beach,hostaway,,2027-08-15,2027-08-15,689,USD,fixed,2,,fixed,,fixed
422608,"FLOHOM 12 -- FLOHOM 12 | Inner Harbor - Fells Point, Baltimore",hostaway,,2027-08-15,2027-08-15,881,USD,fixed,2,,fixed,,fixed
485833,"FLOHOM 13 -- FLOHOM 13 | Inner Harbor, Baltimore",hostaway,,2027-08-15,2027-08-15,1109,USD,fixed,2,,fixed,,fixed
407612,"FLOHOM 14 -- FLOHOM 14 | Pasadena, Chesapeake Bay",hostaway,,2027-08-15,2027-08-15,689,USD,fixed,2,,fixed,,fixed
467334,FLOHOM 15 -- FLOHOM 15 | North Myrtle Beach,hostaway,,2027-08-15,2027-08-15,1055,USD,fixed,2,,fixed,,fixed
510832,FLOHOM 16 | Liberty Landing Marina,hostaway,,2027-08-15,2027-08-15,1109,USD,fixed,2,,fixed,,fixed
146908,"FLOHOM 01 -- FLOHOM 01 | Inner Harbor, Baltimore",hostaway,,2027-08-16,2027-08-16,629,USD,fixed,2,,fixed,,fixed
146944,"FLOHOM 02 -- FLOHOM 02 | Inner Harbor - Canton, Baltimore",hostaway,,2027-08-16,2027-08-16,551,USD,fixed,2,,fixed,,fixed
146946,"FLOHOM 03 -- FLOHOM 03 | Magothy River, Annapolis",hostaway,,2027-08-16,2027-08-16,393,USD,fixed,2,,fixed,,fixed
260001,FLOHOM 04 -- FLOHOM 04 | National Harbor,hostaway,,2027-08-16,2027-08-16,629,USD,fixed,2,,fixed,,fixed
278502,"FLOHOM 05 -- FLOHOM 05 | Inner Harbor, Baltimore",hostaway,,2027-08-16,2027-08-16,478,USD,fixed,2,,fixed,,fixed
345316,FLOHOM 06 -- FLOHOM 06 | National Harbor,hostaway,,2027-08-16,2027-08-16,714,USD,fixed,2,,fixed,,fixed
366176,"FLOHOM 07 -- FLOHOM 07 | Inner Harbor - Canton, Baltimore",hostaway,,2027-08-16,2027-08-16,594,USD,fixed,2,,fixed,,fixed
376368,FLOHOM 08 -- FLOHOM 08 | National Harbor,hostaway,,2027-08-16,2027-08-16,478,USD,fixed,2,,fixed,,fixed
383097,FLOHOM 09 -- FLOHOM 09 | Baltimore Peninsula,hostaway,,2027-08-16,2027-08-16,478,USD,fixed,2,,fixed,,fixed
404358,FLOHOM 10 -- FLOHOM 10 | Virginia Beach,hostaway,,2027-08-16,2027-08-16,594,USD,fixed,2,,fixed,,fixed
427313,FLOHOM 11 -- FLOHOM 11 | Virginia Beach,hostaway,,2027-08-16,2027-08-16,393,USD,fixed,2,,fixed,,fixed
422608,"FLOHOM 12 -- FLOHOM 12 | Inner Harbor - Fells Point, Baltimore",hostaway,,2027-08-16,2027-08-16,594,USD,fixed,2,,fixed,,fixed
485833,"FLOHOM 13 -- FLOHOM 13 | Inner Harbor, Baltimore",hostaway,,2027-08-16,2027-08-16,714,USD,fixed,2,,fixed,,fixed
407612,"FLOHOM 14 -- FLOHOM 14 | Pasadena, Chesapeake Bay",hostaway,,2027-08-16,2027-08-16,393,USD,fixed,2,,fixed,,fixed
467334,FLOHOM 15 -- FLOHOM 15 | North Myrtle Beach,hostaway,,2027-08-16,2027-08-16,648,USD,fixed,2,,fixed,,fixed
510832,FLOHOM 16 | Liberty Landing Marina,hostaway,,2027-08-16,2027-08-16,714,USD,fixed,2,,fixed,,fixed
146908,"FLOHOM 01 -- FLOHOM 01 | Inner Harbor, Baltimore",hostaway,,2027-08-17,2027-08-17,629,USD,fixed,2,,fixed,,fixed
146944,"FLOHOM 02 -- FLOHOM 02 | Inner Harbor - Canton, Baltimore",hostaway,,2027-08-17,2027-08-17,551,USD,fixed,2,,fixed,,fixed
146946,"FLOHOM 03 -- FLOHOM 03 | Magothy River, Annapolis",hostaway,,2027-08-17,2027-08-17,393,USD,fixed,2,,fixed,,fixed
260001,FLOHOM 04 -- FLOHOM 04 | National Harbor,hostaway,,2027-08-17,2027-08-17,629,USD,fixed,2,,fixed,,fixed
278502,"FLOHOM 05 -- FLOHOM 05 | Inner Harbor, Baltimore",hostaway,,2027-08-17,2027-08-17,478,USD,fixed,2,,fixed,,fixed
345316,FLOHOM 06 -- FLOHOM 06 | National Harbor,hostaway,,2027-08-17,2027-08-17,714,USD,fixed,2,,fixed,,fixed
366176,"FLOHOM 07 -- FLOHOM 07 | Inner Harbor - Canton, Baltimore",hostaway,,2027-08-17,2027-08-17,594,USD,fixed,2,,fixed,,fixed
376368,FLOHOM 08 -- FLOHOM 08 | National Harbor,hostaway,,2027-08-17,2027-08-17,478,USD,fixed,2,,fixed,,fixed
383097,FLOHOM 09 -- FLOHOM 09 | Baltimore Peninsula,hostaway,,2027-08-17,2027-08-17,478,USD,fixed,2,,fixed,,fixed
404358,FLOHOM 10 -- FLOHOM 10 | Virginia Beach,hostaway,,2027-08-17,2027-08-17,594,USD,fixed,2,,fixed,,fixed
427313,FLOHOM 11 -- FLOHOM 11 | Virginia Beach,hostaway,,2027-08-17,2027-08-17,393,USD,fixed,2,,fixed,,fixed
422608,"FLOHOM 12 -- FLOHOM 12 | Inner Harbor - Fells Point, Baltimore",hostaway,,2027-08-17,2027-08-17,594,USD,fixed,2,,fixed,,fixed
485833,"FLOHOM 13 -- FLOHOM 13 | Inner Harbor, Baltimore",hostaway,,2027-08-17,2027-08-17,714,USD,fixed,2,,fixed,,fixed
407612,"FLOHOM 14 -- FLOHOM 14 | Pasadena, Chesapeake Bay",hostaway,,2027-08-17,2027-08-17,393,USD,fixed,2,,fixed,,fixed
467334,FLOHOM 15 -- FLOHOM 15 | North Myrtle Beach,hostaway,,2027-08-17,2027-08-17,648,USD,fixed,2,,fixed,,fixed
510832,FLOHOM 16 | Liberty Landing Marina,hostaway,,2027-08-17,2027-08-17,714,USD,fixed,2,,fixed,,fixed
146908,"FLOHOM 01 -- FLOHOM 01 | Inner Harbor, Baltimore",hostaway,,2027-08-18,2027-08-18,629,USD,fixed,2,,fixed,,fixed
146944,"FLOHOM 02 -- FLOHOM 02 | Inner Harbor - Canton, Baltimore",hostaway,,2027-08-18,2027-08-18,551,USD,fixed,2,,fixed,,fixed
146946,"FLOHOM 03 -- FLOHOM 03 | Magothy River, Annapolis",hostaway,,2027-08-18,2027-08-18,393,USD,fixed,2,,fixed,,fixed
260001,FLOHOM 04 -- FLOHOM 04 | National Harbor,hostaway,,2027-08-18,2027-08-18,629,USD,fixed,2,,fixed,,fixed
278502,"FLOHOM 05 -- FLOHOM 05 | Inner Harbor, Baltimore",hostaway,,2027-08-18,2027-08-18,478,USD,fixed,2,,fixed,,fixed
345316,FLOHOM 06 -- FLOHOM 06 | National Harbor,hostaway,,2027-08-18,2027-08-18,714,USD,fixed,2,,fixed,,fixed
366176,"FLOHOM 07 -- FLOHOM 07 | Inner Harbor - Canton, Baltimore",hostaway,,2027-08-18,2027-08-18,594,USD,fixed,2,,fixed,,fixed
376368,FLOHOM 08 -- FLOHOM 08 | National Harbor,hostaway,,2027-08-18,2027-08-18,478,USD,fixed,2,,fixed,,fixed
383097,FLOHOM 09 -- FLOHOM 09 | Baltimore Peninsula,hostaway,,2027-08-18,2027-08-18,478,USD,fixed,2,,fixed,,fixed
404358,FLOHOM 10 -- FLOHOM 10 | Virginia Beach,hostaway,,2027-08-18,2027-08-18,594,USD,fixed,2,,fixed,,fixed
427313,FLOHOM 11 -- FLOHOM 11 | Virginia Beach,hostaway,,2027-08-18,2027-08-18,393,USD,fixed,2,,fixed,,fixed
422608,"FLOHOM 12 -- FLOHOM 12 | Inner Harbor - Fells Point, Baltimore",hostaway,,2027-08-18,2027-08-18,594,USD,fixed,2,,fixed,,fixed
485833,"FLOHOM 13 -- FLOHOM 13 | Inner Harbor, Baltimore",hostaway,,2027-08-18,2027-08-18,714,USD,fixed,2,,fixed,,fixed
407612,"FLOHOM 14 -- FLOHOM 14 | Pasadena, Chesapeake Bay",hostaway,,2027-08-18,2027-08-18,393,USD,fixed,2,,fixed,,fixed
467334,FLOHOM 15 -- FLOHOM 15 | North Myrtle Beach,hostaway,,2027-08-18,2027-08-18,648,USD,fixed,2,,fixed,,fixed
510832,FLOHOM 16 | Liberty Landing Marina,hostaway,,2027-08-18,2027-08-18,714,USD,fixed,2,,fixed,,fixed
146908,"FLOHOM 01 -- FLOHOM 01 | Inner Harbor, Baltimore",hostaway,,2027-08-19,2027-08-19,1019,USD,fixed,2,,fixed,,fixed
146944,"FLOHOM 02 -- FLOHOM 02 | Inner Harbor - Canton, Baltimore",hostaway,,2027-08-19,2027-08-19,862,USD,fixed,2,,fixed,,fixed
146946,"FLOHOM 03 -- FLOHOM 03 | Magothy River, Annapolis",hostaway,,2027-08-19,2027-08-19,689,USD,fixed,2,,fixed,,fixed
260001,FLOHOM 04 -- FLOHOM 04 | National Harbor,hostaway,,2027-08-19,2027-08-19,1019,USD,fixed,2,,fixed,,fixed
278502,"FLOHOM 05 -- FLOHOM 05 | Inner Harbor, Baltimore",hostaway,,2027-08-19,2027-08-19,753,USD,fixed,2,,fixed,,fixed
345316,FLOHOM 06 -- FLOHOM 06 | National Harbor,hostaway,,2027-08-19,2027-08-19,1109,USD,fixed,2,,fixed,,fixed
366176,"FLOHOM 07 -- FLOHOM 07 | Inner Harbor - Canton, Baltimore",hostaway,,2027-08-19,2027-08-19,881,USD,fixed,2,,fixed,,fixed
376368,FLOHOM 08 -- FLOHOM 08 | National Harbor,hostaway,,2027-08-19,2027-08-19,753,USD,fixed,2,,fixed,,fixed
383097,FLOHOM 09 -- FLOHOM 09 | Baltimore Peninsula,hostaway,,2027-08-19,2027-08-19,753,USD,fixed,2,,fixed,,fixed
404358,FLOHOM 10 -- FLOHOM 10 | Virginia Beach,hostaway,,2027-08-19,2027-08-19,881,USD,fixed,2,,fixed,,fixed
427313,FLOHOM 11 -- FLOHOM 11 | Virginia Beach,hostaway,,2027-08-19,2027-08-19,689,USD,fixed,2,,fixed,,fixed
422608,"FLOHOM 12 -- FLOHOM 12 | Inner Harbor - Fells Point, Baltimore",hostaway,,2027-08-19,2027-08-19,881,USD,fixed,2,,fixed,,fixed
485833,"FLOHOM 13 -- FLOHOM 13 | Inner Harbor, Baltimore",hostaway,,2027-08-19,2027-08-19,1109,USD,fixed,2,,fixed,,fixed
407612,"FLOHOM 14 -- FLOHOM 14 | Pasadena, Chesapeake Bay",hostaway,,2027-08-19,2027-08-19,689,USD,fixed,2,,fixed,,fixed
467334,FLOHOM 15 -- FLOHOM 15 | North Myrtle Beach,hostaway,,2027-08-19,2027-08-19,1055,USD,fixed,2,,fixed,,fixed
510832,FLOHOM 16 | Liberty Landing Marina,hostaway,,2027-08-19,2027-08-19,1109,USD,fixed,2,,fixed,,fixed
146908,"FLOHOM 01 -- FLOHOM 01 | Inner Harbor, Baltimore",hostaway,,2027-08-20,2027-08-20,1511,USD,fixed,2,,fixed,,fixed
146944,"FLOHOM 02 -- FLOHOM 02 | Inner Harbor - Canton, Baltimore",hostaway,,2027-08-20,2027-08-20,1219,USD,fixed,2,,fixed,,fixed
146946,"FLOHOM 03 -- FLOHOM 03 | Magothy River, Annapolis",hostaway,,2027-08-20,2027-08-20,1021,USD,fixed,2,,fixed,,fixed
260001,FLOHOM 04 -- FLOHOM 04 | National Harbor,hostaway,,2027-08-20,2027-08-20,1511,USD,fixed,2,,fixed,,fixed
278502,"FLOHOM 05 -- FLOHOM 05 | Inner Harbor, Baltimore",hostaway,,2027-08-20,2027-08-20,1147,USD,fixed,2,,fixed,,fixed
345316,FLOHOM 06 -- FLOHOM 06 | National Harbor,hostaway,,2027-08-20,2027-08-20,1842,USD,fixed,2,,fixed,,fixed
366176,"FLOHOM 07 -- FLOHOM 07 | Inner Harbor - Canton, Baltimore",hostaway,,2027-08-20,2027-08-20,1319,USD,fixed,2,,fixed,,fixed
376368,FLOHOM 08 -- FLOHOM 08 | National Harbor,hostaway,,2027-08-20,2027-08-20,1147,USD,fixed,2,,fixed,,fixed
383097,FLOHOM 09 -- FLOHOM 09 | Baltimore Peninsula,hostaway,,2027-08-20,2027-08-20,1147,USD,fixed,2,,fixed,,fixed
404358,FLOHOM 10 -- FLOHOM 10 | Virginia Beach,hostaway,,2027-08-20,2027-08-20,1319,USD,fixed,2,,fixed,,fixed
427313,FLOHOM 11 -- FLOHOM 11 | Virginia Beach,hostaway,,2027-08-20,2027-08-20,1021,USD,fixed,2,,fixed,,fixed
422608,"FLOHOM 12 -- FLOHOM 12 | Inner Harbor - Fells Point, Baltimore",hostaway,,2027-08-20,2027-08-20,1319,USD,fixed,2,,fixed,,fixed
485833,"FLOHOM 13 -- FLOHOM 13 | Inner Harbor, Baltimore",hostaway,,2027-08-20,2027-08-20,1842,USD,fixed,2,,fixed,,fixed
407612,"FLOHOM 14 -- FLOHOM 14 | Pasadena, Chesapeake Bay",hostaway,,2027-08-20,2027-08-20,1021,USD,fixed,2,,fixed,,fixed
467334,FLOHOM 15 -- FLOHOM 15 | North Myrtle Beach,hostaway,,2027-08-20,2027-08-20,1655,USD,fixed,2,,fixed,,fixed
510832,FLOHOM 16 | Liberty Landing Marina,hostaway,,2027-08-20,2027-08-20,1842,USD,fixed,2,,fixed,,fixed
146908,"FLOHOM 01 -- FLOHOM 01 | Inner Harbor, Baltimore",hostaway,,2027-08-21,2027-08-21,1511,USD,fixed,2,,fixed,,fixed
146944,"FLOHOM 02 -- FLOHOM 02 | Inner Harbor - Canton, Baltimore",hostaway,,2027-08-21,2027-08-21,1219,USD,fixed,2,,fixed,,fixed
146946,"FLOHOM 03 -- FLOHOM 03 | Magothy River, Annapolis",hostaway,,2027-08-21,2027-08-21,1021,USD,fixed,2,,fixed,,fixed
260001,FLOHOM 04 -- FLOHOM 04 | National Harbor,hostaway,,2027-08-21,2027-08-21,1511,USD,fixed,2,,fixed,,fixed
278502,"FLOHOM 05 -- FLOHOM 05 | Inner Harbor, Baltimore",hostaway,,2027-08-21,2027-08-21,1147,USD,fixed,2,,fixed,,fixed
345316,FLOHOM 06 -- FLOHOM 06 | National Harbor,hostaway,,2027-08-21,2027-08-21,1842,USD,fixed,2,,fixed,,fixed
366176,"FLOHOM 07 -- FLOHOM 07 | Inner Harbor - Canton, Baltimore",hostaway,,2027-08-21,2027-08-21,1319,USD,fixed,2,,fixed,,fixed
376368,FLOHOM 08 -- FLOHOM 08 | National Harbor,hostaway,,2027-08-21,2027-08-21,1147,USD,fixed,2,,fixed,,fixed
383097,FLOHOM 09 -- FLOHOM 09 | Baltimore Peninsula,hostaway,,2027-08-21,2027-08-21,1147,USD,fixed,2,,fixed,,fixed
404358,FLOHOM 10 -- FLOHOM 10 | Virginia Beach,hostaway,,2027-08-21,2027-08-21,1319,USD,fixed,2,,fixed,,fixed
427313,FLOHOM 11 -- FLOHOM 11 | Virginia Beach,hostaway,,2027-08-21,2027-08-21,1021,USD,fixed,2,,fixed,,fixed
422608,"FLOHOM 12 -- FLOHOM 12 | Inner Harbor - Fells Point, Baltimore",hostaway,,2027-08-21,2027-08-21,1319,USD,fixed,2,,fixed,,fixed
485833,"FLOHOM 13 -- FLOHOM 13 | Inner Harbor, Baltimore",hostaway,,2027-08-21,2027-08-21,1842,USD,fixed,2,,fixed,,fixed
407612,"FLOHOM 14 -- FLOHOM 14 | Pasadena, Chesapeake Bay",hostaway,,2027-08-21,2027-08-21,1021,USD,fixed,2,,fixed,,fixed
467334,FLOHOM 15 -- FLOHOM 15 | North Myrtle Beach,hostaway,,2027-08-21,2027-08-21,1655,USD,fixed,2,,fixed,,fixed
510832,FLOHOM 16 | Liberty Landing Marina,hostaway,,2027-08-21,2027-08-21,1842,USD,fixed,2,,fixed,,fixed
146908,"FLOHOM 01 -- FLOHOM 01 | Inner Harbor, Baltimore",hostaway,,2027-08-22,2027-08-22,1019,USD,fixed,2,,fixed,,fixed
146944,"FLOHOM 02 -- FLOHOM 02 | Inner Harbor - Canton, Baltimore",hostaway,,2027-08-22,2027-08-22,862,USD,fixed,2,,fixed,,fixed
146946,"FLOHOM 03 -- FLOHOM 03 | Magothy River, Annapolis",hostaway,,2027-08-22,2027-08-22,689,USD,fixed,2,,fixed,,fixed
260001,FLOHOM 04 -- FLOHOM 04 | National Harbor,hostaway,,2027-08-22,2027-08-22,1019,USD,fixed,2,,fixed,,fixed
278502,"FLOHOM 05 -- FLOHOM 05 | Inner Harbor, Baltimore",hostaway,,2027-08-22,2027-08-22,753,USD,fixed,2,,fixed,,fixed
345316,FLOHOM 06 -- FLOHOM 06 | National Harbor,hostaway,,2027-08-22,2027-08-22,1109,USD,fixed,2,,fixed,,fixed
366176,"FLOHOM 07 -- FLOHOM 07 | Inner Harbor - Canton, Baltimore",hostaway,,2027-08-22,2027-08-22,881,USD,fixed,2,,fixed,,fixed
376368,FLOHOM 08 -- FLOHOM 08 | National Harbor,hostaway,,2027-08-22,2027-08-22,753,USD,fixed,2,,fixed,,fixed
383097,FLOHOM 09 -- FLOHOM 09 | Baltimore Peninsula,hostaway,,2027-08-22,2027-08-22,753,USD,fixed,2,,fixed,,fixed
404358,FLOHOM 10 -- FLOHOM 10 | Virginia Beach,hostaway,,2027-08-22,2027-08-22,881,USD,fixed,2,,fixed,,fixed
427313,FLOHOM 11 -- FLOHOM 11 | Virginia Beach,hostaway,,2027-08-22,2027-08-22,689,USD,fixed,2,,fixed,,fixed
422608,"FLOHOM 12 -- FLOHOM 12 | Inner Harbor - Fells Point, Baltimore",hostaway,,2027-08-22,2027-08-22,881,USD,fixed,2,,fixed,,fixed
485833,"FLOHOM 13 -- FLOHOM 13 | Inner Harbor, Baltimore",hostaway,,2027-08-22,2027-08-22,1109,USD,fixed,2,,fixed,,fixed
407612,"FLOHOM 14 -- FLOHOM 14 | Pasadena, Chesapeake Bay",hostaway,,2027-08-22,2027-08-22,689,USD,fixed,2,,fixed,,fixed
467334,FLOHOM 15 -- FLOHOM 15 | North Myrtle Beach,hostaway,,2027-08-22,2027-08-22,1055,USD,fixed,2,,fixed,,fixed
510832,FLOHOM 16 | Liberty Landing Marina,hostaway,,2027-08-22,2027-08-22,1109,USD,fixed,2,,fixed,,fixed
146908,"FLOHOM 01 -- FLOHOM 01 | Inner Harbor, Baltimore",hostaway,,2027-08-23,2027-08-23,629,USD,fixed,2,,fixed,,fixed
146944,"FLOHOM 02 -- FLOHOM 02 | Inner Harbor - Canton, Baltimore",hostaway,,2027-08-23,2027-08-23,551,USD,fixed,2,,fixed,,fixed
146946,"FLOHOM 03 -- FLOHOM 03 | Magothy River, Annapolis",hostaway,,2027-08-23,2027-08-23,393,USD,fixed,2,,fixed,,fixed
260001,FLOHOM 04 -- FLOHOM 04 | National Harbor,hostaway,,2027-08-23,2027-08-23,629,USD,fixed,2,,fixed,,fixed
278502,"FLOHOM 05 -- FLOHOM 05 | Inner Harbor, Baltimore",hostaway,,2027-08-23,2027-08-23,478,USD,fixed,2,,fixed,,fixed
345316,FLOHOM 06 -- FLOHOM 06 | National Harbor,hostaway,,2027-08-23,2027-08-23,714,USD,fixed,2,,fixed,,fixed
366176,"FLOHOM 07 -- FLOHOM 07 | Inner Harbor - Canton, Baltimore",hostaway,,2027-08-23,2027-08-23,594,USD,fixed,2,,fixed,,fixed
376368,FLOHOM 08 -- FLOHOM 08 | National Harbor,hostaway,,2027-08-23,2027-08-23,478,USD,fixed,2,,fixed,,fixed
383097,FLOHOM 09 -- FLOHOM 09 | Baltimore Peninsula,hostaway,,2027-08-23,2027-08-23,478,USD,fixed,2,,fixed,,fixed
404358,FLOHOM 10 -- FLOHOM 10 | Virginia Beach,hostaway,,2027-08-23,2027-08-23,594,USD,fixed,2,,fixed,,fixed
427313,FLOHOM 11 -- FLOHOM 11 | Virginia Beach,hostaway,,2027-08-23,2027-08-23,393,USD,fixed,2,,fixed,,fixed
422608,"FLOHOM 12 -- FLOHOM 12 | Inner Harbor - Fells Point, Baltimore",hostaway,,2027-08-23,2027-08-23,594,USD,fixed,2,,fixed,,fixed
485833,"FLOHOM 13 -- FLOHOM 13 | Inner Harbor, Baltimore",hostaway,,2027-08-23,2027-08-23,714,USD,fixed,2,,fixed,,fixed
407612,"FLOHOM 14 -- FLOHOM 14 | Pasadena, Chesapeake Bay",hostaway,,2027-08-23,2027-08-23,393,USD,fixed,2,,fixed,,fixed
467334,FLOHOM 15 -- FLOHOM 15 | North Myrtle Beach,hostaway,,2027-08-23,2027-08-23,648,USD,fixed,2,,fixed,,fixed
510832,FLOHOM 16 | Liberty Landing Marina,hostaway,,2027-08-23,2027-08-23,714,USD,fixed,2,,fixed,,fixed
146908,"FLOHOM 01 -- FLOHOM 01 | Inner Harbor, Baltimore",hostaway,,2027-08-24,2027-08-24,629,USD,fixed,2,,fixed,,fixed
146944,"FLOHOM 02 -- FLOHOM 02 | Inner Harbor - Canton, Baltimore",hostaway,,2027-08-24,2027-08-24,551,USD,fixed,2,,fixed,,fixed
146946,"FLOHOM 03 -- FLOHOM 03 | Magothy River, Annapolis",hostaway,,2027-08-24,2027-08-24,393,USD,fixed,2,,fixed,,fixed
260001,FLOHOM 04 -- FLOHOM 04 | National Harbor,hostaway,,2027-08-24,2027-08-24,629,USD,fixed,2,,fixed,,fixed
278502,"FLOHOM 05 -- FLOHOM 05 | Inner Harbor, Baltimore",hostaway,,2027-08-24,2027-08-24,478,USD,fixed,2,,fixed,,fixed
345316,FLOHOM 06 -- FLOHOM 06 | National Harbor,hostaway,,2027-08-24,2027-08-24,714,USD,fixed,2,,fixed,,fixed
366176,"FLOHOM 07 -- FLOHOM 07 | Inner Harbor - Canton, Baltimore",hostaway,,2027-08-24,2027-08-24,594,USD,fixed,2,,fixed,,fixed
376368,FLOHOM 08 -- FLOHOM 08 | National Harbor,hostaway,,2027-08-24,2027-08-24,478,USD,fixed,2,,fixed,,fixed
383097,FLOHOM 09 -- FLOHOM 09 | Baltimore Peninsula,hostaway,,2027-08-24,2027-08-24,478,USD,fixed,2,,fixed,,fixed
404358,FLOHOM 10 -- FLOHOM 10 | Virginia Beach,hostaway,,2027-08-24,2027-08-24,594,USD,fixed,2,,fixed,,fixed
427313,FLOHOM 11 -- FLOHOM 11 | Virginia Beach,hostaway,,2027-08-24,2027-08-24,393,USD,fixed,2,,fixed,,fixed
422608,"FLOHOM 12 -- FLOHOM 12 | Inner Harbor - Fells Point, Baltimore",hostaway,,2027-08-24,2027-08-24,594,USD,fixed,2,,fixed,,fixed
485833,"FLOHOM 13 -- FLOHOM 13 | Inner Harbor, Baltimore",hostaway,,2027-08-24,2027-08-24,714,USD,fixed,2,,fixed,,fixed
407612,"FLOHOM 14 -- FLOHOM 14 | Pasadena, Chesapeake Bay",hostaway,,2027-08-24,2027-08-24,393,USD,fixed,2,,fixed,,fixed
467334,FLOHOM 15 -- FLOHOM 15 | North Myrtle Beach,hostaway,,2027-08-24,2027-08-24,648,USD,fixed,2,,fixed,,fixed
510832,FLOHOM 16 | Liberty Landing Marina,hostaway,,2027-08-24,2027-08-24,714,USD,fixed,2,,fixed,,fixed
146908,"FLOHOM 01 -- FLOHOM 01 | Inner Harbor, Baltimore",hostaway,,2027-08-25,2027-08-25,629,USD,fixed,2,,fixed,,fixed
146944,"FLOHOM 02 -- FLOHOM 02 | Inner Harbor - Canton, Baltimore",hostaway,,2027-08-25,2027-08-25,551,USD,fixed,2,,fixed,,fixed
146946,"FLOHOM 03 -- FLOHOM 03 | Magothy River, Annapolis",hostaway,,2027-08-25,2027-08-25,393,USD,fixed,2,,fixed,,fixed
260001,FLOHOM 04 -- FLOHOM 04 | National Harbor,hostaway,,2027-08-25,2027-08-25,629,USD,fixed,2,,fixed,,fixed
278502,"FLOHOM 05 -- FLOHOM 05 | Inner Harbor, Baltimore",hostaway,,2027-08-25,2027-08-25,478,USD,fixed,2,,fixed,,fixed
345316,FLOHOM 06 -- FLOHOM 06 | National Harbor,hostaway,,2027-08-25,2027-08-25,714,USD,fixed,2,,fixed,,fixed
366176,"FLOHOM 07 -- FLOHOM 07 | Inner Harbor - Canton, Baltimore",hostaway,,2027-08-25,2027-08-25,594,USD,fixed,2,,fixed,,fixed
376368,FLOHOM 08 -- FLOHOM 08 | National Harbor,hostaway,,2027-08-25,2027-08-25,478,USD,fixed,2,,fixed,,fixed
383097,FLOHOM 09 -- FLOHOM 09 | Baltimore Peninsula,hostaway,,2027-08-25,2027-08-25,478,USD,fixed,2,,fixed,,fixed
404358,FLOHOM 10 -- FLOHOM 10 | Virginia Beach,hostaway,,2027-08-25,2027-08-25,594,USD,fixed,2,,fixed,,fixed
427313,FLOHOM 11 -- FLOHOM 11 | Virginia Beach,hostaway,,2027-08-25,2027-08-25,393,USD,fixed,2,,fixed,,fixed
422608,"FLOHOM 12 -- FLOHOM 12 | Inner Harbor - Fells Point, Baltimore",hostaway,,2027-08-25,2027-08-25,594,USD,fixed,2,,fixed,,fixed
485833,"FLOHOM 13 -- FLOHOM 13 | Inner Harbor, Baltimore",hostaway,,2027-08-25,2027-08-25,714,USD,fixed,2,,fixed,,fixed
407612,"FLOHOM 14 -- FLOHOM 14 | Pasadena, Chesapeake Bay",hostaway,,2027-08-25,2027-08-25,393,USD,fixed,2,,fixed,,fixed
467334,FLOHOM 15 -- FLOHOM 15 | North Myrtle Beach,hostaway,,2027-08-25,2027-08-25,648,USD,fixed,2,,fixed,,fixed
510832,FLOHOM 16 | Liberty Landing Marina,hostaway,,2027-08-25,2027-08-25,714,USD,fixed,2,,fixed,,fixed
146908,"FLOHOM 01 -- FLOHOM 01 | Inner Harbor, Baltimore",hostaway,,2027-08-26,2027-08-26,1019,USD,fixed,2,,fixed,,fixed
146944,"FLOHOM 02 -- FLOHOM 02 | Inner Harbor - Canton, Baltimore",hostaway,,2027-08-26,2027-08-26,862,USD,fixed,2,,fixed,,fixed
146946,"FLOHOM 03 -- FLOHOM 03 | Magothy River, Annapolis",hostaway,,2027-08-26,2027-08-26,689,USD,fixed,2,,fixed,,fixed
260001,FLOHOM 04 -- FLOHOM 04 | National Harbor,hostaway,,2027-08-26,2027-08-26,1019,USD,fixed,2,,fixed,,fixed
278502,"FLOHOM 05 -- FLOHOM 05 | Inner Harbor, Baltimore",hostaway,,2027-08-26,2027-08-26,753,USD,fixed,2,,fixed,,fixed
345316,FLOHOM 06 -- FLOHOM 06 | National Harbor,hostaway,,2027-08-26,2027-08-26,1109,USD,fixed,2,,fixed,,fixed
366176,"FLOHOM 07 -- FLOHOM 07 | Inner Harbor - Canton, Baltimore",hostaway,,2027-08-26,2027-08-26,881,USD,fixed,2,,fixed,,fixed
376368,FLOHOM 08 -- FLOHOM 08 | National Harbor,hostaway,,2027-08-26,2027-08-26,753,USD,fixed,2,,fixed,,fixed
383097,FLOHOM 09 -- FLOHOM 09 | Baltimore Peninsula,hostaway,,2027-08-26,2027-08-26,753,USD,fixed,2,,fixed,,fixed
404358,FLOHOM 10 -- FLOHOM 10 | Virginia Beach,hostaway,,2027-08-26,2027-08-26,881,USD,fixed,2,,fixed,,fixed
427313,FLOHOM 11 -- FLOHOM 11 | Virginia Beach,hostaway,,2027-08-26,2027-08-26,689,USD,fixed,2,,fixed,,fixed
422608,"FLOHOM 12 -- FLOHOM 12 | Inner Harbor - Fells Point, Baltimore",hostaway,,2027-08-26,2027-08-26,881,USD,fixed,2,,fixed,,fixed
485833,"FLOHOM 13 -- FLOHOM 13 | Inner Harbor, Baltimore",hostaway,,2027-08-26,2027-08-26,1109,USD,fixed,2,,fixed,,fixed
407612,"FLOHOM 14 -- FLOHOM 14 | Pasadena, Chesapeake Bay",hostaway,,2027-08-26,2027-08-26,689,USD,fixed,2,,fixed,,fixed
467334,FLOHOM 15 -- FLOHOM 15 | North Myrtle Beach,hostaway,,2027-08-26,2027-08-26,1055,USD,fixed,2,,fixed,,fixed
510832,FLOHOM 16 | Liberty Landing Marina,hostaway,,2027-08-26,2027-08-26,1109,USD,fixed,2,,fixed,,fixed
146908,"FLOHOM 01 -- FLOHOM 01 | Inner Harbor, Baltimore",hostaway,,2027-08-27,2027-08-27,1511,USD,fixed,2,,fixed,,fixed
146944,"FLOHOM 02 -- FLOHOM 02 | Inner Harbor - Canton, Baltimore",hostaway,,2027-08-27,2027-08-27,1219,USD,fixed,2,,fixed,,fixed
146946,"FLOHOM 03 -- FLOHOM 03 | Magothy River, Annapolis",hostaway,,2027-08-27,2027-08-27,1021,USD,fixed,2,,fixed,,fixed
260001,FLOHOM 04 -- FLOHOM 04 | National Harbor,hostaway,,2027-08-27,2027-08-27,1511,USD,fixed,2,,fixed,,fixed
278502,"FLOHOM 05 -- FLOHOM 05 | Inner Harbor, Baltimore",hostaway,,2027-08-27,2027-08-27,1147,USD,fixed,2,,fixed,,fixed
345316,FLOHOM 06 -- FLOHOM 06 | National Harbor,hostaway,,2027-08-27,2027-08-27,1842,USD,fixed,2,,fixed,,fixed
366176,"FLOHOM 07 -- FLOHOM 07 | Inner Harbor - Canton, Baltimore",hostaway,,2027-08-27,2027-08-27,1319,USD,fixed,2,,fixed,,fixed
376368,FLOHOM 08 -- FLOHOM 08 | National Harbor,hostaway,,2027-08-27,2027-08-27,1147,USD,fixed,2,,fixed,,fixed
383097,FLOHOM 09 -- FLOHOM 09 | Baltimore Peninsula,hostaway,,2027-08-27,2027-08-27,1147,USD,fixed,2,,fixed,,fixed
404358,FLOHOM 10 -- FLOHOM 10 | Virginia Beach,hostaway,,2027-08-27,2027-08-27,1319,USD,fixed,2,,fixed,,fixed
427313,FLOHOM 11 -- FLOHOM 11 | Virginia Beach,hostaway,,2027-08-27,2027-08-27,1021,USD,fixed,2,,fixed,,fixed
422608,"FLOHOM 12 -- FLOHOM 12 | Inner Harbor - Fells Point, Baltimore",hostaway,,2027-08-27,2027-08-27,1319,USD,fixed,2,,fixed,,fixed
485833,"FLOHOM 13 -- FLOHOM 13 | Inner Harbor, Baltimore",hostaway,,2027-08-27,2027-08-27,1842,USD,fixed,2,,fixed,,fixed
407612,"FLOHOM 14 -- FLOHOM 14 | Pasadena, Chesapeake Bay",hostaway,,2027-08-27,2027-08-27,1021,USD,fixed,2,,fixed,,fixed
467334,FLOHOM 15 -- FLOHOM 15 | North Myrtle Beach,hostaway,,2027-08-27,2027-08-27,1655,USD,fixed,2,,fixed,,fixed
510832,FLOHOM 16 | Liberty Landing Marina,hostaway,,2027-08-27,2027-08-27,1842,USD,fixed,2,,fixed,,fixed
146908,"FLOHOM 01 -- FLOHOM 01 | Inner Harbor, Baltimore",hostaway,,2027-08-28,2027-08-28,1511,USD,fixed,2,,fixed,,fixed
146944,"FLOHOM 02 -- FLOHOM 02 | Inner Harbor - Canton, Baltimore",hostaway,,2027-08-28,2027-08-28,1219,USD,fixed,2,,fixed,,fixed
146946,"FLOHOM 03 -- FLOHOM 03 | Magothy River, Annapolis",hostaway,,2027-08-28,2027-08-28,1021,USD,fixed,2,,fixed,,fixed
260001,FLOHOM 04 -- FLOHOM 04 | National Harbor,hostaway,,2027-08-28,2027-08-28,1511,USD,fixed,2,,fixed,,fixed
278502,"FLOHOM 05 -- FLOHOM 05 | Inner Harbor, Baltimore",hostaway,,2027-08-28,2027-08-28,1147,USD,fixed,2,,fixed,,fixed
345316,FLOHOM 06 -- FLOHOM 06 | National Harbor,hostaway,,2027-08-28,2027-08-28,1842,USD,fixed,2,,fixed,,fixed
366176,"FLOHOM 07 -- FLOHOM 07 | Inner Harbor - Canton, Baltimore",hostaway,,2027-08-28,2027-08-28,1319,USD,fixed,2,,fixed,,fixed
376368,FLOHOM 08 -- FLOHOM 08 | National Harbor,hostaway,,2027-08-28,2027-08-28,1147,USD,fixed,2,,fixed,,fixed
383097,FLOHOM 09 -- FLOHOM 09 | Baltimore Peninsula,hostaway,,2027-08-28,2027-08-28,1147,USD,fixed,2,,fixed,,fixed
404358,FLOHOM 10 -- FLOHOM 10 | Virginia Beach,hostaway,,2027-08-28,2027-08-28,1319,USD,fixed,2,,fixed,,fixed
427313,FLOHOM 11 -- FLOHOM 11 | Virginia Beach,hostaway,,2027-08-28,2027-08-28,1021,USD,fixed,2,,fixed,,fixed
422608,"FLOHOM 12 -- FLOHOM 12 | Inner Harbor - Fells Point, Baltimore",hostaway,,2027-08-28,2027-08-28,1319,USD,fixed,2,,fixed,,fixed
485833,"FLOHOM 13 -- FLOHOM 13 | Inner Harbor, Baltimore",hostaway,,2027-08-28,2027-08-28,1842,USD,fixed,2,,fixed,,fixed
407612,"FLOHOM 14 -- FLOHOM 14 | Pasadena, Chesapeake Bay",hostaway,,2027-08-28,2027-08-28,1021,USD,fixed,2,,fixed,,fixed
467334,FLOHOM 15 -- FLOHOM 15 | North Myrtle Beach,hostaway,,2027-08-28,2027-08-28,1655,USD,fixed,2,,fixed,,fixed
510832,FLOHOM 16 | Liberty Landing Marina,hostaway,,2027-08-28,2027-08-28,1842,USD,fixed,2,,fixed,,fixed
146908,"FLOHOM 01 -- FLOHOM 01 | Inner Harbor, Baltimore",hostaway,,2027-08-29,2027-08-29,1019,USD,fixed,2,,fixed,,fixed
146944,"FLOHOM 02 -- FLOHOM 02 | Inner Harbor - Canton, Baltimore",hostaway,,2027-08-29,2027-08-29,862,USD,fixed,2,,fixed,,fixed
146946,"FLOHOM 03 -- FLOHOM 03 | Magothy River, Annapolis",hostaway,,2027-08-29,2027-08-29,689,USD,fixed,2,,fixed,,fixed
260001,FLOHOM 04 -- FLOHOM 04 | National Harbor,hostaway,,2027-08-29,2027-08-29,1019,USD,fixed,2,,fixed,,fixed
278502,"FLOHOM 05 -- FLOHOM 05 | Inner Harbor, Baltimore",hostaway,,2027-08-29,2027-08-29,753,USD,fixed,2,,fixed,,fixed
345316,FLOHOM 06 -- FLOHOM 06 | National Harbor,hostaway,,2027-08-29,2027-08-29,1109,USD,fixed,2,,fixed,,fixed
366176,"FLOHOM 07 -- FLOHOM 07 | Inner Harbor - Canton, Baltimore",hostaway,,2027-08-29,2027-08-29,881,USD,fixed,2,,fixed,,fixed
376368,FLOHOM 08 -- FLOHOM 08 | National Harbor,hostaway,,2027-08-29,2027-08-29,753,USD,fixed,2,,fixed,,fixed
383097,FLOHOM 09 -- FLOHOM 09 | Baltimore Peninsula,hostaway,,2027-08-29,2027-08-29,753,USD,fixed,2,,fixed,,fixed
404358,FLOHOM 10 -- FLOHOM 10 | Virginia Beach,hostaway,,2027-08-29,2027-08-29,881,USD,fixed,2,,fixed,,fixed
427313,FLOHOM 11 -- FLOHOM 11 | Virginia Beach,hostaway,,2027-08-29,2027-08-29,689,USD,fixed,2,,fixed,,fixed
422608,"FLOHOM 12 -- FLOHOM 12 | Inner Harbor - Fells Point, Baltimore",hostaway,,2027-08-29,2027-08-29,881,USD,fixed,2,,fixed,,fixed
485833,"FLOHOM 13 -- FLOHOM 13 | Inner Harbor, Baltimore",hostaway,,2027-08-29,2027-08-29,1109,USD,fixed,2,,fixed,,fixed
407612,"FLOHOM 14 -- FLOHOM 14 | Pasadena, Chesapeake Bay",hostaway,,2027-08-29,2027-08-29,689,USD,fixed,2,,fixed,,fixed
467334,FLOHOM 15 -- FLOHOM 15 | North Myrtle Beach,hostaway,,2027-08-29,2027-08-29,1055,USD,fixed,2,,fixed,,fixed
510832,FLOHOM 16 | Liberty Landing Marina,hostaway,,2027-08-29,2027-08-29,1109,USD,fixed,2,,fixed,,fixed
146908,"FLOHOM 01 -- FLOHOM 01 | Inner Harbor, Baltimore",hostaway,,2027-08-30,2027-08-30,629,USD,fixed,2,,fixed,,fixed
146944,"FLOHOM 02 -- FLOHOM 02 | Inner Harbor - Canton, Baltimore",hostaway,,2027-08-30,2027-08-30,551,USD,fixed,2,,fixed,,fixed
146946,"FLOHOM 03 -- FLOHOM 03 | Magothy River, Annapolis",hostaway,,2027-08-30,2027-08-30,393,USD,fixed,2,,fixed,,fixed
260001,FLOHOM 04 -- FLOHOM 04 | National Harbor,hostaway,,2027-08-30,2027-08-30,629,USD,fixed,2,,fixed,,fixed
278502,"FLOHOM 05 -- FLOHOM 05 | Inner Harbor, Baltimore",hostaway,,2027-08-30,2027-08-30,478,USD,fixed,2,,fixed,,fixed
345316,FLOHOM 06 -- FLOHOM 06 | National Harbor,hostaway,,2027-08-30,2027-08-30,714,USD,fixed,2,,fixed,,fixed
366176,"FLOHOM 07 -- FLOHOM 07 | Inner Harbor - Canton, Baltimore",hostaway,,2027-08-30,2027-08-30,594,USD,fixed,2,,fixed,,fixed
376368,FLOHOM 08 -- FLOHOM 08 | National Harbor,hostaway,,2027-08-30,2027-08-30,478,USD,fixed,2,,fixed,,fixed
383097,FLOHOM 09 -- FLOHOM 09 | Baltimore Peninsula,hostaway,,2027-08-30,2027-08-30,478,USD,fixed,2,,fixed,,fixed
404358,FLOHOM 10 -- FLOHOM 10 | Virginia Beach,hostaway,,2027-08-30,2027-08-30,594,USD,fixed,2,,fixed,,fixed
427313,FLOHOM 11 -- FLOHOM 11 | Virginia Beach,hostaway,,2027-08-30,2027-08-30,393,USD,fixed,2,,fixed,,fixed
422608,"FLOHOM 12 -- FLOHOM 12 | Inner Harbor - Fells Point, Baltimore",hostaway,,2027-08-30,2027-08-30,594,USD,fixed,2,,fixed,,fixed
485833,"FLOHOM 13 -- FLOHOM 13 | Inner Harbor, Baltimore",hostaway,,2027-08-30,2027-08-30,714,USD,fixed,2,,fixed,,fixed
407612,"FLOHOM 14 -- FLOHOM 14 | Pasadena, Chesapeake Bay",hostaway,,2027-08-30,2027-08-30,393,USD,fixed,2,,fixed,,fixed
467334,FLOHOM 15 -- FLOHOM 15 | North Myrtle Beach,hostaway,,2027-08-30,2027-08-30,648,USD,fixed,2,,fixed,,fixed
510832,FLOHOM 16 | Liberty Landing Marina,hostaway,,2027-08-30,2027-08-30,714,USD,fixed,2,,fixed,,fixed
146908,"FLOHOM 01 -- FLOHOM 01 | Inner Harbor, Baltimore",hostaway,,2027-08-31,2027-08-31,629,USD,fixed,2,,fixed,,fixed
146944,"FLOHOM 02 -- FLOHOM 02 | Inner Harbor - Canton, Baltimore",hostaway,,2027-08-31,2027-08-31,551,USD,fixed,2,,fixed,,fixed
146946,"FLOHOM 03 -- FLOHOM 03 | Magothy River, Annapolis",hostaway,,2027-08-31,2027-08-31,393,USD,fixed,2,,fixed,,fixed
260001,FLOHOM 04 -- FLOHOM 04 | National Harbor,hostaway,,2027-08-31,2027-08-31,629,USD,fixed,2,,fixed,,fixed
278502,"FLOHOM 05 -- FLOHOM 05 | Inner Harbor, Baltimore",hostaway,,2027-08-31,2027-08-31,478,USD,fixed,2,,fixed,,fixed
345316,FLOHOM 06 -- FLOHOM 06 | National Harbor,hostaway,,2027-08-31,2027-08-31,714,USD,fixed,2,,fixed,,fixed
366176,"FLOHOM 07 -- FLOHOM 07 | Inner Harbor - Canton, Baltimore",hostaway,,2027-08-31,2027-08-31,594,USD,fixed,2,,fixed,,fixed
376368,FLOHOM 08 -- FLOHOM 08 | National Harbor,hostaway,,2027-08-31,2027-08-31,478,USD,fixed,2,,fixed,,fixed
383097,FLOHOM 09 -- FLOHOM 09 | Baltimore Peninsula,hostaway,,2027-08-31,2027-08-31,478,USD,fixed,2,,fixed,,fixed
404358,FLOHOM 10 -- FLOHOM 10 | Virginia Beach,hostaway,,2027-08-31,2027-08-31,594,USD,fixed,2,,fixed,,fixed
427313,FLOHOM 11 -- FLOHOM 11 | Virginia Beach,hostaway,,2027-08-31,2027-08-31,393,USD,fixed,2,,fixed,,fixed
422608,"FLOHOM 12 -- FLOHOM 12 | Inner Harbor - Fells Point, Baltimore",hostaway,,2027-08-31,2027-08-31,594,USD,fixed,2,,fixed,,fixed
485833,"FLOHOM 13 -- FLOHOM 13 | Inner Harbor, Baltimore",hostaway,,2027-08-31,2027-08-31,714,USD,fixed,2,,fixed,,fixed
407612,"FLOHOM 14 -- FLOHOM 14 | Pasadena, Chesapeake Bay",hostaway,,2027-08-31,2027-08-31,393,USD,fixed,2,,fixed,,fixed
467334,FLOHOM 15 -- FLOHOM 15 | North Myrtle Beach,hostaway,,2027-08-31,2027-08-31,648,USD,fixed,2,,fixed,,fixed
510832,FLOHOM 16 | Liberty Landing Marina,hostaway,,2027-08-31,2027-08-31,714,USD,fixed,2,,fixed,,fixed
146908,"FLOHOM 01 -- FLOHOM 01 | Inner Harbor, Baltimore",hostaway,,2027-09-01,2027-09-01,629,USD,fixed,2,,fixed,,fixed
146944,"FLOHOM 02 -- FLOHOM 02 | Inner Harbor - Canton, Baltimore",hostaway,,2027-09-01,2027-09-01,551,USD,fixed,2,,fixed,,fixed
146946,"FLOHOM 03 -- FLOHOM 03 | Magothy River, Annapolis",hostaway,,2027-09-01,2027-09-01,393,USD,fixed,2,,fixed,,fixed
260001,FLOHOM 04 -- FLOHOM 04 | National Harbor,hostaway,,2027-09-01,2027-09-01,629,USD,fixed,2,,fixed,,fixed
278502,"FLOHOM 05 -- FLOHOM 05 | Inner Harbor, Baltimore",hostaway,,2027-09-01,2027-09-01,478,USD,fixed,2,,fixed,,fixed
345316,FLOHOM 06 -- FLOHOM 06 | National Harbor,hostaway,,2027-09-01,2027-09-01,714,USD,fixed,2,,fixed,,fixed
366176,"FLOHOM 07 -- FLOHOM 07 | Inner Harbor - Canton, Baltimore",hostaway,,2027-09-01,2027-09-01,594,USD,fixed,2,,fixed,,fixed
376368,FLOHOM 08 -- FLOHOM 08 | National Harbor,hostaway,,2027-09-01,2027-09-01,478,USD,fixed,2,,fixed,,fixed
383097,FLOHOM 09 -- FLOHOM 09 | Baltimore Peninsula,hostaway,,2027-09-01,2027-09-01,478,USD,fixed,2,,fixed,,fixed
404358,FLOHOM 10 -- FLOHOM 10 | Virginia Beach,hostaway,,2027-09-01,2027-09-01,594,USD,fixed,2,,fixed,,fixed
427313,FLOHOM 11 -- FLOHOM 11 | Virginia Beach,hostaway,,2027-09-01,2027-09-01,393,USD,fixed,2,,fixed,,fixed
422608,"FLOHOM 12 -- FLOHOM 12 | Inner Harbor - Fells Point, Baltimore",hostaway,,2027-09-01,2027-09-01,594,USD,fixed,2,,fixed,,fixed
485833,"FLOHOM 13 -- FLOHOM 13 | Inner Harbor, Baltimore",hostaway,,2027-09-01,2027-09-01,714,USD,fixed,2,,fixed,,fixed
407612,"FLOHOM 14 -- FLOHOM 14 | Pasadena, Chesapeake Bay",hostaway,,2027-09-01,2027-09-01,393,USD,fixed,2,,fixed,,fixed
467334,FLOHOM 15 -- FLOHOM 15 | North Myrtle Beach,hostaway,,2027-09-01,2027-09-01,648,USD,fixed,2,,fixed,,fixed
510832,FLOHOM 16 | Liberty Landing Marina,hostaway,,2027-09-01,2027-09-01,714,USD,fixed,2,,fixed,,fixed
146908,"FLOHOM 01 -- FLOHOM 01 | Inner Harbor, Baltimore",hostaway,,2027-09-02,2027-09-02,935,USD,fixed,2,,fixed,,fixed
146944,"FLOHOM 02 -- FLOHOM 02 | Inner Harbor - Canton, Baltimore",hostaway,,2027-09-02,2027-09-02,695,USD,fixed,2,,fixed,,fixed
146946,"FLOHOM 03 -- FLOHOM 03 | Magothy River, Annapolis",hostaway,,2027-09-02,2027-09-02,509,USD,fixed,2,,fixed,,fixed
260001,FLOHOM 04 -- FLOHOM 04 | National Harbor,hostaway,,2027-09-02,2027-09-02,900,USD,fixed,2,,fixed,,fixed
278502,"FLOHOM 05 -- FLOHOM 05 | Inner Harbor, Baltimore",hostaway,,2027-09-02,2027-09-02,641,USD,fixed,2,,fixed,,fixed
345316,FLOHOM 06 -- FLOHOM 06 | National Harbor,hostaway,,2027-09-02,2027-09-02,1021,USD,fixed,2,,fixed,,fixed
366176,"FLOHOM 07 -- FLOHOM 07 | Inner Harbor - Canton, Baltimore",hostaway,,2027-09-02,2027-09-02,809,USD,fixed,2,,fixed,,fixed
376368,FLOHOM 08 -- FLOHOM 08 | National Harbor,hostaway,,2027-09-02,2027-09-02,641,USD,fixed,2,,fixed,,fixed
383097,FLOHOM 09 -- FLOHOM 09 | Baltimore Peninsula,hostaway,,2027-09-02,2027-09-02,641,USD,fixed,2,,fixed,,fixed
404358,FLOHOM 10 -- FLOHOM 10 | Virginia Beach,hostaway,,2027-09-02,2027-09-02,809,USD,fixed,2,,fixed,,fixed
427313,FLOHOM 11 -- FLOHOM 11 | Virginia Beach,hostaway,,2027-09-02,2027-09-02,509,USD,fixed,2,,fixed,,fixed
422608,"FLOHOM 12 -- FLOHOM 12 | Inner Harbor - Fells Point, Baltimore",hostaway,,2027-09-02,2027-09-02,809,USD,fixed,2,,fixed,,fixed
485833,"FLOHOM 13 -- FLOHOM 13 | Inner Harbor, Baltimore",hostaway,,2027-09-02,2027-09-02,1021,USD,fixed,2,,fixed,,fixed
407612,"FLOHOM 14 -- FLOHOM 14 | Pasadena, Chesapeake Bay",hostaway,,2027-09-02,2027-09-02,509,USD,fixed,2,,fixed,,fixed
467334,FLOHOM 15 -- FLOHOM 15 | North Myrtle Beach,hostaway,,2027-09-02,2027-09-02,983,USD,fixed,2,,fixed,,fixed
510832,FLOHOM 16 | Liberty Landing Marina,hostaway,,2027-09-02,2027-09-02,1021,USD,fixed,2,,fixed,,fixed
146908,"FLOHOM 01 -- FLOHOM 01 | Inner Harbor, Baltimore",hostaway,,2027-09-03,2027-09-03,1323,USD,fixed,2,,fixed,,fixed
146944,"FLOHOM 02 -- FLOHOM 02 | Inner Harbor - Canton, Baltimore",hostaway,,2027-09-03,2027-09-03,999,USD,fixed,2,,fixed,,fixed
146946,"FLOHOM 03 -- FLOHOM 03 | Magothy River, Annapolis",hostaway,,2027-09-03,2027-09-03,791,USD,fixed,2,,fixed,,fixed
260001,FLOHOM 04 -- FLOHOM 04 | National Harbor,hostaway,,2027-09-03,2027-09-03,1274,USD,fixed,2,,fixed,,fixed
278502,"FLOHOM 05 -- FLOHOM 05 | Inner Harbor, Baltimore",hostaway,,2027-09-03,2027-09-03,903,USD,fixed,2,,fixed,,fixed
345316,FLOHOM 06 -- FLOHOM 06 | National Harbor,hostaway,,2027-09-03,2027-09-03,1511,USD,fixed,2,,fixed,,fixed
366176,"FLOHOM 07 -- FLOHOM 07 | Inner Harbor - Canton, Baltimore",hostaway,,2027-09-03,2027-09-03,1194,USD,fixed,2,,fixed,,fixed
376368,FLOHOM 08 -- FLOHOM 08 | National Harbor,hostaway,,2027-09-03,2027-09-03,903,USD,fixed,2,,fixed,,fixed
383097,FLOHOM 09 -- FLOHOM 09 | Baltimore Peninsula,hostaway,,2027-09-03,2027-09-03,903,USD,fixed,2,,fixed,,fixed
404358,FLOHOM 10 -- FLOHOM 10 | Virginia Beach,hostaway,,2027-09-03,2027-09-03,1194,USD,fixed,2,,fixed,,fixed
427313,FLOHOM 11 -- FLOHOM 11 | Virginia Beach,hostaway,,2027-09-03,2027-09-03,791,USD,fixed,2,,fixed,,fixed
422608,"FLOHOM 12 -- FLOHOM 12 | Inner Harbor - Fells Point, Baltimore",hostaway,,2027-09-03,2027-09-03,1194,USD,fixed,2,,fixed,,fixed
485833,"FLOHOM 13 -- FLOHOM 13 | Inner Harbor, Baltimore",hostaway,,2027-09-03,2027-09-03,1511,USD,fixed,2,,fixed,,fixed
407612,"FLOHOM 14 -- FLOHOM 14 | Pasadena, Chesapeake Bay",hostaway,,2027-09-03,2027-09-03,791,USD,fixed,2,,fixed,,fixed
467334,FLOHOM 15 -- FLOHOM 15 | North Myrtle Beach,hostaway,,2027-09-03,2027-09-03,1431,USD,fixed,2,,fixed,,fixed
510832,FLOHOM 16 | Liberty Landing Marina,hostaway,,2027-09-03,2027-09-03,1511,USD,fixed,2,,fixed,,fixed
146908,"FLOHOM 01 -- FLOHOM 01 | Inner Harbor, Baltimore",hostaway,,2027-09-04,2027-09-04,1323,USD,fixed,2,,fixed,,fixed
146944,"FLOHOM 02 -- FLOHOM 02 | Inner Harbor - Canton, Baltimore",hostaway,,2027-09-04,2027-09-04,999,USD,fixed,2,,fixed,,fixed
146946,"FLOHOM 03 -- FLOHOM 03 | Magothy River, Annapolis",hostaway,,2027-09-04,2027-09-04,791,USD,fixed,2,,fixed,,fixed
260001,FLOHOM 04 -- FLOHOM 04 | National Harbor,hostaway,,2027-09-04,2027-09-04,1274,USD,fixed,2,,fixed,,fixed
278502,"FLOHOM 05 -- FLOHOM 05 | Inner Harbor, Baltimore",hostaway,,2027-09-04,2027-09-04,903,USD,fixed,2,,fixed,,fixed
345316,FLOHOM 06 -- FLOHOM 06 | National Harbor,hostaway,,2027-09-04,2027-09-04,1511,USD,fixed,2,,fixed,,fixed
366176,"FLOHOM 07 -- FLOHOM 07 | Inner Harbor - Canton, Baltimore",hostaway,,2027-09-04,2027-09-04,1194,USD,fixed,2,,fixed,,fixed
376368,FLOHOM 08 -- FLOHOM 08 | National Harbor,hostaway,,2027-09-04,2027-09-04,903,USD,fixed,2,,fixed,,fixed
383097,FLOHOM 09 -- FLOHOM 09 | Baltimore Peninsula,hostaway,,2027-09-04,2027-09-04,903,USD,fixed,2,,fixed,,fixed
404358,FLOHOM 10 -- FLOHOM 10 | Virginia Beach,hostaway,,2027-09-04,2027-09-04,1194,USD,fixed,2,,fixed,,fixed
427313,FLOHOM 11 -- FLOHOM 11 | Virginia Beach,hostaway,,2027-09-04,2027-09-04,791,USD,fixed,2,,fixed,,fixed
422608,"FLOHOM 12 -- FLOHOM 12 | Inner Harbor - Fells Point, Baltimore",hostaway,,2027-09-04,2027-09-04,1194,USD,fixed,2,,fixed,,fixed
485833,"FLOHOM 13 -- FLOHOM 13 | Inner Harbor, Baltimore",hostaway,,2027-09-04,2027-09-04,1511,USD,fixed,2,,fixed,,fixed
407612,"FLOHOM 14 -- FLOHOM 14 | Pasadena, Chesapeake Bay",hostaway,,2027-09-04,2027-09-04,791,USD,fixed,2,,fixed,,fixed
467334,FLOHOM 15 -- FLOHOM 15 | North Myrtle Beach,hostaway,,2027-09-04,2027-09-04,1431,USD,fixed,2,,fixed,,fixed
510832,FLOHOM 16 | Liberty Landing Marina,hostaway,,2027-09-04,2027-09-04,1511,USD,fixed,2,,fixed,,fixed
146908,"FLOHOM 01 -- FLOHOM 01 | Inner Harbor, Baltimore",hostaway,,2027-09-05,2027-09-05,981,USD,fixed,2,,fixed,,fixed
146944,"FLOHOM 02 -- FLOHOM 02 | Inner Harbor - Canton, Baltimore",hostaway,,2027-09-05,2027-09-05,730,USD,fixed,2,,fixed,,fixed
146946,"FLOHOM 03 -- FLOHOM 03 | Magothy River, Annapolis",hostaway,,2027-09-05,2027-09-05,534,USD,fixed,2,,fixed,,fixed
260001,FLOHOM 04 -- FLOHOM 04 | National Harbor,hostaway,,2027-09-05,2027-09-05,945,USD,fixed,2,,fixed,,fixed
278502,"FLOHOM 05 -- FLOHOM 05 | Inner Harbor, Baltimore",hostaway,,2027-09-05,2027-09-05,673,USD,fixed,2,,fixed,,fixed
345316,FLOHOM 06 -- FLOHOM 06 | National Harbor,hostaway,,2027-09-05,2027-09-05,1072,USD,fixed,2,,fixed,,fixed
366176,"FLOHOM 07 -- FLOHOM 07 | Inner Harbor - Canton, Baltimore",hostaway,,2027-09-05,2027-09-05,849,USD,fixed,2,,fixed,,fixed
376368,FLOHOM 08 -- FLOHOM 08 | National Harbor,hostaway,,2027-09-05,2027-09-05,673,USD,fixed,2,,fixed,,fixed
383097,FLOHOM 09 -- FLOHOM 09 | Baltimore Peninsula,hostaway,,2027-09-05,2027-09-05,673,USD,fixed,2,,fixed,,fixed
404358,FLOHOM 10 -- FLOHOM 10 | Virginia Beach,hostaway,,2027-09-05,2027-09-05,849,USD,fixed,2,,fixed,,fixed
427313,FLOHOM 11 -- FLOHOM 11 | Virginia Beach,hostaway,,2027-09-05,2027-09-05,534,USD,fixed,2,,fixed,,fixed
422608,"FLOHOM 12 -- FLOHOM 12 | Inner Harbor - Fells Point, Baltimore",hostaway,,2027-09-05,2027-09-05,849,USD,fixed,2,,fixed,,fixed
485833,"FLOHOM 13 -- FLOHOM 13 | Inner Harbor, Baltimore",hostaway,,2027-09-05,2027-09-05,1072,USD,fixed,2,,fixed,,fixed
407612,"FLOHOM 14 -- FLOHOM 14 | Pasadena, Chesapeake Bay",hostaway,,2027-09-05,2027-09-05,534,USD,fixed,2,,fixed,,fixed
467334,FLOHOM 15 -- FLOHOM 15 | North Myrtle Beach,hostaway,,2027-09-05,2027-09-05,1032,USD,fixed,2,,fixed,,fixed
510832,FLOHOM 16 | Liberty Landing Marina,hostaway,,2027-09-05,2027-09-05,1072,USD,fixed,2,,fixed,,fixed
146908,"FLOHOM 01 -- FLOHOM 01 | Inner Harbor, Baltimore",hostaway,,2027-09-06,2027-09-06,695,USD,fixed,2,,fixed,,fixed
146944,"FLOHOM 02 -- FLOHOM 02 | Inner Harbor - Canton, Baltimore",hostaway,,2027-09-06,2027-09-06,511,USD,fixed,2,,fixed,,fixed
146946,"FLOHOM 03 -- FLOHOM 03 | Magothy River, Annapolis",hostaway,,2027-09-06,2027-09-06,400,USD,fixed,2,,fixed,,fixed
260001,FLOHOM 04 -- FLOHOM 04 | National Harbor,hostaway,,2027-09-06,2027-09-06,692,USD,fixed,2,,fixed,,fixed
278502,"FLOHOM 05 -- FLOHOM 05 | Inner Harbor, Baltimore",hostaway,,2027-09-06,2027-09-06,472,USD,fixed,2,,fixed,,fixed
345316,FLOHOM 06 -- FLOHOM 06 | National Harbor,hostaway,,2027-09-06,2027-09-06,821,USD,fixed,2,,fixed,,fixed
366176,"FLOHOM 07 -- FLOHOM 07 | Inner Harbor - Canton, Baltimore",hostaway,,2027-09-06,2027-09-06,580,USD,fixed,2,,fixed,,fixed
376368,FLOHOM 08 -- FLOHOM 08 | National Harbor,hostaway,,2027-09-06,2027-09-06,472,USD,fixed,2,,fixed,,fixed
383097,FLOHOM 09 -- FLOHOM 09 | Baltimore Peninsula,hostaway,,2027-09-06,2027-09-06,472,USD,fixed,2,,fixed,,fixed
404358,FLOHOM 10 -- FLOHOM 10 | Virginia Beach,hostaway,,2027-09-06,2027-09-06,580,USD,fixed,2,,fixed,,fixed
427313,FLOHOM 11 -- FLOHOM 11 | Virginia Beach,hostaway,,2027-09-06,2027-09-06,400,USD,fixed,2,,fixed,,fixed
422608,"FLOHOM 12 -- FLOHOM 12 | Inner Harbor - Fells Point, Baltimore",hostaway,,2027-09-06,2027-09-06,580,USD,fixed,2,,fixed,,fixed
485833,"FLOHOM 13 -- FLOHOM 13 | Inner Harbor, Baltimore",hostaway,,2027-09-06,2027-09-06,821,USD,fixed,2,,fixed,,fixed
407612,"FLOHOM 14 -- FLOHOM 14 | Pasadena, Chesapeake Bay",hostaway,,2027-09-06,2027-09-06,400,USD,fixed,2,,fixed,,fixed
467334,FLOHOM 15 -- FLOHOM 15 | North Myrtle Beach,hostaway,,2027-09-06,2027-09-06,789,USD,fixed,2,,fixed,,fixed
510832,FLOHOM 16 | Liberty Landing Marina,hostaway,,2027-09-06,2027-09-06,821,USD,fixed,2,,fixed,,fixed
146908,"FLOHOM 01 -- FLOHOM 01 | Inner Harbor, Baltimore",hostaway,,2027-09-07,2027-09-07,579,USD,fixed,2,,fixed,,fixed
146944,"FLOHOM 02 -- FLOHOM 02 | Inner Harbor - Canton, Baltimore",hostaway,,2027-09-07,2027-09-07,426,USD,fixed,2,,fixed,,fixed
146946,"FLOHOM 03 -- FLOHOM 03 | Magothy River, Annapolis",hostaway,,2027-09-07,2027-09-07,333,USD,fixed,2,,fixed,,fixed
260001,FLOHOM 04 -- FLOHOM 04 | National Harbor,hostaway,,2027-09-07,2027-09-07,576,USD,fixed,2,,fixed,,fixed
278502,"FLOHOM 05 -- FLOHOM 05 | Inner Harbor, Baltimore",hostaway,,2027-09-07,2027-09-07,393,USD,fixed,2,,fixed,,fixed
345316,FLOHOM 06 -- FLOHOM 06 | National Harbor,hostaway,,2027-09-07,2027-09-07,684,USD,fixed,2,,fixed,,fixed
366176,"FLOHOM 07 -- FLOHOM 07 | Inner Harbor - Canton, Baltimore",hostaway,,2027-09-07,2027-09-07,483,USD,fixed,2,,fixed,,fixed
376368,FLOHOM 08 -- FLOHOM 08 | National Harbor,hostaway,,2027-09-07,2027-09-07,393,USD,fixed,2,,fixed,,fixed
383097,FLOHOM 09 -- FLOHOM 09 | Baltimore Peninsula,hostaway,,2027-09-07,2027-09-07,393,USD,fixed,2,,fixed,,fixed
404358,FLOHOM 10 -- FLOHOM 10 | Virginia Beach,hostaway,,2027-09-07,2027-09-07,483,USD,fixed,2,,fixed,,fixed
427313,FLOHOM 11 -- FLOHOM 11 | Virginia Beach,hostaway,,2027-09-07,2027-09-07,333,USD,fixed,2,,fixed,,fixed
422608,"FLOHOM 12 -- FLOHOM 12 | Inner Harbor - Fells Point, Baltimore",hostaway,,2027-09-07,2027-09-07,483,USD,fixed,2,,fixed,,fixed
485833,"FLOHOM 13 -- FLOHOM 13 | Inner Harbor, Baltimore",hostaway,,2027-09-07,2027-09-07,684,USD,fixed,2,,fixed,,fixed
407612,"FLOHOM 14 -- FLOHOM 14 | Pasadena, Chesapeake Bay",hostaway,,2027-09-07,2027-09-07,333,USD,fixed,2,,fixed,,fixed
467334,FLOHOM 15 -- FLOHOM 15 | North Myrtle Beach,hostaway,,2027-09-07,2027-09-07,658,USD,fixed,2,,fixed,,fixed
510832,FLOHOM 16 | Liberty Landing Marina,hostaway,,2027-09-07,2027-09-07,684,USD,fixed,2,,fixed,,fixed
146908,"FLOHOM 01 -- FLOHOM 01 | Inner Harbor, Baltimore",hostaway,,2027-09-08,2027-09-08,579,USD,fixed,2,,fixed,,fixed
146944,"FLOHOM 02 -- FLOHOM 02 | Inner Harbor - Canton, Baltimore",hostaway,,2027-09-08,2027-09-08,426,USD,fixed,2,,fixed,,fixed
146946,"FLOHOM 03 -- FLOHOM 03 | Magothy River, Annapolis",hostaway,,2027-09-08,2027-09-08,333,USD,fixed,2,,fixed,,fixed
260001,FLOHOM 04 -- FLOHOM 04 | National Harbor,hostaway,,2027-09-08,2027-09-08,576,USD,fixed,2,,fixed,,fixed
278502,"FLOHOM 05 -- FLOHOM 05 | Inner Harbor, Baltimore",hostaway,,2027-09-08,2027-09-08,393,USD,fixed,2,,fixed,,fixed
345316,FLOHOM 06 -- FLOHOM 06 | National Harbor,hostaway,,2027-09-08,2027-09-08,684,USD,fixed,2,,fixed,,fixed
366176,"FLOHOM 07 -- FLOHOM 07 | Inner Harbor - Canton, Baltimore",hostaway,,2027-09-08,2027-09-08,483,USD,fixed,2,,fixed,,fixed
376368,FLOHOM 08 -- FLOHOM 08 | National Harbor,hostaway,,2027-09-08,2027-09-08,393,USD,fixed,2,,fixed,,fixed
383097,FLOHOM 09 -- FLOHOM 09 | Baltimore Peninsula,hostaway,,2027-09-08,2027-09-08,393,USD,fixed,2,,fixed,,fixed
404358,FLOHOM 10 -- FLOHOM 10 | Virginia Beach,hostaway,,2027-09-08,2027-09-08,483,USD,fixed,2,,fixed,,fixed
427313,FLOHOM 11 -- FLOHOM 11 | Virginia Beach,hostaway,,2027-09-08,2027-09-08,333,USD,fixed,2,,fixed,,fixed
422608,"FLOHOM 12 -- FLOHOM 12 | Inner Harbor - Fells Point, Baltimore",hostaway,,2027-09-08,2027-09-08,483,USD,fixed,2,,fixed,,fixed
485833,"FLOHOM 13 -- FLOHOM 13 | Inner Harbor, Baltimore",hostaway,,2027-09-08,2027-09-08,684,USD,fixed,2,,fixed,,fixed
407612,"FLOHOM 14 -- FLOHOM 14 | Pasadena, Chesapeake Bay",hostaway,,2027-09-08,2027-09-08,333,USD,fixed,2,,fixed,,fixed
467334,FLOHOM 15 -- FLOHOM 15 | North Myrtle Beach,hostaway,,2027-09-08,2027-09-08,658,USD,fixed,2,,fixed,,fixed
510832,FLOHOM 16 | Liberty Landing Marina,hostaway,,2027-09-08,2027-09-08,684,USD,fixed,2,,fixed,,fixed
146908,"FLOHOM 01 -- FLOHOM 01 | Inner Harbor, Baltimore",hostaway,,2027-09-09,2027-09-09,935,USD,fixed,2,,fixed,,fixed
146944,"FLOHOM 02 -- FLOHOM 02 | Inner Harbor - Canton, Baltimore",hostaway,,2027-09-09,2027-09-09,695,USD,fixed,2,,fixed,,fixed
146946,"FLOHOM 03 -- FLOHOM 03 | Magothy River, Annapolis",hostaway,,2027-09-09,2027-09-09,509,USD,fixed,2,,fixed,,fixed
260001,FLOHOM 04 -- FLOHOM 04 | National Harbor,hostaway,,2027-09-09,2027-09-09,900,USD,fixed,2,,fixed,,fixed
278502,"FLOHOM 05 -- FLOHOM 05 | Inner Harbor, Baltimore",hostaway,,2027-09-09,2027-09-09,641,USD,fixed,2,,fixed,,fixed
345316,FLOHOM 06 -- FLOHOM 06 | National Harbor,hostaway,,2027-09-09,2027-09-09,1021,USD,fixed,2,,fixed,,fixed
366176,"FLOHOM 07 -- FLOHOM 07 | Inner Harbor - Canton, Baltimore",hostaway,,2027-09-09,2027-09-09,809,USD,fixed,2,,fixed,,fixed
376368,FLOHOM 08 -- FLOHOM 08 | National Harbor,hostaway,,2027-09-09,2027-09-09,641,USD,fixed,2,,fixed,,fixed
383097,FLOHOM 09 -- FLOHOM 09 | Baltimore Peninsula,hostaway,,2027-09-09,2027-09-09,641,USD,fixed,2,,fixed,,fixed
404358,FLOHOM 10 -- FLOHOM 10 | Virginia Beach,hostaway,,2027-09-09,2027-09-09,809,USD,fixed,2,,fixed,,fixed
427313,FLOHOM 11 -- FLOHOM 11 | Virginia Beach,hostaway,,2027-09-09,2027-09-09,509,USD,fixed,2,,fixed,,fixed
422608,"FLOHOM 12 -- FLOHOM 12 | Inner Harbor - Fells Point, Baltimore",hostaway,,2027-09-09,2027-09-09,809,USD,fixed,2,,fixed,,fixed
485833,"FLOHOM 13 -- FLOHOM 13 | Inner Harbor, Baltimore",hostaway,,2027-09-09,2027-09-09,1021,USD,fixed,2,,fixed,,fixed
407612,"FLOHOM 14 -- FLOHOM 14 | Pasadena, Chesapeake Bay",hostaway,,2027-09-09,2027-09-09,509,USD,fixed,2,,fixed,,fixed
467334,FLOHOM 15 -- FLOHOM 15 | North Myrtle Beach,hostaway,,2027-09-09,2027-09-09,983,USD,fixed,2,,fixed,,fixed
510832,FLOHOM 16 | Liberty Landing Marina,hostaway,,2027-09-09,2027-09-09,1021,USD,fixed,2,,fixed,,fixed
146908,"FLOHOM 01 -- FLOHOM 01 | Inner Harbor, Baltimore",hostaway,,2027-09-10,2027-09-10,1102,USD,fixed,2,,fixed,,fixed
146944,"FLOHOM 02 -- FLOHOM 02 | Inner Harbor - Canton, Baltimore",hostaway,,2027-09-10,2027-09-10,833,USD,fixed,2,,fixed,,fixed
146946,"FLOHOM 03 -- FLOHOM 03 | Magothy River, Annapolis",hostaway,,2027-09-10,2027-09-10,659,USD,fixed,2,,fixed,,fixed
260001,FLOHOM 04 -- FLOHOM 04 | National Harbor,hostaway,,2027-09-10,2027-09-10,1061,USD,fixed,2,,fixed,,fixed
278502,"FLOHOM 05 -- FLOHOM 05 | Inner Harbor, Baltimore",hostaway,,2027-09-10,2027-09-10,752,USD,fixed,2,,fixed,,fixed
345316,FLOHOM 06 -- FLOHOM 06 | National Harbor,hostaway,,2027-09-10,2027-09-10,1259,USD,fixed,2,,fixed,,fixed
366176,"FLOHOM 07 -- FLOHOM 07 | Inner Harbor - Canton, Baltimore",hostaway,,2027-09-10,2027-09-10,995,USD,fixed,2,,fixed,,fixed
376368,FLOHOM 08 -- FLOHOM 08 | National Harbor,hostaway,,2027-09-10,2027-09-10,752,USD,fixed,2,,fixed,,fixed
383097,FLOHOM 09 -- FLOHOM 09 | Baltimore Peninsula,hostaway,,2027-09-10,2027-09-10,752,USD,fixed,2,,fixed,,fixed
404358,FLOHOM 10 -- FLOHOM 10 | Virginia Beach,hostaway,,2027-09-10,2027-09-10,995,USD,fixed,2,,fixed,,fixed
427313,FLOHOM 11 -- FLOHOM 11 | Virginia Beach,hostaway,,2027-09-10,2027-09-10,659,USD,fixed,2,,fixed,,fixed
422608,"FLOHOM 12 -- FLOHOM 12 | Inner Harbor - Fells Point, Baltimore",hostaway,,2027-09-10,2027-09-10,995,USD,fixed,2,,fixed,,fixed
485833,"FLOHOM 13 -- FLOHOM 13 | Inner Harbor, Baltimore",hostaway,,2027-09-10,2027-09-10,1259,USD,fixed,2,,fixed,,fixed
407612,"FLOHOM 14 -- FLOHOM 14 | Pasadena, Chesapeake Bay",hostaway,,2027-09-10,2027-09-10,659,USD,fixed,2,,fixed,,fixed
467334,FLOHOM 15 -- FLOHOM 15 | North Myrtle Beach,hostaway,,2027-09-10,2027-09-10,1193,USD,fixed,2,,fixed,,fixed
510832,FLOHOM 16 | Liberty Landing Marina,hostaway,,2027-09-10,2027-09-10,1259,USD,fixed,2,,fixed,,fixed
146908,"FLOHOM 01 -- FLOHOM 01 | Inner Harbor, Baltimore",hostaway,,2027-09-11,2027-09-11,1102,USD,fixed,2,,fixed,,fixed
146944,"FLOHOM 02 -- FLOHOM 02 | Inner Harbor - Canton, Baltimore",hostaway,,2027-09-11,2027-09-11,833,USD,fixed,2,,fixed,,fixed
146946,"FLOHOM 03 -- FLOHOM 03 | Magothy River, Annapolis",hostaway,,2027-09-11,2027-09-11,659,USD,fixed,2,,fixed,,fixed
260001,FLOHOM 04 -- FLOHOM 04 | National Harbor,hostaway,,2027-09-11,2027-09-11,1061,USD,fixed,2,,fixed,,fixed
278502,"FLOHOM 05 -- FLOHOM 05 | Inner Harbor, Baltimore",hostaway,,2027-09-11,2027-09-11,752,USD,fixed,2,,fixed,,fixed
345316,FLOHOM 06 -- FLOHOM 06 | National Harbor,hostaway,,2027-09-11,2027-09-11,1259,USD,fixed,2,,fixed,,fixed
366176,"FLOHOM 07 -- FLOHOM 07 | Inner Harbor - Canton, Baltimore",hostaway,,2027-09-11,2027-09-11,995,USD,fixed,2,,fixed,,fixed
376368,FLOHOM 08 -- FLOHOM 08 | National Harbor,hostaway,,2027-09-11,2027-09-11,752,USD,fixed,2,,fixed,,fixed
383097,FLOHOM 09 -- FLOHOM 09 | Baltimore Peninsula,hostaway,,2027-09-11,2027-09-11,752,USD,fixed,2,,fixed,,fixed
404358,FLOHOM 10 -- FLOHOM 10 | Virginia Beach,hostaway,,2027-09-11,2027-09-11,995,USD,fixed,2,,fixed,,fixed
427313,FLOHOM 11 -- FLOHOM 11 | Virginia Beach,hostaway,,2027-09-11,2027-09-11,659,USD,fixed,2,,fixed,,fixed
422608,"FLOHOM 12 -- FLOHOM 12 | Inner Harbor - Fells Point, Baltimore",hostaway,,2027-09-11,2027-09-11,995,USD,fixed,2,,fixed,,fixed
485833,"FLOHOM 13 -- FLOHOM 13 | Inner Harbor, Baltimore",hostaway,,2027-09-11,2027-09-11,1259,USD,fixed,2,,fixed,,fixed
407612,"FLOHOM 14 -- FLOHOM 14 | Pasadena, Chesapeake Bay",hostaway,,2027-09-11,2027-09-11,659,USD,fixed,2,,fixed,,fixed
467334,FLOHOM 15 -- FLOHOM 15 | North Myrtle Beach,hostaway,,2027-09-11,2027-09-11,1193,USD,fixed,2,,fixed,,fixed
510832,FLOHOM 16 | Liberty Landing Marina,hostaway,,2027-09-11,2027-09-11,1259,USD,fixed,2,,fixed,,fixed
146908,"FLOHOM 01 -- FLOHOM 01 | Inner Harbor, Baltimore",hostaway,,2027-09-12,2027-09-12,935,USD,fixed,2,,fixed,,fixed
146944,"FLOHOM 02 -- FLOHOM 02 | Inner Harbor - Canton, Baltimore",hostaway,,2027-09-12,2027-09-12,695,USD,fixed,2,,fixed,,fixed
146946,"FLOHOM 03 -- FLOHOM 03 | Magothy River, Annapolis",hostaway,,2027-09-12,2027-09-12,509,USD,fixed,2,,fixed,,fixed
260001,FLOHOM 04 -- FLOHOM 04 | National Harbor,hostaway,,2027-09-12,2027-09-12,900,USD,fixed,2,,fixed,,fixed
278502,"FLOHOM 05 -- FLOHOM 05 | Inner Harbor, Baltimore",hostaway,,2027-09-12,2027-09-12,641,USD,fixed,2,,fixed,,fixed
345316,FLOHOM 06 -- FLOHOM 06 | National Harbor,hostaway,,2027-09-12,2027-09-12,1021,USD,fixed,2,,fixed,,fixed
366176,"FLOHOM 07 -- FLOHOM 07 | Inner Harbor - Canton, Baltimore",hostaway,,2027-09-12,2027-09-12,809,USD,fixed,2,,fixed,,fixed
376368,FLOHOM 08 -- FLOHOM 08 | National Harbor,hostaway,,2027-09-12,2027-09-12,641,USD,fixed,2,,fixed,,fixed
383097,FLOHOM 09 -- FLOHOM 09 | Baltimore Peninsula,hostaway,,2027-09-12,2027-09-12,641,USD,fixed,2,,fixed,,fixed
404358,FLOHOM 10 -- FLOHOM 10 | Virginia Beach,hostaway,,2027-09-12,2027-09-12,809,USD,fixed,2,,fixed,,fixed
427313,FLOHOM 11 -- FLOHOM 11 | Virginia Beach,hostaway,,2027-09-12,2027-09-12,509,USD,fixed,2,,fixed,,fixed
422608,"FLOHOM 12 -- FLOHOM 12 | Inner Harbor - Fells Point, Baltimore",hostaway,,2027-09-12,2027-09-12,809,USD,fixed,2,,fixed,,fixed
485833,"FLOHOM 13 -- FLOHOM 13 | Inner Harbor, Baltimore",hostaway,,2027-09-12,2027-09-12,1021,USD,fixed,2,,fixed,,fixed
407612,"FLOHOM 14 -- FLOHOM 14 | Pasadena, Chesapeake Bay",hostaway,,2027-09-12,2027-09-12,509,USD,fixed,2,,fixed,,fixed
467334,FLOHOM 15 -- FLOHOM 15 | North Myrtle Beach,hostaway,,2027-09-12,2027-09-12,983,USD,fixed,2,,fixed,,fixed
510832,FLOHOM 16 | Liberty Landing Marina,hostaway,,2027-09-12,2027-09-12,1021,USD,fixed,2,,fixed,,fixed
146908,"FLOHOM 01 -- FLOHOM 01 | Inner Harbor, Baltimore",hostaway,,2027-09-13,2027-09-13,579,USD,fixed,2,,fixed,,fixed
146944,"FLOHOM 02 -- FLOHOM 02 | Inner Harbor - Canton, Baltimore",hostaway,,2027-09-13,2027-09-13,426,USD,fixed,2,,fixed,,fixed
146946,"FLOHOM 03 -- FLOHOM 03 | Magothy River, Annapolis",hostaway,,2027-09-13,2027-09-13,333,USD,fixed,2,,fixed,,fixed
260001,FLOHOM 04 -- FLOHOM 04 | National Harbor,hostaway,,2027-09-13,2027-09-13,576,USD,fixed,2,,fixed,,fixed
278502,"FLOHOM 05 -- FLOHOM 05 | Inner Harbor, Baltimore",hostaway,,2027-09-13,2027-09-13,393,USD,fixed,2,,fixed,,fixed
345316,FLOHOM 06 -- FLOHOM 06 | National Harbor,hostaway,,2027-09-13,2027-09-13,684,USD,fixed,2,,fixed,,fixed
366176,"FLOHOM 07 -- FLOHOM 07 | Inner Harbor - Canton, Baltimore",hostaway,,2027-09-13,2027-09-13,483,USD,fixed,2,,fixed,,fixed
376368,FLOHOM 08 -- FLOHOM 08 | National Harbor,hostaway,,2027-09-13,2027-09-13,393,USD,fixed,2,,fixed,,fixed
383097,FLOHOM 09 -- FLOHOM 09 | Baltimore Peninsula,hostaway,,2027-09-13,2027-09-13,393,USD,fixed,2,,fixed,,fixed
404358,FLOHOM 10 -- FLOHOM 10 | Virginia Beach,hostaway,,2027-09-13,2027-09-13,483,USD,fixed,2,,fixed,,fixed
427313,FLOHOM 11 -- FLOHOM 11 | Virginia Beach,hostaway,,2027-09-13,2027-09-13,333,USD,fixed,2,,fixed,,fixed
422608,"FLOHOM 12 -- FLOHOM 12 | Inner Harbor - Fells Point, Baltimore",hostaway,,2027-09-13,2027-09-13,483,USD,fixed,2,,fixed,,fixed
485833,"FLOHOM 13 -- FLOHOM 13 | Inner Harbor, Baltimore",hostaway,,2027-09-13,2027-09-13,684,USD,fixed,2,,fixed,,fixed
407612,"FLOHOM 14 -- FLOHOM 14 | Pasadena, Chesapeake Bay",hostaway,,2027-09-13,2027-09-13,333,USD,fixed,2,,fixed,,fixed
467334,FLOHOM 15 -- FLOHOM 15 | North Myrtle Beach,hostaway,,2027-09-13,2027-09-13,658,USD,fixed,2,,fixed,,fixed
510832,FLOHOM 16 | Liberty Landing Marina,hostaway,,2027-09-13,2027-09-13,684,USD,fixed,2,,fixed,,fixed
146908,"FLOHOM 01 -- FLOHOM 01 | Inner Harbor, Baltimore",hostaway,,2027-09-14,2027-09-14,579,USD,fixed,2,,fixed,,fixed
146944,"FLOHOM 02 -- FLOHOM 02 | Inner Harbor - Canton, Baltimore",hostaway,,2027-09-14,2027-09-14,426,USD,fixed,2,,fixed,,fixed
146946,"FLOHOM 03 -- FLOHOM 03 | Magothy River, Annapolis",hostaway,,2027-09-14,2027-09-14,333,USD,fixed,2,,fixed,,fixed
260001,FLOHOM 04 -- FLOHOM 04 | National Harbor,hostaway,,2027-09-14,2027-09-14,576,USD,fixed,2,,fixed,,fixed
278502,"FLOHOM 05 -- FLOHOM 05 | Inner Harbor, Baltimore",hostaway,,2027-09-14,2027-09-14,393,USD,fixed,2,,fixed,,fixed
345316,FLOHOM 06 -- FLOHOM 06 | National Harbor,hostaway,,2027-09-14,2027-09-14,684,USD,fixed,2,,fixed,,fixed
366176,"FLOHOM 07 -- FLOHOM 07 | Inner Harbor - Canton, Baltimore",hostaway,,2027-09-14,2027-09-14,483,USD,fixed,2,,fixed,,fixed
376368,FLOHOM 08 -- FLOHOM 08 | National Harbor,hostaway,,2027-09-14,2027-09-14,393,USD,fixed,2,,fixed,,fixed
383097,FLOHOM 09 -- FLOHOM 09 | Baltimore Peninsula,hostaway,,2027-09-14,2027-09-14,393,USD,fixed,2,,fixed,,fixed
404358,FLOHOM 10 -- FLOHOM 10 | Virginia Beach,hostaway,,2027-09-14,2027-09-14,483,USD,fixed,2,,fixed,,fixed
427313,FLOHOM 11 -- FLOHOM 11 | Virginia Beach,hostaway,,2027-09-14,2027-09-14,333,USD,fixed,2,,fixed,,fixed
422608,"FLOHOM 12 -- FLOHOM 12 | Inner Harbor - Fells Point, Baltimore",hostaway,,2027-09-14,2027-09-14,483,USD,fixed,2,,fixed,,fixed
485833,"FLOHOM 13 -- FLOHOM 13 | Inner Harbor, Baltimore",hostaway,,2027-09-14,2027-09-14,684,USD,fixed,2,,fixed,,fixed
407612,"FLOHOM 14 -- FLOHOM 14 | Pasadena, Chesapeake Bay",hostaway,,2027-09-14,2027-09-14,333,USD,fixed,2,,fixed,,fixed
467334,FLOHOM 15 -- FLOHOM 15 | North Myrtle Beach,hostaway,,2027-09-14,2027-09-14,658,USD,fixed,2,,fixed,,fixed
510832,FLOHOM 16 | Liberty Landing Marina,hostaway,,2027-09-14,2027-09-14,684,USD,fixed,2,,fixed,,fixed
146908,"FLOHOM 01 -- FLOHOM 01 | Inner Harbor, Baltimore",hostaway,,2027-09-15,2027-09-15,579,USD,fixed,2,,fixed,,fixed
146944,"FLOHOM 02 -- FLOHOM 02 | Inner Harbor - Canton, Baltimore",hostaway,,2027-09-15,2027-09-15,426,USD,fixed,2,,fixed,,fixed
146946,"FLOHOM 03 -- FLOHOM 03 | Magothy River, Annapolis",hostaway,,2027-09-15,2027-09-15,333,USD,fixed,2,,fixed,,fixed
260001,FLOHOM 04 -- FLOHOM 04 | National Harbor,hostaway,,2027-09-15,2027-09-15,576,USD,fixed,2,,fixed,,fixed
278502,"FLOHOM 05 -- FLOHOM 05 | Inner Harbor, Baltimore",hostaway,,2027-09-15,2027-09-15,393,USD,fixed,2,,fixed,,fixed
345316,FLOHOM 06 -- FLOHOM 06 | National Harbor,hostaway,,2027-09-15,2027-09-15,684,USD,fixed,2,,fixed,,fixed
366176,"FLOHOM 07 -- FLOHOM 07 | Inner Harbor - Canton, Baltimore",hostaway,,2027-09-15,2027-09-15,483,USD,fixed,2,,fixed,,fixed
376368,FLOHOM 08 -- FLOHOM 08 | National Harbor,hostaway,,2027-09-15,2027-09-15,393,USD,fixed,2,,fixed,,fixed
383097,FLOHOM 09 -- FLOHOM 09 | Baltimore Peninsula,hostaway,,2027-09-15,2027-09-15,393,USD,fixed,2,,fixed,,fixed
404358,FLOHOM 10 -- FLOHOM 10 | Virginia Beach,hostaway,,2027-09-15,2027-09-15,483,USD,fixed,2,,fixed,,fixed
427313,FLOHOM 11 -- FLOHOM 11 | Virginia Beach,hostaway,,2027-09-15,2027-09-15,333,USD,fixed,2,,fixed,,fixed
422608,"FLOHOM 12 -- FLOHOM 12 | Inner Harbor - Fells Point, Baltimore",hostaway,,2027-09-15,2027-09-15,483,USD,fixed,2,,fixed,,fixed
485833,"FLOHOM 13 -- FLOHOM 13 | Inner Harbor, Baltimore",hostaway,,2027-09-15,2027-09-15,684,USD,fixed,2,,fixed,,fixed
407612,"FLOHOM 14 -- FLOHOM 14 | Pasadena, Chesapeake Bay",hostaway,,2027-09-15,2027-09-15,333,USD,fixed,2,,fixed,,fixed
467334,FLOHOM 15 -- FLOHOM 15 | North Myrtle Beach,hostaway,,2027-09-15,2027-09-15,658,USD,fixed,2,,fixed,,fixed
510832,FLOHOM 16 | Liberty Landing Marina,hostaway,,2027-09-15,2027-09-15,684,USD,fixed,2,,fixed,,fixed
146908,"FLOHOM 01 -- FLOHOM 01 | Inner Harbor, Baltimore",hostaway,,2027-09-16,2027-09-16,935,USD,fixed,2,,fixed,,fixed
146944,"FLOHOM 02 -- FLOHOM 02 | Inner Harbor - Canton, Baltimore",hostaway,,2027-09-16,2027-09-16,695,USD,fixed,2,,fixed,,fixed
146946,"FLOHOM 03 -- FLOHOM 03 | Magothy River, Annapolis",hostaway,,2027-09-16,2027-09-16,509,USD,fixed,2,,fixed,,fixed
260001,FLOHOM 04 -- FLOHOM 04 | National Harbor,hostaway,,2027-09-16,2027-09-16,900,USD,fixed,2,,fixed,,fixed
278502,"FLOHOM 05 -- FLOHOM 05 | Inner Harbor, Baltimore",hostaway,,2027-09-16,2027-09-16,641,USD,fixed,2,,fixed,,fixed
345316,FLOHOM 06 -- FLOHOM 06 | National Harbor,hostaway,,2027-09-16,2027-09-16,1021,USD,fixed,2,,fixed,,fixed
366176,"FLOHOM 07 -- FLOHOM 07 | Inner Harbor - Canton, Baltimore",hostaway,,2027-09-16,2027-09-16,809,USD,fixed,2,,fixed,,fixed
376368,FLOHOM 08 -- FLOHOM 08 | National Harbor,hostaway,,2027-09-16,2027-09-16,641,USD,fixed,2,,fixed,,fixed
383097,FLOHOM 09 -- FLOHOM 09 | Baltimore Peninsula,hostaway,,2027-09-16,2027-09-16,641,USD,fixed,2,,fixed,,fixed
404358,FLOHOM 10 -- FLOHOM 10 | Virginia Beach,hostaway,,2027-09-16,2027-09-16,809,USD,fixed,2,,fixed,,fixed
427313,FLOHOM 11 -- FLOHOM 11 | Virginia Beach,hostaway,,2027-09-16,2027-09-16,509,USD,fixed,2,,fixed,,fixed
422608,"FLOHOM 12 -- FLOHOM 12 | Inner Harbor - Fells Point, Baltimore",hostaway,,2027-09-16,2027-09-16,809,USD,fixed,2,,fixed,,fixed
485833,"FLOHOM 13 -- FLOHOM 13 | Inner Harbor, Baltimore",hostaway,,2027-09-16,2027-09-16,1021,USD,fixed,2,,fixed,,fixed
407612,"FLOHOM 14 -- FLOHOM 14 | Pasadena, Chesapeake Bay",hostaway,,2027-09-16,2027-09-16,509,USD,fixed,2,,fixed,,fixed
467334,FLOHOM 15 -- FLOHOM 15 | North Myrtle Beach,hostaway,,2027-09-16,2027-09-16,983,USD,fixed,2,,fixed,,fixed
510832,FLOHOM 16 | Liberty Landing Marina,hostaway,,2027-09-16,2027-09-16,1021,USD,fixed,2,,fixed,,fixed
146908,"FLOHOM 01 -- FLOHOM 01 | Inner Harbor, Baltimore",hostaway,,2027-09-17,2027-09-17,1102,USD,fixed,2,,fixed,,fixed
146944,"FLOHOM 02 -- FLOHOM 02 | Inner Harbor - Canton, Baltimore",hostaway,,2027-09-17,2027-09-17,833,USD,fixed,2,,fixed,,fixed
146946,"FLOHOM 03 -- FLOHOM 03 | Magothy River, Annapolis",hostaway,,2027-09-17,2027-09-17,659,USD,fixed,2,,fixed,,fixed
260001,FLOHOM 04 -- FLOHOM 04 | National Harbor,hostaway,,2027-09-17,2027-09-17,1061,USD,fixed,2,,fixed,,fixed
278502,"FLOHOM 05 -- FLOHOM 05 | Inner Harbor, Baltimore",hostaway,,2027-09-17,2027-09-17,752,USD,fixed,2,,fixed,,fixed
345316,FLOHOM 06 -- FLOHOM 06 | National Harbor,hostaway,,2027-09-17,2027-09-17,1259,USD,fixed,2,,fixed,,fixed
366176,"FLOHOM 07 -- FLOHOM 07 | Inner Harbor - Canton, Baltimore",hostaway,,2027-09-17,2027-09-17,995,USD,fixed,2,,fixed,,fixed
376368,FLOHOM 08 -- FLOHOM 08 | National Harbor,hostaway,,2027-09-17,2027-09-17,752,USD,fixed,2,,fixed,,fixed
383097,FLOHOM 09 -- FLOHOM 09 | Baltimore Peninsula,hostaway,,2027-09-17,2027-09-17,752,USD,fixed,2,,fixed,,fixed
404358,FLOHOM 10 -- FLOHOM 10 | Virginia Beach,hostaway,,2027-09-17,2027-09-17,995,USD,fixed,2,,fixed,,fixed
427313,FLOHOM 11 -- FLOHOM 11 | Virginia Beach,hostaway,,2027-09-17,2027-09-17,659,USD,fixed,2,,fixed,,fixed
422608,"FLOHOM 12 -- FLOHOM 12 | Inner Harbor - Fells Point, Baltimore",hostaway,,2027-09-17,2027-09-17,995,USD,fixed,2,,fixed,,fixed
485833,"FLOHOM 13 -- FLOHOM 13 | Inner Harbor, Baltimore",hostaway,,2027-09-17,2027-09-17,1259,USD,fixed,2,,fixed,,fixed
407612,"FLOHOM 14 -- FLOHOM 14 | Pasadena, Chesapeake Bay",hostaway,,2027-09-17,2027-09-17,659,USD,fixed,2,,fixed,,fixed
467334,FLOHOM 15 -- FLOHOM 15 | North Myrtle Beach,hostaway,,2027-09-17,2027-09-17,1193,USD,fixed,2,,fixed,,fixed
510832,FLOHOM 16 | Liberty Landing Marina,hostaway,,2027-09-17,2027-09-17,1259,USD,fixed,2,,fixed,,fixed
146908,"FLOHOM 01 -- FLOHOM 01 | Inner Harbor, Baltimore",hostaway,,2027-09-18,2027-09-18,1102,USD,fixed,2,,fixed,,fixed
146944,"FLOHOM 02 -- FLOHOM 02 | Inner Harbor - Canton, Baltimore",hostaway,,2027-09-18,2027-09-18,833,USD,fixed,2,,fixed,,fixed
146946,"FLOHOM 03 -- FLOHOM 03 | Magothy River, Annapolis",hostaway,,2027-09-18,2027-09-18,659,USD,fixed,2,,fixed,,fixed
260001,FLOHOM 04 -- FLOHOM 04 | National Harbor,hostaway,,2027-09-18,2027-09-18,1061,USD,fixed,2,,fixed,,fixed
278502,"FLOHOM 05 -- FLOHOM 05 | Inner Harbor, Baltimore",hostaway,,2027-09-18,2027-09-18,752,USD,fixed,2,,fixed,,fixed
345316,FLOHOM 06 -- FLOHOM 06 | National Harbor,hostaway,,2027-09-18,2027-09-18,1259,USD,fixed,2,,fixed,,fixed
366176,"FLOHOM 07 -- FLOHOM 07 | Inner Harbor - Canton, Baltimore",hostaway,,2027-09-18,2027-09-18,995,USD,fixed,2,,fixed,,fixed
376368,FLOHOM 08 -- FLOHOM 08 | National Harbor,hostaway,,2027-09-18,2027-09-18,752,USD,fixed,2,,fixed,,fixed
383097,FLOHOM 09 -- FLOHOM 09 | Baltimore Peninsula,hostaway,,2027-09-18,2027-09-18,752,USD,fixed,2,,fixed,,fixed
404358,FLOHOM 10 -- FLOHOM 10 | Virginia Beach,hostaway,,2027-09-18,2027-09-18,995,USD,fixed,2,,fixed,,fixed
427313,FLOHOM 11 -- FLOHOM 11 | Virginia Beach,hostaway,,2027-09-18,2027-09-18,659,USD,fixed,2,,fixed,,fixed
422608,"FLOHOM 12 -- FLOHOM 12 | Inner Harbor - Fells Point, Baltimore",hostaway,,2027-09-18,2027-09-18,995,USD,fixed,2,,fixed,,fixed
485833,"FLOHOM 13 -- FLOHOM 13 | Inner Harbor, Baltimore",hostaway,,2027-09-18,2027-09-18,1259,USD,fixed,2,,fixed,,fixed
407612,"FLOHOM 14 -- FLOHOM 14 | Pasadena, Chesapeake Bay",hostaway,,2027-09-18,2027-09-18,659,USD,fixed,2,,fixed,,fixed
467334,FLOHOM 15 -- FLOHOM 15 | North Myrtle Beach,hostaway,,2027-09-18,2027-09-18,1193,USD,fixed,2,,fixed,,fixed
510832,FLOHOM 16 | Liberty Landing Marina,hostaway,,2027-09-18,2027-09-18,1259,USD,fixed,2,,fixed,,fixed
146908,"FLOHOM 01 -- FLOHOM 01 | Inner Harbor, Baltimore",hostaway,,2027-09-19,2027-09-19,935,USD,fixed,2,,fixed,,fixed
146944,"FLOHOM 02 -- FLOHOM 02 | Inner Harbor - Canton, Baltimore",hostaway,,2027-09-19,2027-09-19,695,USD,fixed,2,,fixed,,fixed
146946,"FLOHOM 03 -- FLOHOM 03 | Magothy River, Annapolis",hostaway,,2027-09-19,2027-09-19,509,USD,fixed,2,,fixed,,fixed
260001,FLOHOM 04 -- FLOHOM 04 | National Harbor,hostaway,,2027-09-19,2027-09-19,900,USD,fixed,2,,fixed,,fixed
278502,"FLOHOM 05 -- FLOHOM 05 | Inner Harbor, Baltimore",hostaway,,2027-09-19,2027-09-19,641,USD,fixed,2,,fixed,,fixed
345316,FLOHOM 06 -- FLOHOM 06 | National Harbor,hostaway,,2027-09-19,2027-09-19,1021,USD,fixed,2,,fixed,,fixed
366176,"FLOHOM 07 -- FLOHOM 07 | Inner Harbor - Canton, Baltimore",hostaway,,2027-09-19,2027-09-19,809,USD,fixed,2,,fixed,,fixed
376368,FLOHOM 08 -- FLOHOM 08 | National Harbor,hostaway,,2027-09-19,2027-09-19,641,USD,fixed,2,,fixed,,fixed
383097,FLOHOM 09 -- FLOHOM 09 | Baltimore Peninsula,hostaway,,2027-09-19,2027-09-19,641,USD,fixed,2,,fixed,,fixed
404358,FLOHOM 10 -- FLOHOM 10 | Virginia Beach,hostaway,,2027-09-19,2027-09-19,809,USD,fixed,2,,fixed,,fixed
427313,FLOHOM 11 -- FLOHOM 11 | Virginia Beach,hostaway,,2027-09-19,2027-09-19,509,USD,fixed,2,,fixed,,fixed
422608,"FLOHOM 12 -- FLOHOM 12 | Inner Harbor - Fells Point, Baltimore",hostaway,,2027-09-19,2027-09-19,809,USD,fixed,2,,fixed,,fixed
485833,"FLOHOM 13 -- FLOHOM 13 | Inner Harbor, Baltimore",hostaway,,2027-09-19,2027-09-19,1021,USD,fixed,2,,fixed,,fixed
407612,"FLOHOM 14 -- FLOHOM 14 | Pasadena, Chesapeake Bay",hostaway,,2027-09-19,2027-09-19,509,USD,fixed,2,,fixed,,fixed
467334,FLOHOM 15 -- FLOHOM 15 | North Myrtle Beach,hostaway,,2027-09-19,2027-09-19,983,USD,fixed,2,,fixed,,fixed
510832,FLOHOM 16 | Liberty Landing Marina,hostaway,,2027-09-19,2027-09-19,1021,USD,fixed,2,,fixed,,fixed
146908,"FLOHOM 01 -- FLOHOM 01 | Inner Harbor, Baltimore",hostaway,,2027-09-20,2027-09-20,579,USD,fixed,2,,fixed,,fixed
146944,"FLOHOM 02 -- FLOHOM 02 | Inner Harbor - Canton, Baltimore",hostaway,,2027-09-20,2027-09-20,426,USD,fixed,2,,fixed,,fixed
146946,"FLOHOM 03 -- FLOHOM 03 | Magothy River, Annapolis",hostaway,,2027-09-20,2027-09-20,333,USD,fixed,2,,fixed,,fixed
260001,FLOHOM 04 -- FLOHOM 04 | National Harbor,hostaway,,2027-09-20,2027-09-20,576,USD,fixed,2,,fixed,,fixed
278502,"FLOHOM 05 -- FLOHOM 05 | Inner Harbor, Baltimore",hostaway,,2027-09-20,2027-09-20,393,USD,fixed,2,,fixed,,fixed
345316,FLOHOM 06 -- FLOHOM 06 | National Harbor,hostaway,,2027-09-20,2027-09-20,684,USD,fixed,2,,fixed,,fixed
366176,"FLOHOM 07 -- FLOHOM 07 | Inner Harbor - Canton, Baltimore",hostaway,,2027-09-20,2027-09-20,483,USD,fixed,2,,fixed,,fixed
376368,FLOHOM 08 -- FLOHOM 08 | National Harbor,hostaway,,2027-09-20,2027-09-20,393,USD,fixed,2,,fixed,,fixed
383097,FLOHOM 09 -- FLOHOM 09 | Baltimore Peninsula,hostaway,,2027-09-20,2027-09-20,393,USD,fixed,2,,fixed,,fixed
404358,FLOHOM 10 -- FLOHOM 10 | Virginia Beach,hostaway,,2027-09-20,2027-09-20,483,USD,fixed,2,,fixed,,fixed
427313,FLOHOM 11 -- FLOHOM 11 | Virginia Beach,hostaway,,2027-09-20,2027-09-20,333,USD,fixed,2,,fixed,,fixed
422608,"FLOHOM 12 -- FLOHOM 12 | Inner Harbor - Fells Point, Baltimore",hostaway,,2027-09-20,2027-09-20,483,USD,fixed,2,,fixed,,fixed
485833,"FLOHOM 13 -- FLOHOM 13 | Inner Harbor, Baltimore",hostaway,,2027-09-20,2027-09-20,684,USD,fixed,2,,fixed,,fixed
407612,"FLOHOM 14 -- FLOHOM 14 | Pasadena, Chesapeake Bay",hostaway,,2027-09-20,2027-09-20,333,USD,fixed,2,,fixed,,fixed
467334,FLOHOM 15 -- FLOHOM 15 | North Myrtle Beach,hostaway,,2027-09-20,2027-09-20,658,USD,fixed,2,,fixed,,fixed
510832,FLOHOM 16 | Liberty Landing Marina,hostaway,,2027-09-20,2027-09-20,684,USD,fixed,2,,fixed,,fixed
146908,"FLOHOM 01 -- FLOHOM 01 | Inner Harbor, Baltimore",hostaway,,2027-09-21,2027-09-21,579,USD,fixed,2,,fixed,,fixed
146944,"FLOHOM 02 -- FLOHOM 02 | Inner Harbor - Canton, Baltimore",hostaway,,2027-09-21,2027-09-21,426,USD,fixed,2,,fixed,,fixed
146946,"FLOHOM 03 -- FLOHOM 03 | Magothy River, Annapolis",hostaway,,2027-09-21,2027-09-21,333,USD,fixed,2,,fixed,,fixed
260001,FLOHOM 04 -- FLOHOM 04 | National Harbor,hostaway,,2027-09-21,2027-09-21,576,USD,fixed,2,,fixed,,fixed
278502,"FLOHOM 05 -- FLOHOM 05 | Inner Harbor, Baltimore",hostaway,,2027-09-21,2027-09-21,393,USD,fixed,2,,fixed,,fixed
345316,FLOHOM 06 -- FLOHOM 06 | National Harbor,hostaway,,2027-09-21,2027-09-21,684,USD,fixed,2,,fixed,,fixed
366176,"FLOHOM 07 -- FLOHOM 07 | Inner Harbor - Canton, Baltimore",hostaway,,2027-09-21,2027-09-21,483,USD,fixed,2,,fixed,,fixed
376368,FLOHOM 08 -- FLOHOM 08 | National Harbor,hostaway,,2027-09-21,2027-09-21,393,USD,fixed,2,,fixed,,fixed
383097,FLOHOM 09 -- FLOHOM 09 | Baltimore Peninsula,hostaway,,2027-09-21,2027-09-21,393,USD,fixed,2,,fixed,,fixed
404358,FLOHOM 10 -- FLOHOM 10 | Virginia Beach,hostaway,,2027-09-21,2027-09-21,483,USD,fixed,2,,fixed,,fixed
427313,FLOHOM 11 -- FLOHOM 11 | Virginia Beach,hostaway,,2027-09-21,2027-09-21,333,USD,fixed,2,,fixed,,fixed
422608,"FLOHOM 12 -- FLOHOM 12 | Inner Harbor - Fells Point, Baltimore",hostaway,,2027-09-21,2027-09-21,483,USD,fixed,2,,fixed,,fixed
485833,"FLOHOM 13 -- FLOHOM 13 | Inner Harbor, Baltimore",hostaway,,2027-09-21,2027-09-21,684,USD,fixed,2,,fixed,,fixed
407612,"FLOHOM 14 -- FLOHOM 14 | Pasadena, Chesapeake Bay",hostaway,,2027-09-21,2027-09-21,333,USD,fixed,2,,fixed,,fixed
467334,FLOHOM 15 -- FLOHOM 15 | North Myrtle Beach,hostaway,,2027-09-21,2027-09-21,658,USD,fixed,2,,fixed,,fixed
510832,FLOHOM 16 | Liberty Landing Marina,hostaway,,2027-09-21,2027-09-21,684,USD,fixed,2,,fixed,,fixed
146908,"FLOHOM 01 -- FLOHOM 01 | Inner Harbor, Baltimore",hostaway,,2027-09-22,2027-09-22,579,USD,fixed,2,,fixed,,fixed
146944,"FLOHOM 02 -- FLOHOM 02 | Inner Harbor - Canton, Baltimore",hostaway,,2027-09-22,2027-09-22,426,USD,fixed,2,,fixed,,fixed
146946,"FLOHOM 03 -- FLOHOM 03 | Magothy River, Annapolis",hostaway,,2027-09-22,2027-09-22,333,USD,fixed,2,,fixed,,fixed
260001,FLOHOM 04 -- FLOHOM 04 | National Harbor,hostaway,,2027-09-22,2027-09-22,576,USD,fixed,2,,fixed,,fixed
278502,"FLOHOM 05 -- FLOHOM 05 | Inner Harbor, Baltimore",hostaway,,2027-09-22,2027-09-22,393,USD,fixed,2,,fixed,,fixed
345316,FLOHOM 06 -- FLOHOM 06 | National Harbor,hostaway,,2027-09-22,2027-09-22,684,USD,fixed,2,,fixed,,fixed
366176,"FLOHOM 07 -- FLOHOM 07 | Inner Harbor - Canton, Baltimore",hostaway,,2027-09-22,2027-09-22,483,USD,fixed,2,,fixed,,fixed
376368,FLOHOM 08 -- FLOHOM 08 | National Harbor,hostaway,,2027-09-22,2027-09-22,393,USD,fixed,2,,fixed,,fixed
383097,FLOHOM 09 -- FLOHOM 09 | Baltimore Peninsula,hostaway,,2027-09-22,2027-09-22,393,USD,fixed,2,,fixed,,fixed
404358,FLOHOM 10 -- FLOHOM 10 | Virginia Beach,hostaway,,2027-09-22,2027-09-22,483,USD,fixed,2,,fixed,,fixed
427313,FLOHOM 11 -- FLOHOM 11 | Virginia Beach,hostaway,,2027-09-22,2027-09-22,333,USD,fixed,2,,fixed,,fixed
422608,"FLOHOM 12 -- FLOHOM 12 | Inner Harbor - Fells Point, Baltimore",hostaway,,2027-09-22,2027-09-22,483,USD,fixed,2,,fixed,,fixed
485833,"FLOHOM 13 -- FLOHOM 13 | Inner Harbor, Baltimore",hostaway,,2027-09-22,2027-09-22,684,USD,fixed,2,,fixed,,fixed
407612,"FLOHOM 14 -- FLOHOM 14 | Pasadena, Chesapeake Bay",hostaway,,2027-09-22,2027-09-22,333,USD,fixed,2,,fixed,,fixed
467334,FLOHOM 15 -- FLOHOM 15 | North Myrtle Beach,hostaway,,2027-09-22,2027-09-22,658,USD,fixed,2,,fixed,,fixed
510832,FLOHOM 16 | Liberty Landing Marina,hostaway,,2027-09-22,2027-09-22,684,USD,fixed,2,,fixed,,fixed
146908,"FLOHOM 01 -- FLOHOM 01 | Inner Harbor, Baltimore",hostaway,,2027-09-23,2027-09-23,935,USD,fixed,2,,fixed,,fixed
146944,"FLOHOM 02 -- FLOHOM 02 | Inner Harbor - Canton, Baltimore",hostaway,,2027-09-23,2027-09-23,695,USD,fixed,2,,fixed,,fixed
146946,"FLOHOM 03 -- FLOHOM 03 | Magothy River, Annapolis",hostaway,,2027-09-23,2027-09-23,509,USD,fixed,2,,fixed,,fixed
260001,FLOHOM 04 -- FLOHOM 04 | National Harbor,hostaway,,2027-09-23,2027-09-23,900,USD,fixed,2,,fixed,,fixed
278502,"FLOHOM 05 -- FLOHOM 05 | Inner Harbor, Baltimore",hostaway,,2027-09-23,2027-09-23,641,USD,fixed,2,,fixed,,fixed
345316,FLOHOM 06 -- FLOHOM 06 | National Harbor,hostaway,,2027-09-23,2027-09-23,1021,USD,fixed,2,,fixed,,fixed
366176,"FLOHOM 07 -- FLOHOM 07 | Inner Harbor - Canton, Baltimore",hostaway,,2027-09-23,2027-09-23,809,USD,fixed,2,,fixed,,fixed
376368,FLOHOM 08 -- FLOHOM 08 | National Harbor,hostaway,,2027-09-23,2027-09-23,641,USD,fixed,2,,fixed,,fixed
383097,FLOHOM 09 -- FLOHOM 09 | Baltimore Peninsula,hostaway,,2027-09-23,2027-09-23,641,USD,fixed,2,,fixed,,fixed
404358,FLOHOM 10 -- FLOHOM 10 | Virginia Beach,hostaway,,2027-09-23,2027-09-23,809,USD,fixed,2,,fixed,,fixed
427313,FLOHOM 11 -- FLOHOM 11 | Virginia Beach,hostaway,,2027-09-23,2027-09-23,509,USD,fixed,2,,fixed,,fixed
422608,"FLOHOM 12 -- FLOHOM 12 | Inner Harbor - Fells Point, Baltimore",hostaway,,2027-09-23,2027-09-23,809,USD,fixed,2,,fixed,,fixed
485833,"FLOHOM 13 -- FLOHOM 13 | Inner Harbor, Baltimore",hostaway,,2027-09-23,2027-09-23,1021,USD,fixed,2,,fixed,,fixed
407612,"FLOHOM 14 -- FLOHOM 14 | Pasadena, Chesapeake Bay",hostaway,,2027-09-23,2027-09-23,509,USD,fixed,2,,fixed,,fixed
467334,FLOHOM 15 -- FLOHOM 15 | North Myrtle Beach,hostaway,,2027-09-23,2027-09-23,983,USD,fixed,2,,fixed,,fixed
510832,FLOHOM 16 | Liberty Landing Marina,hostaway,,2027-09-23,2027-09-23,1021,USD,fixed,2,,fixed,,fixed
146908,"FLOHOM 01 -- FLOHOM 01 | Inner Harbor, Baltimore",hostaway,,2027-09-24,2027-09-24,1102,USD,fixed,2,,fixed,,fixed
146944,"FLOHOM 02 -- FLOHOM 02 | Inner Harbor - Canton, Baltimore",hostaway,,2027-09-24,2027-09-24,833,USD,fixed,2,,fixed,,fixed
146946,"FLOHOM 03 -- FLOHOM 03 | Magothy River, Annapolis",hostaway,,2027-09-24,2027-09-24,659,USD,fixed,2,,fixed,,fixed
260001,FLOHOM 04 -- FLOHOM 04 | National Harbor,hostaway,,2027-09-24,2027-09-24,1061,USD,fixed,2,,fixed,,fixed
278502,"FLOHOM 05 -- FLOHOM 05 | Inner Harbor, Baltimore",hostaway,,2027-09-24,2027-09-24,752,USD,fixed,2,,fixed,,fixed
345316,FLOHOM 06 -- FLOHOM 06 | National Harbor,hostaway,,2027-09-24,2027-09-24,1259,USD,fixed,2,,fixed,,fixed
366176,"FLOHOM 07 -- FLOHOM 07 | Inner Harbor - Canton, Baltimore",hostaway,,2027-09-24,2027-09-24,995,USD,fixed,2,,fixed,,fixed
376368,FLOHOM 08 -- FLOHOM 08 | National Harbor,hostaway,,2027-09-24,2027-09-24,752,USD,fixed,2,,fixed,,fixed
383097,FLOHOM 09 -- FLOHOM 09 | Baltimore Peninsula,hostaway,,2027-09-24,2027-09-24,752,USD,fixed,2,,fixed,,fixed
404358,FLOHOM 10 -- FLOHOM 10 | Virginia Beach,hostaway,,2027-09-24,2027-09-24,995,USD,fixed,2,,fixed,,fixed
427313,FLOHOM 11 -- FLOHOM 11 | Virginia Beach,hostaway,,2027-09-24,2027-09-24,659,USD,fixed,2,,fixed,,fixed
422608,"FLOHOM 12 -- FLOHOM 12 | Inner Harbor - Fells Point, Baltimore",hostaway,,2027-09-24,2027-09-24,995,USD,fixed,2,,fixed,,fixed
485833,"FLOHOM 13 -- FLOHOM 13 | Inner Harbor, Baltimore",hostaway,,2027-09-24,2027-09-24,1259,USD,fixed,2,,fixed,,fixed
407612,"FLOHOM 14 -- FLOHOM 14 | Pasadena, Chesapeake Bay",hostaway,,2027-09-24,2027-09-24,659,USD,fixed,2,,fixed,,fixed
467334,FLOHOM 15 -- FLOHOM 15 | North Myrtle Beach,hostaway,,2027-09-24,2027-09-24,1312,USD,fixed,2,,fixed,,fixed
510832,FLOHOM 16 | Liberty Landing Marina,hostaway,,2027-09-24,2027-09-24,1259,USD,fixed,2,,fixed,,fixed
146908,"FLOHOM 01 -- FLOHOM 01 | Inner Harbor, Baltimore",hostaway,,2027-09-25,2027-09-25,1102,USD,fixed,2,,fixed,,fixed
146944,"FLOHOM 02 -- FLOHOM 02 | Inner Harbor - Canton, Baltimore",hostaway,,2027-09-25,2027-09-25,833,USD,fixed,2,,fixed,,fixed
146946,"FLOHOM 03 -- FLOHOM 03 | Magothy River, Annapolis",hostaway,,2027-09-25,2027-09-25,659,USD,fixed,2,,fixed,,fixed
260001,FLOHOM 04 -- FLOHOM 04 | National Harbor,hostaway,,2027-09-25,2027-09-25,1061,USD,fixed,2,,fixed,,fixed
278502,"FLOHOM 05 -- FLOHOM 05 | Inner Harbor, Baltimore",hostaway,,2027-09-25,2027-09-25,752,USD,fixed,2,,fixed,,fixed
345316,FLOHOM 06 -- FLOHOM 06 | National Harbor,hostaway,,2027-09-25,2027-09-25,1259,USD,fixed,2,,fixed,,fixed
366176,"FLOHOM 07 -- FLOHOM 07 | Inner Harbor - Canton, Baltimore",hostaway,,2027-09-25,2027-09-25,995,USD,fixed,2,,fixed,,fixed
376368,FLOHOM 08 -- FLOHOM 08 | National Harbor,hostaway,,2027-09-25,2027-09-25,752,USD,fixed,2,,fixed,,fixed
383097,FLOHOM 09 -- FLOHOM 09 | Baltimore Peninsula,hostaway,,2027-09-25,2027-09-25,752,USD,fixed,2,,fixed,,fixed
404358,FLOHOM 10 -- FLOHOM 10 | Virginia Beach,hostaway,,2027-09-25,2027-09-25,995,USD,fixed,2,,fixed,,fixed
427313,FLOHOM 11 -- FLOHOM 11 | Virginia Beach,hostaway,,2027-09-25,2027-09-25,659,USD,fixed,2,,fixed,,fixed
422608,"FLOHOM 12 -- FLOHOM 12 | Inner Harbor - Fells Point, Baltimore",hostaway,,2027-09-25,2027-09-25,995,USD,fixed,2,,fixed,,fixed
485833,"FLOHOM 13 -- FLOHOM 13 | Inner Harbor, Baltimore",hostaway,,2027-09-25,2027-09-25,1259,USD,fixed,2,,fixed,,fixed
407612,"FLOHOM 14 -- FLOHOM 14 | Pasadena, Chesapeake Bay",hostaway,,2027-09-25,2027-09-25,659,USD,fixed,2,,fixed,,fixed
467334,FLOHOM 15 -- FLOHOM 15 | North Myrtle Beach,hostaway,,2027-09-25,2027-09-25,1312,USD,fixed,2,,fixed,,fixed
510832,FLOHOM 16 | Liberty Landing Marina,hostaway,,2027-09-25,2027-09-25,1259,USD,fixed,2,,fixed,,fixed
146908,"FLOHOM 01 -- FLOHOM 01 | Inner Harbor, Baltimore",hostaway,,2027-09-26,2027-09-26,935,USD,fixed,2,,fixed,,fixed
146944,"FLOHOM 02 -- FLOHOM 02 | Inner Harbor - Canton, Baltimore",hostaway,,2027-09-26,2027-09-26,695,USD,fixed,2,,fixed,,fixed
146946,"FLOHOM 03 -- FLOHOM 03 | Magothy River, Annapolis",hostaway,,2027-09-26,2027-09-26,509,USD,fixed,2,,fixed,,fixed
260001,FLOHOM 04 -- FLOHOM 04 | National Harbor,hostaway,,2027-09-26,2027-09-26,900,USD,fixed,2,,fixed,,fixed
278502,"FLOHOM 05 -- FLOHOM 05 | Inner Harbor, Baltimore",hostaway,,2027-09-26,2027-09-26,641,USD,fixed,2,,fixed,,fixed
345316,FLOHOM 06 -- FLOHOM 06 | National Harbor,hostaway,,2027-09-26,2027-09-26,1021,USD,fixed,2,,fixed,,fixed
366176,"FLOHOM 07 -- FLOHOM 07 | Inner Harbor - Canton, Baltimore",hostaway,,2027-09-26,2027-09-26,809,USD,fixed,2,,fixed,,fixed
376368,FLOHOM 08 -- FLOHOM 08 | National Harbor,hostaway,,2027-09-26,2027-09-26,641,USD,fixed,2,,fixed,,fixed
383097,FLOHOM 09 -- FLOHOM 09 | Baltimore Peninsula,hostaway,,2027-09-26,2027-09-26,641,USD,fixed,2,,fixed,,fixed
404358,FLOHOM 10 -- FLOHOM 10 | Virginia Beach,hostaway,,2027-09-26,2027-09-26,809,USD,fixed,2,,fixed,,fixed
427313,FLOHOM 11 -- FLOHOM 11 | Virginia Beach,hostaway,,2027-09-26,2027-09-26,509,USD,fixed,2,,fixed,,fixed
422608,"FLOHOM 12 -- FLOHOM 12 | Inner Harbor - Fells Point, Baltimore",hostaway,,2027-09-26,2027-09-26,809,USD,fixed,2,,fixed,,fixed
485833,"FLOHOM 13 -- FLOHOM 13 | Inner Harbor, Baltimore",hostaway,,2027-09-26,2027-09-26,1021,USD,fixed,2,,fixed,,fixed
407612,"FLOHOM 14 -- FLOHOM 14 | Pasadena, Chesapeake Bay",hostaway,,2027-09-26,2027-09-26,509,USD,fixed,2,,fixed,,fixed
467334,FLOHOM 15 -- FLOHOM 15 | North Myrtle Beach,hostaway,,2027-09-26,2027-09-26,1081,USD,fixed,2,,fixed,,fixed
510832,FLOHOM 16 | Liberty Landing Marina,hostaway,,2027-09-26,2027-09-26,1021,USD,fixed,2,,fixed,,fixed
146908,"FLOHOM 01 -- FLOHOM 01 | Inner Harbor, Baltimore",hostaway,,2027-09-27,2027-09-27,579,USD,fixed,2,,fixed,,fixed
146944,"FLOHOM 02 -- FLOHOM 02 | Inner Harbor - Canton, Baltimore",hostaway,,2027-09-27,2027-09-27,426,USD,fixed,2,,fixed,,fixed
146946,"FLOHOM 03 -- FLOHOM 03 | Magothy River, Annapolis",hostaway,,2027-09-27,2027-09-27,333,USD,fixed,2,,fixed,,fixed
260001,FLOHOM 04 -- FLOHOM 04 | National Harbor,hostaway,,2027-09-27,2027-09-27,576,USD,fixed,2,,fixed,,fixed
278502,"FLOHOM 05 -- FLOHOM 05 | Inner Harbor, Baltimore",hostaway,,2027-09-27,2027-09-27,393,USD,fixed,2,,fixed,,fixed
345316,FLOHOM 06 -- FLOHOM 06 | National Harbor,hostaway,,2027-09-27,2027-09-27,684,USD,fixed,2,,fixed,,fixed
366176,"FLOHOM 07 -- FLOHOM 07 | Inner Harbor - Canton, Baltimore",hostaway,,2027-09-27,2027-09-27,483,USD,fixed,2,,fixed,,fixed
376368,FLOHOM 08 -- FLOHOM 08 | National Harbor,hostaway,,2027-09-27,2027-09-27,393,USD,fixed,2,,fixed,,fixed
383097,FLOHOM 09 -- FLOHOM 09 | Baltimore Peninsula,hostaway,,2027-09-27,2027-09-27,393,USD,fixed,2,,fixed,,fixed
404358,FLOHOM 10 -- FLOHOM 10 | Virginia Beach,hostaway,,2027-09-27,2027-09-27,483,USD,fixed,2,,fixed,,fixed
427313,FLOHOM 11 -- FLOHOM 11 | Virginia Beach,hostaway,,2027-09-27,2027-09-27,333,USD,fixed,2,,fixed,,fixed
422608,"FLOHOM 12 -- FLOHOM 12 | Inner Harbor - Fells Point, Baltimore",hostaway,,2027-09-27,2027-09-27,483,USD,fixed,2,,fixed,,fixed
485833,"FLOHOM 13 -- FLOHOM 13 | Inner Harbor, Baltimore",hostaway,,2027-09-27,2027-09-27,684,USD,fixed,2,,fixed,,fixed
407612,"FLOHOM 14 -- FLOHOM 14 | Pasadena, Chesapeake Bay",hostaway,,2027-09-27,2027-09-27,333,USD,fixed,2,,fixed,,fixed
467334,FLOHOM 15 -- FLOHOM 15 | North Myrtle Beach,hostaway,,2027-09-27,2027-09-27,723,USD,fixed,2,,fixed,,fixed
510832,FLOHOM 16 | Liberty Landing Marina,hostaway,,2027-09-27,2027-09-27,684,USD,fixed,2,,fixed,,fixed
146908,"FLOHOM 01 -- FLOHOM 01 | Inner Harbor, Baltimore",hostaway,,2027-09-28,2027-09-28,579,USD,fixed,2,,fixed,,fixed
146944,"FLOHOM 02 -- FLOHOM 02 | Inner Harbor - Canton, Baltimore",hostaway,,2027-09-28,2027-09-28,426,USD,fixed,2,,fixed,,fixed
146946,"FLOHOM 03 -- FLOHOM 03 | Magothy River, Annapolis",hostaway,,2027-09-28,2027-09-28,333,USD,fixed,2,,fixed,,fixed
260001,FLOHOM 04 -- FLOHOM 04 | National Harbor,hostaway,,2027-09-28,2027-09-28,576,USD,fixed,2,,fixed,,fixed
278502,"FLOHOM 05 -- FLOHOM 05 | Inner Harbor, Baltimore",hostaway,,2027-09-28,2027-09-28,393,USD,fixed,2,,fixed,,fixed
345316,FLOHOM 06 -- FLOHOM 06 | National Harbor,hostaway,,2027-09-28,2027-09-28,684,USD,fixed,2,,fixed,,fixed
366176,"FLOHOM 07 -- FLOHOM 07 | Inner Harbor - Canton, Baltimore",hostaway,,2027-09-28,2027-09-28,483,USD,fixed,2,,fixed,,fixed
376368,FLOHOM 08 -- FLOHOM 08 | National Harbor,hostaway,,2027-09-28,2027-09-28,393,USD,fixed,2,,fixed,,fixed
383097,FLOHOM 09 -- FLOHOM 09 | Baltimore Peninsula,hostaway,,2027-09-28,2027-09-28,393,USD,fixed,2,,fixed,,fixed
404358,FLOHOM 10 -- FLOHOM 10 | Virginia Beach,hostaway,,2027-09-28,2027-09-28,483,USD,fixed,2,,fixed,,fixed
427313,FLOHOM 11 -- FLOHOM 11 | Virginia Beach,hostaway,,2027-09-28,2027-09-28,333,USD,fixed,2,,fixed,,fixed
422608,"FLOHOM 12 -- FLOHOM 12 | Inner Harbor - Fells Point, Baltimore",hostaway,,2027-09-28,2027-09-28,483,USD,fixed,2,,fixed,,fixed
485833,"FLOHOM 13 -- FLOHOM 13 | Inner Harbor, Baltimore",hostaway,,2027-09-28,2027-09-28,684,USD,fixed,2,,fixed,,fixed
407612,"FLOHOM 14 -- FLOHOM 14 | Pasadena, Chesapeake Bay",hostaway,,2027-09-28,2027-09-28,333,USD,fixed,2,,fixed,,fixed
467334,FLOHOM 15 -- FLOHOM 15 | North Myrtle Beach,hostaway,,2027-09-28,2027-09-28,723,USD,fixed,2,,fixed,,fixed
510832,FLOHOM 16 | Liberty Landing Marina,hostaway,,2027-09-28,2027-09-28,684,USD,fixed,2,,fixed,,fixed
146908,"FLOHOM 01 -- FLOHOM 01 | Inner Harbor, Baltimore",hostaway,,2027-09-29,2027-09-29,579,USD,fixed,2,,fixed,,fixed
146944,"FLOHOM 02 -- FLOHOM 02 | Inner Harbor - Canton, Baltimore",hostaway,,2027-09-29,2027-09-29,426,USD,fixed,2,,fixed,,fixed
146946,"FLOHOM 03 -- FLOHOM 03 | Magothy River, Annapolis",hostaway,,2027-09-29,2027-09-29,333,USD,fixed,2,,fixed,,fixed
260001,FLOHOM 04 -- FLOHOM 04 | National Harbor,hostaway,,2027-09-29,2027-09-29,576,USD,fixed,2,,fixed,,fixed
278502,"FLOHOM 05 -- FLOHOM 05 | Inner Harbor, Baltimore",hostaway,,2027-09-29,2027-09-29,393,USD,fixed,2,,fixed,,fixed
345316,FLOHOM 06 -- FLOHOM 06 | National Harbor,hostaway,,2027-09-29,2027-09-29,684,USD,fixed,2,,fixed,,fixed
366176,"FLOHOM 07 -- FLOHOM 07 | Inner Harbor - Canton, Baltimore",hostaway,,2027-09-29,2027-09-29,483,USD,fixed,2,,fixed,,fixed
376368,FLOHOM 08 -- FLOHOM 08 | National Harbor,hostaway,,2027-09-29,2027-09-29,393,USD,fixed,2,,fixed,,fixed
383097,FLOHOM 09 -- FLOHOM 09 | Baltimore Peninsula,hostaway,,2027-09-29,2027-09-29,393,USD,fixed,2,,fixed,,fixed
404358,FLOHOM 10 -- FLOHOM 10 | Virginia Beach,hostaway,,2027-09-29,2027-09-29,483,USD,fixed,2,,fixed,,fixed
427313,FLOHOM 11 -- FLOHOM 11 | Virginia Beach,hostaway,,2027-09-29,2027-09-29,333,USD,fixed,2,,fixed,,fixed
422608,"FLOHOM 12 -- FLOHOM 12 | Inner Harbor - Fells Point, Baltimore",hostaway,,2027-09-29,2027-09-29,483,USD,fixed,2,,fixed,,fixed
485833,"FLOHOM 13 -- FLOHOM 13 | Inner Harbor, Baltimore",hostaway,,2027-09-29,2027-09-29,684,USD,fixed,2,,fixed,,fixed
407612,"FLOHOM 14 -- FLOHOM 14 | Pasadena, Chesapeake Bay",hostaway,,2027-09-29,2027-09-29,333,USD,fixed,2,,fixed,,fixed
467334,FLOHOM 15 -- FLOHOM 15 | North Myrtle Beach,hostaway,,2027-09-29,2027-09-29,723,USD,fixed,2,,fixed,,fixed
510832,FLOHOM 16 | Liberty Landing Marina,hostaway,,2027-09-29,2027-09-29,684,USD,fixed,2,,fixed,,fixed
146908,"FLOHOM 01 -- FLOHOM 01 | Inner Harbor, Baltimore",hostaway,,2027-09-30,2027-09-30,935,USD,fixed,2,,fixed,,fixed
146944,"FLOHOM 02 -- FLOHOM 02 | Inner Harbor - Canton, Baltimore",hostaway,,2027-09-30,2027-09-30,695,USD,fixed,2,,fixed,,fixed
146946,"FLOHOM 03 -- FLOHOM 03 | Magothy River, Annapolis",hostaway,,2027-09-30,2027-09-30,509,USD,fixed,2,,fixed,,fixed
260001,FLOHOM 04 -- FLOHOM 04 | National Harbor,hostaway,,2027-09-30,2027-09-30,900,USD,fixed,2,,fixed,,fixed
278502,"FLOHOM 05 -- FLOHOM 05 | Inner Harbor, Baltimore",hostaway,,2027-09-30,2027-09-30,641,USD,fixed,2,,fixed,,fixed
345316,FLOHOM 06 -- FLOHOM 06 | National Harbor,hostaway,,2027-09-30,2027-09-30,1021,USD,fixed,2,,fixed,,fixed
366176,"FLOHOM 07 -- FLOHOM 07 | Inner Harbor - Canton, Baltimore",hostaway,,2027-09-30,2027-09-30,809,USD,fixed,2,,fixed,,fixed
376368,FLOHOM 08 -- FLOHOM 08 | National Harbor,hostaway,,2027-09-30,2027-09-30,641,USD,fixed,2,,fixed,,fixed
383097,FLOHOM 09 -- FLOHOM 09 | Baltimore Peninsula,hostaway,,2027-09-30,2027-09-30,641,USD,fixed,2,,fixed,,fixed
404358,FLOHOM 10 -- FLOHOM 10 | Virginia Beach,hostaway,,2027-09-30,2027-09-30,809,USD,fixed,2,,fixed,,fixed
427313,FLOHOM 11 -- FLOHOM 11 | Virginia Beach,hostaway,,2027-09-30,2027-09-30,509,USD,fixed,2,,fixed,,fixed
422608,"FLOHOM 12 -- FLOHOM 12 | Inner Harbor - Fells Point, Baltimore",hostaway,,2027-09-30,2027-09-30,809,USD,fixed,2,,fixed,,fixed
485833,"FLOHOM 13 -- FLOHOM 13 | Inner Harbor, Baltimore",hostaway,,2027-09-30,2027-09-30,1021,USD,fixed,2,,fixed,,fixed
407612,"FLOHOM 14 -- FLOHOM 14 | Pasadena, Chesapeake Bay",hostaway,,2027-09-30,2027-09-30,509,USD,fixed,2,,fixed,,fixed
467334,FLOHOM 15 -- FLOHOM 15 | North Myrtle Beach,hostaway,,2027-09-30,2027-09-30,1081,USD,fixed,2,,fixed,,fixed
510832,FLOHOM 16 | Liberty Landing Marina,hostaway,,2027-09-30,2027-09-30,1021,USD,fixed,2,,fixed,,fixed
146908,"FLOHOM 01 -- FLOHOM 01 | Inner Harbor, Baltimore",hostaway,,2027-10-01,2027-10-01,1102,USD,fixed,2,,fixed,,fixed
146944,"FLOHOM 02 -- FLOHOM 02 | Inner Harbor - Canton, Baltimore",hostaway,,2027-10-01,2027-10-01,833,USD,fixed,2,,fixed,,fixed
146946,"FLOHOM 03 -- FLOHOM 03 | Magothy River, Annapolis",hostaway,,2027-10-01,2027-10-01,659,USD,fixed,2,,fixed,,fixed
260001,FLOHOM 04 -- FLOHOM 04 | National Harbor,hostaway,,2027-10-01,2027-10-01,1061,USD,fixed,2,,fixed,,fixed
278502,"FLOHOM 05 -- FLOHOM 05 | Inner Harbor, Baltimore",hostaway,,2027-10-01,2027-10-01,752,USD,fixed,2,,fixed,,fixed
345316,FLOHOM 06 -- FLOHOM 06 | National Harbor,hostaway,,2027-10-01,2027-10-01,1259,USD,fixed,2,,fixed,,fixed
366176,"FLOHOM 07 -- FLOHOM 07 | Inner Harbor - Canton, Baltimore",hostaway,,2027-10-01,2027-10-01,995,USD,fixed,2,,fixed,,fixed
376368,FLOHOM 08 -- FLOHOM 08 | National Harbor,hostaway,,2027-10-01,2027-10-01,752,USD,fixed,2,,fixed,,fixed
383097,FLOHOM 09 -- FLOHOM 09 | Baltimore Peninsula,hostaway,,2027-10-01,2027-10-01,752,USD,fixed,2,,fixed,,fixed
404358,FLOHOM 10 -- FLOHOM 10 | Virginia Beach,hostaway,,2027-10-01,2027-10-01,995,USD,fixed,2,,fixed,,fixed
427313,FLOHOM 11 -- FLOHOM 11 | Virginia Beach,hostaway,,2027-10-01,2027-10-01,659,USD,fixed,2,,fixed,,fixed
422608,"FLOHOM 12 -- FLOHOM 12 | Inner Harbor - Fells Point, Baltimore",hostaway,,2027-10-01,2027-10-01,995,USD,fixed,2,,fixed,,fixed
485833,"FLOHOM 13 -- FLOHOM 13 | Inner Harbor, Baltimore",hostaway,,2027-10-01,2027-10-01,1259,USD,fixed,2,,fixed,,fixed
407612,"FLOHOM 14 -- FLOHOM 14 | Pasadena, Chesapeake Bay",hostaway,,2027-10-01,2027-10-01,659,USD,fixed,2,,fixed,,fixed
467334,FLOHOM 15 -- FLOHOM 15 | North Myrtle Beach,hostaway,,2027-10-01,2027-10-01,1312,USD,fixed,2,,fixed,,fixed
510832,FLOHOM 16 | Liberty Landing Marina,hostaway,,2027-10-01,2027-10-01,1259,USD,fixed,2,,fixed,,fixed
146908,"FLOHOM 01 -- FLOHOM 01 | Inner Harbor, Baltimore",hostaway,,2027-10-02,2027-10-02,1102,USD,fixed,2,,fixed,,fixed
146944,"FLOHOM 02 -- FLOHOM 02 | Inner Harbor - Canton, Baltimore",hostaway,,2027-10-02,2027-10-02,833,USD,fixed,2,,fixed,,fixed
146946,"FLOHOM 03 -- FLOHOM 03 | Magothy River, Annapolis",hostaway,,2027-10-02,2027-10-02,659,USD,fixed,2,,fixed,,fixed
260001,FLOHOM 04 -- FLOHOM 04 | National Harbor,hostaway,,2027-10-02,2027-10-02,1061,USD,fixed,2,,fixed,,fixed
278502,"FLOHOM 05 -- FLOHOM 05 | Inner Harbor, Baltimore",hostaway,,2027-10-02,2027-10-02,752,USD,fixed,2,,fixed,,fixed
345316,FLOHOM 06 -- FLOHOM 06 | National Harbor,hostaway,,2027-10-02,2027-10-02,1259,USD,fixed,2,,fixed,,fixed
366176,"FLOHOM 07 -- FLOHOM 07 | Inner Harbor - Canton, Baltimore",hostaway,,2027-10-02,2027-10-02,995,USD,fixed,2,,fixed,,fixed
376368,FLOHOM 08 -- FLOHOM 08 | National Harbor,hostaway,,2027-10-02,2027-10-02,752,USD,fixed,2,,fixed,,fixed
383097,FLOHOM 09 -- FLOHOM 09 | Baltimore Peninsula,hostaway,,2027-10-02,2027-10-02,752,USD,fixed,2,,fixed,,fixed
404358,FLOHOM 10 -- FLOHOM 10 | Virginia Beach,hostaway,,2027-10-02,2027-10-02,995,USD,fixed,2,,fixed,,fixed
427313,FLOHOM 11 -- FLOHOM 11 | Virginia Beach,hostaway,,2027-10-02,2027-10-02,659,USD,fixed,2,,fixed,,fixed
422608,"FLOHOM 12 -- FLOHOM 12 | Inner Harbor - Fells Point, Baltimore",hostaway,,2027-10-02,2027-10-02,995,USD,fixed,2,,fixed,,fixed
485833,"FLOHOM 13 -- FLOHOM 13 | Inner Harbor, Baltimore",hostaway,,2027-10-02,2027-10-02,1259,USD,fixed,2,,fixed,,fixed
407612,"FLOHOM 14 -- FLOHOM 14 | Pasadena, Chesapeake Bay",hostaway,,2027-10-02,2027-10-02,659,USD,fixed,2,,fixed,,fixed
467334,FLOHOM 15 -- FLOHOM 15 | North Myrtle Beach,hostaway,,2027-10-02,2027-10-02,1312,USD,fixed,2,,fixed,,fixed
510832,FLOHOM 16 | Liberty Landing Marina,hostaway,,2027-10-02,2027-10-02,1259,USD,fixed,2,,fixed,,fixed
146908,"FLOHOM 01 -- FLOHOM 01 | Inner Harbor, Baltimore",hostaway,,2027-10-03,2027-10-03,935,USD,fixed,2,,fixed,,fixed
146944,"FLOHOM 02 -- FLOHOM 02 | Inner Harbor - Canton, Baltimore",hostaway,,2027-10-03,2027-10-03,695,USD,fixed,2,,fixed,,fixed
146946,"FLOHOM 03 -- FLOHOM 03 | Magothy River, Annapolis",hostaway,,2027-10-03,2027-10-03,509,USD,fixed,2,,fixed,,fixed
260001,FLOHOM 04 -- FLOHOM 04 | National Harbor,hostaway,,2027-10-03,2027-10-03,900,USD,fixed,2,,fixed,,fixed
278502,"FLOHOM 05 -- FLOHOM 05 | Inner Harbor, Baltimore",hostaway,,2027-10-03,2027-10-03,641,USD,fixed,2,,fixed,,fixed
345316,FLOHOM 06 -- FLOHOM 06 | National Harbor,hostaway,,2027-10-03,2027-10-03,1021,USD,fixed,2,,fixed,,fixed
366176,"FLOHOM 07 -- FLOHOM 07 | Inner Harbor - Canton, Baltimore",hostaway,,2027-10-03,2027-10-03,809,USD,fixed,2,,fixed,,fixed
376368,FLOHOM 08 -- FLOHOM 08 | National Harbor,hostaway,,2027-10-03,2027-10-03,641,USD,fixed,2,,fixed,,fixed
383097,FLOHOM 09 -- FLOHOM 09 | Baltimore Peninsula,hostaway,,2027-10-03,2027-10-03,641,USD,fixed,2,,fixed,,fixed
404358,FLOHOM 10 -- FLOHOM 10 | Virginia Beach,hostaway,,2027-10-03,2027-10-03,809,USD,fixed,2,,fixed,,fixed
427313,FLOHOM 11 -- FLOHOM 11 | Virginia Beach,hostaway,,2027-10-03,2027-10-03,509,USD,fixed,2,,fixed,,fixed
422608,"FLOHOM 12 -- FLOHOM 12 | Inner Harbor - Fells Point, Baltimore",hostaway,,2027-10-03,2027-10-03,809,USD,fixed,2,,fixed,,fixed
485833,"FLOHOM 13 -- FLOHOM 13 | Inner Harbor, Baltimore",hostaway,,2027-10-03,2027-10-03,1021,USD,fixed,2,,fixed,,fixed
407612,"FLOHOM 14 -- FLOHOM 14 | Pasadena, Chesapeake Bay",hostaway,,2027-10-03,2027-10-03,509,USD,fixed,2,,fixed,,fixed
467334,FLOHOM 15 -- FLOHOM 15 | North Myrtle Beach,hostaway,,2027-10-03,2027-10-03,1081,USD,fixed,2,,fixed,,fixed
510832,FLOHOM 16 | Liberty Landing Marina,hostaway,,2027-10-03,2027-10-03,1021,USD,fixed,2,,fixed,,fixed
146908,"FLOHOM 01 -- FLOHOM 01 | Inner Harbor, Baltimore",hostaway,,2027-10-04,2027-10-04,579,USD,fixed,2,,fixed,,fixed
146944,"FLOHOM 02 -- FLOHOM 02 | Inner Harbor - Canton, Baltimore",hostaway,,2027-10-04,2027-10-04,426,USD,fixed,2,,fixed,,fixed
146946,"FLOHOM 03 -- FLOHOM 03 | Magothy River, Annapolis",hostaway,,2027-10-04,2027-10-04,333,USD,fixed,2,,fixed,,fixed
260001,FLOHOM 04 -- FLOHOM 04 | National Harbor,hostaway,,2027-10-04,2027-10-04,576,USD,fixed,2,,fixed,,fixed
278502,"FLOHOM 05 -- FLOHOM 05 | Inner Harbor, Baltimore",hostaway,,2027-10-04,2027-10-04,393,USD,fixed,2,,fixed,,fixed
345316,FLOHOM 06 -- FLOHOM 06 | National Harbor,hostaway,,2027-10-04,2027-10-04,684,USD,fixed,2,,fixed,,fixed
366176,"FLOHOM 07 -- FLOHOM 07 | Inner Harbor - Canton, Baltimore",hostaway,,2027-10-04,2027-10-04,483,USD,fixed,2,,fixed,,fixed
376368,FLOHOM 08 -- FLOHOM 08 | National Harbor,hostaway,,2027-10-04,2027-10-04,393,USD,fixed,2,,fixed,,fixed
383097,FLOHOM 09 -- FLOHOM 09 | Baltimore Peninsula,hostaway,,2027-10-04,2027-10-04,393,USD,fixed,2,,fixed,,fixed
404358,FLOHOM 10 -- FLOHOM 10 | Virginia Beach,hostaway,,2027-10-04,2027-10-04,483,USD,fixed,2,,fixed,,fixed
427313,FLOHOM 11 -- FLOHOM 11 | Virginia Beach,hostaway,,2027-10-04,2027-10-04,333,USD,fixed,2,,fixed,,fixed
422608,"FLOHOM 12 -- FLOHOM 12 | Inner Harbor - Fells Point, Baltimore",hostaway,,2027-10-04,2027-10-04,483,USD,fixed,2,,fixed,,fixed
485833,"FLOHOM 13 -- FLOHOM 13 | Inner Harbor, Baltimore",hostaway,,2027-10-04,2027-10-04,684,USD,fixed,2,,fixed,,fixed
407612,"FLOHOM 14 -- FLOHOM 14 | Pasadena, Chesapeake Bay",hostaway,,2027-10-04,2027-10-04,333,USD,fixed,2,,fixed,,fixed
467334,FLOHOM 15 -- FLOHOM 15 | North Myrtle Beach,hostaway,,2027-10-04,2027-10-04,658,USD,fixed,2,,fixed,,fixed
510832,FLOHOM 16 | Liberty Landing Marina,hostaway,,2027-10-04,2027-10-04,684,USD,fixed,2,,fixed,,fixed
146908,"FLOHOM 01 -- FLOHOM 01 | Inner Harbor, Baltimore",hostaway,,2027-10-05,2027-10-05,579,USD,fixed,2,,fixed,,fixed
146944,"FLOHOM 02 -- FLOHOM 02 | Inner Harbor - Canton, Baltimore",hostaway,,2027-10-05,2027-10-05,426,USD,fixed,2,,fixed,,fixed
146946,"FLOHOM 03 -- FLOHOM 03 | Magothy River, Annapolis",hostaway,,2027-10-05,2027-10-05,333,USD,fixed,2,,fixed,,fixed
260001,FLOHOM 04 -- FLOHOM 04 | National Harbor,hostaway,,2027-10-05,2027-10-05,576,USD,fixed,2,,fixed,,fixed
278502,"FLOHOM 05 -- FLOHOM 05 | Inner Harbor, Baltimore",hostaway,,2027-10-05,2027-10-05,393,USD,fixed,2,,fixed,,fixed
345316,FLOHOM 06 -- FLOHOM 06 | National Harbor,hostaway,,2027-10-05,2027-10-05,684,USD,fixed,2,,fixed,,fixed
366176,"FLOHOM 07 -- FLOHOM 07 | Inner Harbor - Canton, Baltimore",hostaway,,2027-10-05,2027-10-05,483,USD,fixed,2,,fixed,,fixed
376368,FLOHOM 08 -- FLOHOM 08 | National Harbor,hostaway,,2027-10-05,2027-10-05,393,USD,fixed,2,,fixed,,fixed
383097,FLOHOM 09 -- FLOHOM 09 | Baltimore Peninsula,hostaway,,2027-10-05,2027-10-05,393,USD,fixed,2,,fixed,,fixed
404358,FLOHOM 10 -- FLOHOM 10 | Virginia Beach,hostaway,,2027-10-05,2027-10-05,483,USD,fixed,2,,fixed,,fixed
427313,FLOHOM 11 -- FLOHOM 11 | Virginia Beach,hostaway,,2027-10-05,2027-10-05,333,USD,fixed,2,,fixed,,fixed
422608,"FLOHOM 12 -- FLOHOM 12 | Inner Harbor - Fells Point, Baltimore",hostaway,,2027-10-05,2027-10-05,483,USD,fixed,2,,fixed,,fixed
485833,"FLOHOM 13 -- FLOHOM 13 | Inner Harbor, Baltimore",hostaway,,2027-10-05,2027-10-05,684,USD,fixed,2,,fixed,,fixed
407612,"FLOHOM 14 -- FLOHOM 14 | Pasadena, Chesapeake Bay",hostaway,,2027-10-05,2027-10-05,333,USD,fixed,2,,fixed,,fixed
467334,FLOHOM 15 -- FLOHOM 15 | North Myrtle Beach,hostaway,,2027-10-05,2027-10-05,658,USD,fixed,2,,fixed,,fixed
510832,FLOHOM 16 | Liberty Landing Marina,hostaway,,2027-10-05,2027-10-05,684,USD,fixed,2,,fixed,,fixed
146908,"FLOHOM 01 -- FLOHOM 01 | Inner Harbor, Baltimore",hostaway,,2027-10-06,2027-10-06,579,USD,fixed,2,,fixed,,fixed
146944,"FLOHOM 02 -- FLOHOM 02 | Inner Harbor - Canton, Baltimore",hostaway,,2027-10-06,2027-10-06,426,USD,fixed,2,,fixed,,fixed
146946,"FLOHOM 03 -- FLOHOM 03 | Magothy River, Annapolis",hostaway,,2027-10-06,2027-10-06,333,USD,fixed,2,,fixed,,fixed
260001,FLOHOM 04 -- FLOHOM 04 | National Harbor,hostaway,,2027-10-06,2027-10-06,576,USD,fixed,2,,fixed,,fixed
278502,"FLOHOM 05 -- FLOHOM 05 | Inner Harbor, Baltimore",hostaway,,2027-10-06,2027-10-06,393,USD,fixed,2,,fixed,,fixed
345316,FLOHOM 06 -- FLOHOM 06 | National Harbor,hostaway,,2027-10-06,2027-10-06,684,USD,fixed,2,,fixed,,fixed
366176,"FLOHOM 07 -- FLOHOM 07 | Inner Harbor - Canton, Baltimore",hostaway,,2027-10-06,2027-10-06,483,USD,fixed,2,,fixed,,fixed
376368,FLOHOM 08 -- FLOHOM 08 | National Harbor,hostaway,,2027-10-06,2027-10-06,393,USD,fixed,2,,fixed,,fixed
383097,FLOHOM 09 -- FLOHOM 09 | Baltimore Peninsula,hostaway,,2027-10-06,2027-10-06,393,USD,fixed,2,,fixed,,fixed
404358,FLOHOM 10 -- FLOHOM 10 | Virginia Beach,hostaway,,2027-10-06,2027-10-06,483,USD,fixed,2,,fixed,,fixed
427313,FLOHOM 11 -- FLOHOM 11 | Virginia Beach,hostaway,,2027-10-06,2027-10-06,333,USD,fixed,2,,fixed,,fixed
422608,"FLOHOM 12 -- FLOHOM 12 | Inner Harbor - Fells Point, Baltimore",hostaway,,2027-10-06,2027-10-06,483,USD,fixed,2,,fixed,,fixed
485833,"FLOHOM 13 -- FLOHOM 13 | Inner Harbor, Baltimore",hostaway,,2027-10-06,2027-10-06,684,USD,fixed,2,,fixed,,fixed
407612,"FLOHOM 14 -- FLOHOM 14 | Pasadena, Chesapeake Bay",hostaway,,2027-10-06,2027-10-06,333,USD,fixed,2,,fixed,,fixed
467334,FLOHOM 15 -- FLOHOM 15 | North Myrtle Beach,hostaway,,2027-10-06,2027-10-06,658,USD,fixed,2,,fixed,,fixed
510832,FLOHOM 16 | Liberty Landing Marina,hostaway,,2027-10-06,2027-10-06,684,USD,fixed,2,,fixed,,fixed
146908,"FLOHOM 01 -- FLOHOM 01 | Inner Harbor, Baltimore",hostaway,,2027-10-07,2027-10-07,935,USD,fixed,2,,fixed,,fixed
146944,"FLOHOM 02 -- FLOHOM 02 | Inner Harbor - Canton, Baltimore",hostaway,,2027-10-07,2027-10-07,695,USD,fixed,2,,fixed,,fixed
146946,"FLOHOM 03 -- FLOHOM 03 | Magothy River, Annapolis",hostaway,,2027-10-07,2027-10-07,509,USD,fixed,2,,fixed,,fixed
260001,FLOHOM 04 -- FLOHOM 04 | National Harbor,hostaway,,2027-10-07,2027-10-07,900,USD,fixed,2,,fixed,,fixed
278502,"FLOHOM 05 -- FLOHOM 05 | Inner Harbor, Baltimore",hostaway,,2027-10-07,2027-10-07,641,USD,fixed,2,,fixed,,fixed
345316,FLOHOM 06 -- FLOHOM 06 | National Harbor,hostaway,,2027-10-07,2027-10-07,1021,USD,fixed,2,,fixed,,fixed
366176,"FLOHOM 07 -- FLOHOM 07 | Inner Harbor - Canton, Baltimore",hostaway,,2027-10-07,2027-10-07,809,USD,fixed,2,,fixed,,fixed
376368,FLOHOM 08 -- FLOHOM 08 | National Harbor,hostaway,,2027-10-07,2027-10-07,641,USD,fixed,2,,fixed,,fixed
383097,FLOHOM 09 -- FLOHOM 09 | Baltimore Peninsula,hostaway,,2027-10-07,2027-10-07,641,USD,fixed,2,,fixed,,fixed
404358,FLOHOM 10 -- FLOHOM 10 | Virginia Beach,hostaway,,2027-10-07,2027-10-07,809,USD,fixed,2,,fixed,,fixed
427313,FLOHOM 11 -- FLOHOM 11 | Virginia Beach,hostaway,,2027-10-07,2027-10-07,509,USD,fixed,2,,fixed,,fixed
422608,"FLOHOM 12 -- FLOHOM 12 | Inner Harbor - Fells Point, Baltimore",hostaway,,2027-10-07,2027-10-07,809,USD,fixed,2,,fixed,,fixed
485833,"FLOHOM 13 -- FLOHOM 13 | Inner Harbor, Baltimore",hostaway,,2027-10-07,2027-10-07,1021,USD,fixed,2,,fixed,,fixed
407612,"FLOHOM 14 -- FLOHOM 14 | Pasadena, Chesapeake Bay",hostaway,,2027-10-07,2027-10-07,509,USD,fixed,2,,fixed,,fixed
467334,FLOHOM 15 -- FLOHOM 15 | North Myrtle Beach,hostaway,,2027-10-07,2027-10-07,983,USD,fixed,2,,fixed,,fixed
510832,FLOHOM 16 | Liberty Landing Marina,hostaway,,2027-10-07,2027-10-07,1021,USD,fixed,2,,fixed,,fixed
146908,"FLOHOM 01 -- FLOHOM 01 | Inner Harbor, Baltimore",hostaway,,2027-10-08,2027-10-08,1102,USD,fixed,2,,fixed,,fixed
146944,"FLOHOM 02 -- FLOHOM 02 | Inner Harbor - Canton, Baltimore",hostaway,,2027-10-08,2027-10-08,833,USD,fixed,2,,fixed,,fixed
146946,"FLOHOM 03 -- FLOHOM 03 | Magothy River, Annapolis",hostaway,,2027-10-08,2027-10-08,659,USD,fixed,2,,fixed,,fixed
260001,FLOHOM 04 -- FLOHOM 04 | National Harbor,hostaway,,2027-10-08,2027-10-08,1061,USD,fixed,2,,fixed,,fixed
278502,"FLOHOM 05 -- FLOHOM 05 | Inner Harbor, Baltimore",hostaway,,2027-10-08,2027-10-08,752,USD,fixed,2,,fixed,,fixed
345316,FLOHOM 06 -- FLOHOM 06 | National Harbor,hostaway,,2027-10-08,2027-10-08,1259,USD,fixed,2,,fixed,,fixed
366176,"FLOHOM 07 -- FLOHOM 07 | Inner Harbor - Canton, Baltimore",hostaway,,2027-10-08,2027-10-08,995,USD,fixed,2,,fixed,,fixed
376368,FLOHOM 08 -- FLOHOM 08 | National Harbor,hostaway,,2027-10-08,2027-10-08,752,USD,fixed,2,,fixed,,fixed
383097,FLOHOM 09 -- FLOHOM 09 | Baltimore Peninsula,hostaway,,2027-10-08,2027-10-08,752,USD,fixed,2,,fixed,,fixed
404358,FLOHOM 10 -- FLOHOM 10 | Virginia Beach,hostaway,,2027-10-08,2027-10-08,995,USD,fixed,2,,fixed,,fixed
427313,FLOHOM 11 -- FLOHOM 11 | Virginia Beach,hostaway,,2027-10-08,2027-10-08,659,USD,fixed,2,,fixed,,fixed
422608,"FLOHOM 12 -- FLOHOM 12 | Inner Harbor - Fells Point, Baltimore",hostaway,,2027-10-08,2027-10-08,995,USD,fixed,2,,fixed,,fixed
485833,"FLOHOM 13 -- FLOHOM 13 | Inner Harbor, Baltimore",hostaway,,2027-10-08,2027-10-08,1259,USD,fixed,2,,fixed,,fixed
407612,"FLOHOM 14 -- FLOHOM 14 | Pasadena, Chesapeake Bay",hostaway,,2027-10-08,2027-10-08,659,USD,fixed,2,,fixed,,fixed
467334,FLOHOM 15 -- FLOHOM 15 | North Myrtle Beach,hostaway,,2027-10-08,2027-10-08,1193,USD,fixed,2,,fixed,,fixed
510832,FLOHOM 16 | Liberty Landing Marina,hostaway,,2027-10-08,2027-10-08,1259,USD,fixed,2,,fixed,,fixed
146908,"FLOHOM 01 -- FLOHOM 01 | Inner Harbor, Baltimore",hostaway,,2027-10-09,2027-10-09,1102,USD,fixed,2,,fixed,,fixed
146944,"FLOHOM 02 -- FLOHOM 02 | Inner Harbor - Canton, Baltimore",hostaway,,2027-10-09,2027-10-09,833,USD,fixed,2,,fixed,,fixed
146946,"FLOHOM 03 -- FLOHOM 03 | Magothy River, Annapolis",hostaway,,2027-10-09,2027-10-09,659,USD,fixed,2,,fixed,,fixed
260001,FLOHOM 04 -- FLOHOM 04 | National Harbor,hostaway,,2027-10-09,2027-10-09,1061,USD,fixed,2,,fixed,,fixed
278502,"FLOHOM 05 -- FLOHOM 05 | Inner Harbor, Baltimore",hostaway,,2027-10-09,2027-10-09,752,USD,fixed,2,,fixed,,fixed
345316,FLOHOM 06 -- FLOHOM 06 | National Harbor,hostaway,,2027-10-09,2027-10-09,1259,USD,fixed,2,,fixed,,fixed
366176,"FLOHOM 07 -- FLOHOM 07 | Inner Harbor - Canton, Baltimore",hostaway,,2027-10-09,2027-10-09,995,USD,fixed,2,,fixed,,fixed
376368,FLOHOM 08 -- FLOHOM 08 | National Harbor,hostaway,,2027-10-09,2027-10-09,752,USD,fixed,2,,fixed,,fixed
383097,FLOHOM 09 -- FLOHOM 09 | Baltimore Peninsula,hostaway,,2027-10-09,2027-10-09,752,USD,fixed,2,,fixed,,fixed
404358,FLOHOM 10 -- FLOHOM 10 | Virginia Beach,hostaway,,2027-10-09,2027-10-09,995,USD,fixed,2,,fixed,,fixed
427313,FLOHOM 11 -- FLOHOM 11 | Virginia Beach,hostaway,,2027-10-09,2027-10-09,659,USD,fixed,2,,fixed,,fixed
422608,"FLOHOM 12 -- FLOHOM 12 | Inner Harbor - Fells Point, Baltimore",hostaway,,2027-10-09,2027-10-09,995,USD,fixed,2,,fixed,,fixed
485833,"FLOHOM 13 -- FLOHOM 13 | Inner Harbor, Baltimore",hostaway,,2027-10-09,2027-10-09,1259,USD,fixed,2,,fixed,,fixed
407612,"FLOHOM 14 -- FLOHOM 14 | Pasadena, Chesapeake Bay",hostaway,,2027-10-09,2027-10-09,659,USD,fixed,2,,fixed,,fixed
467334,FLOHOM 15 -- FLOHOM 15 | North Myrtle Beach,hostaway,,2027-10-09,2027-10-09,1193,USD,fixed,2,,fixed,,fixed
510832,FLOHOM 16 | Liberty Landing Marina,hostaway,,2027-10-09,2027-10-09,1259,USD,fixed,2,,fixed,,fixed
146908,"FLOHOM 01 -- FLOHOM 01 | Inner Harbor, Baltimore",hostaway,,2027-10-10,2027-10-10,935,USD,fixed,2,,fixed,,fixed
146944,"FLOHOM 02 -- FLOHOM 02 | Inner Harbor - Canton, Baltimore",hostaway,,2027-10-10,2027-10-10,695,USD,fixed,2,,fixed,,fixed
146946,"FLOHOM 03 -- FLOHOM 03 | Magothy River, Annapolis",hostaway,,2027-10-10,2027-10-10,509,USD,fixed,2,,fixed,,fixed
260001,FLOHOM 04 -- FLOHOM 04 | National Harbor,hostaway,,2027-10-10,2027-10-10,900,USD,fixed,2,,fixed,,fixed
278502,"FLOHOM 05 -- FLOHOM 05 | Inner Harbor, Baltimore",hostaway,,2027-10-10,2027-10-10,641,USD,fixed,2,,fixed,,fixed
345316,FLOHOM 06 -- FLOHOM 06 | National Harbor,hostaway,,2027-10-10,2027-10-10,1021,USD,fixed,2,,fixed,,fixed
366176,"FLOHOM 07 -- FLOHOM 07 | Inner Harbor - Canton, Baltimore",hostaway,,2027-10-10,2027-10-10,809,USD,fixed,2,,fixed,,fixed
376368,FLOHOM 08 -- FLOHOM 08 | National Harbor,hostaway,,2027-10-10,2027-10-10,641,USD,fixed,2,,fixed,,fixed
383097,FLOHOM 09 -- FLOHOM 09 | Baltimore Peninsula,hostaway,,2027-10-10,2027-10-10,641,USD,fixed,2,,fixed,,fixed
404358,FLOHOM 10 -- FLOHOM 10 | Virginia Beach,hostaway,,2027-10-10,2027-10-10,809,USD,fixed,2,,fixed,,fixed
427313,FLOHOM 11 -- FLOHOM 11 | Virginia Beach,hostaway,,2027-10-10,2027-10-10,509,USD,fixed,2,,fixed,,fixed
422608,"FLOHOM 12 -- FLOHOM 12 | Inner Harbor - Fells Point, Baltimore",hostaway,,2027-10-10,2027-10-10,809,USD,fixed,2,,fixed,,fixed
485833,"FLOHOM 13 -- FLOHOM 13 | Inner Harbor, Baltimore",hostaway,,2027-10-10,2027-10-10,1021,USD,fixed,2,,fixed,,fixed
407612,"FLOHOM 14 -- FLOHOM 14 | Pasadena, Chesapeake Bay",hostaway,,2027-10-10,2027-10-10,509,USD,fixed,2,,fixed,,fixed
467334,FLOHOM 15 -- FLOHOM 15 | North Myrtle Beach,hostaway,,2027-10-10,2027-10-10,983,USD,fixed,2,,fixed,,fixed
510832,FLOHOM 16 | Liberty Landing Marina,hostaway,,2027-10-10,2027-10-10,1021,USD,fixed,2,,fixed,,fixed
146908,"FLOHOM 01 -- FLOHOM 01 | Inner Harbor, Baltimore",hostaway,,2027-10-11,2027-10-11,579,USD,fixed,2,,fixed,,fixed
146944,"FLOHOM 02 -- FLOHOM 02 | Inner Harbor - Canton, Baltimore",hostaway,,2027-10-11,2027-10-11,426,USD,fixed,2,,fixed,,fixed
146946,"FLOHOM 03 -- FLOHOM 03 | Magothy River, Annapolis",hostaway,,2027-10-11,2027-10-11,333,USD,fixed,2,,fixed,,fixed
260001,FLOHOM 04 -- FLOHOM 04 | National Harbor,hostaway,,2027-10-11,2027-10-11,576,USD,fixed,2,,fixed,,fixed
278502,"FLOHOM 05 -- FLOHOM 05 | Inner Harbor, Baltimore",hostaway,,2027-10-11,2027-10-11,393,USD,fixed,2,,fixed,,fixed
345316,FLOHOM 06 -- FLOHOM 06 | National Harbor,hostaway,,2027-10-11,2027-10-11,684,USD,fixed,2,,fixed,,fixed
366176,"FLOHOM 07 -- FLOHOM 07 | Inner Harbor - Canton, Baltimore",hostaway,,2027-10-11,2027-10-11,483,USD,fixed,2,,fixed,,fixed
376368,FLOHOM 08 -- FLOHOM 08 | National Harbor,hostaway,,2027-10-11,2027-10-11,393,USD,fixed,2,,fixed,,fixed
383097,FLOHOM 09 -- FLOHOM 09 | Baltimore Peninsula,hostaway,,2027-10-11,2027-10-11,393,USD,fixed,2,,fixed,,fixed
404358,FLOHOM 10 -- FLOHOM 10 | Virginia Beach,hostaway,,2027-10-11,2027-10-11,483,USD,fixed,2,,fixed,,fixed
427313,FLOHOM 11 -- FLOHOM 11 | Virginia Beach,hostaway,,2027-10-11,2027-10-11,333,USD,fixed,2,,fixed,,fixed
422608,"FLOHOM 12 -- FLOHOM 12 | Inner Harbor - Fells Point, Baltimore",hostaway,,2027-10-11,2027-10-11,483,USD,fixed,2,,fixed,,fixed
485833,"FLOHOM 13 -- FLOHOM 13 | Inner Harbor, Baltimore",hostaway,,2027-10-11,2027-10-11,684,USD,fixed,2,,fixed,,fixed
407612,"FLOHOM 14 -- FLOHOM 14 | Pasadena, Chesapeake Bay",hostaway,,2027-10-11,2027-10-11,333,USD,fixed,2,,fixed,,fixed
467334,FLOHOM 15 -- FLOHOM 15 | North Myrtle Beach,hostaway,,2027-10-11,2027-10-11,658,USD,fixed,2,,fixed,,fixed
510832,FLOHOM 16 | Liberty Landing Marina,hostaway,,2027-10-11,2027-10-11,684,USD,fixed,2,,fixed,,fixed
146908,"FLOHOM 01 -- FLOHOM 01 | Inner Harbor, Baltimore",hostaway,,2027-10-12,2027-10-12,579,USD,fixed,2,,fixed,,fixed
146944,"FLOHOM 02 -- FLOHOM 02 | Inner Harbor - Canton, Baltimore",hostaway,,2027-10-12,2027-10-12,426,USD,fixed,2,,fixed,,fixed
146946,"FLOHOM 03 -- FLOHOM 03 | Magothy River, Annapolis",hostaway,,2027-10-12,2027-10-12,333,USD,fixed,2,,fixed,,fixed
260001,FLOHOM 04 -- FLOHOM 04 | National Harbor,hostaway,,2027-10-12,2027-10-12,576,USD,fixed,2,,fixed,,fixed
278502,"FLOHOM 05 -- FLOHOM 05 | Inner Harbor, Baltimore",hostaway,,2027-10-12,2027-10-12,393,USD,fixed,2,,fixed,,fixed
345316,FLOHOM 06 -- FLOHOM 06 | National Harbor,hostaway,,2027-10-12,2027-10-12,684,USD,fixed,2,,fixed,,fixed
366176,"FLOHOM 07 -- FLOHOM 07 | Inner Harbor - Canton, Baltimore",hostaway,,2027-10-12,2027-10-12,483,USD,fixed,2,,fixed,,fixed
376368,FLOHOM 08 -- FLOHOM 08 | National Harbor,hostaway,,2027-10-12,2027-10-12,393,USD,fixed,2,,fixed,,fixed
383097,FLOHOM 09 -- FLOHOM 09 | Baltimore Peninsula,hostaway,,2027-10-12,2027-10-12,393,USD,fixed,2,,fixed,,fixed
404358,FLOHOM 10 -- FLOHOM 10 | Virginia Beach,hostaway,,2027-10-12,2027-10-12,483,USD,fixed,2,,fixed,,fixed
427313,FLOHOM 11 -- FLOHOM 11 | Virginia Beach,hostaway,,2027-10-12,2027-10-12,333,USD,fixed,2,,fixed,,fixed
422608,"FLOHOM 12 -- FLOHOM 12 | Inner Harbor - Fells Point, Baltimore",hostaway,,2027-10-12,2027-10-12,483,USD,fixed,2,,fixed,,fixed
485833,"FLOHOM 13 -- FLOHOM 13 | Inner Harbor, Baltimore",hostaway,,2027-10-12,2027-10-12,684,USD,fixed,2,,fixed,,fixed
407612,"FLOHOM 14 -- FLOHOM 14 | Pasadena, Chesapeake Bay",hostaway,,2027-10-12,2027-10-12,333,USD,fixed,2,,fixed,,fixed
467334,FLOHOM 15 -- FLOHOM 15 | North Myrtle Beach,hostaway,,2027-10-12,2027-10-12,658,USD,fixed,2,,fixed,,fixed
510832,FLOHOM 16 | Liberty Landing Marina,hostaway,,2027-10-12,2027-10-12,684,USD,fixed,2,,fixed,,fixed
146908,"FLOHOM 01 -- FLOHOM 01 | Inner Harbor, Baltimore",hostaway,,2027-10-13,2027-10-13,579,USD,fixed,2,,fixed,,fixed
146944,"FLOHOM 02 -- FLOHOM 02 | Inner Harbor - Canton, Baltimore",hostaway,,2027-10-13,2027-10-13,426,USD,fixed,2,,fixed,,fixed
146946,"FLOHOM 03 -- FLOHOM 03 | Magothy River, Annapolis",hostaway,,2027-10-13,2027-10-13,333,USD,fixed,2,,fixed,,fixed
260001,FLOHOM 04 -- FLOHOM 04 | National Harbor,hostaway,,2027-10-13,2027-10-13,576,USD,fixed,2,,fixed,,fixed
278502,"FLOHOM 05 -- FLOHOM 05 | Inner Harbor, Baltimore",hostaway,,2027-10-13,2027-10-13,393,USD,fixed,2,,fixed,,fixed
345316,FLOHOM 06 -- FLOHOM 06 | National Harbor,hostaway,,2027-10-13,2027-10-13,684,USD,fixed,2,,fixed,,fixed
366176,"FLOHOM 07 -- FLOHOM 07 | Inner Harbor - Canton, Baltimore",hostaway,,2027-10-13,2027-10-13,483,USD,fixed,2,,fixed,,fixed
376368,FLOHOM 08 -- FLOHOM 08 | National Harbor,hostaway,,2027-10-13,2027-10-13,393,USD,fixed,2,,fixed,,fixed
383097,FLOHOM 09 -- FLOHOM 09 | Baltimore Peninsula,hostaway,,2027-10-13,2027-10-13,393,USD,fixed,2,,fixed,,fixed
404358,FLOHOM 10 -- FLOHOM 10 | Virginia Beach,hostaway,,2027-10-13,2027-10-13,483,USD,fixed,2,,fixed,,fixed
427313,FLOHOM 11 -- FLOHOM 11 | Virginia Beach,hostaway,,2027-10-13,2027-10-13,333,USD,fixed,2,,fixed,,fixed
422608,"FLOHOM 12 -- FLOHOM 12 | Inner Harbor - Fells Point, Baltimore",hostaway,,2027-10-13,2027-10-13,483,USD,fixed,2,,fixed,,fixed
485833,"FLOHOM 13 -- FLOHOM 13 | Inner Harbor, Baltimore",hostaway,,2027-10-13,2027-10-13,684,USD,fixed,2,,fixed,,fixed
407612,"FLOHOM 14 -- FLOHOM 14 | Pasadena, Chesapeake Bay",hostaway,,2027-10-13,2027-10-13,333,USD,fixed,2,,fixed,,fixed
467334,FLOHOM 15 -- FLOHOM 15 | North Myrtle Beach,hostaway,,2027-10-13,2027-10-13,658,USD,fixed,2,,fixed,,fixed
510832,FLOHOM 16 | Liberty Landing Marina,hostaway,,2027-10-13,2027-10-13,684,USD,fixed,2,,fixed,,fixed
146908,"FLOHOM 01 -- FLOHOM 01 | Inner Harbor, Baltimore",hostaway,,2027-10-14,2027-10-14,935,USD,fixed,2,,fixed,,fixed
146944,"FLOHOM 02 -- FLOHOM 02 | Inner Harbor - Canton, Baltimore",hostaway,,2027-10-14,2027-10-14,695,USD,fixed,2,,fixed,,fixed
146946,"FLOHOM 03 -- FLOHOM 03 | Magothy River, Annapolis",hostaway,,2027-10-14,2027-10-14,509,USD,fixed,2,,fixed,,fixed
260001,FLOHOM 04 -- FLOHOM 04 | National Harbor,hostaway,,2027-10-14,2027-10-14,900,USD,fixed,2,,fixed,,fixed
278502,"FLOHOM 05 -- FLOHOM 05 | Inner Harbor, Baltimore",hostaway,,2027-10-14,2027-10-14,641,USD,fixed,2,,fixed,,fixed
345316,FLOHOM 06 -- FLOHOM 06 | National Harbor,hostaway,,2027-10-14,2027-10-14,1021,USD,fixed,2,,fixed,,fixed
366176,"FLOHOM 07 -- FLOHOM 07 | Inner Harbor - Canton, Baltimore",hostaway,,2027-10-14,2027-10-14,809,USD,fixed,2,,fixed,,fixed
376368,FLOHOM 08 -- FLOHOM 08 | National Harbor,hostaway,,2027-10-14,2027-10-14,641,USD,fixed,2,,fixed,,fixed
383097,FLOHOM 09 -- FLOHOM 09 | Baltimore Peninsula,hostaway,,2027-10-14,2027-10-14,641,USD,fixed,2,,fixed,,fixed
404358,FLOHOM 10 -- FLOHOM 10 | Virginia Beach,hostaway,,2027-10-14,2027-10-14,809,USD,fixed,2,,fixed,,fixed
427313,FLOHOM 11 -- FLOHOM 11 | Virginia Beach,hostaway,,2027-10-14,2027-10-14,509,USD,fixed,2,,fixed,,fixed
422608,"FLOHOM 12 -- FLOHOM 12 | Inner Harbor - Fells Point, Baltimore",hostaway,,2027-10-14,2027-10-14,809,USD,fixed,2,,fixed,,fixed
485833,"FLOHOM 13 -- FLOHOM 13 | Inner Harbor, Baltimore",hostaway,,2027-10-14,2027-10-14,1021,USD,fixed,2,,fixed,,fixed
407612,"FLOHOM 14 -- FLOHOM 14 | Pasadena, Chesapeake Bay",hostaway,,2027-10-14,2027-10-14,509,USD,fixed,2,,fixed,,fixed
467334,FLOHOM 15 -- FLOHOM 15 | North Myrtle Beach,hostaway,,2027-10-14,2027-10-14,983,USD,fixed,2,,fixed,,fixed
510832,FLOHOM 16 | Liberty Landing Marina,hostaway,,2027-10-14,2027-10-14,1021,USD,fixed,2,,fixed,,fixed
146908,"FLOHOM 01 -- FLOHOM 01 | Inner Harbor, Baltimore",hostaway,,2027-10-15,2027-10-15,1102,USD,fixed,2,,fixed,,fixed
146944,"FLOHOM 02 -- FLOHOM 02 | Inner Harbor - Canton, Baltimore",hostaway,,2027-10-15,2027-10-15,833,USD,fixed,2,,fixed,,fixed
146946,"FLOHOM 03 -- FLOHOM 03 | Magothy River, Annapolis",hostaway,,2027-10-15,2027-10-15,659,USD,fixed,2,,fixed,,fixed
260001,FLOHOM 04 -- FLOHOM 04 | National Harbor,hostaway,,2027-10-15,2027-10-15,1061,USD,fixed,2,,fixed,,fixed
278502,"FLOHOM 05 -- FLOHOM 05 | Inner Harbor, Baltimore",hostaway,,2027-10-15,2027-10-15,752,USD,fixed,2,,fixed,,fixed
345316,FLOHOM 06 -- FLOHOM 06 | National Harbor,hostaway,,2027-10-15,2027-10-15,1259,USD,fixed,2,,fixed,,fixed
366176,"FLOHOM 07 -- FLOHOM 07 | Inner Harbor - Canton, Baltimore",hostaway,,2027-10-15,2027-10-15,995,USD,fixed,2,,fixed,,fixed
376368,FLOHOM 08 -- FLOHOM 08 | National Harbor,hostaway,,2027-10-15,2027-10-15,752,USD,fixed,2,,fixed,,fixed
383097,FLOHOM 09 -- FLOHOM 09 | Baltimore Peninsula,hostaway,,2027-10-15,2027-10-15,752,USD,fixed,2,,fixed,,fixed
404358,FLOHOM 10 -- FLOHOM 10 | Virginia Beach,hostaway,,2027-10-15,2027-10-15,995,USD,fixed,2,,fixed,,fixed
427313,FLOHOM 11 -- FLOHOM 11 | Virginia Beach,hostaway,,2027-10-15,2027-10-15,659,USD,fixed,2,,fixed,,fixed
422608,"FLOHOM 12 -- FLOHOM 12 | Inner Harbor - Fells Point, Baltimore",hostaway,,2027-10-15,2027-10-15,995,USD,fixed,2,,fixed,,fixed
485833,"FLOHOM 13 -- FLOHOM 13 | Inner Harbor, Baltimore",hostaway,,2027-10-15,2027-10-15,1259,USD,fixed,2,,fixed,,fixed
407612,"FLOHOM 14 -- FLOHOM 14 | Pasadena, Chesapeake Bay",hostaway,,2027-10-15,2027-10-15,659,USD,fixed,2,,fixed,,fixed
467334,FLOHOM 15 -- FLOHOM 15 | North Myrtle Beach,hostaway,,2027-10-15,2027-10-15,1193,USD,fixed,2,,fixed,,fixed
510832,FLOHOM 16 | Liberty Landing Marina,hostaway,,2027-10-15,2027-10-15,1259,USD,fixed,2,,fixed,,fixed
146908,"FLOHOM 01 -- FLOHOM 01 | Inner Harbor, Baltimore",hostaway,,2027-10-16,2027-10-16,1102,USD,fixed,2,,fixed,,fixed
146944,"FLOHOM 02 -- FLOHOM 02 | Inner Harbor - Canton, Baltimore",hostaway,,2027-10-16,2027-10-16,833,USD,fixed,2,,fixed,,fixed
146946,"FLOHOM 03 -- FLOHOM 03 | Magothy River, Annapolis",hostaway,,2027-10-16,2027-10-16,659,USD,fixed,2,,fixed,,fixed
260001,FLOHOM 04 -- FLOHOM 04 | National Harbor,hostaway,,2027-10-16,2027-10-16,1061,USD,fixed,2,,fixed,,fixed
278502,"FLOHOM 05 -- FLOHOM 05 | Inner Harbor, Baltimore",hostaway,,2027-10-16,2027-10-16,752,USD,fixed,2,,fixed,,fixed
345316,FLOHOM 06 -- FLOHOM 06 | National Harbor,hostaway,,2027-10-16,2027-10-16,1259,USD,fixed,2,,fixed,,fixed
366176,"FLOHOM 07 -- FLOHOM 07 | Inner Harbor - Canton, Baltimore",hostaway,,2027-10-16,2027-10-16,995,USD,fixed,2,,fixed,,fixed
376368,FLOHOM 08 -- FLOHOM 08 | National Harbor,hostaway,,2027-10-16,2027-10-16,752,USD,fixed,2,,fixed,,fixed
383097,FLOHOM 09 -- FLOHOM 09 | Baltimore Peninsula,hostaway,,2027-10-16,2027-10-16,752,USD,fixed,2,,fixed,,fixed
404358,FLOHOM 10 -- FLOHOM 10 | Virginia Beach,hostaway,,2027-10-16,2027-10-16,995,USD,fixed,2,,fixed,,fixed
427313,FLOHOM 11 -- FLOHOM 11 | Virginia Beach,hostaway,,2027-10-16,2027-10-16,659,USD,fixed,2,,fixed,,fixed
422608,"FLOHOM 12 -- FLOHOM 12 | Inner Harbor - Fells Point, Baltimore",hostaway,,2027-10-16,2027-10-16,995,USD,fixed,2,,fixed,,fixed
485833,"FLOHOM 13 -- FLOHOM 13 | Inner Harbor, Baltimore",hostaway,,2027-10-16,2027-10-16,1259,USD,fixed,2,,fixed,,fixed
407612,"FLOHOM 14 -- FLOHOM 14 | Pasadena, Chesapeake Bay",hostaway,,2027-10-16,2027-10-16,659,USD,fixed,2,,fixed,,fixed
467334,FLOHOM 15 -- FLOHOM 15 | North Myrtle Beach,hostaway,,2027-10-16,2027-10-16,1193,USD,fixed,2,,fixed,,fixed
510832,FLOHOM 16 | Liberty Landing Marina,hostaway,,2027-10-16,2027-10-16,1259,USD,fixed,2,,fixed,,fixed
146908,"FLOHOM 01 -- FLOHOM 01 | Inner Harbor, Baltimore",hostaway,,2027-10-17,2027-10-17,935,USD,fixed,2,,fixed,,fixed
146944,"FLOHOM 02 -- FLOHOM 02 | Inner Harbor - Canton, Baltimore",hostaway,,2027-10-17,2027-10-17,695,USD,fixed,2,,fixed,,fixed
146946,"FLOHOM 03 -- FLOHOM 03 | Magothy River, Annapolis",hostaway,,2027-10-17,2027-10-17,509,USD,fixed,2,,fixed,,fixed
260001,FLOHOM 04 -- FLOHOM 04 | National Harbor,hostaway,,2027-10-17,2027-10-17,900,USD,fixed,2,,fixed,,fixed
278502,"FLOHOM 05 -- FLOHOM 05 | Inner Harbor, Baltimore",hostaway,,2027-10-17,2027-10-17,641,USD,fixed,2,,fixed,,fixed
345316,FLOHOM 06 -- FLOHOM 06 | National Harbor,hostaway,,2027-10-17,2027-10-17,1021,USD,fixed,2,,fixed,,fixed
366176,"FLOHOM 07 -- FLOHOM 07 | Inner Harbor - Canton, Baltimore",hostaway,,2027-10-17,2027-10-17,809,USD,fixed,2,,fixed,,fixed
376368,FLOHOM 08 -- FLOHOM 08 | National Harbor,hostaway,,2027-10-17,2027-10-17,641,USD,fixed,2,,fixed,,fixed
383097,FLOHOM 09 -- FLOHOM 09 | Baltimore Peninsula,hostaway,,2027-10-17,2027-10-17,641,USD,fixed,2,,fixed,,fixed
404358,FLOHOM 10 -- FLOHOM 10 | Virginia Beach,hostaway,,2027-10-17,2027-10-17,809,USD,fixed,2,,fixed,,fixed
427313,FLOHOM 11 -- FLOHOM 11 | Virginia Beach,hostaway,,2027-10-17,2027-10-17,509,USD,fixed,2,,fixed,,fixed
422608,"FLOHOM 12 -- FLOHOM 12 | Inner Harbor - Fells Point, Baltimore",hostaway,,2027-10-17,2027-10-17,809,USD,fixed,2,,fixed,,fixed
485833,"FLOHOM 13 -- FLOHOM 13 | Inner Harbor, Baltimore",hostaway,,2027-10-17,2027-10-17,1021,USD,fixed,2,,fixed,,fixed
407612,"FLOHOM 14 -- FLOHOM 14 | Pasadena, Chesapeake Bay",hostaway,,2027-10-17,2027-10-17,509,USD,fixed,2,,fixed,,fixed
467334,FLOHOM 15 -- FLOHOM 15 | North Myrtle Beach,hostaway,,2027-10-17,2027-10-17,983,USD,fixed,2,,fixed,,fixed
510832,FLOHOM 16 | Liberty Landing Marina,hostaway,,2027-10-17,2027-10-17,1021,USD,fixed,2,,fixed,,fixed
146908,"FLOHOM 01 -- FLOHOM 01 | Inner Harbor, Baltimore",hostaway,,2027-10-18,2027-10-18,579,USD,fixed,2,,fixed,,fixed
146944,"FLOHOM 02 -- FLOHOM 02 | Inner Harbor - Canton, Baltimore",hostaway,,2027-10-18,2027-10-18,426,USD,fixed,2,,fixed,,fixed
146946,"FLOHOM 03 -- FLOHOM 03 | Magothy River, Annapolis",hostaway,,2027-10-18,2027-10-18,333,USD,fixed,2,,fixed,,fixed
260001,FLOHOM 04 -- FLOHOM 04 | National Harbor,hostaway,,2027-10-18,2027-10-18,576,USD,fixed,2,,fixed,,fixed
278502,"FLOHOM 05 -- FLOHOM 05 | Inner Harbor, Baltimore",hostaway,,2027-10-18,2027-10-18,393,USD,fixed,2,,fixed,,fixed
345316,FLOHOM 06 -- FLOHOM 06 | National Harbor,hostaway,,2027-10-18,2027-10-18,684,USD,fixed,2,,fixed,,fixed
366176,"FLOHOM 07 -- FLOHOM 07 | Inner Harbor - Canton, Baltimore",hostaway,,2027-10-18,2027-10-18,483,USD,fixed,2,,fixed,,fixed
376368,FLOHOM 08 -- FLOHOM 08 | National Harbor,hostaway,,2027-10-18,2027-10-18,393,USD,fixed,2,,fixed,,fixed
383097,FLOHOM 09 -- FLOHOM 09 | Baltimore Peninsula,hostaway,,2027-10-18,2027-10-18,393,USD,fixed,2,,fixed,,fixed
404358,FLOHOM 10 -- FLOHOM 10 | Virginia Beach,hostaway,,2027-10-18,2027-10-18,483,USD,fixed,2,,fixed,,fixed
427313,FLOHOM 11 -- FLOHOM 11 | Virginia Beach,hostaway,,2027-10-18,2027-10-18,333,USD,fixed,2,,fixed,,fixed
422608,"FLOHOM 12 -- FLOHOM 12 | Inner Harbor - Fells Point, Baltimore",hostaway,,2027-10-18,2027-10-18,483,USD,fixed,2,,fixed,,fixed
485833,"FLOHOM 13 -- FLOHOM 13 | Inner Harbor, Baltimore",hostaway,,2027-10-18,2027-10-18,684,USD,fixed,2,,fixed,,fixed
407612,"FLOHOM 14 -- FLOHOM 14 | Pasadena, Chesapeake Bay",hostaway,,2027-10-18,2027-10-18,333,USD,fixed,2,,fixed,,fixed
467334,FLOHOM 15 -- FLOHOM 15 | North Myrtle Beach,hostaway,,2027-10-18,2027-10-18,658,USD,fixed,2,,fixed,,fixed
510832,FLOHOM 16 | Liberty Landing Marina,hostaway,,2027-10-18,2027-10-18,684,USD,fixed,2,,fixed,,fixed
146908,"FLOHOM 01 -- FLOHOM 01 | Inner Harbor, Baltimore",hostaway,,2027-10-19,2027-10-19,579,USD,fixed,2,,fixed,,fixed
146944,"FLOHOM 02 -- FLOHOM 02 | Inner Harbor - Canton, Baltimore",hostaway,,2027-10-19,2027-10-19,426,USD,fixed,2,,fixed,,fixed
146946,"FLOHOM 03 -- FLOHOM 03 | Magothy River, Annapolis",hostaway,,2027-10-19,2027-10-19,333,USD,fixed,2,,fixed,,fixed
260001,FLOHOM 04 -- FLOHOM 04 | National Harbor,hostaway,,2027-10-19,2027-10-19,576,USD,fixed,2,,fixed,,fixed
278502,"FLOHOM 05 -- FLOHOM 05 | Inner Harbor, Baltimore",hostaway,,2027-10-19,2027-10-19,393,USD,fixed,2,,fixed,,fixed
345316,FLOHOM 06 -- FLOHOM 06 | National Harbor,hostaway,,2027-10-19,2027-10-19,684,USD,fixed,2,,fixed,,fixed
366176,"FLOHOM 07 -- FLOHOM 07 | Inner Harbor - Canton, Baltimore",hostaway,,2027-10-19,2027-10-19,483,USD,fixed,2,,fixed,,fixed
376368,FLOHOM 08 -- FLOHOM 08 | National Harbor,hostaway,,2027-10-19,2027-10-19,393,USD,fixed,2,,fixed,,fixed
383097,FLOHOM 09 -- FLOHOM 09 | Baltimore Peninsula,hostaway,,2027-10-19,2027-10-19,393,USD,fixed,2,,fixed,,fixed
404358,FLOHOM 10 -- FLOHOM 10 | Virginia Beach,hostaway,,2027-10-19,2027-10-19,483,USD,fixed,2,,fixed,,fixed
427313,FLOHOM 11 -- FLOHOM 11 | Virginia Beach,hostaway,,2027-10-19,2027-10-19,333,USD,fixed,2,,fixed,,fixed
422608,"FLOHOM 12 -- FLOHOM 12 | Inner Harbor - Fells Point, Baltimore",hostaway,,2027-10-19,2027-10-19,483,USD,fixed,2,,fixed,,fixed
485833,"FLOHOM 13 -- FLOHOM 13 | Inner Harbor, Baltimore",hostaway,,2027-10-19,2027-10-19,684,USD,fixed,2,,fixed,,fixed
407612,"FLOHOM 14 -- FLOHOM 14 | Pasadena, Chesapeake Bay",hostaway,,2027-10-19,2027-10-19,333,USD,fixed,2,,fixed,,fixed
467334,FLOHOM 15 -- FLOHOM 15 | North Myrtle Beach,hostaway,,2027-10-19,2027-10-19,658,USD,fixed,2,,fixed,,fixed
510832,FLOHOM 16 | Liberty Landing Marina,hostaway,,2027-10-19,2027-10-19,684,USD,fixed,2,,fixed,,fixed
146908,"FLOHOM 01 -- FLOHOM 01 | Inner Harbor, Baltimore",hostaway,,2027-10-20,2027-10-20,579,USD,fixed,2,,fixed,,fixed
146944,"FLOHOM 02 -- FLOHOM 02 | Inner Harbor - Canton, Baltimore",hostaway,,2027-10-20,2027-10-20,426,USD,fixed,2,,fixed,,fixed
146946,"FLOHOM 03 -- FLOHOM 03 | Magothy River, Annapolis",hostaway,,2027-10-20,2027-10-20,333,USD,fixed,2,,fixed,,fixed
260001,FLOHOM 04 -- FLOHOM 04 | National Harbor,hostaway,,2027-10-20,2027-10-20,576,USD,fixed,2,,fixed,,fixed
278502,"FLOHOM 05 -- FLOHOM 05 | Inner Harbor, Baltimore",hostaway,,2027-10-20,2027-10-20,393,USD,fixed,2,,fixed,,fixed
345316,FLOHOM 06 -- FLOHOM 06 | National Harbor,hostaway,,2027-10-20,2027-10-20,684,USD,fixed,2,,fixed,,fixed
366176,"FLOHOM 07 -- FLOHOM 07 | Inner Harbor - Canton, Baltimore",hostaway,,2027-10-20,2027-10-20,483,USD,fixed,2,,fixed,,fixed
376368,FLOHOM 08 -- FLOHOM 08 | National Harbor,hostaway,,2027-10-20,2027-10-20,393,USD,fixed,2,,fixed,,fixed
383097,FLOHOM 09 -- FLOHOM 09 | Baltimore Peninsula,hostaway,,2027-10-20,2027-10-20,393,USD,fixed,2,,fixed,,fixed
404358,FLOHOM 10 -- FLOHOM 10 | Virginia Beach,hostaway,,2027-10-20,2027-10-20,483,USD,fixed,2,,fixed,,fixed
427313,FLOHOM 11 -- FLOHOM 11 | Virginia Beach,hostaway,,2027-10-20,2027-10-20,333,USD,fixed,2,,fixed,,fixed
422608,"FLOHOM 12 -- FLOHOM 12 | Inner Harbor - Fells Point, Baltimore",hostaway,,2027-10-20,2027-10-20,483,USD,fixed,2,,fixed,,fixed
485833,"FLOHOM 13 -- FLOHOM 13 | Inner Harbor, Baltimore",hostaway,,2027-10-20,2027-10-20,684,USD,fixed,2,,fixed,,fixed
407612,"FLOHOM 14 -- FLOHOM 14 | Pasadena, Chesapeake Bay",hostaway,,2027-10-20,2027-10-20,333,USD,fixed,2,,fixed,,fixed
467334,FLOHOM 15 -- FLOHOM 15 | North Myrtle Beach,hostaway,,2027-10-20,2027-10-20,658,USD,fixed,2,,fixed,,fixed
510832,FLOHOM 16 | Liberty Landing Marina,hostaway,,2027-10-20,2027-10-20,684,USD,fixed,2,,fixed,,fixed
146908,"FLOHOM 01 -- FLOHOM 01 | Inner Harbor, Baltimore",hostaway,,2027-10-21,2027-10-21,935,USD,fixed,2,,fixed,,fixed
146944,"FLOHOM 02 -- FLOHOM 02 | Inner Harbor - Canton, Baltimore",hostaway,,2027-10-21,2027-10-21,695,USD,fixed,2,,fixed,,fixed
146946,"FLOHOM 03 -- FLOHOM 03 | Magothy River, Annapolis",hostaway,,2027-10-21,2027-10-21,509,USD,fixed,2,,fixed,,fixed
260001,FLOHOM 04 -- FLOHOM 04 | National Harbor,hostaway,,2027-10-21,2027-10-21,900,USD,fixed,2,,fixed,,fixed
278502,"FLOHOM 05 -- FLOHOM 05 | Inner Harbor, Baltimore",hostaway,,2027-10-21,2027-10-21,641,USD,fixed,2,,fixed,,fixed
345316,FLOHOM 06 -- FLOHOM 06 | National Harbor,hostaway,,2027-10-21,2027-10-21,1021,USD,fixed,2,,fixed,,fixed
366176,"FLOHOM 07 -- FLOHOM 07 | Inner Harbor - Canton, Baltimore",hostaway,,2027-10-21,2027-10-21,809,USD,fixed,2,,fixed,,fixed
376368,FLOHOM 08 -- FLOHOM 08 | National Harbor,hostaway,,2027-10-21,2027-10-21,641,USD,fixed,2,,fixed,,fixed
383097,FLOHOM 09 -- FLOHOM 09 | Baltimore Peninsula,hostaway,,2027-10-21,2027-10-21,641,USD,fixed,2,,fixed,,fixed
404358,FLOHOM 10 -- FLOHOM 10 | Virginia Beach,hostaway,,2027-10-21,2027-10-21,809,USD,fixed,2,,fixed,,fixed
427313,FLOHOM 11 -- FLOHOM 11 | Virginia Beach,hostaway,,2027-10-21,2027-10-21,509,USD,fixed,2,,fixed,,fixed
422608,"FLOHOM 12 -- FLOHOM 12 | Inner Harbor - Fells Point, Baltimore",hostaway,,2027-10-21,2027-10-21,809,USD,fixed,2,,fixed,,fixed
485833,"FLOHOM 13 -- FLOHOM 13 | Inner Harbor, Baltimore",hostaway,,2027-10-21,2027-10-21,1021,USD,fixed,2,,fixed,,fixed
407612,"FLOHOM 14 -- FLOHOM 14 | Pasadena, Chesapeake Bay",hostaway,,2027-10-21,2027-10-21,509,USD,fixed,2,,fixed,,fixed
467334,FLOHOM 15 -- FLOHOM 15 | North Myrtle Beach,hostaway,,2027-10-21,2027-10-21,983,USD,fixed,2,,fixed,,fixed
510832,FLOHOM 16 | Liberty Landing Marina,hostaway,,2027-10-21,2027-10-21,1021,USD,fixed,2,,fixed,,fixed
146908,"FLOHOM 01 -- FLOHOM 01 | Inner Harbor, Baltimore",hostaway,,2027-10-22,2027-10-22,1102,USD,fixed,2,,fixed,,fixed
146944,"FLOHOM 02 -- FLOHOM 02 | Inner Harbor - Canton, Baltimore",hostaway,,2027-10-22,2027-10-22,833,USD,fixed,2,,fixed,,fixed
146946,"FLOHOM 03 -- FLOHOM 03 | Magothy River, Annapolis",hostaway,,2027-10-22,2027-10-22,659,USD,fixed,2,,fixed,,fixed
260001,FLOHOM 04 -- FLOHOM 04 | National Harbor,hostaway,,2027-10-22,2027-10-22,1061,USD,fixed,2,,fixed,,fixed
278502,"FLOHOM 05 -- FLOHOM 05 | Inner Harbor, Baltimore",hostaway,,2027-10-22,2027-10-22,752,USD,fixed,2,,fixed,,fixed
345316,FLOHOM 06 -- FLOHOM 06 | National Harbor,hostaway,,2027-10-22,2027-10-22,1259,USD,fixed,2,,fixed,,fixed
366176,"FLOHOM 07 -- FLOHOM 07 | Inner Harbor - Canton, Baltimore",hostaway,,2027-10-22,2027-10-22,995,USD,fixed,2,,fixed,,fixed
376368,FLOHOM 08 -- FLOHOM 08 | National Harbor,hostaway,,2027-10-22,2027-10-22,752,USD,fixed,2,,fixed,,fixed
383097,FLOHOM 09 -- FLOHOM 09 | Baltimore Peninsula,hostaway,,2027-10-22,2027-10-22,752,USD,fixed,2,,fixed,,fixed
404358,FLOHOM 10 -- FLOHOM 10 | Virginia Beach,hostaway,,2027-10-22,2027-10-22,995,USD,fixed,2,,fixed,,fixed
427313,FLOHOM 11 -- FLOHOM 11 | Virginia Beach,hostaway,,2027-10-22,2027-10-22,659,USD,fixed,2,,fixed,,fixed
422608,"FLOHOM 12 -- FLOHOM 12 | Inner Harbor - Fells Point, Baltimore",hostaway,,2027-10-22,2027-10-22,995,USD,fixed,2,,fixed,,fixed
485833,"FLOHOM 13 -- FLOHOM 13 | Inner Harbor, Baltimore",hostaway,,2027-10-22,2027-10-22,1259,USD,fixed,2,,fixed,,fixed
407612,"FLOHOM 14 -- FLOHOM 14 | Pasadena, Chesapeake Bay",hostaway,,2027-10-22,2027-10-22,659,USD,fixed,2,,fixed,,fixed
467334,FLOHOM 15 -- FLOHOM 15 | North Myrtle Beach,hostaway,,2027-10-22,2027-10-22,1193,USD,fixed,2,,fixed,,fixed
510832,FLOHOM 16 | Liberty Landing Marina,hostaway,,2027-10-22,2027-10-22,1259,USD,fixed,2,,fixed,,fixed
146908,"FLOHOM 01 -- FLOHOM 01 | Inner Harbor, Baltimore",hostaway,,2027-10-23,2027-10-23,1102,USD,fixed,2,,fixed,,fixed
146944,"FLOHOM 02 -- FLOHOM 02 | Inner Harbor - Canton, Baltimore",hostaway,,2027-10-23,2027-10-23,833,USD,fixed,2,,fixed,,fixed
146946,"FLOHOM 03 -- FLOHOM 03 | Magothy River, Annapolis",hostaway,,2027-10-23,2027-10-23,659,USD,fixed,2,,fixed,,fixed
260001,FLOHOM 04 -- FLOHOM 04 | National Harbor,hostaway,,2027-10-23,2027-10-23,1061,USD,fixed,2,,fixed,,fixed
278502,"FLOHOM 05 -- FLOHOM 05 | Inner Harbor, Baltimore",hostaway,,2027-10-23,2027-10-23,752,USD,fixed,2,,fixed,,fixed
345316,FLOHOM 06 -- FLOHOM 06 | National Harbor,hostaway,,2027-10-23,2027-10-23,1259,USD,fixed,2,,fixed,,fixed
366176,"FLOHOM 07 -- FLOHOM 07 | Inner Harbor - Canton, Baltimore",hostaway,,2027-10-23,2027-10-23,995,USD,fixed,2,,fixed,,fixed
376368,FLOHOM 08 -- FLOHOM 08 | National Harbor,hostaway,,2027-10-23,2027-10-23,752,USD,fixed,2,,fixed,,fixed
383097,FLOHOM 09 -- FLOHOM 09 | Baltimore Peninsula,hostaway,,2027-10-23,2027-10-23,752,USD,fixed,2,,fixed,,fixed
404358,FLOHOM 10 -- FLOHOM 10 | Virginia Beach,hostaway,,2027-10-23,2027-10-23,995,USD,fixed,2,,fixed,,fixed
427313,FLOHOM 11 -- FLOHOM 11 | Virginia Beach,hostaway,,2027-10-23,2027-10-23,659,USD,fixed,2,,fixed,,fixed
422608,"FLOHOM 12 -- FLOHOM 12 | Inner Harbor - Fells Point, Baltimore",hostaway,,2027-10-23,2027-10-23,995,USD,fixed,2,,fixed,,fixed
485833,"FLOHOM 13 -- FLOHOM 13 | Inner Harbor, Baltimore",hostaway,,2027-10-23,2027-10-23,1259,USD,fixed,2,,fixed,,fixed
407612,"FLOHOM 14 -- FLOHOM 14 | Pasadena, Chesapeake Bay",hostaway,,2027-10-23,2027-10-23,659,USD,fixed,2,,fixed,,fixed
467334,FLOHOM 15 -- FLOHOM 15 | North Myrtle Beach,hostaway,,2027-10-23,2027-10-23,1193,USD,fixed,2,,fixed,,fixed
510832,FLOHOM 16 | Liberty Landing Marina,hostaway,,2027-10-23,2027-10-23,1259,USD,fixed,2,,fixed,,fixed
146908,"FLOHOM 01 -- FLOHOM 01 | Inner Harbor, Baltimore",hostaway,,2027-10-24,2027-10-24,935,USD,fixed,2,,fixed,,fixed
146944,"FLOHOM 02 -- FLOHOM 02 | Inner Harbor - Canton, Baltimore",hostaway,,2027-10-24,2027-10-24,695,USD,fixed,2,,fixed,,fixed
146946,"FLOHOM 03 -- FLOHOM 03 | Magothy River, Annapolis",hostaway,,2027-10-24,2027-10-24,509,USD,fixed,2,,fixed,,fixed
260001,FLOHOM 04 -- FLOHOM 04 | National Harbor,hostaway,,2027-10-24,2027-10-24,900,USD,fixed,2,,fixed,,fixed
278502,"FLOHOM 05 -- FLOHOM 05 | Inner Harbor, Baltimore",hostaway,,2027-10-24,2027-10-24,641,USD,fixed,2,,fixed,,fixed
345316,FLOHOM 06 -- FLOHOM 06 | National Harbor,hostaway,,2027-10-24,2027-10-24,1021,USD,fixed,2,,fixed,,fixed
366176,"FLOHOM 07 -- FLOHOM 07 | Inner Harbor - Canton, Baltimore",hostaway,,2027-10-24,2027-10-24,809,USD,fixed,2,,fixed,,fixed
376368,FLOHOM 08 -- FLOHOM 08 | National Harbor,hostaway,,2027-10-24,2027-10-24,641,USD,fixed,2,,fixed,,fixed
383097,FLOHOM 09 -- FLOHOM 09 | Baltimore Peninsula,hostaway,,2027-10-24,2027-10-24,641,USD,fixed,2,,fixed,,fixed
404358,FLOHOM 10 -- FLOHOM 10 | Virginia Beach,hostaway,,2027-10-24,2027-10-24,809,USD,fixed,2,,fixed,,fixed
427313,FLOHOM 11 -- FLOHOM 11 | Virginia Beach,hostaway,,2027-10-24,2027-10-24,509,USD,fixed,2,,fixed,,fixed
422608,"FLOHOM 12 -- FLOHOM 12 | Inner Harbor - Fells Point, Baltimore",hostaway,,2027-10-24,2027-10-24,809,USD,fixed,2,,fixed,,fixed
485833,"FLOHOM 13 -- FLOHOM 13 | Inner Harbor, Baltimore",hostaway,,2027-10-24,2027-10-24,1021,USD,fixed,2,,fixed,,fixed
407612,"FLOHOM 14 -- FLOHOM 14 | Pasadena, Chesapeake Bay",hostaway,,2027-10-24,2027-10-24,509,USD,fixed,2,,fixed,,fixed
467334,FLOHOM 15 -- FLOHOM 15 | North Myrtle Beach,hostaway,,2027-10-24,2027-10-24,983,USD,fixed,2,,fixed,,fixed
510832,FLOHOM 16 | Liberty Landing Marina,hostaway,,2027-10-24,2027-10-24,1021,USD,fixed,2,,fixed,,fixed
146908,"FLOHOM 01 -- FLOHOM 01 | Inner Harbor, Baltimore",hostaway,,2027-10-25,2027-10-25,579,USD,fixed,2,,fixed,,fixed
146944,"FLOHOM 02 -- FLOHOM 02 | Inner Harbor - Canton, Baltimore",hostaway,,2027-10-25,2027-10-25,426,USD,fixed,2,,fixed,,fixed
146946,"FLOHOM 03 -- FLOHOM 03 | Magothy River, Annapolis",hostaway,,2027-10-25,2027-10-25,333,USD,fixed,2,,fixed,,fixed
260001,FLOHOM 04 -- FLOHOM 04 | National Harbor,hostaway,,2027-10-25,2027-10-25,576,USD,fixed,2,,fixed,,fixed
278502,"FLOHOM 05 -- FLOHOM 05 | Inner Harbor, Baltimore",hostaway,,2027-10-25,2027-10-25,393,USD,fixed,2,,fixed,,fixed
345316,FLOHOM 06 -- FLOHOM 06 | National Harbor,hostaway,,2027-10-25,2027-10-25,684,USD,fixed,2,,fixed,,fixed
366176,"FLOHOM 07 -- FLOHOM 07 | Inner Harbor - Canton, Baltimore",hostaway,,2027-10-25,2027-10-25,483,USD,fixed,2,,fixed,,fixed
376368,FLOHOM 08 -- FLOHOM 08 | National Harbor,hostaway,,2027-10-25,2027-10-25,393,USD,fixed,2,,fixed,,fixed
383097,FLOHOM 09 -- FLOHOM 09 | Baltimore Peninsula,hostaway,,2027-10-25,2027-10-25,393,USD,fixed,2,,fixed,,fixed
404358,FLOHOM 10 -- FLOHOM 10 | Virginia Beach,hostaway,,2027-10-25,2027-10-25,483,USD,fixed,2,,fixed,,fixed
427313,FLOHOM 11 -- FLOHOM 11 | Virginia Beach,hostaway,,2027-10-25,2027-10-25,333,USD,fixed,2,,fixed,,fixed
422608,"FLOHOM 12 -- FLOHOM 12 | Inner Harbor - Fells Point, Baltimore",hostaway,,2027-10-25,2027-10-25,483,USD,fixed,2,,fixed,,fixed
485833,"FLOHOM 13 -- FLOHOM 13 | Inner Harbor, Baltimore",hostaway,,2027-10-25,2027-10-25,684,USD,fixed,2,,fixed,,fixed
407612,"FLOHOM 14 -- FLOHOM 14 | Pasadena, Chesapeake Bay",hostaway,,2027-10-25,2027-10-25,333,USD,fixed,2,,fixed,,fixed
467334,FLOHOM 15 -- FLOHOM 15 | North Myrtle Beach,hostaway,,2027-10-25,2027-10-25,658,USD,fixed,2,,fixed,,fixed
510832,FLOHOM 16 | Liberty Landing Marina,hostaway,,2027-10-25,2027-10-25,684,USD,fixed,2,,fixed,,fixed
146908,"FLOHOM 01 -- FLOHOM 01 | Inner Harbor, Baltimore",hostaway,,2027-10-26,2027-10-26,579,USD,fixed,2,,fixed,,fixed
146944,"FLOHOM 02 -- FLOHOM 02 | Inner Harbor - Canton, Baltimore",hostaway,,2027-10-26,2027-10-26,426,USD,fixed,2,,fixed,,fixed
146946,"FLOHOM 03 -- FLOHOM 03 | Magothy River, Annapolis",hostaway,,2027-10-26,2027-10-26,333,USD,fixed,2,,fixed,,fixed
260001,FLOHOM 04 -- FLOHOM 04 | National Harbor,hostaway,,2027-10-26,2027-10-26,576,USD,fixed,2,,fixed,,fixed
278502,"FLOHOM 05 -- FLOHOM 05 | Inner Harbor, Baltimore",hostaway,,2027-10-26,2027-10-26,393,USD,fixed,2,,fixed,,fixed
345316,FLOHOM 06 -- FLOHOM 06 | National Harbor,hostaway,,2027-10-26,2027-10-26,684,USD,fixed,2,,fixed,,fixed
366176,"FLOHOM 07 -- FLOHOM 07 | Inner Harbor - Canton, Baltimore",hostaway,,2027-10-26,2027-10-26,483,USD,fixed,2,,fixed,,fixed
376368,FLOHOM 08 -- FLOHOM 08 | National Harbor,hostaway,,2027-10-26,2027-10-26,393,USD,fixed,2,,fixed,,fixed
383097,FLOHOM 09 -- FLOHOM 09 | Baltimore Peninsula,hostaway,,2027-10-26,2027-10-26,393,USD,fixed,2,,fixed,,fixed
404358,FLOHOM 10 -- FLOHOM 10 | Virginia Beach,hostaway,,2027-10-26,2027-10-26,483,USD,fixed,2,,fixed,,fixed
427313,FLOHOM 11 -- FLOHOM 11 | Virginia Beach,hostaway,,2027-10-26,2027-10-26,333,USD,fixed,2,,fixed,,fixed
422608,"FLOHOM 12 -- FLOHOM 12 | Inner Harbor - Fells Point, Baltimore",hostaway,,2027-10-26,2027-10-26,483,USD,fixed,2,,fixed,,fixed
485833,"FLOHOM 13 -- FLOHOM 13 | Inner Harbor, Baltimore",hostaway,,2027-10-26,2027-10-26,684,USD,fixed,2,,fixed,,fixed
407612,"FLOHOM 14 -- FLOHOM 14 | Pasadena, Chesapeake Bay",hostaway,,2027-10-26,2027-10-26,333,USD,fixed,2,,fixed,,fixed
467334,FLOHOM 15 -- FLOHOM 15 | North Myrtle Beach,hostaway,,2027-10-26,2027-10-26,658,USD,fixed,2,,fixed,,fixed
510832,FLOHOM 16 | Liberty Landing Marina,hostaway,,2027-10-26,2027-10-26,684,USD,fixed,2,,fixed,,fixed
146908,"FLOHOM 01 -- FLOHOM 01 | Inner Harbor, Baltimore",hostaway,,2027-10-27,2027-10-27,579,USD,fixed,2,,fixed,,fixed
146944,"FLOHOM 02 -- FLOHOM 02 | Inner Harbor - Canton, Baltimore",hostaway,,2027-10-27,2027-10-27,426,USD,fixed,2,,fixed,,fixed
146946,"FLOHOM 03 -- FLOHOM 03 | Magothy River, Annapolis",hostaway,,2027-10-27,2027-10-27,333,USD,fixed,2,,fixed,,fixed
260001,FLOHOM 04 -- FLOHOM 04 | National Harbor,hostaway,,2027-10-27,2027-10-27,576,USD,fixed,2,,fixed,,fixed
278502,"FLOHOM 05 -- FLOHOM 05 | Inner Harbor, Baltimore",hostaway,,2027-10-27,2027-10-27,393,USD,fixed,2,,fixed,,fixed
345316,FLOHOM 06 -- FLOHOM 06 | National Harbor,hostaway,,2027-10-27,2027-10-27,684,USD,fixed,2,,fixed,,fixed
366176,"FLOHOM 07 -- FLOHOM 07 | Inner Harbor - Canton, Baltimore",hostaway,,2027-10-27,2027-10-27,483,USD,fixed,2,,fixed,,fixed
376368,FLOHOM 08 -- FLOHOM 08 | National Harbor,hostaway,,2027-10-27,2027-10-27,393,USD,fixed,2,,fixed,,fixed
383097,FLOHOM 09 -- FLOHOM 09 | Baltimore Peninsula,hostaway,,2027-10-27,2027-10-27,393,USD,fixed,2,,fixed,,fixed
404358,FLOHOM 10 -- FLOHOM 10 | Virginia Beach,hostaway,,2027-10-27,2027-10-27,483,USD,fixed,2,,fixed,,fixed
427313,FLOHOM 11 -- FLOHOM 11 | Virginia Beach,hostaway,,2027-10-27,2027-10-27,333,USD,fixed,2,,fixed,,fixed
422608,"FLOHOM 12 -- FLOHOM 12 | Inner Harbor - Fells Point, Baltimore",hostaway,,2027-10-27,2027-10-27,483,USD,fixed,2,,fixed,,fixed
485833,"FLOHOM 13 -- FLOHOM 13 | Inner Harbor, Baltimore",hostaway,,2027-10-27,2027-10-27,684,USD,fixed,2,,fixed,,fixed
407612,"FLOHOM 14 -- FLOHOM 14 | Pasadena, Chesapeake Bay",hostaway,,2027-10-27,2027-10-27,333,USD,fixed,2,,fixed,,fixed
467334,FLOHOM 15 -- FLOHOM 15 | North Myrtle Beach,hostaway,,2027-10-27,2027-10-27,658,USD,fixed,2,,fixed,,fixed
510832,FLOHOM 16 | Liberty Landing Marina,hostaway,,2027-10-27,2027-10-27,684,USD,fixed,2,,fixed,,fixed
146908,"FLOHOM 01 -- FLOHOM 01 | Inner Harbor, Baltimore",hostaway,,2027-10-28,2027-10-28,935,USD,fixed,2,,fixed,,fixed
146944,"FLOHOM 02 -- FLOHOM 02 | Inner Harbor - Canton, Baltimore",hostaway,,2027-10-28,2027-10-28,695,USD,fixed,2,,fixed,,fixed
146946,"FLOHOM 03 -- FLOHOM 03 | Magothy River, Annapolis",hostaway,,2027-10-28,2027-10-28,509,USD,fixed,2,,fixed,,fixed
260001,FLOHOM 04 -- FLOHOM 04 | National Harbor,hostaway,,2027-10-28,2027-10-28,900,USD,fixed,2,,fixed,,fixed
278502,"FLOHOM 05 -- FLOHOM 05 | Inner Harbor, Baltimore",hostaway,,2027-10-28,2027-10-28,641,USD,fixed,2,,fixed,,fixed
345316,FLOHOM 06 -- FLOHOM 06 | National Harbor,hostaway,,2027-10-28,2027-10-28,1021,USD,fixed,2,,fixed,,fixed
366176,"FLOHOM 07 -- FLOHOM 07 | Inner Harbor - Canton, Baltimore",hostaway,,2027-10-28,2027-10-28,809,USD,fixed,2,,fixed,,fixed
376368,FLOHOM 08 -- FLOHOM 08 | National Harbor,hostaway,,2027-10-28,2027-10-28,641,USD,fixed,2,,fixed,,fixed
383097,FLOHOM 09 -- FLOHOM 09 | Baltimore Peninsula,hostaway,,2027-10-28,2027-10-28,641,USD,fixed,2,,fixed,,fixed
404358,FLOHOM 10 -- FLOHOM 10 | Virginia Beach,hostaway,,2027-10-28,2027-10-28,809,USD,fixed,2,,fixed,,fixed
427313,FLOHOM 11 -- FLOHOM 11 | Virginia Beach,hostaway,,2027-10-28,2027-10-28,509,USD,fixed,2,,fixed,,fixed
422608,"FLOHOM 12 -- FLOHOM 12 | Inner Harbor - Fells Point, Baltimore",hostaway,,2027-10-28,2027-10-28,809,USD,fixed,2,,fixed,,fixed
485833,"FLOHOM 13 -- FLOHOM 13 | Inner Harbor, Baltimore",hostaway,,2027-10-28,2027-10-28,1021,USD,fixed,2,,fixed,,fixed
407612,"FLOHOM 14 -- FLOHOM 14 | Pasadena, Chesapeake Bay",hostaway,,2027-10-28,2027-10-28,509,USD,fixed,2,,fixed,,fixed
467334,FLOHOM 15 -- FLOHOM 15 | North Myrtle Beach,hostaway,,2027-10-28,2027-10-28,983,USD,fixed,2,,fixed,,fixed
510832,FLOHOM 16 | Liberty Landing Marina,hostaway,,2027-10-28,2027-10-28,1021,USD,fixed,2,,fixed,,fixed
146908,"FLOHOM 01 -- FLOHOM 01 | Inner Harbor, Baltimore",hostaway,,2027-10-29,2027-10-29,1102,USD,fixed,2,,fixed,,fixed
146944,"FLOHOM 02 -- FLOHOM 02 | Inner Harbor - Canton, Baltimore",hostaway,,2027-10-29,2027-10-29,833,USD,fixed,2,,fixed,,fixed
146946,"FLOHOM 03 -- FLOHOM 03 | Magothy River, Annapolis",hostaway,,2027-10-29,2027-10-29,659,USD,fixed,2,,fixed,,fixed
260001,FLOHOM 04 -- FLOHOM 04 | National Harbor,hostaway,,2027-10-29,2027-10-29,1061,USD,fixed,2,,fixed,,fixed
278502,"FLOHOM 05 -- FLOHOM 05 | Inner Harbor, Baltimore",hostaway,,2027-10-29,2027-10-29,752,USD,fixed,2,,fixed,,fixed
345316,FLOHOM 06 -- FLOHOM 06 | National Harbor,hostaway,,2027-10-29,2027-10-29,1259,USD,fixed,2,,fixed,,fixed
366176,"FLOHOM 07 -- FLOHOM 07 | Inner Harbor - Canton, Baltimore",hostaway,,2027-10-29,2027-10-29,995,USD,fixed,2,,fixed,,fixed
376368,FLOHOM 08 -- FLOHOM 08 | National Harbor,hostaway,,2027-10-29,2027-10-29,752,USD,fixed,2,,fixed,,fixed
383097,FLOHOM 09 -- FLOHOM 09 | Baltimore Peninsula,hostaway,,2027-10-29,2027-10-29,752,USD,fixed,2,,fixed,,fixed
404358,FLOHOM 10 -- FLOHOM 10 | Virginia Beach,hostaway,,2027-10-29,2027-10-29,995,USD,fixed,2,,fixed,,fixed
427313,FLOHOM 11 -- FLOHOM 11 | Virginia Beach,hostaway,,2027-10-29,2027-10-29,659,USD,fixed,2,,fixed,,fixed
422608,"FLOHOM 12 -- FLOHOM 12 | Inner Harbor - Fells Point, Baltimore",hostaway,,2027-10-29,2027-10-29,995,USD,fixed,2,,fixed,,fixed
485833,"FLOHOM 13 -- FLOHOM 13 | Inner Harbor, Baltimore",hostaway,,2027-10-29,2027-10-29,1259,USD,fixed,2,,fixed,,fixed
407612,"FLOHOM 14 -- FLOHOM 14 | Pasadena, Chesapeake Bay",hostaway,,2027-10-29,2027-10-29,659,USD,fixed,2,,fixed,,fixed
467334,FLOHOM 15 -- FLOHOM 15 | North Myrtle Beach,hostaway,,2027-10-29,2027-10-29,1193,USD,fixed,2,,fixed,,fixed
510832,FLOHOM 16 | Liberty Landing Marina,hostaway,,2027-10-29,2027-10-29,1259,USD,fixed,2,,fixed,,fixed
146908,"FLOHOM 01 -- FLOHOM 01 | Inner Harbor, Baltimore",hostaway,,2027-10-30,2027-10-30,1102,USD,fixed,2,,fixed,,fixed
146944,"FLOHOM 02 -- FLOHOM 02 | Inner Harbor - Canton, Baltimore",hostaway,,2027-10-30,2027-10-30,833,USD,fixed,2,,fixed,,fixed
146946,"FLOHOM 03 -- FLOHOM 03 | Magothy River, Annapolis",hostaway,,2027-10-30,2027-10-30,659,USD,fixed,2,,fixed,,fixed
260001,FLOHOM 04 -- FLOHOM 04 | National Harbor,hostaway,,2027-10-30,2027-10-30,1061,USD,fixed,2,,fixed,,fixed
278502,"FLOHOM 05 -- FLOHOM 05 | Inner Harbor, Baltimore",hostaway,,2027-10-30,2027-10-30,752,USD,fixed,2,,fixed,,fixed
345316,FLOHOM 06 -- FLOHOM 06 | National Harbor,hostaway,,2027-10-30,2027-10-30,1259,USD,fixed,2,,fixed,,fixed
366176,"FLOHOM 07 -- FLOHOM 07 | Inner Harbor - Canton, Baltimore",hostaway,,2027-10-30,2027-10-30,995,USD,fixed,2,,fixed,,fixed
376368,FLOHOM 08 -- FLOHOM 08 | National Harbor,hostaway,,2027-10-30,2027-10-30,752,USD,fixed,2,,fixed,,fixed
383097,FLOHOM 09 -- FLOHOM 09 | Baltimore Peninsula,hostaway,,2027-10-30,2027-10-30,752,USD,fixed,2,,fixed,,fixed
404358,FLOHOM 10 -- FLOHOM 10 | Virginia Beach,hostaway,,2027-10-30,2027-10-30,995,USD,fixed,2,,fixed,,fixed
427313,FLOHOM 11 -- FLOHOM 11 | Virginia Beach,hostaway,,2027-10-30,2027-10-30,659,USD,fixed,2,,fixed,,fixed
422608,"FLOHOM 12 -- FLOHOM 12 | Inner Harbor - Fells Point, Baltimore",hostaway,,2027-10-30,2027-10-30,995,USD,fixed,2,,fixed,,fixed
485833,"FLOHOM 13 -- FLOHOM 13 | Inner Harbor, Baltimore",hostaway,,2027-10-30,2027-10-30,1259,USD,fixed,2,,fixed,,fixed
407612,"FLOHOM 14 -- FLOHOM 14 | Pasadena, Chesapeake Bay",hostaway,,2027-10-30,2027-10-30,659,USD,fixed,2,,fixed,,fixed
467334,FLOHOM 15 -- FLOHOM 15 | North Myrtle Beach,hostaway,,2027-10-30,2027-10-30,1193,USD,fixed,2,,fixed,,fixed
510832,FLOHOM 16 | Liberty Landing Marina,hostaway,,2027-10-30,2027-10-30,1259,USD,fixed,2,,fixed,,fixed
146908,"FLOHOM 01 -- FLOHOM 01 | Inner Harbor, Baltimore",hostaway,,2027-10-31,2027-10-31,935,USD,fixed,2,,fixed,,fixed
146944,"FLOHOM 02 -- FLOHOM 02 | Inner Harbor - Canton, Baltimore",hostaway,,2027-10-31,2027-10-31,695,USD,fixed,2,,fixed,,fixed
146946,"FLOHOM 03 -- FLOHOM 03 | Magothy River, Annapolis",hostaway,,2027-10-31,2027-10-31,509,USD,fixed,2,,fixed,,fixed
260001,FLOHOM 04 -- FLOHOM 04 | National Harbor,hostaway,,2027-10-31,2027-10-31,900,USD,fixed,2,,fixed,,fixed
278502,"FLOHOM 05 -- FLOHOM 05 | Inner Harbor, Baltimore",hostaway,,2027-10-31,2027-10-31,641,USD,fixed,2,,fixed,,fixed
345316,FLOHOM 06 -- FLOHOM 06 | National Harbor,hostaway,,2027-10-31,2027-10-31,1021,USD,fixed,2,,fixed,,fixed
366176,"FLOHOM 07 -- FLOHOM 07 | Inner Harbor - Canton, Baltimore",hostaway,,2027-10-31,2027-10-31,809,USD,fixed,2,,fixed,,fixed
376368,FLOHOM 08 -- FLOHOM 08 | National Harbor,hostaway,,2027-10-31,2027-10-31,641,USD,fixed,2,,fixed,,fixed
383097,FLOHOM 09 -- FLOHOM 09 | Baltimore Peninsula,hostaway,,2027-10-31,2027-10-31,641,USD,fixed,2,,fixed,,fixed
404358,FLOHOM 10 -- FLOHOM 10 | Virginia Beach,hostaway,,2027-10-31,2027-10-31,809,USD,fixed,2,,fixed,,fixed
427313,FLOHOM 11 -- FLOHOM 11 | Virginia Beach,hostaway,,2027-10-31,2027-10-31,509,USD,fixed,2,,fixed,,fixed
422608,"FLOHOM 12 -- FLOHOM 12 | Inner Harbor - Fells Point, Baltimore",hostaway,,2027-10-31,2027-10-31,809,USD,fixed,2,,fixed,,fixed
485833,"FLOHOM 13 -- FLOHOM 13 | Inner Harbor, Baltimore",hostaway,,2027-10-31,2027-10-31,1021,USD,fixed,2,,fixed,,fixed
407612,"FLOHOM 14 -- FLOHOM 14 | Pasadena, Chesapeake Bay",hostaway,,2027-10-31,2027-10-31,509,USD,fixed,2,,fixed,,fixed
467334,FLOHOM 15 -- FLOHOM 15 | North Myrtle Beach,hostaway,,2027-10-31,2027-10-31,983,USD,fixed,2,,fixed,,fixed
510832,FLOHOM 16 | Liberty Landing Marina,hostaway,,2027-10-31,2027-10-31,1021,USD,fixed,2,,fixed,,fixed
146908,"FLOHOM 01 -- FLOHOM 01 | Inner Harbor, Baltimore",hostaway,,2027-11-01,2027-11-01,369,USD,fixed,2,,fixed,,fixed
146944,"FLOHOM 02 -- FLOHOM 02 | Inner Harbor - Canton, Baltimore",hostaway,,2027-11-01,2027-11-01,312,USD,fixed,2,,fixed,,fixed
146946,"FLOHOM 03 -- FLOHOM 03 | Magothy River, Annapolis",hostaway,,2027-11-01,2027-11-01,240,USD,fixed,2,,fixed,,fixed
260001,FLOHOM 04 -- FLOHOM 04 | National Harbor,hostaway,,2027-11-01,2027-11-01,369,USD,fixed,2,,fixed,,fixed
278502,"FLOHOM 05 -- FLOHOM 05 | Inner Harbor, Baltimore",hostaway,,2027-11-01,2027-11-01,280,USD,fixed,2,,fixed,,fixed
345316,FLOHOM 06 -- FLOHOM 06 | National Harbor,hostaway,,2027-11-01,2027-11-01,391,USD,fixed,2,,fixed,,fixed
366176,"FLOHOM 07 -- FLOHOM 07 | Inner Harbor - Canton, Baltimore",hostaway,,2027-11-01,2027-11-01,324,USD,fixed,2,,fixed,,fixed
376368,FLOHOM 08 -- FLOHOM 08 | National Harbor,hostaway,,2027-11-01,2027-11-01,280,USD,fixed,2,,fixed,,fixed
383097,FLOHOM 09 -- FLOHOM 09 | Baltimore Peninsula,hostaway,,2027-11-01,2027-11-01,280,USD,fixed,2,,fixed,,fixed
404358,FLOHOM 10 -- FLOHOM 10 | Virginia Beach,hostaway,,2027-11-01,2027-11-01,324,USD,fixed,2,,fixed,,fixed
427313,FLOHOM 11 -- FLOHOM 11 | Virginia Beach,hostaway,,2027-11-01,2027-11-01,240,USD,fixed,2,,fixed,,fixed
422608,"FLOHOM 12 -- FLOHOM 12 | Inner Harbor - Fells Point, Baltimore",hostaway,,2027-11-01,2027-11-01,324,USD,fixed,2,,fixed,,fixed
485833,"FLOHOM 13 -- FLOHOM 13 | Inner Harbor, Baltimore",hostaway,,2027-11-01,2027-11-01,391,USD,fixed,2,,fixed,,fixed
407612,"FLOHOM 14 -- FLOHOM 14 | Pasadena, Chesapeake Bay",hostaway,,2027-11-01,2027-11-01,240,USD,fixed,2,,fixed,,fixed
467334,FLOHOM 15 -- FLOHOM 15 | North Myrtle Beach,hostaway,,2027-11-01,2027-11-01,372,USD,fixed,2,,fixed,,fixed
510832,FLOHOM 16 | Liberty Landing Marina,hostaway,,2027-11-01,2027-11-01,391,USD,fixed,2,,fixed,,fixed
146908,"FLOHOM 01 -- FLOHOM 01 | Inner Harbor, Baltimore",hostaway,,2027-11-02,2027-11-02,369,USD,fixed,2,,fixed,,fixed
146944,"FLOHOM 02 -- FLOHOM 02 | Inner Harbor - Canton, Baltimore",hostaway,,2027-11-02,2027-11-02,312,USD,fixed,2,,fixed,,fixed
146946,"FLOHOM 03 -- FLOHOM 03 | Magothy River, Annapolis",hostaway,,2027-11-02,2027-11-02,240,USD,fixed,2,,fixed,,fixed
260001,FLOHOM 04 -- FLOHOM 04 | National Harbor,hostaway,,2027-11-02,2027-11-02,369,USD,fixed,2,,fixed,,fixed
278502,"FLOHOM 05 -- FLOHOM 05 | Inner Harbor, Baltimore",hostaway,,2027-11-02,2027-11-02,280,USD,fixed,2,,fixed,,fixed
345316,FLOHOM 06 -- FLOHOM 06 | National Harbor,hostaway,,2027-11-02,2027-11-02,391,USD,fixed,2,,fixed,,fixed
366176,"FLOHOM 07 -- FLOHOM 07 | Inner Harbor - Canton, Baltimore",hostaway,,2027-11-02,2027-11-02,324,USD,fixed,2,,fixed,,fixed
376368,FLOHOM 08 -- FLOHOM 08 | National Harbor,hostaway,,2027-11-02,2027-11-02,280,USD,fixed,2,,fixed,,fixed
383097,FLOHOM 09 -- FLOHOM 09 | Baltimore Peninsula,hostaway,,2027-11-02,2027-11-02,280,USD,fixed,2,,fixed,,fixed
404358,FLOHOM 10 -- FLOHOM 10 | Virginia Beach,hostaway,,2027-11-02,2027-11-02,324,USD,fixed,2,,fixed,,fixed
427313,FLOHOM 11 -- FLOHOM 11 | Virginia Beach,hostaway,,2027-11-02,2027-11-02,240,USD,fixed,2,,fixed,,fixed
422608,"FLOHOM 12 -- FLOHOM 12 | Inner Harbor - Fells Point, Baltimore",hostaway,,2027-11-02,2027-11-02,324,USD,fixed,2,,fixed,,fixed
485833,"FLOHOM 13 -- FLOHOM 13 | Inner Harbor, Baltimore",hostaway,,2027-11-02,2027-11-02,391,USD,fixed,2,,fixed,,fixed
407612,"FLOHOM 14 -- FLOHOM 14 | Pasadena, Chesapeake Bay",hostaway,,2027-11-02,2027-11-02,240,USD,fixed,2,,fixed,,fixed
467334,FLOHOM 15 -- FLOHOM 15 | North Myrtle Beach,hostaway,,2027-11-02,2027-11-02,372,USD,fixed,2,,fixed,,fixed
510832,FLOHOM 16 | Liberty Landing Marina,hostaway,,2027-11-02,2027-11-02,391,USD,fixed,2,,fixed,,fixed
146908,"FLOHOM 01 -- FLOHOM 01 | Inner Harbor, Baltimore",hostaway,,2027-11-03,2027-11-03,369,USD,fixed,2,,fixed,,fixed
146944,"FLOHOM 02 -- FLOHOM 02 | Inner Harbor - Canton, Baltimore",hostaway,,2027-11-03,2027-11-03,312,USD,fixed,2,,fixed,,fixed
146946,"FLOHOM 03 -- FLOHOM 03 | Magothy River, Annapolis",hostaway,,2027-11-03,2027-11-03,240,USD,fixed,2,,fixed,,fixed
260001,FLOHOM 04 -- FLOHOM 04 | National Harbor,hostaway,,2027-11-03,2027-11-03,369,USD,fixed,2,,fixed,,fixed
278502,"FLOHOM 05 -- FLOHOM 05 | Inner Harbor, Baltimore",hostaway,,2027-11-03,2027-11-03,280,USD,fixed,2,,fixed,,fixed
345316,FLOHOM 06 -- FLOHOM 06 | National Harbor,hostaway,,2027-11-03,2027-11-03,391,USD,fixed,2,,fixed,,fixed
366176,"FLOHOM 07 -- FLOHOM 07 | Inner Harbor - Canton, Baltimore",hostaway,,2027-11-03,2027-11-03,324,USD,fixed,2,,fixed,,fixed
376368,FLOHOM 08 -- FLOHOM 08 | National Harbor,hostaway,,2027-11-03,2027-11-03,280,USD,fixed,2,,fixed,,fixed
383097,FLOHOM 09 -- FLOHOM 09 | Baltimore Peninsula,hostaway,,2027-11-03,2027-11-03,280,USD,fixed,2,,fixed,,fixed
404358,FLOHOM 10 -- FLOHOM 10 | Virginia Beach,hostaway,,2027-11-03,2027-11-03,324,USD,fixed,2,,fixed,,fixed
427313,FLOHOM 11 -- FLOHOM 11 | Virginia Beach,hostaway,,2027-11-03,2027-11-03,240,USD,fixed,2,,fixed,,fixed
422608,"FLOHOM 12 -- FLOHOM 12 | Inner Harbor - Fells Point, Baltimore",hostaway,,2027-11-03,2027-11-03,324,USD,fixed,2,,fixed,,fixed
485833,"FLOHOM 13 -- FLOHOM 13 | Inner Harbor, Baltimore",hostaway,,2027-11-03,2027-11-03,391,USD,fixed,2,,fixed,,fixed
407612,"FLOHOM 14 -- FLOHOM 14 | Pasadena, Chesapeake Bay",hostaway,,2027-11-03,2027-11-03,240,USD,fixed,2,,fixed,,fixed
467334,FLOHOM 15 -- FLOHOM 15 | North Myrtle Beach,hostaway,,2027-11-03,2027-11-03,372,USD,fixed,2,,fixed,,fixed
510832,FLOHOM 16 | Liberty Landing Marina,hostaway,,2027-11-03,2027-11-03,391,USD,fixed,2,,fixed,,fixed
146908,"FLOHOM 01 -- FLOHOM 01 | Inner Harbor, Baltimore",hostaway,,2027-11-04,2027-11-04,419,USD,fixed,2,,fixed,,fixed
146944,"FLOHOM 02 -- FLOHOM 02 | Inner Harbor - Canton, Baltimore",hostaway,,2027-11-04,2027-11-04,379,USD,fixed,2,,fixed,,fixed
146946,"FLOHOM 03 -- FLOHOM 03 | Magothy River, Annapolis",hostaway,,2027-11-04,2027-11-04,309,USD,fixed,2,,fixed,,fixed
260001,FLOHOM 04 -- FLOHOM 04 | National Harbor,hostaway,,2027-11-04,2027-11-04,419,USD,fixed,2,,fixed,,fixed
278502,"FLOHOM 05 -- FLOHOM 05 | Inner Harbor, Baltimore",hostaway,,2027-11-04,2027-11-04,349,USD,fixed,2,,fixed,,fixed
345316,FLOHOM 06 -- FLOHOM 06 | National Harbor,hostaway,,2027-11-04,2027-11-04,494,USD,fixed,2,,fixed,,fixed
366176,"FLOHOM 07 -- FLOHOM 07 | Inner Harbor - Canton, Baltimore",hostaway,,2027-11-04,2027-11-04,394,USD,fixed,2,,fixed,,fixed
376368,FLOHOM 08 -- FLOHOM 08 | National Harbor,hostaway,,2027-11-04,2027-11-04,349,USD,fixed,2,,fixed,,fixed
383097,FLOHOM 09 -- FLOHOM 09 | Baltimore Peninsula,hostaway,,2027-11-04,2027-11-04,349,USD,fixed,2,,fixed,,fixed
404358,FLOHOM 10 -- FLOHOM 10 | Virginia Beach,hostaway,,2027-11-04,2027-11-04,394,USD,fixed,2,,fixed,,fixed
427313,FLOHOM 11 -- FLOHOM 11 | Virginia Beach,hostaway,,2027-11-04,2027-11-04,309,USD,fixed,2,,fixed,,fixed
422608,"FLOHOM 12 -- FLOHOM 12 | Inner Harbor - Fells Point, Baltimore",hostaway,,2027-11-04,2027-11-04,394,USD,fixed,2,,fixed,,fixed
485833,"FLOHOM 13 -- FLOHOM 13 | Inner Harbor, Baltimore",hostaway,,2027-11-04,2027-11-04,494,USD,fixed,2,,fixed,,fixed
407612,"FLOHOM 14 -- FLOHOM 14 | Pasadena, Chesapeake Bay",hostaway,,2027-11-04,2027-11-04,309,USD,fixed,2,,fixed,,fixed
467334,FLOHOM 15 -- FLOHOM 15 | North Myrtle Beach,hostaway,,2027-11-04,2027-11-04,444,USD,fixed,2,,fixed,,fixed
510832,FLOHOM 16 | Liberty Landing Marina,hostaway,,2027-11-04,2027-11-04,494,USD,fixed,2,,fixed,,fixed
146908,"FLOHOM 01 -- FLOHOM 01 | Inner Harbor, Baltimore",hostaway,,2027-11-05,2027-11-05,499,USD,fixed,2,,fixed,,fixed
146944,"FLOHOM 02 -- FLOHOM 02 | Inner Harbor - Canton, Baltimore",hostaway,,2027-11-05,2027-11-05,444,USD,fixed,2,,fixed,,fixed
146946,"FLOHOM 03 -- FLOHOM 03 | Magothy River, Annapolis",hostaway,,2027-11-05,2027-11-05,374,USD,fixed,2,,fixed,,fixed
260001,FLOHOM 04 -- FLOHOM 04 | National Harbor,hostaway,,2027-11-05,2027-11-05,499,USD,fixed,2,,fixed,,fixed
278502,"FLOHOM 05 -- FLOHOM 05 | Inner Harbor, Baltimore",hostaway,,2027-11-05,2027-11-05,404,USD,fixed,2,,fixed,,fixed
345316,FLOHOM 06 -- FLOHOM 06 | National Harbor,hostaway,,2027-11-05,2027-11-05,595,USD,fixed,2,,fixed,,fixed
366176,"FLOHOM 07 -- FLOHOM 07 | Inner Harbor - Canton, Baltimore",hostaway,,2027-11-05,2027-11-05,474,USD,fixed,2,,fixed,,fixed
376368,FLOHOM 08 -- FLOHOM 08 | National Harbor,hostaway,,2027-11-05,2027-11-05,404,USD,fixed,2,,fixed,,fixed
383097,FLOHOM 09 -- FLOHOM 09 | Baltimore Peninsula,hostaway,,2027-11-05,2027-11-05,404,USD,fixed,2,,fixed,,fixed
404358,FLOHOM 10 -- FLOHOM 10 | Virginia Beach,hostaway,,2027-11-05,2027-11-05,474,USD,fixed,2,,fixed,,fixed
427313,FLOHOM 11 -- FLOHOM 11 | Virginia Beach,hostaway,,2027-11-05,2027-11-05,374,USD,fixed,2,,fixed,,fixed
422608,"FLOHOM 12 -- FLOHOM 12 | Inner Harbor - Fells Point, Baltimore",hostaway,,2027-11-05,2027-11-05,474,USD,fixed,2,,fixed,,fixed
485833,"FLOHOM 13 -- FLOHOM 13 | Inner Harbor, Baltimore",hostaway,,2027-11-05,2027-11-05,595,USD,fixed,2,,fixed,,fixed
407612,"FLOHOM 14 -- FLOHOM 14 | Pasadena, Chesapeake Bay",hostaway,,2027-11-05,2027-11-05,374,USD,fixed,2,,fixed,,fixed
467334,FLOHOM 15 -- FLOHOM 15 | North Myrtle Beach,hostaway,,2027-11-05,2027-11-05,534,USD,fixed,2,,fixed,,fixed
510832,FLOHOM 16 | Liberty Landing Marina,hostaway,,2027-11-05,2027-11-05,1309,USD,fixed,2,,fixed,,fixed
146908,"FLOHOM 01 -- FLOHOM 01 | Inner Harbor, Baltimore",hostaway,,2027-11-06,2027-11-06,499,USD,fixed,2,,fixed,,fixed
146944,"FLOHOM 02 -- FLOHOM 02 | Inner Harbor - Canton, Baltimore",hostaway,,2027-11-06,2027-11-06,444,USD,fixed,2,,fixed,,fixed
146946,"FLOHOM 03 -- FLOHOM 03 | Magothy River, Annapolis",hostaway,,2027-11-06,2027-11-06,374,USD,fixed,2,,fixed,,fixed
260001,FLOHOM 04 -- FLOHOM 04 | National Harbor,hostaway,,2027-11-06,2027-11-06,499,USD,fixed,2,,fixed,,fixed
278502,"FLOHOM 05 -- FLOHOM 05 | Inner Harbor, Baltimore",hostaway,,2027-11-06,2027-11-06,404,USD,fixed,2,,fixed,,fixed
345316,FLOHOM 06 -- FLOHOM 06 | National Harbor,hostaway,,2027-11-06,2027-11-06,595,USD,fixed,2,,fixed,,fixed
366176,"FLOHOM 07 -- FLOHOM 07 | Inner Harbor - Canton, Baltimore",hostaway,,2027-11-06,2027-11-06,474,USD,fixed,2,,fixed,,fixed
376368,FLOHOM 08 -- FLOHOM 08 | National Harbor,hostaway,,2027-11-06,2027-11-06,404,USD,fixed,2,,fixed,,fixed
383097,FLOHOM 09 -- FLOHOM 09 | Baltimore Peninsula,hostaway,,2027-11-06,2027-11-06,404,USD,fixed,2,,fixed,,fixed
404358,FLOHOM 10 -- FLOHOM 10 | Virginia Beach,hostaway,,2027-11-06,2027-11-06,474,USD,fixed,2,,fixed,,fixed
427313,FLOHOM 11 -- FLOHOM 11 | Virginia Beach,hostaway,,2027-11-06,2027-11-06,374,USD,fixed,2,,fixed,,fixed
422608,"FLOHOM 12 -- FLOHOM 12 | Inner Harbor - Fells Point, Baltimore",hostaway,,2027-11-06,2027-11-06,474,USD,fixed,2,,fixed,,fixed
485833,"FLOHOM 13 -- FLOHOM 13 | Inner Harbor, Baltimore",hostaway,,2027-11-06,2027-11-06,595,USD,fixed,2,,fixed,,fixed
407612,"FLOHOM 14 -- FLOHOM 14 | Pasadena, Chesapeake Bay",hostaway,,2027-11-06,2027-11-06,374,USD,fixed,2,,fixed,,fixed
467334,FLOHOM 15 -- FLOHOM 15 | North Myrtle Beach,hostaway,,2027-11-06,2027-11-06,444,USD,fixed,2,,fixed,,fixed
510832,FLOHOM 16 | Liberty Landing Marina,hostaway,,2027-11-06,2027-11-06,1309,USD,fixed,2,,fixed,,fixed
146908,"FLOHOM 01 -- FLOHOM 01 | Inner Harbor, Baltimore",hostaway,,2027-11-07,2027-11-07,419,USD,fixed,2,,fixed,,fixed
146944,"FLOHOM 02 -- FLOHOM 02 | Inner Harbor - Canton, Baltimore",hostaway,,2027-11-07,2027-11-07,379,USD,fixed,2,,fixed,,fixed
146946,"FLOHOM 03 -- FLOHOM 03 | Magothy River, Annapolis",hostaway,,2027-11-07,2027-11-07,309,USD,fixed,2,,fixed,,fixed
260001,FLOHOM 04 -- FLOHOM 04 | National Harbor,hostaway,,2027-11-07,2027-11-07,419,USD,fixed,2,,fixed,,fixed
278502,"FLOHOM 05 -- FLOHOM 05 | Inner Harbor, Baltimore",hostaway,,2027-11-07,2027-11-07,349,USD,fixed,2,,fixed,,fixed
345316,FLOHOM 06 -- FLOHOM 06 | National Harbor,hostaway,,2027-11-07,2027-11-07,494,USD,fixed,2,,fixed,,fixed
366176,"FLOHOM 07 -- FLOHOM 07 | Inner Harbor - Canton, Baltimore",hostaway,,2027-11-07,2027-11-07,394,USD,fixed,2,,fixed,,fixed
376368,FLOHOM 08 -- FLOHOM 08 | National Harbor,hostaway,,2027-11-07,2027-11-07,349,USD,fixed,2,,fixed,,fixed
383097,FLOHOM 09 -- FLOHOM 09 | Baltimore Peninsula,hostaway,,2027-11-07,2027-11-07,349,USD,fixed,2,,fixed,,fixed
404358,FLOHOM 10 -- FLOHOM 10 | Virginia Beach,hostaway,,2027-11-07,2027-11-07,394,USD,fixed,2,,fixed,,fixed
427313,FLOHOM 11 -- FLOHOM 11 | Virginia Beach,hostaway,,2027-11-07,2027-11-07,309,USD,fixed,2,,fixed,,fixed
422608,"FLOHOM 12 -- FLOHOM 12 | Inner Harbor - Fells Point, Baltimore",hostaway,,2027-11-07,2027-11-07,394,USD,fixed,2,,fixed,,fixed
485833,"FLOHOM 13 -- FLOHOM 13 | Inner Harbor, Baltimore",hostaway,,2027-11-07,2027-11-07,494,USD,fixed,2,,fixed,,fixed
407612,"FLOHOM 14 -- FLOHOM 14 | Pasadena, Chesapeake Bay",hostaway,,2027-11-07,2027-11-07,309,USD,fixed,2,,fixed,,fixed
467334,FLOHOM 15 -- FLOHOM 15 | North Myrtle Beach,hostaway,,2027-11-07,2027-11-07,625,USD,fixed,2,,fixed,,fixed
510832,FLOHOM 16 | Liberty Landing Marina,hostaway,,2027-11-07,2027-11-07,1087,USD,fixed,2,,fixed,,fixed
146908,"FLOHOM 01 -- FLOHOM 01 | Inner Harbor, Baltimore",hostaway,,2027-11-08,2027-11-08,369,USD,fixed,2,,fixed,,fixed
146944,"FLOHOM 02 -- FLOHOM 02 | Inner Harbor - Canton, Baltimore",hostaway,,2027-11-08,2027-11-08,312,USD,fixed,2,,fixed,,fixed
146946,"FLOHOM 03 -- FLOHOM 03 | Magothy River, Annapolis",hostaway,,2027-11-08,2027-11-08,240,USD,fixed,2,,fixed,,fixed
260001,FLOHOM 04 -- FLOHOM 04 | National Harbor,hostaway,,2027-11-08,2027-11-08,369,USD,fixed,2,,fixed,,fixed
278502,"FLOHOM 05 -- FLOHOM 05 | Inner Harbor, Baltimore",hostaway,,2027-11-08,2027-11-08,280,USD,fixed,2,,fixed,,fixed
345316,FLOHOM 06 -- FLOHOM 06 | National Harbor,hostaway,,2027-11-08,2027-11-08,391,USD,fixed,2,,fixed,,fixed
366176,"FLOHOM 07 -- FLOHOM 07 | Inner Harbor - Canton, Baltimore",hostaway,,2027-11-08,2027-11-08,324,USD,fixed,2,,fixed,,fixed
376368,FLOHOM 08 -- FLOHOM 08 | National Harbor,hostaway,,2027-11-08,2027-11-08,280,USD,fixed,2,,fixed,,fixed
383097,FLOHOM 09 -- FLOHOM 09 | Baltimore Peninsula,hostaway,,2027-11-08,2027-11-08,280,USD,fixed,2,,fixed,,fixed
404358,FLOHOM 10 -- FLOHOM 10 | Virginia Beach,hostaway,,2027-11-08,2027-11-08,324,USD,fixed,2,,fixed,,fixed
427313,FLOHOM 11 -- FLOHOM 11 | Virginia Beach,hostaway,,2027-11-08,2027-11-08,240,USD,fixed,2,,fixed,,fixed
422608,"FLOHOM 12 -- FLOHOM 12 | Inner Harbor - Fells Point, Baltimore",hostaway,,2027-11-08,2027-11-08,324,USD,fixed,2,,fixed,,fixed
485833,"FLOHOM 13 -- FLOHOM 13 | Inner Harbor, Baltimore",hostaway,,2027-11-08,2027-11-08,391,USD,fixed,2,,fixed,,fixed
407612,"FLOHOM 14 -- FLOHOM 14 | Pasadena, Chesapeake Bay",hostaway,,2027-11-08,2027-11-08,240,USD,fixed,2,,fixed,,fixed
467334,FLOHOM 15 -- FLOHOM 15 | North Myrtle Beach,hostaway,,2027-11-08,2027-11-08,372,USD,fixed,2,,fixed,,fixed
510832,FLOHOM 16 | Liberty Landing Marina,hostaway,,2027-11-08,2027-11-08,391,USD,fixed,2,,fixed,,fixed
146908,"FLOHOM 01 -- FLOHOM 01 | Inner Harbor, Baltimore",hostaway,,2027-11-09,2027-11-09,369,USD,fixed,2,,fixed,,fixed
146944,"FLOHOM 02 -- FLOHOM 02 | Inner Harbor - Canton, Baltimore",hostaway,,2027-11-09,2027-11-09,312,USD,fixed,2,,fixed,,fixed
146946,"FLOHOM 03 -- FLOHOM 03 | Magothy River, Annapolis",hostaway,,2027-11-09,2027-11-09,240,USD,fixed,2,,fixed,,fixed
260001,FLOHOM 04 -- FLOHOM 04 | National Harbor,hostaway,,2027-11-09,2027-11-09,369,USD,fixed,2,,fixed,,fixed
278502,"FLOHOM 05 -- FLOHOM 05 | Inner Harbor, Baltimore",hostaway,,2027-11-09,2027-11-09,280,USD,fixed,2,,fixed,,fixed
345316,FLOHOM 06 -- FLOHOM 06 | National Harbor,hostaway,,2027-11-09,2027-11-09,391,USD,fixed,2,,fixed,,fixed
366176,"FLOHOM 07 -- FLOHOM 07 | Inner Harbor - Canton, Baltimore",hostaway,,2027-11-09,2027-11-09,324,USD,fixed,2,,fixed,,fixed
376368,FLOHOM 08 -- FLOHOM 08 | National Harbor,hostaway,,2027-11-09,2027-11-09,280,USD,fixed,2,,fixed,,fixed
383097,FLOHOM 09 -- FLOHOM 09 | Baltimore Peninsula,hostaway,,2027-11-09,2027-11-09,280,USD,fixed,2,,fixed,,fixed
404358,FLOHOM 10 -- FLOHOM 10 | Virginia Beach,hostaway,,2027-11-09,2027-11-09,324,USD,fixed,2,,fixed,,fixed
427313,FLOHOM 11 -- FLOHOM 11 | Virginia Beach,hostaway,,2027-11-09,2027-11-09,240,USD,fixed,2,,fixed,,fixed
422608,"FLOHOM 12 -- FLOHOM 12 | Inner Harbor - Fells Point, Baltimore",hostaway,,2027-11-09,2027-11-09,324,USD,fixed,2,,fixed,,fixed
485833,"FLOHOM 13 -- FLOHOM 13 | Inner Harbor, Baltimore",hostaway,,2027-11-09,2027-11-09,391,USD,fixed,2,,fixed,,fixed
407612,"FLOHOM 14 -- FLOHOM 14 | Pasadena, Chesapeake Bay",hostaway,,2027-11-09,2027-11-09,240,USD,fixed,2,,fixed,,fixed
467334,FLOHOM 15 -- FLOHOM 15 | North Myrtle Beach,hostaway,,2027-11-09,2027-11-09,372,USD,fixed,2,,fixed,,fixed
510832,FLOHOM 16 | Liberty Landing Marina,hostaway,,2027-11-09,2027-11-09,391,USD,fixed,2,,fixed,,fixed
146908,"FLOHOM 01 -- FLOHOM 01 | Inner Harbor, Baltimore",hostaway,,2027-11-10,2027-11-10,369,USD,fixed,2,,fixed,,fixed
146944,"FLOHOM 02 -- FLOHOM 02 | Inner Harbor - Canton, Baltimore",hostaway,,2027-11-10,2027-11-10,312,USD,fixed,2,,fixed,,fixed
146946,"FLOHOM 03 -- FLOHOM 03 | Magothy River, Annapolis",hostaway,,2027-11-10,2027-11-10,240,USD,fixed,2,,fixed,,fixed
260001,FLOHOM 04 -- FLOHOM 04 | National Harbor,hostaway,,2027-11-10,2027-11-10,369,USD,fixed,2,,fixed,,fixed
278502,"FLOHOM 05 -- FLOHOM 05 | Inner Harbor, Baltimore",hostaway,,2027-11-10,2027-11-10,280,USD,fixed,2,,fixed,,fixed
345316,FLOHOM 06 -- FLOHOM 06 | National Harbor,hostaway,,2027-11-10,2027-11-10,391,USD,fixed,2,,fixed,,fixed
366176,"FLOHOM 07 -- FLOHOM 07 | Inner Harbor - Canton, Baltimore",hostaway,,2027-11-10,2027-11-10,324,USD,fixed,2,,fixed,,fixed
376368,FLOHOM 08 -- FLOHOM 08 | National Harbor,hostaway,,2027-11-10,2027-11-10,280,USD,fixed,2,,fixed,,fixed
383097,FLOHOM 09 -- FLOHOM 09 | Baltimore Peninsula,hostaway,,2027-11-10,2027-11-10,280,USD,fixed,2,,fixed,,fixed
404358,FLOHOM 10 -- FLOHOM 10 | Virginia Beach,hostaway,,2027-11-10,2027-11-10,324,USD,fixed,2,,fixed,,fixed
427313,FLOHOM 11 -- FLOHOM 11 | Virginia Beach,hostaway,,2027-11-10,2027-11-10,240,USD,fixed,2,,fixed,,fixed
422608,"FLOHOM 12 -- FLOHOM 12 | Inner Harbor - Fells Point, Baltimore",hostaway,,2027-11-10,2027-11-10,324,USD,fixed,2,,fixed,,fixed
485833,"FLOHOM 13 -- FLOHOM 13 | Inner Harbor, Baltimore",hostaway,,2027-11-10,2027-11-10,391,USD,fixed,2,,fixed,,fixed
407612,"FLOHOM 14 -- FLOHOM 14 | Pasadena, Chesapeake Bay",hostaway,,2027-11-10,2027-11-10,240,USD,fixed,2,,fixed,,fixed
467334,FLOHOM 15 -- FLOHOM 15 | North Myrtle Beach,hostaway,,2027-11-10,2027-11-10,372,USD,fixed,2,,fixed,,fixed
510832,FLOHOM 16 | Liberty Landing Marina,hostaway,,2027-11-10,2027-11-10,391,USD,fixed,2,,fixed,,fixed
146908,"FLOHOM 01 -- FLOHOM 01 | Inner Harbor, Baltimore",hostaway,,2027-11-11,2027-11-11,419,USD,fixed,2,,fixed,,fixed
146944,"FLOHOM 02 -- FLOHOM 02 | Inner Harbor - Canton, Baltimore",hostaway,,2027-11-11,2027-11-11,379,USD,fixed,2,,fixed,,fixed
146946,"FLOHOM 03 -- FLOHOM 03 | Magothy River, Annapolis",hostaway,,2027-11-11,2027-11-11,309,USD,fixed,2,,fixed,,fixed
260001,FLOHOM 04 -- FLOHOM 04 | National Harbor,hostaway,,2027-11-11,2027-11-11,419,USD,fixed,2,,fixed,,fixed
278502,"FLOHOM 05 -- FLOHOM 05 | Inner Harbor, Baltimore",hostaway,,2027-11-11,2027-11-11,349,USD,fixed,2,,fixed,,fixed
345316,FLOHOM 06 -- FLOHOM 06 | National Harbor,hostaway,,2027-11-11,2027-11-11,494,USD,fixed,2,,fixed,,fixed
366176,"FLOHOM 07 -- FLOHOM 07 | Inner Harbor - Canton, Baltimore",hostaway,,2027-11-11,2027-11-11,394,USD,fixed,2,,fixed,,fixed
376368,FLOHOM 08 -- FLOHOM 08 | National Harbor,hostaway,,2027-11-11,2027-11-11,349,USD,fixed,2,,fixed,,fixed
383097,FLOHOM 09 -- FLOHOM 09 | Baltimore Peninsula,hostaway,,2027-11-11,2027-11-11,349,USD,fixed,2,,fixed,,fixed
404358,FLOHOM 10 -- FLOHOM 10 | Virginia Beach,hostaway,,2027-11-11,2027-11-11,394,USD,fixed,2,,fixed,,fixed
427313,FLOHOM 11 -- FLOHOM 11 | Virginia Beach,hostaway,,2027-11-11,2027-11-11,309,USD,fixed,2,,fixed,,fixed
422608,"FLOHOM 12 -- FLOHOM 12 | Inner Harbor - Fells Point, Baltimore",hostaway,,2027-11-11,2027-11-11,394,USD,fixed,2,,fixed,,fixed
485833,"FLOHOM 13 -- FLOHOM 13 | Inner Harbor, Baltimore",hostaway,,2027-11-11,2027-11-11,494,USD,fixed,2,,fixed,,fixed
407612,"FLOHOM 14 -- FLOHOM 14 | Pasadena, Chesapeake Bay",hostaway,,2027-11-11,2027-11-11,309,USD,fixed,2,,fixed,,fixed
467334,FLOHOM 15 -- FLOHOM 15 | North Myrtle Beach,hostaway,,2027-11-11,2027-11-11,444,USD,fixed,2,,fixed,,fixed
510832,FLOHOM 16 | Liberty Landing Marina,hostaway,,2027-11-11,2027-11-11,494,USD,fixed,2,,fixed,,fixed
146908,"FLOHOM 01 -- FLOHOM 01 | Inner Harbor, Baltimore",hostaway,,2027-11-12,2027-11-12,499,USD,fixed,2,,fixed,,fixed
146944,"FLOHOM 02 -- FLOHOM 02 | Inner Harbor - Canton, Baltimore",hostaway,,2027-11-12,2027-11-12,444,USD,fixed,2,,fixed,,fixed
146946,"FLOHOM 03 -- FLOHOM 03 | Magothy River, Annapolis",hostaway,,2027-11-12,2027-11-12,374,USD,fixed,2,,fixed,,fixed
260001,FLOHOM 04 -- FLOHOM 04 | National Harbor,hostaway,,2027-11-12,2027-11-12,499,USD,fixed,2,,fixed,,fixed
278502,"FLOHOM 05 -- FLOHOM 05 | Inner Harbor, Baltimore",hostaway,,2027-11-12,2027-11-12,404,USD,fixed,2,,fixed,,fixed
345316,FLOHOM 06 -- FLOHOM 06 | National Harbor,hostaway,,2027-11-12,2027-11-12,595,USD,fixed,2,,fixed,,fixed
366176,"FLOHOM 07 -- FLOHOM 07 | Inner Harbor - Canton, Baltimore",hostaway,,2027-11-12,2027-11-12,474,USD,fixed,2,,fixed,,fixed
376368,FLOHOM 08 -- FLOHOM 08 | National Harbor,hostaway,,2027-11-12,2027-11-12,404,USD,fixed,2,,fixed,,fixed
383097,FLOHOM 09 -- FLOHOM 09 | Baltimore Peninsula,hostaway,,2027-11-12,2027-11-12,404,USD,fixed,2,,fixed,,fixed
404358,FLOHOM 10 -- FLOHOM 10 | Virginia Beach,hostaway,,2027-11-12,2027-11-12,474,USD,fixed,2,,fixed,,fixed
427313,FLOHOM 11 -- FLOHOM 11 | Virginia Beach,hostaway,,2027-11-12,2027-11-12,374,USD,fixed,2,,fixed,,fixed
422608,"FLOHOM 12 -- FLOHOM 12 | Inner Harbor - Fells Point, Baltimore",hostaway,,2027-11-12,2027-11-12,474,USD,fixed,2,,fixed,,fixed
485833,"FLOHOM 13 -- FLOHOM 13 | Inner Harbor, Baltimore",hostaway,,2027-11-12,2027-11-12,595,USD,fixed,2,,fixed,,fixed
407612,"FLOHOM 14 -- FLOHOM 14 | Pasadena, Chesapeake Bay",hostaway,,2027-11-12,2027-11-12,374,USD,fixed,2,,fixed,,fixed
467334,FLOHOM 15 -- FLOHOM 15 | North Myrtle Beach,hostaway,,2027-11-12,2027-11-12,534,USD,fixed,2,,fixed,,fixed
510832,FLOHOM 16 | Liberty Landing Marina,hostaway,,2027-11-12,2027-11-12,595,USD,fixed,2,,fixed,,fixed
146908,"FLOHOM 01 -- FLOHOM 01 | Inner Harbor, Baltimore",hostaway,,2027-11-13,2027-11-13,499,USD,fixed,2,,fixed,,fixed
146944,"FLOHOM 02 -- FLOHOM 02 | Inner Harbor - Canton, Baltimore",hostaway,,2027-11-13,2027-11-13,444,USD,fixed,2,,fixed,,fixed
146946,"FLOHOM 03 -- FLOHOM 03 | Magothy River, Annapolis",hostaway,,2027-11-13,2027-11-13,374,USD,fixed,2,,fixed,,fixed
260001,FLOHOM 04 -- FLOHOM 04 | National Harbor,hostaway,,2027-11-13,2027-11-13,499,USD,fixed,2,,fixed,,fixed
278502,"FLOHOM 05 -- FLOHOM 05 | Inner Harbor, Baltimore",hostaway,,2027-11-13,2027-11-13,404,USD,fixed,2,,fixed,,fixed
345316,FLOHOM 06 -- FLOHOM 06 | National Harbor,hostaway,,2027-11-13,2027-11-13,595,USD,fixed,2,,fixed,,fixed
366176,"FLOHOM 07 -- FLOHOM 07 | Inner Harbor - Canton, Baltimore",hostaway,,2027-11-13,2027-11-13,474,USD,fixed,2,,fixed,,fixed
376368,FLOHOM 08 -- FLOHOM 08 | National Harbor,hostaway,,2027-11-13,2027-11-13,404,USD,fixed,2,,fixed,,fixed
383097,FLOHOM 09 -- FLOHOM 09 | Baltimore Peninsula,hostaway,,2027-11-13,2027-11-13,404,USD,fixed,2,,fixed,,fixed
404358,FLOHOM 10 -- FLOHOM 10 | Virginia Beach,hostaway,,2027-11-13,2027-11-13,474,USD,fixed,2,,fixed,,fixed
427313,FLOHOM 11 -- FLOHOM 11 | Virginia Beach,hostaway,,2027-11-13,2027-11-13,374,USD,fixed,2,,fixed,,fixed
422608,"FLOHOM 12 -- FLOHOM 12 | Inner Harbor - Fells Point, Baltimore",hostaway,,2027-11-13,2027-11-13,474,USD,fixed,2,,fixed,,fixed
485833,"FLOHOM 13 -- FLOHOM 13 | Inner Harbor, Baltimore",hostaway,,2027-11-13,2027-11-13,595,USD,fixed,2,,fixed,,fixed
407612,"FLOHOM 14 -- FLOHOM 14 | Pasadena, Chesapeake Bay",hostaway,,2027-11-13,2027-11-13,374,USD,fixed,2,,fixed,,fixed
467334,FLOHOM 15 -- FLOHOM 15 | North Myrtle Beach,hostaway,,2027-11-13,2027-11-13,444,USD,fixed,2,,fixed,,fixed
510832,FLOHOM 16 | Liberty Landing Marina,hostaway,,2027-11-13,2027-11-13,595,USD,fixed,2,,fixed,,fixed
146908,"FLOHOM 01 -- FLOHOM 01 | Inner Harbor, Baltimore",hostaway,,2027-11-14,2027-11-14,419,USD,fixed,2,,fixed,,fixed
146944,"FLOHOM 02 -- FLOHOM 02 | Inner Harbor - Canton, Baltimore",hostaway,,2027-11-14,2027-11-14,379,USD,fixed,2,,fixed,,fixed
146946,"FLOHOM 03 -- FLOHOM 03 | Magothy River, Annapolis",hostaway,,2027-11-14,2027-11-14,309,USD,fixed,2,,fixed,,fixed
260001,FLOHOM 04 -- FLOHOM 04 | National Harbor,hostaway,,2027-11-14,2027-11-14,419,USD,fixed,2,,fixed,,fixed
278502,"FLOHOM 05 -- FLOHOM 05 | Inner Harbor, Baltimore",hostaway,,2027-11-14,2027-11-14,349,USD,fixed,2,,fixed,,fixed
345316,FLOHOM 06 -- FLOHOM 06 | National Harbor,hostaway,,2027-11-14,2027-11-14,494,USD,fixed,2,,fixed,,fixed
366176,"FLOHOM 07 -- FLOHOM 07 | Inner Harbor - Canton, Baltimore",hostaway,,2027-11-14,2027-11-14,394,USD,fixed,2,,fixed,,fixed
376368,FLOHOM 08 -- FLOHOM 08 | National Harbor,hostaway,,2027-11-14,2027-11-14,349,USD,fixed,2,,fixed,,fixed
383097,FLOHOM 09 -- FLOHOM 09 | Baltimore Peninsula,hostaway,,2027-11-14,2027-11-14,349,USD,fixed,2,,fixed,,fixed
404358,FLOHOM 10 -- FLOHOM 10 | Virginia Beach,hostaway,,2027-11-14,2027-11-14,394,USD,fixed,2,,fixed,,fixed
427313,FLOHOM 11 -- FLOHOM 11 | Virginia Beach,hostaway,,2027-11-14,2027-11-14,309,USD,fixed,2,,fixed,,fixed
422608,"FLOHOM 12 -- FLOHOM 12 | Inner Harbor - Fells Point, Baltimore",hostaway,,2027-11-14,2027-11-14,394,USD,fixed,2,,fixed,,fixed
485833,"FLOHOM 13 -- FLOHOM 13 | Inner Harbor, Baltimore",hostaway,,2027-11-14,2027-11-14,494,USD,fixed,2,,fixed,,fixed
407612,"FLOHOM 14 -- FLOHOM 14 | Pasadena, Chesapeake Bay",hostaway,,2027-11-14,2027-11-14,309,USD,fixed,2,,fixed,,fixed
467334,FLOHOM 15 -- FLOHOM 15 | North Myrtle Beach,hostaway,,2027-11-14,2027-11-14,625,USD,fixed,2,,fixed,,fixed
510832,FLOHOM 16 | Liberty Landing Marina,hostaway,,2027-11-14,2027-11-14,494,USD,fixed,2,,fixed,,fixed
146908,"FLOHOM 01 -- FLOHOM 01 | Inner Harbor, Baltimore",hostaway,,2027-11-15,2027-11-15,369,USD,fixed,2,,fixed,,fixed
146944,"FLOHOM 02 -- FLOHOM 02 | Inner Harbor - Canton, Baltimore",hostaway,,2027-11-15,2027-11-15,312,USD,fixed,2,,fixed,,fixed
146946,"FLOHOM 03 -- FLOHOM 03 | Magothy River, Annapolis",hostaway,,2027-11-15,2027-11-15,240,USD,fixed,2,,fixed,,fixed
260001,FLOHOM 04 -- FLOHOM 04 | National Harbor,hostaway,,2027-11-15,2027-11-15,369,USD,fixed,2,,fixed,,fixed
278502,"FLOHOM 05 -- FLOHOM 05 | Inner Harbor, Baltimore",hostaway,,2027-11-15,2027-11-15,280,USD,fixed,2,,fixed,,fixed
345316,FLOHOM 06 -- FLOHOM 06 | National Harbor,hostaway,,2027-11-15,2027-11-15,391,USD,fixed,2,,fixed,,fixed
366176,"FLOHOM 07 -- FLOHOM 07 | Inner Harbor - Canton, Baltimore",hostaway,,2027-11-15,2027-11-15,324,USD,fixed,2,,fixed,,fixed
376368,FLOHOM 08 -- FLOHOM 08 | National Harbor,hostaway,,2027-11-15,2027-11-15,280,USD,fixed,2,,fixed,,fixed
383097,FLOHOM 09 -- FLOHOM 09 | Baltimore Peninsula,hostaway,,2027-11-15,2027-11-15,280,USD,fixed,2,,fixed,,fixed
404358,FLOHOM 10 -- FLOHOM 10 | Virginia Beach,hostaway,,2027-11-15,2027-11-15,324,USD,fixed,2,,fixed,,fixed
427313,FLOHOM 11 -- FLOHOM 11 | Virginia Beach,hostaway,,2027-11-15,2027-11-15,240,USD,fixed,2,,fixed,,fixed
422608,"FLOHOM 12 -- FLOHOM 12 | Inner Harbor - Fells Point, Baltimore",hostaway,,2027-11-15,2027-11-15,324,USD,fixed,2,,fixed,,fixed
485833,"FLOHOM 13 -- FLOHOM 13 | Inner Harbor, Baltimore",hostaway,,2027-11-15,2027-11-15,391,USD,fixed,2,,fixed,,fixed
407612,"FLOHOM 14 -- FLOHOM 14 | Pasadena, Chesapeake Bay",hostaway,,2027-11-15,2027-11-15,240,USD,fixed,2,,fixed,,fixed
467334,FLOHOM 15 -- FLOHOM 15 | North Myrtle Beach,hostaway,,2027-11-15,2027-11-15,372,USD,fixed,2,,fixed,,fixed
510832,FLOHOM 16 | Liberty Landing Marina,hostaway,,2027-11-15,2027-11-15,391,USD,fixed,2,,fixed,,fixed
146908,"FLOHOM 01 -- FLOHOM 01 | Inner Harbor, Baltimore",hostaway,,2027-11-16,2027-11-16,369,USD,fixed,2,,fixed,,fixed
146944,"FLOHOM 02 -- FLOHOM 02 | Inner Harbor - Canton, Baltimore",hostaway,,2027-11-16,2027-11-16,312,USD,fixed,2,,fixed,,fixed
146946,"FLOHOM 03 -- FLOHOM 03 | Magothy River, Annapolis",hostaway,,2027-11-16,2027-11-16,240,USD,fixed,2,,fixed,,fixed
260001,FLOHOM 04 -- FLOHOM 04 | National Harbor,hostaway,,2027-11-16,2027-11-16,369,USD,fixed,2,,fixed,,fixed
278502,"FLOHOM 05 -- FLOHOM 05 | Inner Harbor, Baltimore",hostaway,,2027-11-16,2027-11-16,280,USD,fixed,2,,fixed,,fixed
345316,FLOHOM 06 -- FLOHOM 06 | National Harbor,hostaway,,2027-11-16,2027-11-16,391,USD,fixed,2,,fixed,,fixed
366176,"FLOHOM 07 -- FLOHOM 07 | Inner Harbor - Canton, Baltimore",hostaway,,2027-11-16,2027-11-16,324,USD,fixed,2,,fixed,,fixed
376368,FLOHOM 08 -- FLOHOM 08 | National Harbor,hostaway,,2027-11-16,2027-11-16,280,USD,fixed,2,,fixed,,fixed
383097,FLOHOM 09 -- FLOHOM 09 | Baltimore Peninsula,hostaway,,2027-11-16,2027-11-16,280,USD,fixed,2,,fixed,,fixed
404358,FLOHOM 10 -- FLOHOM 10 | Virginia Beach,hostaway,,2027-11-16,2027-11-16,324,USD,fixed,2,,fixed,,fixed
427313,FLOHOM 11 -- FLOHOM 11 | Virginia Beach,hostaway,,2027-11-16,2027-11-16,240,USD,fixed,2,,fixed,,fixed
422608,"FLOHOM 12 -- FLOHOM 12 | Inner Harbor - Fells Point, Baltimore",hostaway,,2027-11-16,2027-11-16,324,USD,fixed,2,,fixed,,fixed
485833,"FLOHOM 13 -- FLOHOM 13 | Inner Harbor, Baltimore",hostaway,,2027-11-16,2027-11-16,391,USD,fixed,2,,fixed,,fixed
407612,"FLOHOM 14 -- FLOHOM 14 | Pasadena, Chesapeake Bay",hostaway,,2027-11-16,2027-11-16,240,USD,fixed,2,,fixed,,fixed
467334,FLOHOM 15 -- FLOHOM 15 | North Myrtle Beach,hostaway,,2027-11-16,2027-11-16,372,USD,fixed,2,,fixed,,fixed
510832,FLOHOM 16 | Liberty Landing Marina,hostaway,,2027-11-16,2027-11-16,391,USD,fixed,2,,fixed,,fixed
146908,"FLOHOM 01 -- FLOHOM 01 | Inner Harbor, Baltimore",hostaway,,2027-11-17,2027-11-17,369,USD,fixed,2,,fixed,,fixed
146944,"FLOHOM 02 -- FLOHOM 02 | Inner Harbor - Canton, Baltimore",hostaway,,2027-11-17,2027-11-17,312,USD,fixed,2,,fixed,,fixed
146946,"FLOHOM 03 -- FLOHOM 03 | Magothy River, Annapolis",hostaway,,2027-11-17,2027-11-17,240,USD,fixed,2,,fixed,,fixed
260001,FLOHOM 04 -- FLOHOM 04 | National Harbor,hostaway,,2027-11-17,2027-11-17,369,USD,fixed,2,,fixed,,fixed
278502,"FLOHOM 05 -- FLOHOM 05 | Inner Harbor, Baltimore",hostaway,,2027-11-17,2027-11-17,280,USD,fixed,2,,fixed,,fixed
345316,FLOHOM 06 -- FLOHOM 06 | National Harbor,hostaway,,2027-11-17,2027-11-17,391,USD,fixed,2,,fixed,,fixed
366176,"FLOHOM 07 -- FLOHOM 07 | Inner Harbor - Canton, Baltimore",hostaway,,2027-11-17,2027-11-17,324,USD,fixed,2,,fixed,,fixed
376368,FLOHOM 08 -- FLOHOM 08 | National Harbor,hostaway,,2027-11-17,2027-11-17,280,USD,fixed,2,,fixed,,fixed
383097,FLOHOM 09 -- FLOHOM 09 | Baltimore Peninsula,hostaway,,2027-11-17,2027-11-17,280,USD,fixed,2,,fixed,,fixed
404358,FLOHOM 10 -- FLOHOM 10 | Virginia Beach,hostaway,,2027-11-17,2027-11-17,324,USD,fixed,2,,fixed,,fixed
427313,FLOHOM 11 -- FLOHOM 11 | Virginia Beach,hostaway,,2027-11-17,2027-11-17,240,USD,fixed,2,,fixed,,fixed
422608,"FLOHOM 12 -- FLOHOM 12 | Inner Harbor - Fells Point, Baltimore",hostaway,,2027-11-17,2027-11-17,324,USD,fixed,2,,fixed,,fixed
485833,"FLOHOM 13 -- FLOHOM 13 | Inner Harbor, Baltimore",hostaway,,2027-11-17,2027-11-17,391,USD,fixed,2,,fixed,,fixed
407612,"FLOHOM 14 -- FLOHOM 14 | Pasadena, Chesapeake Bay",hostaway,,2027-11-17,2027-11-17,240,USD,fixed,2,,fixed,,fixed
467334,FLOHOM 15 -- FLOHOM 15 | North Myrtle Beach,hostaway,,2027-11-17,2027-11-17,372,USD,fixed,2,,fixed,,fixed
510832,FLOHOM 16 | Liberty Landing Marina,hostaway,,2027-11-17,2027-11-17,391,USD,fixed,2,,fixed,,fixed
146908,"FLOHOM 01 -- FLOHOM 01 | Inner Harbor, Baltimore",hostaway,,2027-11-18,2027-11-18,419,USD,fixed,2,,fixed,,fixed
146944,"FLOHOM 02 -- FLOHOM 02 | Inner Harbor - Canton, Baltimore",hostaway,,2027-11-18,2027-11-18,379,USD,fixed,2,,fixed,,fixed
146946,"FLOHOM 03 -- FLOHOM 03 | Magothy River, Annapolis",hostaway,,2027-11-18,2027-11-18,309,USD,fixed,2,,fixed,,fixed
260001,FLOHOM 04 -- FLOHOM 04 | National Harbor,hostaway,,2027-11-18,2027-11-18,419,USD,fixed,2,,fixed,,fixed
278502,"FLOHOM 05 -- FLOHOM 05 | Inner Harbor, Baltimore",hostaway,,2027-11-18,2027-11-18,349,USD,fixed,2,,fixed,,fixed
345316,FLOHOM 06 -- FLOHOM 06 | National Harbor,hostaway,,2027-11-18,2027-11-18,494,USD,fixed,2,,fixed,,fixed
366176,"FLOHOM 07 -- FLOHOM 07 | Inner Harbor - Canton, Baltimore",hostaway,,2027-11-18,2027-11-18,394,USD,fixed,2,,fixed,,fixed
376368,FLOHOM 08 -- FLOHOM 08 | National Harbor,hostaway,,2027-11-18,2027-11-18,349,USD,fixed,2,,fixed,,fixed
383097,FLOHOM 09 -- FLOHOM 09 | Baltimore Peninsula,hostaway,,2027-11-18,2027-11-18,349,USD,fixed,2,,fixed,,fixed
404358,FLOHOM 10 -- FLOHOM 10 | Virginia Beach,hostaway,,2027-11-18,2027-11-18,394,USD,fixed,2,,fixed,,fixed
427313,FLOHOM 11 -- FLOHOM 11 | Virginia Beach,hostaway,,2027-11-18,2027-11-18,309,USD,fixed,2,,fixed,,fixed
422608,"FLOHOM 12 -- FLOHOM 12 | Inner Harbor - Fells Point, Baltimore",hostaway,,2027-11-18,2027-11-18,394,USD,fixed,2,,fixed,,fixed
485833,"FLOHOM 13 -- FLOHOM 13 | Inner Harbor, Baltimore",hostaway,,2027-11-18,2027-11-18,494,USD,fixed,2,,fixed,,fixed
407612,"FLOHOM 14 -- FLOHOM 14 | Pasadena, Chesapeake Bay",hostaway,,2027-11-18,2027-11-18,309,USD,fixed,2,,fixed,,fixed
467334,FLOHOM 15 -- FLOHOM 15 | North Myrtle Beach,hostaway,,2027-11-18,2027-11-18,444,USD,fixed,2,,fixed,,fixed
510832,FLOHOM 16 | Liberty Landing Marina,hostaway,,2027-11-18,2027-11-18,494,USD,fixed,2,,fixed,,fixed
146908,"FLOHOM 01 -- FLOHOM 01 | Inner Harbor, Baltimore",hostaway,,2027-11-19,2027-11-19,499,USD,fixed,2,,fixed,,fixed
146944,"FLOHOM 02 -- FLOHOM 02 | Inner Harbor - Canton, Baltimore",hostaway,,2027-11-19,2027-11-19,444,USD,fixed,2,,fixed,,fixed
146946,"FLOHOM 03 -- FLOHOM 03 | Magothy River, Annapolis",hostaway,,2027-11-19,2027-11-19,374,USD,fixed,2,,fixed,,fixed
260001,FLOHOM 04 -- FLOHOM 04 | National Harbor,hostaway,,2027-11-19,2027-11-19,499,USD,fixed,2,,fixed,,fixed
278502,"FLOHOM 05 -- FLOHOM 05 | Inner Harbor, Baltimore",hostaway,,2027-11-19,2027-11-19,404,USD,fixed,2,,fixed,,fixed
345316,FLOHOM 06 -- FLOHOM 06 | National Harbor,hostaway,,2027-11-19,2027-11-19,595,USD,fixed,2,,fixed,,fixed
366176,"FLOHOM 07 -- FLOHOM 07 | Inner Harbor - Canton, Baltimore",hostaway,,2027-11-19,2027-11-19,474,USD,fixed,2,,fixed,,fixed
376368,FLOHOM 08 -- FLOHOM 08 | National Harbor,hostaway,,2027-11-19,2027-11-19,404,USD,fixed,2,,fixed,,fixed
383097,FLOHOM 09 -- FLOHOM 09 | Baltimore Peninsula,hostaway,,2027-11-19,2027-11-19,404,USD,fixed,2,,fixed,,fixed
404358,FLOHOM 10 -- FLOHOM 10 | Virginia Beach,hostaway,,2027-11-19,2027-11-19,474,USD,fixed,2,,fixed,,fixed
427313,FLOHOM 11 -- FLOHOM 11 | Virginia Beach,hostaway,,2027-11-19,2027-11-19,374,USD,fixed,2,,fixed,,fixed
422608,"FLOHOM 12 -- FLOHOM 12 | Inner Harbor - Fells Point, Baltimore",hostaway,,2027-11-19,2027-11-19,474,USD,fixed,2,,fixed,,fixed
485833,"FLOHOM 13 -- FLOHOM 13 | Inner Harbor, Baltimore",hostaway,,2027-11-19,2027-11-19,595,USD,fixed,2,,fixed,,fixed
407612,"FLOHOM 14 -- FLOHOM 14 | Pasadena, Chesapeake Bay",hostaway,,2027-11-19,2027-11-19,374,USD,fixed,2,,fixed,,fixed
467334,FLOHOM 15 -- FLOHOM 15 | North Myrtle Beach,hostaway,,2027-11-19,2027-11-19,534,USD,fixed,2,,fixed,,fixed
510832,FLOHOM 16 | Liberty Landing Marina,hostaway,,2027-11-19,2027-11-19,595,USD,fixed,2,,fixed,,fixed
146908,"FLOHOM 01 -- FLOHOM 01 | Inner Harbor, Baltimore",hostaway,,2027-11-20,2027-11-20,499,USD,fixed,2,,fixed,,fixed
146944,"FLOHOM 02 -- FLOHOM 02 | Inner Harbor - Canton, Baltimore",hostaway,,2027-11-20,2027-11-20,444,USD,fixed,2,,fixed,,fixed
146946,"FLOHOM 03 -- FLOHOM 03 | Magothy River, Annapolis",hostaway,,2027-11-20,2027-11-20,374,USD,fixed,2,,fixed,,fixed
260001,FLOHOM 04 -- FLOHOM 04 | National Harbor,hostaway,,2027-11-20,2027-11-20,499,USD,fixed,2,,fixed,,fixed
278502,"FLOHOM 05 -- FLOHOM 05 | Inner Harbor, Baltimore",hostaway,,2027-11-20,2027-11-20,404,USD,fixed,2,,fixed,,fixed
345316,FLOHOM 06 -- FLOHOM 06 | National Harbor,hostaway,,2027-11-20,2027-11-20,595,USD,fixed,2,,fixed,,fixed
366176,"FLOHOM 07 -- FLOHOM 07 | Inner Harbor - Canton, Baltimore",hostaway,,2027-11-20,2027-11-20,474,USD,fixed,2,,fixed,,fixed
376368,FLOHOM 08 -- FLOHOM 08 | National Harbor,hostaway,,2027-11-20,2027-11-20,404,USD,fixed,2,,fixed,,fixed
383097,FLOHOM 09 -- FLOHOM 09 | Baltimore Peninsula,hostaway,,2027-11-20,2027-11-20,404,USD,fixed,2,,fixed,,fixed
404358,FLOHOM 10 -- FLOHOM 10 | Virginia Beach,hostaway,,2027-11-20,2027-11-20,474,USD,fixed,2,,fixed,,fixed
427313,FLOHOM 11 -- FLOHOM 11 | Virginia Beach,hostaway,,2027-11-20,2027-11-20,374,USD,fixed,2,,fixed,,fixed
422608,"FLOHOM 12 -- FLOHOM 12 | Inner Harbor - Fells Point, Baltimore",hostaway,,2027-11-20,2027-11-20,474,USD,fixed,2,,fixed,,fixed
485833,"FLOHOM 13 -- FLOHOM 13 | Inner Harbor, Baltimore",hostaway,,2027-11-20,2027-11-20,595,USD,fixed,2,,fixed,,fixed
407612,"FLOHOM 14 -- FLOHOM 14 | Pasadena, Chesapeake Bay",hostaway,,2027-11-20,2027-11-20,374,USD,fixed,2,,fixed,,fixed
467334,FLOHOM 15 -- FLOHOM 15 | North Myrtle Beach,hostaway,,2027-11-20,2027-11-20,444,USD,fixed,2,,fixed,,fixed
510832,FLOHOM 16 | Liberty Landing Marina,hostaway,,2027-11-20,2027-11-20,595,USD,fixed,2,,fixed,,fixed
146908,"FLOHOM 01 -- FLOHOM 01 | Inner Harbor, Baltimore",hostaway,,2027-11-21,2027-11-21,419,USD,fixed,2,,fixed,,fixed
146944,"FLOHOM 02 -- FLOHOM 02 | Inner Harbor - Canton, Baltimore",hostaway,,2027-11-21,2027-11-21,379,USD,fixed,2,,fixed,,fixed
146946,"FLOHOM 03 -- FLOHOM 03 | Magothy River, Annapolis",hostaway,,2027-11-21,2027-11-21,309,USD,fixed,2,,fixed,,fixed
260001,FLOHOM 04 -- FLOHOM 04 | National Harbor,hostaway,,2027-11-21,2027-11-21,419,USD,fixed,2,,fixed,,fixed
278502,"FLOHOM 05 -- FLOHOM 05 | Inner Harbor, Baltimore",hostaway,,2027-11-21,2027-11-21,349,USD,fixed,2,,fixed,,fixed
345316,FLOHOM 06 -- FLOHOM 06 | National Harbor,hostaway,,2027-11-21,2027-11-21,494,USD,fixed,2,,fixed,,fixed
366176,"FLOHOM 07 -- FLOHOM 07 | Inner Harbor - Canton, Baltimore",hostaway,,2027-11-21,2027-11-21,394,USD,fixed,2,,fixed,,fixed
376368,FLOHOM 08 -- FLOHOM 08 | National Harbor,hostaway,,2027-11-21,2027-11-21,349,USD,fixed,2,,fixed,,fixed
383097,FLOHOM 09 -- FLOHOM 09 | Baltimore Peninsula,hostaway,,2027-11-21,2027-11-21,349,USD,fixed,2,,fixed,,fixed
404358,FLOHOM 10 -- FLOHOM 10 | Virginia Beach,hostaway,,2027-11-21,2027-11-21,394,USD,fixed,2,,fixed,,fixed
427313,FLOHOM 11 -- FLOHOM 11 | Virginia Beach,hostaway,,2027-11-21,2027-11-21,309,USD,fixed,2,,fixed,,fixed
422608,"FLOHOM 12 -- FLOHOM 12 | Inner Harbor - Fells Point, Baltimore",hostaway,,2027-11-21,2027-11-21,394,USD,fixed,2,,fixed,,fixed
485833,"FLOHOM 13 -- FLOHOM 13 | Inner Harbor, Baltimore",hostaway,,2027-11-21,2027-11-21,494,USD,fixed,2,,fixed,,fixed
407612,"FLOHOM 14 -- FLOHOM 14 | Pasadena, Chesapeake Bay",hostaway,,2027-11-21,2027-11-21,309,USD,fixed,2,,fixed,,fixed
467334,FLOHOM 15 -- FLOHOM 15 | North Myrtle Beach,hostaway,,2027-11-21,2027-11-21,625,USD,fixed,2,,fixed,,fixed
510832,FLOHOM 16 | Liberty Landing Marina,hostaway,,2027-11-21,2027-11-21,494,USD,fixed,2,,fixed,,fixed
146908,"FLOHOM 01 -- FLOHOM 01 | Inner Harbor, Baltimore",hostaway,,2027-11-22,2027-11-22,369,USD,fixed,2,,fixed,,fixed
146944,"FLOHOM 02 -- FLOHOM 02 | Inner Harbor - Canton, Baltimore",hostaway,,2027-11-22,2027-11-22,312,USD,fixed,2,,fixed,,fixed
146946,"FLOHOM 03 -- FLOHOM 03 | Magothy River, Annapolis",hostaway,,2027-11-22,2027-11-22,240,USD,fixed,2,,fixed,,fixed
260001,FLOHOM 04 -- FLOHOM 04 | National Harbor,hostaway,,2027-11-22,2027-11-22,369,USD,fixed,2,,fixed,,fixed
278502,"FLOHOM 05 -- FLOHOM 05 | Inner Harbor, Baltimore",hostaway,,2027-11-22,2027-11-22,280,USD,fixed,2,,fixed,,fixed
345316,FLOHOM 06 -- FLOHOM 06 | National Harbor,hostaway,,2027-11-22,2027-11-22,391,USD,fixed,2,,fixed,,fixed
366176,"FLOHOM 07 -- FLOHOM 07 | Inner Harbor - Canton, Baltimore",hostaway,,2027-11-22,2027-11-22,324,USD,fixed,2,,fixed,,fixed
376368,FLOHOM 08 -- FLOHOM 08 | National Harbor,hostaway,,2027-11-22,2027-11-22,280,USD,fixed,2,,fixed,,fixed
383097,FLOHOM 09 -- FLOHOM 09 | Baltimore Peninsula,hostaway,,2027-11-22,2027-11-22,280,USD,fixed,2,,fixed,,fixed
404358,FLOHOM 10 -- FLOHOM 10 | Virginia Beach,hostaway,,2027-11-22,2027-11-22,324,USD,fixed,2,,fixed,,fixed
427313,FLOHOM 11 -- FLOHOM 11 | Virginia Beach,hostaway,,2027-11-22,2027-11-22,240,USD,fixed,2,,fixed,,fixed
422608,"FLOHOM 12 -- FLOHOM 12 | Inner Harbor - Fells Point, Baltimore",hostaway,,2027-11-22,2027-11-22,324,USD,fixed,2,,fixed,,fixed
485833,"FLOHOM 13 -- FLOHOM 13 | Inner Harbor, Baltimore",hostaway,,2027-11-22,2027-11-22,391,USD,fixed,2,,fixed,,fixed
407612,"FLOHOM 14 -- FLOHOM 14 | Pasadena, Chesapeake Bay",hostaway,,2027-11-22,2027-11-22,240,USD,fixed,2,,fixed,,fixed
467334,FLOHOM 15 -- FLOHOM 15 | North Myrtle Beach,hostaway,,2027-11-22,2027-11-22,372,USD,fixed,2,,fixed,,fixed
510832,FLOHOM 16 | Liberty Landing Marina,hostaway,,2027-11-22,2027-11-22,391,USD,fixed,2,,fixed,,fixed
146908,"FLOHOM 01 -- FLOHOM 01 | Inner Harbor, Baltimore",hostaway,,2027-11-23,2027-11-23,369,USD,fixed,2,,fixed,,fixed
146944,"FLOHOM 02 -- FLOHOM 02 | Inner Harbor - Canton, Baltimore",hostaway,,2027-11-23,2027-11-23,312,USD,fixed,2,,fixed,,fixed
146946,"FLOHOM 03 -- FLOHOM 03 | Magothy River, Annapolis",hostaway,,2027-11-23,2027-11-23,240,USD,fixed,2,,fixed,,fixed
260001,FLOHOM 04 -- FLOHOM 04 | National Harbor,hostaway,,2027-11-23,2027-11-23,369,USD,fixed,2,,fixed,,fixed
278502,"FLOHOM 05 -- FLOHOM 05 | Inner Harbor, Baltimore",hostaway,,2027-11-23,2027-11-23,280,USD,fixed,2,,fixed,,fixed
345316,FLOHOM 06 -- FLOHOM 06 | National Harbor,hostaway,,2027-11-23,2027-11-23,391,USD,fixed,2,,fixed,,fixed
366176,"FLOHOM 07 -- FLOHOM 07 | Inner Harbor - Canton, Baltimore",hostaway,,2027-11-23,2027-11-23,324,USD,fixed,2,,fixed,,fixed
376368,FLOHOM 08 -- FLOHOM 08 | National Harbor,hostaway,,2027-11-23,2027-11-23,280,USD,fixed,2,,fixed,,fixed
383097,FLOHOM 09 -- FLOHOM 09 | Baltimore Peninsula,hostaway,,2027-11-23,2027-11-23,280,USD,fixed,2,,fixed,,fixed
404358,FLOHOM 10 -- FLOHOM 10 | Virginia Beach,hostaway,,2027-11-23,2027-11-23,324,USD,fixed,2,,fixed,,fixed
427313,FLOHOM 11 -- FLOHOM 11 | Virginia Beach,hostaway,,2027-11-23,2027-11-23,240,USD,fixed,2,,fixed,,fixed
422608,"FLOHOM 12 -- FLOHOM 12 | Inner Harbor - Fells Point, Baltimore",hostaway,,2027-11-23,2027-11-23,324,USD,fixed,2,,fixed,,fixed
485833,"FLOHOM 13 -- FLOHOM 13 | Inner Harbor, Baltimore",hostaway,,2027-11-23,2027-11-23,391,USD,fixed,2,,fixed,,fixed
407612,"FLOHOM 14 -- FLOHOM 14 | Pasadena, Chesapeake Bay",hostaway,,2027-11-23,2027-11-23,240,USD,fixed,2,,fixed,,fixed
467334,FLOHOM 15 -- FLOHOM 15 | North Myrtle Beach,hostaway,,2027-11-23,2027-11-23,372,USD,fixed,2,,fixed,,fixed
510832,FLOHOM 16 | Liberty Landing Marina,hostaway,,2027-11-23,2027-11-23,391,USD,fixed,2,,fixed,,fixed
146908,"FLOHOM 01 -- FLOHOM 01 | Inner Harbor, Baltimore",hostaway,,2027-11-24,2027-11-24,369,USD,fixed,2,,fixed,,fixed
146944,"FLOHOM 02 -- FLOHOM 02 | Inner Harbor - Canton, Baltimore",hostaway,,2027-11-24,2027-11-24,312,USD,fixed,2,,fixed,,fixed
146946,"FLOHOM 03 -- FLOHOM 03 | Magothy River, Annapolis",hostaway,,2027-11-24,2027-11-24,240,USD,fixed,2,,fixed,,fixed
260001,FLOHOM 04 -- FLOHOM 04 | National Harbor,hostaway,,2027-11-24,2027-11-24,369,USD,fixed,2,,fixed,,fixed
278502,"FLOHOM 05 -- FLOHOM 05 | Inner Harbor, Baltimore",hostaway,,2027-11-24,2027-11-24,280,USD,fixed,2,,fixed,,fixed
345316,FLOHOM 06 -- FLOHOM 06 | National Harbor,hostaway,,2027-11-24,2027-11-24,391,USD,fixed,2,,fixed,,fixed
366176,"FLOHOM 07 -- FLOHOM 07 | Inner Harbor - Canton, Baltimore",hostaway,,2027-11-24,2027-11-24,324,USD,fixed,2,,fixed,,fixed
376368,FLOHOM 08 -- FLOHOM 08 | National Harbor,hostaway,,2027-11-24,2027-11-24,280,USD,fixed,2,,fixed,,fixed
383097,FLOHOM 09 -- FLOHOM 09 | Baltimore Peninsula,hostaway,,2027-11-24,2027-11-24,280,USD,fixed,2,,fixed,,fixed
404358,FLOHOM 10 -- FLOHOM 10 | Virginia Beach,hostaway,,2027-11-24,2027-11-24,324,USD,fixed,2,,fixed,,fixed
427313,FLOHOM 11 -- FLOHOM 11 | Virginia Beach,hostaway,,2027-11-24,2027-11-24,240,USD,fixed,2,,fixed,,fixed
422608,"FLOHOM 12 -- FLOHOM 12 | Inner Harbor - Fells Point, Baltimore",hostaway,,2027-11-24,2027-11-24,324,USD,fixed,2,,fixed,,fixed
485833,"FLOHOM 13 -- FLOHOM 13 | Inner Harbor, Baltimore",hostaway,,2027-11-24,2027-11-24,391,USD,fixed,2,,fixed,,fixed
407612,"FLOHOM 14 -- FLOHOM 14 | Pasadena, Chesapeake Bay",hostaway,,2027-11-24,2027-11-24,240,USD,fixed,2,,fixed,,fixed
467334,FLOHOM 15 -- FLOHOM 15 | North Myrtle Beach,hostaway,,2027-11-24,2027-11-24,372,USD,fixed,2,,fixed,,fixed
510832,FLOHOM 16 | Liberty Landing Marina,hostaway,,2027-11-24,2027-11-24,391,USD,fixed,2,,fixed,,fixed
146908,"FLOHOM 01 -- FLOHOM 01 | Inner Harbor, Baltimore",hostaway,,2027-11-25,2027-11-25,712,USD,fixed,2,,fixed,,fixed
146944,"FLOHOM 02 -- FLOHOM 02 | Inner Harbor - Canton, Baltimore",hostaway,,2027-11-25,2027-11-25,644,USD,fixed,2,,fixed,,fixed
146946,"FLOHOM 03 -- FLOHOM 03 | Magothy River, Annapolis",hostaway,,2027-11-25,2027-11-25,525,USD,fixed,2,,fixed,,fixed
260001,FLOHOM 04 -- FLOHOM 04 | National Harbor,hostaway,,2027-11-25,2027-11-25,712,USD,fixed,2,,fixed,,fixed
278502,"FLOHOM 05 -- FLOHOM 05 | Inner Harbor, Baltimore",hostaway,,2027-11-25,2027-11-25,593,USD,fixed,2,,fixed,,fixed
345316,FLOHOM 06 -- FLOHOM 06 | National Harbor,hostaway,,2027-11-25,2027-11-25,840,USD,fixed,2,,fixed,,fixed
366176,"FLOHOM 07 -- FLOHOM 07 | Inner Harbor - Canton, Baltimore",hostaway,,2027-11-25,2027-11-25,670,USD,fixed,2,,fixed,,fixed
376368,FLOHOM 08 -- FLOHOM 08 | National Harbor,hostaway,,2027-11-25,2027-11-25,593,USD,fixed,2,,fixed,,fixed
383097,FLOHOM 09 -- FLOHOM 09 | Baltimore Peninsula,hostaway,,2027-11-25,2027-11-25,593,USD,fixed,2,,fixed,,fixed
404358,FLOHOM 10 -- FLOHOM 10 | Virginia Beach,hostaway,,2027-11-25,2027-11-25,670,USD,fixed,2,,fixed,,fixed
427313,FLOHOM 11 -- FLOHOM 11 | Virginia Beach,hostaway,,2027-11-25,2027-11-25,525,USD,fixed,2,,fixed,,fixed
422608,"FLOHOM 12 -- FLOHOM 12 | Inner Harbor - Fells Point, Baltimore",hostaway,,2027-11-25,2027-11-25,670,USD,fixed,2,,fixed,,fixed
485833,"FLOHOM 13 -- FLOHOM 13 | Inner Harbor, Baltimore",hostaway,,2027-11-25,2027-11-25,840,USD,fixed,2,,fixed,,fixed
407612,"FLOHOM 14 -- FLOHOM 14 | Pasadena, Chesapeake Bay",hostaway,,2027-11-25,2027-11-25,525,USD,fixed,2,,fixed,,fixed
467334,FLOHOM 15 -- FLOHOM 15 | North Myrtle Beach,hostaway,,2027-11-25,2027-11-25,755,USD,fixed,2,,fixed,,fixed
510832,FLOHOM 16 | Liberty Landing Marina,hostaway,,2027-11-25,2027-11-25,840,USD,fixed,2,,fixed,,fixed
146908,"FLOHOM 01 -- FLOHOM 01 | Inner Harbor, Baltimore",hostaway,,2027-11-26,2027-11-26,848,USD,fixed,2,,fixed,,fixed
146944,"FLOHOM 02 -- FLOHOM 02 | Inner Harbor - Canton, Baltimore",hostaway,,2027-11-26,2027-11-26,755,USD,fixed,2,,fixed,,fixed
146946,"FLOHOM 03 -- FLOHOM 03 | Magothy River, Annapolis",hostaway,,2027-11-26,2027-11-26,636,USD,fixed,2,,fixed,,fixed
260001,FLOHOM 04 -- FLOHOM 04 | National Harbor,hostaway,,2027-11-26,2027-11-26,848,USD,fixed,2,,fixed,,fixed
278502,"FLOHOM 05 -- FLOHOM 05 | Inner Harbor, Baltimore",hostaway,,2027-11-26,2027-11-26,687,USD,fixed,2,,fixed,,fixed
345316,FLOHOM 06 -- FLOHOM 06 | National Harbor,hostaway,,2027-11-26,2027-11-26,1012,USD,fixed,2,,fixed,,fixed
366176,"FLOHOM 07 -- FLOHOM 07 | Inner Harbor - Canton, Baltimore",hostaway,,2027-11-26,2027-11-26,806,USD,fixed,2,,fixed,,fixed
376368,FLOHOM 08 -- FLOHOM 08 | National Harbor,hostaway,,2027-11-26,2027-11-26,687,USD,fixed,2,,fixed,,fixed
383097,FLOHOM 09 -- FLOHOM 09 | Baltimore Peninsula,hostaway,,2027-11-26,2027-11-26,687,USD,fixed,2,,fixed,,fixed
404358,FLOHOM 10 -- FLOHOM 10 | Virginia Beach,hostaway,,2027-11-26,2027-11-26,806,USD,fixed,2,,fixed,,fixed
427313,FLOHOM 11 -- FLOHOM 11 | Virginia Beach,hostaway,,2027-11-26,2027-11-26,636,USD,fixed,2,,fixed,,fixed
422608,"FLOHOM 12 -- FLOHOM 12 | Inner Harbor - Fells Point, Baltimore",hostaway,,2027-11-26,2027-11-26,806,USD,fixed,2,,fixed,,fixed
485833,"FLOHOM 13 -- FLOHOM 13 | Inner Harbor, Baltimore",hostaway,,2027-11-26,2027-11-26,1012,USD,fixed,2,,fixed,,fixed
407612,"FLOHOM 14 -- FLOHOM 14 | Pasadena, Chesapeake Bay",hostaway,,2027-11-26,2027-11-26,636,USD,fixed,2,,fixed,,fixed
467334,FLOHOM 15 -- FLOHOM 15 | North Myrtle Beach,hostaway,,2027-11-26,2027-11-26,908,USD,fixed,2,,fixed,,fixed
510832,FLOHOM 16 | Liberty Landing Marina,hostaway,,2027-11-26,2027-11-26,1012,USD,fixed,2,,fixed,,fixed
146908,"FLOHOM 01 -- FLOHOM 01 | Inner Harbor, Baltimore",hostaway,,2027-11-27,2027-11-27,848,USD,fixed,2,,fixed,,fixed
146944,"FLOHOM 02 -- FLOHOM 02 | Inner Harbor - Canton, Baltimore",hostaway,,2027-11-27,2027-11-27,755,USD,fixed,2,,fixed,,fixed
146946,"FLOHOM 03 -- FLOHOM 03 | Magothy River, Annapolis",hostaway,,2027-11-27,2027-11-27,636,USD,fixed,2,,fixed,,fixed
260001,FLOHOM 04 -- FLOHOM 04 | National Harbor,hostaway,,2027-11-27,2027-11-27,848,USD,fixed,2,,fixed,,fixed
278502,"FLOHOM 05 -- FLOHOM 05 | Inner Harbor, Baltimore",hostaway,,2027-11-27,2027-11-27,687,USD,fixed,2,,fixed,,fixed
345316,FLOHOM 06 -- FLOHOM 06 | National Harbor,hostaway,,2027-11-27,2027-11-27,1012,USD,fixed,2,,fixed,,fixed
366176,"FLOHOM 07 -- FLOHOM 07 | Inner Harbor - Canton, Baltimore",hostaway,,2027-11-27,2027-11-27,806,USD,fixed,2,,fixed,,fixed
376368,FLOHOM 08 -- FLOHOM 08 | National Harbor,hostaway,,2027-11-27,2027-11-27,687,USD,fixed,2,,fixed,,fixed
383097,FLOHOM 09 -- FLOHOM 09 | Baltimore Peninsula,hostaway,,2027-11-27,2027-11-27,687,USD,fixed,2,,fixed,,fixed
404358,FLOHOM 10 -- FLOHOM 10 | Virginia Beach,hostaway,,2027-11-27,2027-11-27,806,USD,fixed,2,,fixed,,fixed
427313,FLOHOM 11 -- FLOHOM 11 | Virginia Beach,hostaway,,2027-11-27,2027-11-27,636,USD,fixed,2,,fixed,,fixed
422608,"FLOHOM 12 -- FLOHOM 12 | Inner Harbor - Fells Point, Baltimore",hostaway,,2027-11-27,2027-11-27,806,USD,fixed,2,,fixed,,fixed
485833,"FLOHOM 13 -- FLOHOM 13 | Inner Harbor, Baltimore",hostaway,,2027-11-27,2027-11-27,1012,USD,fixed,2,,fixed,,fixed
407612,"FLOHOM 14 -- FLOHOM 14 | Pasadena, Chesapeake Bay",hostaway,,2027-11-27,2027-11-27,636,USD,fixed,2,,fixed,,fixed
467334,FLOHOM 15 -- FLOHOM 15 | North Myrtle Beach,hostaway,,2027-11-27,2027-11-27,755,USD,fixed,2,,fixed,,fixed
510832,FLOHOM 16 | Liberty Landing Marina,hostaway,,2027-11-27,2027-11-27,1012,USD,fixed,2,,fixed,,fixed
146908,"FLOHOM 01 -- FLOHOM 01 | Inner Harbor, Baltimore",hostaway,,2027-11-28,2027-11-28,587,USD,fixed,2,,fixed,,fixed
146944,"FLOHOM 02 -- FLOHOM 02 | Inner Harbor - Canton, Baltimore",hostaway,,2027-11-28,2027-11-28,531,USD,fixed,2,,fixed,,fixed
146946,"FLOHOM 03 -- FLOHOM 03 | Magothy River, Annapolis",hostaway,,2027-11-28,2027-11-28,433,USD,fixed,2,,fixed,,fixed
260001,FLOHOM 04 -- FLOHOM 04 | National Harbor,hostaway,,2027-11-28,2027-11-28,587,USD,fixed,2,,fixed,,fixed
278502,"FLOHOM 05 -- FLOHOM 05 | Inner Harbor, Baltimore",hostaway,,2027-11-28,2027-11-28,489,USD,fixed,2,,fixed,,fixed
345316,FLOHOM 06 -- FLOHOM 06 | National Harbor,hostaway,,2027-11-28,2027-11-28,692,USD,fixed,2,,fixed,,fixed
366176,"FLOHOM 07 -- FLOHOM 07 | Inner Harbor - Canton, Baltimore",hostaway,,2027-11-28,2027-11-28,552,USD,fixed,2,,fixed,,fixed
376368,FLOHOM 08 -- FLOHOM 08 | National Harbor,hostaway,,2027-11-28,2027-11-28,489,USD,fixed,2,,fixed,,fixed
383097,FLOHOM 09 -- FLOHOM 09 | Baltimore Peninsula,hostaway,,2027-11-28,2027-11-28,489,USD,fixed,2,,fixed,,fixed
404358,FLOHOM 10 -- FLOHOM 10 | Virginia Beach,hostaway,,2027-11-28,2027-11-28,552,USD,fixed,2,,fixed,,fixed
427313,FLOHOM 11 -- FLOHOM 11 | Virginia Beach,hostaway,,2027-11-28,2027-11-28,433,USD,fixed,2,,fixed,,fixed
422608,"FLOHOM 12 -- FLOHOM 12 | Inner Harbor - Fells Point, Baltimore",hostaway,,2027-11-28,2027-11-28,552,USD,fixed,2,,fixed,,fixed
485833,"FLOHOM 13 -- FLOHOM 13 | Inner Harbor, Baltimore",hostaway,,2027-11-28,2027-11-28,692,USD,fixed,2,,fixed,,fixed
407612,"FLOHOM 14 -- FLOHOM 14 | Pasadena, Chesapeake Bay",hostaway,,2027-11-28,2027-11-28,433,USD,fixed,2,,fixed,,fixed
467334,FLOHOM 15 -- FLOHOM 15 | North Myrtle Beach,hostaway,,2027-11-28,2027-11-28,875,USD,fixed,2,,fixed,,fixed
510832,FLOHOM 16 | Liberty Landing Marina,hostaway,,2027-11-28,2027-11-28,692,USD,fixed,2,,fixed,,fixed
146908,"FLOHOM 01 -- FLOHOM 01 | Inner Harbor, Baltimore",hostaway,,2027-11-29,2027-11-29,329,USD,fixed,2,,fixed,,fixed
146944,"FLOHOM 02 -- FLOHOM 02 | Inner Harbor - Canton, Baltimore",hostaway,,2027-11-29,2027-11-29,288,USD,fixed,2,,fixed,,fixed
146946,"FLOHOM 03 -- FLOHOM 03 | Magothy River, Annapolis",hostaway,,2027-11-29,2027-11-29,219,USD,fixed,2,,fixed,,fixed
260001,FLOHOM 04 -- FLOHOM 04 | National Harbor,hostaway,,2027-11-29,2027-11-29,329,USD,fixed,2,,fixed,,fixed
278502,"FLOHOM 05 -- FLOHOM 05 | Inner Harbor, Baltimore",hostaway,,2027-11-29,2027-11-29,244,USD,fixed,2,,fixed,,fixed
345316,FLOHOM 06 -- FLOHOM 06 | National Harbor,hostaway,,2027-11-29,2027-11-29,339,USD,fixed,2,,fixed,,fixed
366176,"FLOHOM 07 -- FLOHOM 07 | Inner Harbor - Canton, Baltimore",hostaway,,2027-11-29,2027-11-29,304,USD,fixed,2,,fixed,,fixed
376368,FLOHOM 08 -- FLOHOM 08 | National Harbor,hostaway,,2027-11-29,2027-11-29,244,USD,fixed,2,,fixed,,fixed
383097,FLOHOM 09 -- FLOHOM 09 | Baltimore Peninsula,hostaway,,2027-11-29,2027-11-29,244,USD,fixed,2,,fixed,,fixed
404358,FLOHOM 10 -- FLOHOM 10 | Virginia Beach,hostaway,,2027-11-29,2027-11-29,304,USD,fixed,2,,fixed,,fixed
427313,FLOHOM 11 -- FLOHOM 11 | Virginia Beach,hostaway,,2027-11-29,2027-11-29,219,USD,fixed,2,,fixed,,fixed
422608,"FLOHOM 12 -- FLOHOM 12 | Inner Harbor - Fells Point, Baltimore",hostaway,,2027-11-29,2027-11-29,304,USD,fixed,2,,fixed,,fixed
485833,"FLOHOM 13 -- FLOHOM 13 | Inner Harbor, Baltimore",hostaway,,2027-11-29,2027-11-29,339,USD,fixed,2,,fixed,,fixed
407612,"FLOHOM 14 -- FLOHOM 14 | Pasadena, Chesapeake Bay",hostaway,,2027-11-29,2027-11-29,219,USD,fixed,2,,fixed,,fixed
467334,FLOHOM 15 -- FLOHOM 15 | North Myrtle Beach,hostaway,,2027-11-29,2027-11-29,309,USD,fixed,2,,fixed,,fixed
510832,FLOHOM 16 | Liberty Landing Marina,hostaway,,2027-11-29,2027-11-29,339,USD,fixed,2,,fixed,,fixed
146908,"FLOHOM 01 -- FLOHOM 01 | Inner Harbor, Baltimore",hostaway,,2027-11-30,2027-11-30,329,USD,fixed,2,,fixed,,fixed
146944,"FLOHOM 02 -- FLOHOM 02 | Inner Harbor - Canton, Baltimore",hostaway,,2027-11-30,2027-11-30,288,USD,fixed,2,,fixed,,fixed
146946,"FLOHOM 03 -- FLOHOM 03 | Magothy River, Annapolis",hostaway,,2027-11-30,2027-11-30,219,USD,fixed,2,,fixed,,fixed
260001,FLOHOM 04 -- FLOHOM 04 | National Harbor,hostaway,,2027-11-30,2027-11-30,329,USD,fixed,2,,fixed,,fixed
278502,"FLOHOM 05 -- FLOHOM 05 | Inner Harbor, Baltimore",hostaway,,2027-11-30,2027-11-30,244,USD,fixed,2,,fixed,,fixed
345316,FLOHOM 06 -- FLOHOM 06 | National Harbor,hostaway,,2027-11-30,2027-11-30,339,USD,fixed,2,,fixed,,fixed
366176,"FLOHOM 07 -- FLOHOM 07 | Inner Harbor - Canton, Baltimore",hostaway,,2027-11-30,2027-11-30,304,USD,fixed,2,,fixed,,fixed
376368,FLOHOM 08 -- FLOHOM 08 | National Harbor,hostaway,,2027-11-30,2027-11-30,244,USD,fixed,2,,fixed,,fixed
383097,FLOHOM 09 -- FLOHOM 09 | Baltimore Peninsula,hostaway,,2027-11-30,2027-11-30,244,USD,fixed,2,,fixed,,fixed
404358,FLOHOM 10 -- FLOHOM 10 | Virginia Beach,hostaway,,2027-11-30,2027-11-30,304,USD,fixed,2,,fixed,,fixed
427313,FLOHOM 11 -- FLOHOM 11 | Virginia Beach,hostaway,,2027-11-30,2027-11-30,219,USD,fixed,2,,fixed,,fixed
422608,"FLOHOM 12 -- FLOHOM 12 | Inner Harbor - Fells Point, Baltimore",hostaway,,2027-11-30,2027-11-30,304,USD,fixed,2,,fixed,,fixed
485833,"FLOHOM 13 -- FLOHOM 13 | Inner Harbor, Baltimore",hostaway,,2027-11-30,2027-11-30,339,USD,fixed,2,,fixed,,fixed
407612,"FLOHOM 14 -- FLOHOM 14 | Pasadena, Chesapeake Bay",hostaway,,2027-11-30,2027-11-30,219,USD,fixed,2,,fixed,,fixed
467334,FLOHOM 15 -- FLOHOM 15 | North Myrtle Beach,hostaway,,2027-11-30,2027-11-30,309,USD,fixed,2,,fixed,,fixed
510832,FLOHOM 16 | Liberty Landing Marina,hostaway,,2027-11-30,2027-11-30,339,USD,fixed,2,,fixed,,fixed
146908,"FLOHOM 01 -- FLOHOM 01 | Inner Harbor, Baltimore",hostaway,,2027-12-01,2027-12-01,329,USD,fixed,2,,fixed,,fixed
146944,"FLOHOM 02 -- FLOHOM 02 | Inner Harbor - Canton, Baltimore",hostaway,,2027-12-01,2027-12-01,288,USD,fixed,2,,fixed,,fixed
146946,"FLOHOM 03 -- FLOHOM 03 | Magothy River, Annapolis",hostaway,,2027-12-01,2027-12-01,219,USD,fixed,2,,fixed,,fixed
260001,FLOHOM 04 -- FLOHOM 04 | National Harbor,hostaway,,2027-12-01,2027-12-01,329,USD,fixed,2,,fixed,,fixed
278502,"FLOHOM 05 -- FLOHOM 05 | Inner Harbor, Baltimore",hostaway,,2027-12-01,2027-12-01,244,USD,fixed,2,,fixed,,fixed
345316,FLOHOM 06 -- FLOHOM 06 | National Harbor,hostaway,,2027-12-01,2027-12-01,339,USD,fixed,2,,fixed,,fixed
366176,"FLOHOM 07 -- FLOHOM 07 | Inner Harbor - Canton, Baltimore",hostaway,,2027-12-01,2027-12-01,304,USD,fixed,2,,fixed,,fixed
376368,FLOHOM 08 -- FLOHOM 08 | National Harbor,hostaway,,2027-12-01,2027-12-01,244,USD,fixed,2,,fixed,,fixed
383097,FLOHOM 09 -- FLOHOM 09 | Baltimore Peninsula,hostaway,,2027-12-01,2027-12-01,244,USD,fixed,2,,fixed,,fixed
404358,FLOHOM 10 -- FLOHOM 10 | Virginia Beach,hostaway,,2027-12-01,2027-12-01,304,USD,fixed,2,,fixed,,fixed
427313,FLOHOM 11 -- FLOHOM 11 | Virginia Beach,hostaway,,2027-12-01,2027-12-01,219,USD,fixed,2,,fixed,,fixed
422608,"FLOHOM 12 -- FLOHOM 12 | Inner Harbor - Fells Point, Baltimore",hostaway,,2027-12-01,2027-12-01,304,USD,fixed,2,,fixed,,fixed
485833,"FLOHOM 13 -- FLOHOM 13 | Inner Harbor, Baltimore",hostaway,,2027-12-01,2027-12-01,339,USD,fixed,2,,fixed,,fixed
407612,"FLOHOM 14 -- FLOHOM 14 | Pasadena, Chesapeake Bay",hostaway,,2027-12-01,2027-12-01,219,USD,fixed,2,,fixed,,fixed
467334,FLOHOM 15 -- FLOHOM 15 | North Myrtle Beach,hostaway,,2027-12-01,2027-12-01,309,USD,fixed,2,,fixed,,fixed
510832,FLOHOM 16 | Liberty Landing Marina,hostaway,,2027-12-01,2027-12-01,339,USD,fixed,2,,fixed,,fixed
146908,"FLOHOM 01 -- FLOHOM 01 | Inner Harbor, Baltimore",hostaway,,2027-12-02,2027-12-02,379,USD,fixed,2,,fixed,,fixed
146944,"FLOHOM 02 -- FLOHOM 02 | Inner Harbor - Canton, Baltimore",hostaway,,2027-12-02,2027-12-02,314,USD,fixed,2,,fixed,,fixed
146946,"FLOHOM 03 -- FLOHOM 03 | Magothy River, Annapolis",hostaway,,2027-12-02,2027-12-02,259,USD,fixed,2,,fixed,,fixed
260001,FLOHOM 04 -- FLOHOM 04 | National Harbor,hostaway,,2027-12-02,2027-12-02,379,USD,fixed,2,,fixed,,fixed
278502,"FLOHOM 05 -- FLOHOM 05 | Inner Harbor, Baltimore",hostaway,,2027-12-02,2027-12-02,279,USD,fixed,2,,fixed,,fixed
345316,FLOHOM 06 -- FLOHOM 06 | National Harbor,hostaway,,2027-12-02,2027-12-02,414,USD,fixed,2,,fixed,,fixed
366176,"FLOHOM 07 -- FLOHOM 07 | Inner Harbor - Canton, Baltimore",hostaway,,2027-12-02,2027-12-02,333,USD,fixed,2,,fixed,,fixed
376368,FLOHOM 08 -- FLOHOM 08 | National Harbor,hostaway,,2027-12-02,2027-12-02,279,USD,fixed,2,,fixed,,fixed
383097,FLOHOM 09 -- FLOHOM 09 | Baltimore Peninsula,hostaway,,2027-12-02,2027-12-02,279,USD,fixed,2,,fixed,,fixed
404358,FLOHOM 10 -- FLOHOM 10 | Virginia Beach,hostaway,,2027-12-02,2027-12-02,333,USD,fixed,2,,fixed,,fixed
427313,FLOHOM 11 -- FLOHOM 11 | Virginia Beach,hostaway,,2027-12-02,2027-12-02,259,USD,fixed,2,,fixed,,fixed
422608,"FLOHOM 12 -- FLOHOM 12 | Inner Harbor - Fells Point, Baltimore",hostaway,,2027-12-02,2027-12-02,333,USD,fixed,2,,fixed,,fixed
485833,"FLOHOM 13 -- FLOHOM 13 | Inner Harbor, Baltimore",hostaway,,2027-12-02,2027-12-02,414,USD,fixed,2,,fixed,,fixed
407612,"FLOHOM 14 -- FLOHOM 14 | Pasadena, Chesapeake Bay",hostaway,,2027-12-02,2027-12-02,259,USD,fixed,2,,fixed,,fixed
467334,FLOHOM 15 -- FLOHOM 15 | North Myrtle Beach,hostaway,,2027-12-02,2027-12-02,394,USD,fixed,2,,fixed,,fixed
510832,FLOHOM 16 | Liberty Landing Marina,hostaway,,2027-12-02,2027-12-02,414,USD,fixed,2,,fixed,,fixed
146908,"FLOHOM 01 -- FLOHOM 01 | Inner Harbor, Baltimore",hostaway,,2027-12-03,2027-12-03,449,USD,fixed,2,,fixed,,fixed
146944,"FLOHOM 02 -- FLOHOM 02 | Inner Harbor - Canton, Baltimore",hostaway,,2027-12-03,2027-12-03,333,USD,fixed,2,,fixed,,fixed
146946,"FLOHOM 03 -- FLOHOM 03 | Magothy River, Annapolis",hostaway,,2027-12-03,2027-12-03,287,USD,fixed,2,,fixed,,fixed
260001,FLOHOM 04 -- FLOHOM 04 | National Harbor,hostaway,,2027-12-03,2027-12-03,449,USD,fixed,2,,fixed,,fixed
278502,"FLOHOM 05 -- FLOHOM 05 | Inner Harbor, Baltimore",hostaway,,2027-12-03,2027-12-03,303,USD,fixed,2,,fixed,,fixed
345316,FLOHOM 06 -- FLOHOM 06 | National Harbor,hostaway,,2027-12-03,2027-12-03,574,USD,fixed,2,,fixed,,fixed
366176,"FLOHOM 07 -- FLOHOM 07 | Inner Harbor - Canton, Baltimore",hostaway,,2027-12-03,2027-12-03,394,USD,fixed,2,,fixed,,fixed
376368,FLOHOM 08 -- FLOHOM 08 | National Harbor,hostaway,,2027-12-03,2027-12-03,303,USD,fixed,2,,fixed,,fixed
383097,FLOHOM 09 -- FLOHOM 09 | Baltimore Peninsula,hostaway,,2027-12-03,2027-12-03,303,USD,fixed,2,,fixed,,fixed
404358,FLOHOM 10 -- FLOHOM 10 | Virginia Beach,hostaway,,2027-12-03,2027-12-03,394,USD,fixed,2,,fixed,,fixed
427313,FLOHOM 11 -- FLOHOM 11 | Virginia Beach,hostaway,,2027-12-03,2027-12-03,287,USD,fixed,2,,fixed,,fixed
422608,"FLOHOM 12 -- FLOHOM 12 | Inner Harbor - Fells Point, Baltimore",hostaway,,2027-12-03,2027-12-03,394,USD,fixed,2,,fixed,,fixed
485833,"FLOHOM 13 -- FLOHOM 13 | Inner Harbor, Baltimore",hostaway,,2027-12-03,2027-12-03,574,USD,fixed,2,,fixed,,fixed
407612,"FLOHOM 14 -- FLOHOM 14 | Pasadena, Chesapeake Bay",hostaway,,2027-12-03,2027-12-03,287,USD,fixed,2,,fixed,,fixed
467334,FLOHOM 15 -- FLOHOM 15 | North Myrtle Beach,hostaway,,2027-12-03,2027-12-03,479,USD,fixed,2,,fixed,,fixed
510832,FLOHOM 16 | Liberty Landing Marina,hostaway,,2027-12-03,2027-12-03,574,USD,fixed,2,,fixed,,fixed
146908,"FLOHOM 01 -- FLOHOM 01 | Inner Harbor, Baltimore",hostaway,,2027-12-04,2027-12-04,449,USD,fixed,2,,fixed,,fixed
146944,"FLOHOM 02 -- FLOHOM 02 | Inner Harbor - Canton, Baltimore",hostaway,,2027-12-04,2027-12-04,333,USD,fixed,2,,fixed,,fixed
146946,"FLOHOM 03 -- FLOHOM 03 | Magothy River, Annapolis",hostaway,,2027-12-04,2027-12-04,287,USD,fixed,2,,fixed,,fixed
260001,FLOHOM 04 -- FLOHOM 04 | National Harbor,hostaway,,2027-12-04,2027-12-04,449,USD,fixed,2,,fixed,,fixed
278502,"FLOHOM 05 -- FLOHOM 05 | Inner Harbor, Baltimore",hostaway,,2027-12-04,2027-12-04,303,USD,fixed,2,,fixed,,fixed
345316,FLOHOM 06 -- FLOHOM 06 | National Harbor,hostaway,,2027-12-04,2027-12-04,574,USD,fixed,2,,fixed,,fixed
366176,"FLOHOM 07 -- FLOHOM 07 | Inner Harbor - Canton, Baltimore",hostaway,,2027-12-04,2027-12-04,394,USD,fixed,2,,fixed,,fixed
376368,FLOHOM 08 -- FLOHOM 08 | National Harbor,hostaway,,2027-12-04,2027-12-04,303,USD,fixed,2,,fixed,,fixed
383097,FLOHOM 09 -- FLOHOM 09 | Baltimore Peninsula,hostaway,,2027-12-04,2027-12-04,303,USD,fixed,2,,fixed,,fixed
404358,FLOHOM 10 -- FLOHOM 10 | Virginia Beach,hostaway,,2027-12-04,2027-12-04,394,USD,fixed,2,,fixed,,fixed
427313,FLOHOM 11 -- FLOHOM 11 | Virginia Beach,hostaway,,2027-12-04,2027-12-04,287,USD,fixed,2,,fixed,,fixed
422608,"FLOHOM 12 -- FLOHOM 12 | Inner Harbor - Fells Point, Baltimore",hostaway,,2027-12-04,2027-12-04,394,USD,fixed,2,,fixed,,fixed
485833,"FLOHOM 13 -- FLOHOM 13 | Inner Harbor, Baltimore",hostaway,,2027-12-04,2027-12-04,574,USD,fixed,2,,fixed,,fixed
407612,"FLOHOM 14 -- FLOHOM 14 | Pasadena, Chesapeake Bay",hostaway,,2027-12-04,2027-12-04,287,USD,fixed,2,,fixed,,fixed
467334,FLOHOM 15 -- FLOHOM 15 | North Myrtle Beach,hostaway,,2027-12-04,2027-12-04,479,USD,fixed,2,,fixed,,fixed
510832,FLOHOM 16 | Liberty Landing Marina,hostaway,,2027-12-04,2027-12-04,574,USD,fixed,2,,fixed,,fixed
146908,"FLOHOM 01 -- FLOHOM 01 | Inner Harbor, Baltimore",hostaway,,2027-12-05,2027-12-05,379,USD,fixed,2,,fixed,,fixed
146944,"FLOHOM 02 -- FLOHOM 02 | Inner Harbor - Canton, Baltimore",hostaway,,2027-12-05,2027-12-05,314,USD,fixed,2,,fixed,,fixed
146946,"FLOHOM 03 -- FLOHOM 03 | Magothy River, Annapolis",hostaway,,2027-12-05,2027-12-05,259,USD,fixed,2,,fixed,,fixed
260001,FLOHOM 04 -- FLOHOM 04 | National Harbor,hostaway,,2027-12-05,2027-12-05,379,USD,fixed,2,,fixed,,fixed
278502,"FLOHOM 05 -- FLOHOM 05 | Inner Harbor, Baltimore",hostaway,,2027-12-05,2027-12-05,279,USD,fixed,2,,fixed,,fixed
345316,FLOHOM 06 -- FLOHOM 06 | National Harbor,hostaway,,2027-12-05,2027-12-05,414,USD,fixed,2,,fixed,,fixed
366176,"FLOHOM 07 -- FLOHOM 07 | Inner Harbor - Canton, Baltimore",hostaway,,2027-12-05,2027-12-05,333,USD,fixed,2,,fixed,,fixed
376368,FLOHOM 08 -- FLOHOM 08 | National Harbor,hostaway,,2027-12-05,2027-12-05,279,USD,fixed,2,,fixed,,fixed
383097,FLOHOM 09 -- FLOHOM 09 | Baltimore Peninsula,hostaway,,2027-12-05,2027-12-05,279,USD,fixed,2,,fixed,,fixed
404358,FLOHOM 10 -- FLOHOM 10 | Virginia Beach,hostaway,,2027-12-05,2027-12-05,333,USD,fixed,2,,fixed,,fixed
427313,FLOHOM 11 -- FLOHOM 11 | Virginia Beach,hostaway,,2027-12-05,2027-12-05,259,USD,fixed,2,,fixed,,fixed
422608,"FLOHOM 12 -- FLOHOM 12 | Inner Harbor - Fells Point, Baltimore",hostaway,,2027-12-05,2027-12-05,333,USD,fixed,2,,fixed,,fixed
485833,"FLOHOM 13 -- FLOHOM 13 | Inner Harbor, Baltimore",hostaway,,2027-12-05,2027-12-05,414,USD,fixed,2,,fixed,,fixed
407612,"FLOHOM 14 -- FLOHOM 14 | Pasadena, Chesapeake Bay",hostaway,,2027-12-05,2027-12-05,259,USD,fixed,2,,fixed,,fixed
467334,FLOHOM 15 -- FLOHOM 15 | North Myrtle Beach,hostaway,,2027-12-05,2027-12-05,394,USD,fixed,2,,fixed,,fixed
510832,FLOHOM 16 | Liberty Landing Marina,hostaway,,2027-12-05,2027-12-05,414,USD,fixed,2,,fixed,,fixed
146908,"FLOHOM 01 -- FLOHOM 01 | Inner Harbor, Baltimore",hostaway,,2027-12-06,2027-12-06,329,USD,fixed,2,,fixed,,fixed
146944,"FLOHOM 02 -- FLOHOM 02 | Inner Harbor - Canton, Baltimore",hostaway,,2027-12-06,2027-12-06,288,USD,fixed,2,,fixed,,fixed
146946,"FLOHOM 03 -- FLOHOM 03 | Magothy River, Annapolis",hostaway,,2027-12-06,2027-12-06,219,USD,fixed,2,,fixed,,fixed
260001,FLOHOM 04 -- FLOHOM 04 | National Harbor,hostaway,,2027-12-06,2027-12-06,329,USD,fixed,2,,fixed,,fixed
278502,"FLOHOM 05 -- FLOHOM 05 | Inner Harbor, Baltimore",hostaway,,2027-12-06,2027-12-06,244,USD,fixed,2,,fixed,,fixed
345316,FLOHOM 06 -- FLOHOM 06 | National Harbor,hostaway,,2027-12-06,2027-12-06,339,USD,fixed,2,,fixed,,fixed
366176,"FLOHOM 07 -- FLOHOM 07 | Inner Harbor - Canton, Baltimore",hostaway,,2027-12-06,2027-12-06,304,USD,fixed,2,,fixed,,fixed
376368,FLOHOM 08 -- FLOHOM 08 | National Harbor,hostaway,,2027-12-06,2027-12-06,244,USD,fixed,2,,fixed,,fixed
383097,FLOHOM 09 -- FLOHOM 09 | Baltimore Peninsula,hostaway,,2027-12-06,2027-12-06,244,USD,fixed,2,,fixed,,fixed
404358,FLOHOM 10 -- FLOHOM 10 | Virginia Beach,hostaway,,2027-12-06,2027-12-06,304,USD,fixed,2,,fixed,,fixed
427313,FLOHOM 11 -- FLOHOM 11 | Virginia Beach,hostaway,,2027-12-06,2027-12-06,219,USD,fixed,2,,fixed,,fixed
422608,"FLOHOM 12 -- FLOHOM 12 | Inner Harbor - Fells Point, Baltimore",hostaway,,2027-12-06,2027-12-06,304,USD,fixed,2,,fixed,,fixed
485833,"FLOHOM 13 -- FLOHOM 13 | Inner Harbor, Baltimore",hostaway,,2027-12-06,2027-12-06,339,USD,fixed,2,,fixed,,fixed
407612,"FLOHOM 14 -- FLOHOM 14 | Pasadena, Chesapeake Bay",hostaway,,2027-12-06,2027-12-06,219,USD,fixed,2,,fixed,,fixed
467334,FLOHOM 15 -- FLOHOM 15 | North Myrtle Beach,hostaway,,2027-12-06,2027-12-06,309,USD,fixed,2,,fixed,,fixed
510832,FLOHOM 16 | Liberty Landing Marina,hostaway,,2027-12-06,2027-12-06,339,USD,fixed,2,,fixed,,fixed
146908,"FLOHOM 01 -- FLOHOM 01 | Inner Harbor, Baltimore",hostaway,,2027-12-07,2027-12-07,329,USD,fixed,2,,fixed,,fixed
146944,"FLOHOM 02 -- FLOHOM 02 | Inner Harbor - Canton, Baltimore",hostaway,,2027-12-07,2027-12-07,288,USD,fixed,2,,fixed,,fixed
146946,"FLOHOM 03 -- FLOHOM 03 | Magothy River, Annapolis",hostaway,,2027-12-07,2027-12-07,219,USD,fixed,2,,fixed,,fixed
260001,FLOHOM 04 -- FLOHOM 04 | National Harbor,hostaway,,2027-12-07,2027-12-07,329,USD,fixed,2,,fixed,,fixed
278502,"FLOHOM 05 -- FLOHOM 05 | Inner Harbor, Baltimore",hostaway,,2027-12-07,2027-12-07,244,USD,fixed,2,,fixed,,fixed
345316,FLOHOM 06 -- FLOHOM 06 | National Harbor,hostaway,,2027-12-07,2027-12-07,339,USD,fixed,2,,fixed,,fixed
366176,"FLOHOM 07 -- FLOHOM 07 | Inner Harbor - Canton, Baltimore",hostaway,,2027-12-07,2027-12-07,304,USD,fixed,2,,fixed,,fixed
376368,FLOHOM 08 -- FLOHOM 08 | National Harbor,hostaway,,2027-12-07,2027-12-07,244,USD,fixed,2,,fixed,,fixed
383097,FLOHOM 09 -- FLOHOM 09 | Baltimore Peninsula,hostaway,,2027-12-07,2027-12-07,244,USD,fixed,2,,fixed,,fixed
404358,FLOHOM 10 -- FLOHOM 10 | Virginia Beach,hostaway,,2027-12-07,2027-12-07,304,USD,fixed,2,,fixed,,fixed
427313,FLOHOM 11 -- FLOHOM 11 | Virginia Beach,hostaway,,2027-12-07,2027-12-07,219,USD,fixed,2,,fixed,,fixed
422608,"FLOHOM 12 -- FLOHOM 12 | Inner Harbor - Fells Point, Baltimore",hostaway,,2027-12-07,2027-12-07,304,USD,fixed,2,,fixed,,fixed
485833,"FLOHOM 13 -- FLOHOM 13 | Inner Harbor, Baltimore",hostaway,,2027-12-07,2027-12-07,339,USD,fixed,2,,fixed,,fixed
407612,"FLOHOM 14 -- FLOHOM 14 | Pasadena, Chesapeake Bay",hostaway,,2027-12-07,2027-12-07,219,USD,fixed,2,,fixed,,fixed
467334,FLOHOM 15 -- FLOHOM 15 | North Myrtle Beach,hostaway,,2027-12-07,2027-12-07,309,USD,fixed,2,,fixed,,fixed
510832,FLOHOM 16 | Liberty Landing Marina,hostaway,,2027-12-07,2027-12-07,339,USD,fixed,2,,fixed,,fixed
146908,"FLOHOM 01 -- FLOHOM 01 | Inner Harbor, Baltimore",hostaway,,2027-12-08,2027-12-08,329,USD,fixed,2,,fixed,,fixed
146944,"FLOHOM 02 -- FLOHOM 02 | Inner Harbor - Canton, Baltimore",hostaway,,2027-12-08,2027-12-08,288,USD,fixed,2,,fixed,,fixed
146946,"FLOHOM 03 -- FLOHOM 03 | Magothy River, Annapolis",hostaway,,2027-12-08,2027-12-08,219,USD,fixed,2,,fixed,,fixed
260001,FLOHOM 04 -- FLOHOM 04 | National Harbor,hostaway,,2027-12-08,2027-12-08,329,USD,fixed,2,,fixed,,fixed
278502,"FLOHOM 05 -- FLOHOM 05 | Inner Harbor, Baltimore",hostaway,,2027-12-08,2027-12-08,244,USD,fixed,2,,fixed,,fixed
345316,FLOHOM 06 -- FLOHOM 06 | National Harbor,hostaway,,2027-12-08,2027-12-08,339,USD,fixed,2,,fixed,,fixed
366176,"FLOHOM 07 -- FLOHOM 07 | Inner Harbor - Canton, Baltimore",hostaway,,2027-12-08,2027-12-08,304,USD,fixed,2,,fixed,,fixed
376368,FLOHOM 08 -- FLOHOM 08 | National Harbor,hostaway,,2027-12-08,2027-12-08,244,USD,fixed,2,,fixed,,fixed
383097,FLOHOM 09 -- FLOHOM 09 | Baltimore Peninsula,hostaway,,2027-12-08,2027-12-08,244,USD,fixed,2,,fixed,,fixed
404358,FLOHOM 10 -- FLOHOM 10 | Virginia Beach,hostaway,,2027-12-08,2027-12-08,304,USD,fixed,2,,fixed,,fixed
427313,FLOHOM 11 -- FLOHOM 11 | Virginia Beach,hostaway,,2027-12-08,2027-12-08,219,USD,fixed,2,,fixed,,fixed
422608,"FLOHOM 12 -- FLOHOM 12 | Inner Harbor - Fells Point, Baltimore",hostaway,,2027-12-08,2027-12-08,304,USD,fixed,2,,fixed,,fixed
485833,"FLOHOM 13 -- FLOHOM 13 | Inner Harbor, Baltimore",hostaway,,2027-12-08,2027-12-08,339,USD,fixed,2,,fixed,,fixed
407612,"FLOHOM 14 -- FLOHOM 14 | Pasadena, Chesapeake Bay",hostaway,,2027-12-08,2027-12-08,219,USD,fixed,2,,fixed,,fixed
467334,FLOHOM 15 -- FLOHOM 15 | North Myrtle Beach,hostaway,,2027-12-08,2027-12-08,309,USD,fixed,2,,fixed,,fixed
510832,FLOHOM 16 | Liberty Landing Marina,hostaway,,2027-12-08,2027-12-08,339,USD,fixed,2,,fixed,,fixed
146908,"FLOHOM 01 -- FLOHOM 01 | Inner Harbor, Baltimore",hostaway,,2027-12-09,2027-12-09,379,USD,fixed,2,,fixed,,fixed
146944,"FLOHOM 02 -- FLOHOM 02 | Inner Harbor - Canton, Baltimore",hostaway,,2027-12-09,2027-12-09,314,USD,fixed,2,,fixed,,fixed
146946,"FLOHOM 03 -- FLOHOM 03 | Magothy River, Annapolis",hostaway,,2027-12-09,2027-12-09,259,USD,fixed,2,,fixed,,fixed
260001,FLOHOM 04 -- FLOHOM 04 | National Harbor,hostaway,,2027-12-09,2027-12-09,379,USD,fixed,2,,fixed,,fixed
278502,"FLOHOM 05 -- FLOHOM 05 | Inner Harbor, Baltimore",hostaway,,2027-12-09,2027-12-09,279,USD,fixed,2,,fixed,,fixed
345316,FLOHOM 06 -- FLOHOM 06 | National Harbor,hostaway,,2027-12-09,2027-12-09,414,USD,fixed,2,,fixed,,fixed
366176,"FLOHOM 07 -- FLOHOM 07 | Inner Harbor - Canton, Baltimore",hostaway,,2027-12-09,2027-12-09,333,USD,fixed,2,,fixed,,fixed
376368,FLOHOM 08 -- FLOHOM 08 | National Harbor,hostaway,,2027-12-09,2027-12-09,279,USD,fixed,2,,fixed,,fixed
383097,FLOHOM 09 -- FLOHOM 09 | Baltimore Peninsula,hostaway,,2027-12-09,2027-12-09,279,USD,fixed,2,,fixed,,fixed
404358,FLOHOM 10 -- FLOHOM 10 | Virginia Beach,hostaway,,2027-12-09,2027-12-09,333,USD,fixed,2,,fixed,,fixed
427313,FLOHOM 11 -- FLOHOM 11 | Virginia Beach,hostaway,,2027-12-09,2027-12-09,259,USD,fixed,2,,fixed,,fixed
422608,"FLOHOM 12 -- FLOHOM 12 | Inner Harbor - Fells Point, Baltimore",hostaway,,2027-12-09,2027-12-09,333,USD,fixed,2,,fixed,,fixed
485833,"FLOHOM 13 -- FLOHOM 13 | Inner Harbor, Baltimore",hostaway,,2027-12-09,2027-12-09,414,USD,fixed,2,,fixed,,fixed
407612,"FLOHOM 14 -- FLOHOM 14 | Pasadena, Chesapeake Bay",hostaway,,2027-12-09,2027-12-09,259,USD,fixed,2,,fixed,,fixed
467334,FLOHOM 15 -- FLOHOM 15 | North Myrtle Beach,hostaway,,2027-12-09,2027-12-09,394,USD,fixed,2,,fixed,,fixed
510832,FLOHOM 16 | Liberty Landing Marina,hostaway,,2027-12-09,2027-12-09,414,USD,fixed,2,,fixed,,fixed
146908,"FLOHOM 01 -- FLOHOM 01 | Inner Harbor, Baltimore",hostaway,,2027-12-10,2027-12-10,449,USD,fixed,2,,fixed,,fixed
146944,"FLOHOM 02 -- FLOHOM 02 | Inner Harbor - Canton, Baltimore",hostaway,,2027-12-10,2027-12-10,333,USD,fixed,2,,fixed,,fixed
146946,"FLOHOM 03 -- FLOHOM 03 | Magothy River, Annapolis",hostaway,,2027-12-10,2027-12-10,287,USD,fixed,2,,fixed,,fixed
260001,FLOHOM 04 -- FLOHOM 04 | National Harbor,hostaway,,2027-12-10,2027-12-10,449,USD,fixed,2,,fixed,,fixed
278502,"FLOHOM 05 -- FLOHOM 05 | Inner Harbor, Baltimore",hostaway,,2027-12-10,2027-12-10,303,USD,fixed,2,,fixed,,fixed
345316,FLOHOM 06 -- FLOHOM 06 | National Harbor,hostaway,,2027-12-10,2027-12-10,574,USD,fixed,2,,fixed,,fixed
366176,"FLOHOM 07 -- FLOHOM 07 | Inner Harbor - Canton, Baltimore",hostaway,,2027-12-10,2027-12-10,394,USD,fixed,2,,fixed,,fixed
376368,FLOHOM 08 -- FLOHOM 08 | National Harbor,hostaway,,2027-12-10,2027-12-10,303,USD,fixed,2,,fixed,,fixed
383097,FLOHOM 09 -- FLOHOM 09 | Baltimore Peninsula,hostaway,,2027-12-10,2027-12-10,303,USD,fixed,2,,fixed,,fixed
404358,FLOHOM 10 -- FLOHOM 10 | Virginia Beach,hostaway,,2027-12-10,2027-12-10,394,USD,fixed,2,,fixed,,fixed
427313,FLOHOM 11 -- FLOHOM 11 | Virginia Beach,hostaway,,2027-12-10,2027-12-10,287,USD,fixed,2,,fixed,,fixed
422608,"FLOHOM 12 -- FLOHOM 12 | Inner Harbor - Fells Point, Baltimore",hostaway,,2027-12-10,2027-12-10,394,USD,fixed,2,,fixed,,fixed
485833,"FLOHOM 13 -- FLOHOM 13 | Inner Harbor, Baltimore",hostaway,,2027-12-10,2027-12-10,574,USD,fixed,2,,fixed,,fixed
407612,"FLOHOM 14 -- FLOHOM 14 | Pasadena, Chesapeake Bay",hostaway,,2027-12-10,2027-12-10,287,USD,fixed,2,,fixed,,fixed
467334,FLOHOM 15 -- FLOHOM 15 | North Myrtle Beach,hostaway,,2027-12-10,2027-12-10,479,USD,fixed,2,,fixed,,fixed
510832,FLOHOM 16 | Liberty Landing Marina,hostaway,,2027-12-10,2027-12-10,574,USD,fixed,2,,fixed,,fixed
146908,"FLOHOM 01 -- FLOHOM 01 | Inner Harbor, Baltimore",hostaway,,2027-12-11,2027-12-11,449,USD,fixed,2,,fixed,,fixed
146944,"FLOHOM 02 -- FLOHOM 02 | Inner Harbor - Canton, Baltimore",hostaway,,2027-12-11,2027-12-11,333,USD,fixed,2,,fixed,,fixed
146946,"FLOHOM 03 -- FLOHOM 03 | Magothy River, Annapolis",hostaway,,2027-12-11,2027-12-11,287,USD,fixed,2,,fixed,,fixed
260001,FLOHOM 04 -- FLOHOM 04 | National Harbor,hostaway,,2027-12-11,2027-12-11,449,USD,fixed,2,,fixed,,fixed
278502,"FLOHOM 05 -- FLOHOM 05 | Inner Harbor, Baltimore",hostaway,,2027-12-11,2027-12-11,303,USD,fixed,2,,fixed,,fixed
345316,FLOHOM 06 -- FLOHOM 06 | National Harbor,hostaway,,2027-12-11,2027-12-11,574,USD,fixed,2,,fixed,,fixed
366176,"FLOHOM 07 -- FLOHOM 07 | Inner Harbor - Canton, Baltimore",hostaway,,2027-12-11,2027-12-11,394,USD,fixed,2,,fixed,,fixed
376368,FLOHOM 08 -- FLOHOM 08 | National Harbor,hostaway,,2027-12-11,2027-12-11,303,USD,fixed,2,,fixed,,fixed
383097,FLOHOM 09 -- FLOHOM 09 | Baltimore Peninsula,hostaway,,2027-12-11,2027-12-11,303,USD,fixed,2,,fixed,,fixed
404358,FLOHOM 10 -- FLOHOM 10 | Virginia Beach,hostaway,,2027-12-11,2027-12-11,394,USD,fixed,2,,fixed,,fixed
427313,FLOHOM 11 -- FLOHOM 11 | Virginia Beach,hostaway,,2027-12-11,2027-12-11,287,USD,fixed,2,,fixed,,fixed
422608,"FLOHOM 12 -- FLOHOM 12 | Inner Harbor - Fells Point, Baltimore",hostaway,,2027-12-11,2027-12-11,394,USD,fixed,2,,fixed,,fixed
485833,"FLOHOM 13 -- FLOHOM 13 | Inner Harbor, Baltimore",hostaway,,2027-12-11,2027-12-11,574,USD,fixed,2,,fixed,,fixed
407612,"FLOHOM 14 -- FLOHOM 14 | Pasadena, Chesapeake Bay",hostaway,,2027-12-11,2027-12-11,287,USD,fixed,2,,fixed,,fixed
467334,FLOHOM 15 -- FLOHOM 15 | North Myrtle Beach,hostaway,,2027-12-11,2027-12-11,479,USD,fixed,2,,fixed,,fixed
510832,FLOHOM 16 | Liberty Landing Marina,hostaway,,2027-12-11,2027-12-11,574,USD,fixed,2,,fixed,,fixed
146908,"FLOHOM 01 -- FLOHOM 01 | Inner Harbor, Baltimore",hostaway,,2027-12-12,2027-12-12,379,USD,fixed,2,,fixed,,fixed
146944,"FLOHOM 02 -- FLOHOM 02 | Inner Harbor - Canton, Baltimore",hostaway,,2027-12-12,2027-12-12,314,USD,fixed,2,,fixed,,fixed
146946,"FLOHOM 03 -- FLOHOM 03 | Magothy River, Annapolis",hostaway,,2027-12-12,2027-12-12,259,USD,fixed,2,,fixed,,fixed
260001,FLOHOM 04 -- FLOHOM 04 | National Harbor,hostaway,,2027-12-12,2027-12-12,379,USD,fixed,2,,fixed,,fixed
278502,"FLOHOM 05 -- FLOHOM 05 | Inner Harbor, Baltimore",hostaway,,2027-12-12,2027-12-12,279,USD,fixed,2,,fixed,,fixed
345316,FLOHOM 06 -- FLOHOM 06 | National Harbor,hostaway,,2027-12-12,2027-12-12,414,USD,fixed,2,,fixed,,fixed
366176,"FLOHOM 07 -- FLOHOM 07 | Inner Harbor - Canton, Baltimore",hostaway,,2027-12-12,2027-12-12,333,USD,fixed,2,,fixed,,fixed
376368,FLOHOM 08 -- FLOHOM 08 | National Harbor,hostaway,,2027-12-12,2027-12-12,279,USD,fixed,2,,fixed,,fixed
383097,FLOHOM 09 -- FLOHOM 09 | Baltimore Peninsula,hostaway,,2027-12-12,2027-12-12,279,USD,fixed,2,,fixed,,fixed
404358,FLOHOM 10 -- FLOHOM 10 | Virginia Beach,hostaway,,2027-12-12,2027-12-12,333,USD,fixed,2,,fixed,,fixed
427313,FLOHOM 11 -- FLOHOM 11 | Virginia Beach,hostaway,,2027-12-12,2027-12-12,259,USD,fixed,2,,fixed,,fixed
422608,"FLOHOM 12 -- FLOHOM 12 | Inner Harbor - Fells Point, Baltimore",hostaway,,2027-12-12,2027-12-12,333,USD,fixed,2,,fixed,,fixed
485833,"FLOHOM 13 -- FLOHOM 13 | Inner Harbor, Baltimore",hostaway,,2027-12-12,2027-12-12,414,USD,fixed,2,,fixed,,fixed
407612,"FLOHOM 14 -- FLOHOM 14 | Pasadena, Chesapeake Bay",hostaway,,2027-12-12,2027-12-12,259,USD,fixed,2,,fixed,,fixed
467334,FLOHOM 15 -- FLOHOM 15 | North Myrtle Beach,hostaway,,2027-12-12,2027-12-12,394,USD,fixed,2,,fixed,,fixed
510832,FLOHOM 16 | Liberty Landing Marina,hostaway,,2027-12-12,2027-12-12,414,USD,fixed,2,,fixed,,fixed
146908,"FLOHOM 01 -- FLOHOM 01 | Inner Harbor, Baltimore",hostaway,,2027-12-13,2027-12-13,329,USD,fixed,2,,fixed,,fixed
146944,"FLOHOM 02 -- FLOHOM 02 | Inner Harbor - Canton, Baltimore",hostaway,,2027-12-13,2027-12-13,288,USD,fixed,2,,fixed,,fixed
146946,"FLOHOM 03 -- FLOHOM 03 | Magothy River, Annapolis",hostaway,,2027-12-13,2027-12-13,219,USD,fixed,2,,fixed,,fixed
260001,FLOHOM 04 -- FLOHOM 04 | National Harbor,hostaway,,2027-12-13,2027-12-13,329,USD,fixed,2,,fixed,,fixed
278502,"FLOHOM 05 -- FLOHOM 05 | Inner Harbor, Baltimore",hostaway,,2027-12-13,2027-12-13,244,USD,fixed,2,,fixed,,fixed
345316,FLOHOM 06 -- FLOHOM 06 | National Harbor,hostaway,,2027-12-13,2027-12-13,339,USD,fixed,2,,fixed,,fixed
366176,"FLOHOM 07 -- FLOHOM 07 | Inner Harbor - Canton, Baltimore",hostaway,,2027-12-13,2027-12-13,304,USD,fixed,2,,fixed,,fixed
376368,FLOHOM 08 -- FLOHOM 08 | National Harbor,hostaway,,2027-12-13,2027-12-13,244,USD,fixed,2,,fixed,,fixed
383097,FLOHOM 09 -- FLOHOM 09 | Baltimore Peninsula,hostaway,,2027-12-13,2027-12-13,244,USD,fixed,2,,fixed,,fixed
404358,FLOHOM 10 -- FLOHOM 10 | Virginia Beach,hostaway,,2027-12-13,2027-12-13,304,USD,fixed,2,,fixed,,fixed
427313,FLOHOM 11 -- FLOHOM 11 | Virginia Beach,hostaway,,2027-12-13,2027-12-13,219,USD,fixed,2,,fixed,,fixed
422608,"FLOHOM 12 -- FLOHOM 12 | Inner Harbor - Fells Point, Baltimore",hostaway,,2027-12-13,2027-12-13,304,USD,fixed,2,,fixed,,fixed
485833,"FLOHOM 13 -- FLOHOM 13 | Inner Harbor, Baltimore",hostaway,,2027-12-13,2027-12-13,339,USD,fixed,2,,fixed,,fixed
407612,"FLOHOM 14 -- FLOHOM 14 | Pasadena, Chesapeake Bay",hostaway,,2027-12-13,2027-12-13,219,USD,fixed,2,,fixed,,fixed
467334,FLOHOM 15 -- FLOHOM 15 | North Myrtle Beach,hostaway,,2027-12-13,2027-12-13,309,USD,fixed,2,,fixed,,fixed
510832,FLOHOM 16 | Liberty Landing Marina,hostaway,,2027-12-13,2027-12-13,339,USD,fixed,2,,fixed,,fixed
146908,"FLOHOM 01 -- FLOHOM 01 | Inner Harbor, Baltimore",hostaway,,2027-12-14,2027-12-14,329,USD,fixed,2,,fixed,,fixed
146944,"FLOHOM 02 -- FLOHOM 02 | Inner Harbor - Canton, Baltimore",hostaway,,2027-12-14,2027-12-14,288,USD,fixed,2,,fixed,,fixed
146946,"FLOHOM 03 -- FLOHOM 03 | Magothy River, Annapolis",hostaway,,2027-12-14,2027-12-14,219,USD,fixed,2,,fixed,,fixed
260001,FLOHOM 04 -- FLOHOM 04 | National Harbor,hostaway,,2027-12-14,2027-12-14,329,USD,fixed,2,,fixed,,fixed
278502,"FLOHOM 05 -- FLOHOM 05 | Inner Harbor, Baltimore",hostaway,,2027-12-14,2027-12-14,244,USD,fixed,2,,fixed,,fixed
345316,FLOHOM 06 -- FLOHOM 06 | National Harbor,hostaway,,2027-12-14,2027-12-14,339,USD,fixed,2,,fixed,,fixed
366176,"FLOHOM 07 -- FLOHOM 07 | Inner Harbor - Canton, Baltimore",hostaway,,2027-12-14,2027-12-14,304,USD,fixed,2,,fixed,,fixed
376368,FLOHOM 08 -- FLOHOM 08 | National Harbor,hostaway,,2027-12-14,2027-12-14,244,USD,fixed,2,,fixed,,fixed
383097,FLOHOM 09 -- FLOHOM 09 | Baltimore Peninsula,hostaway,,2027-12-14,2027-12-14,244,USD,fixed,2,,fixed,,fixed
404358,FLOHOM 10 -- FLOHOM 10 | Virginia Beach,hostaway,,2027-12-14,2027-12-14,304,USD,fixed,2,,fixed,,fixed
427313,FLOHOM 11 -- FLOHOM 11 | Virginia Beach,hostaway,,2027-12-14,2027-12-14,219,USD,fixed,2,,fixed,,fixed
422608,"FLOHOM 12 -- FLOHOM 12 | Inner Harbor - Fells Point, Baltimore",hostaway,,2027-12-14,2027-12-14,304,USD,fixed,2,,fixed,,fixed
485833,"FLOHOM 13 -- FLOHOM 13 | Inner Harbor, Baltimore",hostaway,,2027-12-14,2027-12-14,339,USD,fixed,2,,fixed,,fixed
407612,"FLOHOM 14 -- FLOHOM 14 | Pasadena, Chesapeake Bay",hostaway,,2027-12-14,2027-12-14,219,USD,fixed,2,,fixed,,fixed
467334,FLOHOM 15 -- FLOHOM 15 | North Myrtle Beach,hostaway,,2027-12-14,2027-12-14,309,USD,fixed,2,,fixed,,fixed
510832,FLOHOM 16 | Liberty Landing Marina,hostaway,,2027-12-14,2027-12-14,339,USD,fixed,2,,fixed,,fixed
146908,"FLOHOM 01 -- FLOHOM 01 | Inner Harbor, Baltimore",hostaway,,2027-12-15,2027-12-15,329,USD,fixed,2,,fixed,,fixed
146944,"FLOHOM 02 -- FLOHOM 02 | Inner Harbor - Canton, Baltimore",hostaway,,2027-12-15,2027-12-15,288,USD,fixed,2,,fixed,,fixed
146946,"FLOHOM 03 -- FLOHOM 03 | Magothy River, Annapolis",hostaway,,2027-12-15,2027-12-15,219,USD,fixed,2,,fixed,,fixed
260001,FLOHOM 04 -- FLOHOM 04 | National Harbor,hostaway,,2027-12-15,2027-12-15,329,USD,fixed,2,,fixed,,fixed
278502,"FLOHOM 05 -- FLOHOM 05 | Inner Harbor, Baltimore",hostaway,,2027-12-15,2027-12-15,244,USD,fixed,2,,fixed,,fixed
345316,FLOHOM 06 -- FLOHOM 06 | National Harbor,hostaway,,2027-12-15,2027-12-15,339,USD,fixed,2,,fixed,,fixed
366176,"FLOHOM 07 -- FLOHOM 07 | Inner Harbor - Canton, Baltimore",hostaway,,2027-12-15,2027-12-15,304,USD,fixed,2,,fixed,,fixed
376368,FLOHOM 08 -- FLOHOM 08 | National Harbor,hostaway,,2027-12-15,2027-12-15,244,USD,fixed,2,,fixed,,fixed
383097,FLOHOM 09 -- FLOHOM 09 | Baltimore Peninsula,hostaway,,2027-12-15,2027-12-15,244,USD,fixed,2,,fixed,,fixed
404358,FLOHOM 10 -- FLOHOM 10 | Virginia Beach,hostaway,,2027-12-15,2027-12-15,304,USD,fixed,2,,fixed,,fixed
427313,FLOHOM 11 -- FLOHOM 11 | Virginia Beach,hostaway,,2027-12-15,2027-12-15,219,USD,fixed,2,,fixed,,fixed
422608,"FLOHOM 12 -- FLOHOM 12 | Inner Harbor - Fells Point, Baltimore",hostaway,,2027-12-15,2027-12-15,304,USD,fixed,2,,fixed,,fixed
485833,"FLOHOM 13 -- FLOHOM 13 | Inner Harbor, Baltimore",hostaway,,2027-12-15,2027-12-15,339,USD,fixed,2,,fixed,,fixed
407612,"FLOHOM 14 -- FLOHOM 14 | Pasadena, Chesapeake Bay",hostaway,,2027-12-15,2027-12-15,219,USD,fixed,2,,fixed,,fixed
467334,FLOHOM 15 -- FLOHOM 15 | North Myrtle Beach,hostaway,,2027-12-15,2027-12-15,309,USD,fixed,2,,fixed,,fixed
510832,FLOHOM 16 | Liberty Landing Marina,hostaway,,2027-12-15,2027-12-15,339,USD,fixed,2,,fixed,,fixed
146908,"FLOHOM 01 -- FLOHOM 01 | Inner Harbor, Baltimore",hostaway,,2027-12-16,2027-12-16,379,USD,fixed,2,,fixed,,fixed
146944,"FLOHOM 02 -- FLOHOM 02 | Inner Harbor - Canton, Baltimore",hostaway,,2027-12-16,2027-12-16,314,USD,fixed,2,,fixed,,fixed
146946,"FLOHOM 03 -- FLOHOM 03 | Magothy River, Annapolis",hostaway,,2027-12-16,2027-12-16,259,USD,fixed,2,,fixed,,fixed
260001,FLOHOM 04 -- FLOHOM 04 | National Harbor,hostaway,,2027-12-16,2027-12-16,379,USD,fixed,2,,fixed,,fixed
278502,"FLOHOM 05 -- FLOHOM 05 | Inner Harbor, Baltimore",hostaway,,2027-12-16,2027-12-16,279,USD,fixed,2,,fixed,,fixed
345316,FLOHOM 06 -- FLOHOM 06 | National Harbor,hostaway,,2027-12-16,2027-12-16,414,USD,fixed,2,,fixed,,fixed
366176,"FLOHOM 07 -- FLOHOM 07 | Inner Harbor - Canton, Baltimore",hostaway,,2027-12-16,2027-12-16,333,USD,fixed,2,,fixed,,fixed
376368,FLOHOM 08 -- FLOHOM 08 | National Harbor,hostaway,,2027-12-16,2027-12-16,279,USD,fixed,2,,fixed,,fixed
383097,FLOHOM 09 -- FLOHOM 09 | Baltimore Peninsula,hostaway,,2027-12-16,2027-12-16,279,USD,fixed,2,,fixed,,fixed
404358,FLOHOM 10 -- FLOHOM 10 | Virginia Beach,hostaway,,2027-12-16,2027-12-16,333,USD,fixed,2,,fixed,,fixed
427313,FLOHOM 11 -- FLOHOM 11 | Virginia Beach,hostaway,,2027-12-16,2027-12-16,259,USD,fixed,2,,fixed,,fixed
422608,"FLOHOM 12 -- FLOHOM 12 | Inner Harbor - Fells Point, Baltimore",hostaway,,2027-12-16,2027-12-16,333,USD,fixed,2,,fixed,,fixed
485833,"FLOHOM 13 -- FLOHOM 13 | Inner Harbor, Baltimore",hostaway,,2027-12-16,2027-12-16,414,USD,fixed,2,,fixed,,fixed
407612,"FLOHOM 14 -- FLOHOM 14 | Pasadena, Chesapeake Bay",hostaway,,2027-12-16,2027-12-16,259,USD,fixed,2,,fixed,,fixed
467334,FLOHOM 15 -- FLOHOM 15 | North Myrtle Beach,hostaway,,2027-12-16,2027-12-16,394,USD,fixed,2,,fixed,,fixed
510832,FLOHOM 16 | Liberty Landing Marina,hostaway,,2027-12-16,2027-12-16,414,USD,fixed,2,,fixed,,fixed
146908,"FLOHOM 01 -- FLOHOM 01 | Inner Harbor, Baltimore",hostaway,,2027-12-17,2027-12-17,674,USD,fixed,2,,fixed,,fixed
146944,"FLOHOM 02 -- FLOHOM 02 | Inner Harbor - Canton, Baltimore",hostaway,,2027-12-17,2027-12-17,500,USD,fixed,2,,fixed,,fixed
146946,"FLOHOM 03 -- FLOHOM 03 | Magothy River, Annapolis",hostaway,,2027-12-17,2027-12-17,431,USD,fixed,2,,fixed,,fixed
260001,FLOHOM 04 -- FLOHOM 04 | National Harbor,hostaway,,2027-12-17,2027-12-17,674,USD,fixed,2,,fixed,,fixed
278502,"FLOHOM 05 -- FLOHOM 05 | Inner Harbor, Baltimore",hostaway,,2027-12-17,2027-12-17,455,USD,fixed,2,,fixed,,fixed
345316,FLOHOM 06 -- FLOHOM 06 | National Harbor,hostaway,,2027-12-17,2027-12-17,861,USD,fixed,2,,fixed,,fixed
366176,"FLOHOM 07 -- FLOHOM 07 | Inner Harbor - Canton, Baltimore",hostaway,,2027-12-17,2027-12-17,591,USD,fixed,2,,fixed,,fixed
376368,FLOHOM 08 -- FLOHOM 08 | National Harbor,hostaway,,2027-12-17,2027-12-17,455,USD,fixed,2,,fixed,,fixed
383097,FLOHOM 09 -- FLOHOM 09 | Baltimore Peninsula,hostaway,,2027-12-17,2027-12-17,455,USD,fixed,2,,fixed,,fixed
404358,FLOHOM 10 -- FLOHOM 10 | Virginia Beach,hostaway,,2027-12-17,2027-12-17,591,USD,fixed,2,,fixed,,fixed
427313,FLOHOM 11 -- FLOHOM 11 | Virginia Beach,hostaway,,2027-12-17,2027-12-17,431,USD,fixed,2,,fixed,,fixed
422608,"FLOHOM 12 -- FLOHOM 12 | Inner Harbor - Fells Point, Baltimore",hostaway,,2027-12-17,2027-12-17,591,USD,fixed,2,,fixed,,fixed
485833,"FLOHOM 13 -- FLOHOM 13 | Inner Harbor, Baltimore",hostaway,,2027-12-17,2027-12-17,861,USD,fixed,2,,fixed,,fixed
407612,"FLOHOM 14 -- FLOHOM 14 | Pasadena, Chesapeake Bay",hostaway,,2027-12-17,2027-12-17,431,USD,fixed,2,,fixed,,fixed
467334,FLOHOM 15 -- FLOHOM 15 | North Myrtle Beach,hostaway,,2027-12-17,2027-12-17,719,USD,fixed,2,,fixed,,fixed
510832,FLOHOM 16 | Liberty Landing Marina,hostaway,,2027-12-17,2027-12-17,861,USD,fixed,2,,fixed,,fixed
146908,"FLOHOM 01 -- FLOHOM 01 | Inner Harbor, Baltimore",hostaway,,2027-12-18,2027-12-18,674,USD,fixed,2,,fixed,,fixed
146944,"FLOHOM 02 -- FLOHOM 02 | Inner Harbor - Canton, Baltimore",hostaway,,2027-12-18,2027-12-18,500,USD,fixed,2,,fixed,,fixed
146946,"FLOHOM 03 -- FLOHOM 03 | Magothy River, Annapolis",hostaway,,2027-12-18,2027-12-18,431,USD,fixed,2,,fixed,,fixed
260001,FLOHOM 04 -- FLOHOM 04 | National Harbor,hostaway,,2027-12-18,2027-12-18,674,USD,fixed,2,,fixed,,fixed
278502,"FLOHOM 05 -- FLOHOM 05 | Inner Harbor, Baltimore",hostaway,,2027-12-18,2027-12-18,455,USD,fixed,2,,fixed,,fixed
345316,FLOHOM 06 -- FLOHOM 06 | National Harbor,hostaway,,2027-12-18,2027-12-18,861,USD,fixed,2,,fixed,,fixed
366176,"FLOHOM 07 -- FLOHOM 07 | Inner Harbor - Canton, Baltimore",hostaway,,2027-12-18,2027-12-18,591,USD,fixed,2,,fixed,,fixed
376368,FLOHOM 08 -- FLOHOM 08 | National Harbor,hostaway,,2027-12-18,2027-12-18,455,USD,fixed,2,,fixed,,fixed
383097,FLOHOM 09 -- FLOHOM 09 | Baltimore Peninsula,hostaway,,2027-12-18,2027-12-18,455,USD,fixed,2,,fixed,,fixed
404358,FLOHOM 10 -- FLOHOM 10 | Virginia Beach,hostaway,,2027-12-18,2027-12-18,591,USD,fixed,2,,fixed,,fixed
427313,FLOHOM 11 -- FLOHOM 11 | Virginia Beach,hostaway,,2027-12-18,2027-12-18,431,USD,fixed,2,,fixed,,fixed
422608,"FLOHOM 12 -- FLOHOM 12 | Inner Harbor - Fells Point, Baltimore",hostaway,,2027-12-18,2027-12-18,591,USD,fixed,2,,fixed,,fixed
485833,"FLOHOM 13 -- FLOHOM 13 | Inner Harbor, Baltimore",hostaway,,2027-12-18,2027-12-18,861,USD,fixed,2,,fixed,,fixed
407612,"FLOHOM 14 -- FLOHOM 14 | Pasadena, Chesapeake Bay",hostaway,,2027-12-18,2027-12-18,431,USD,fixed,2,,fixed,,fixed
467334,FLOHOM 15 -- FLOHOM 15 | North Myrtle Beach,hostaway,,2027-12-18,2027-12-18,719,USD,fixed,2,,fixed,,fixed
510832,FLOHOM 16 | Liberty Landing Marina,hostaway,,2027-12-18,2027-12-18,861,USD,fixed,2,,fixed,,fixed
146908,"FLOHOM 01 -- FLOHOM 01 | Inner Harbor, Baltimore",hostaway,,2027-12-19,2027-12-19,569,USD,fixed,2,,fixed,,fixed
146944,"FLOHOM 02 -- FLOHOM 02 | Inner Harbor - Canton, Baltimore",hostaway,,2027-12-19,2027-12-19,471,USD,fixed,2,,fixed,,fixed
146946,"FLOHOM 03 -- FLOHOM 03 | Magothy River, Annapolis",hostaway,,2027-12-19,2027-12-19,389,USD,fixed,2,,fixed,,fixed
260001,FLOHOM 04 -- FLOHOM 04 | National Harbor,hostaway,,2027-12-19,2027-12-19,569,USD,fixed,2,,fixed,,fixed
278502,"FLOHOM 05 -- FLOHOM 05 | Inner Harbor, Baltimore",hostaway,,2027-12-19,2027-12-19,419,USD,fixed,2,,fixed,,fixed
345316,FLOHOM 06 -- FLOHOM 06 | National Harbor,hostaway,,2027-12-19,2027-12-19,621,USD,fixed,2,,fixed,,fixed
366176,"FLOHOM 07 -- FLOHOM 07 | Inner Harbor - Canton, Baltimore",hostaway,,2027-12-19,2027-12-19,500,USD,fixed,2,,fixed,,fixed
376368,FLOHOM 08 -- FLOHOM 08 | National Harbor,hostaway,,2027-12-19,2027-12-19,419,USD,fixed,2,,fixed,,fixed
383097,FLOHOM 09 -- FLOHOM 09 | Baltimore Peninsula,hostaway,,2027-12-19,2027-12-19,419,USD,fixed,2,,fixed,,fixed
404358,FLOHOM 10 -- FLOHOM 10 | Virginia Beach,hostaway,,2027-12-19,2027-12-19,500,USD,fixed,2,,fixed,,fixed
427313,FLOHOM 11 -- FLOHOM 11 | Virginia Beach,hostaway,,2027-12-19,2027-12-19,389,USD,fixed,2,,fixed,,fixed
422608,"FLOHOM 12 -- FLOHOM 12 | Inner Harbor - Fells Point, Baltimore",hostaway,,2027-12-19,2027-12-19,500,USD,fixed,2,,fixed,,fixed
485833,"FLOHOM 13 -- FLOHOM 13 | Inner Harbor, Baltimore",hostaway,,2027-12-19,2027-12-19,621,USD,fixed,2,,fixed,,fixed
407612,"FLOHOM 14 -- FLOHOM 14 | Pasadena, Chesapeake Bay",hostaway,,2027-12-19,2027-12-19,389,USD,fixed,2,,fixed,,fixed
467334,FLOHOM 15 -- FLOHOM 15 | North Myrtle Beach,hostaway,,2027-12-19,2027-12-19,591,USD,fixed,2,,fixed,,fixed
510832,FLOHOM 16 | Liberty Landing Marina,hostaway,,2027-12-19,2027-12-19,621,USD,fixed,2,,fixed,,fixed
146908,"FLOHOM 01 -- FLOHOM 01 | Inner Harbor, Baltimore",hostaway,,2027-12-20,2027-12-20,494,USD,fixed,2,,fixed,,fixed
146944,"FLOHOM 02 -- FLOHOM 02 | Inner Harbor - Canton, Baltimore",hostaway,,2027-12-20,2027-12-20,432,USD,fixed,2,,fixed,,fixed
146946,"FLOHOM 03 -- FLOHOM 03 | Magothy River, Annapolis",hostaway,,2027-12-20,2027-12-20,329,USD,fixed,2,,fixed,,fixed
260001,FLOHOM 04 -- FLOHOM 04 | National Harbor,hostaway,,2027-12-20,2027-12-20,494,USD,fixed,2,,fixed,,fixed
278502,"FLOHOM 05 -- FLOHOM 05 | Inner Harbor, Baltimore",hostaway,,2027-12-20,2027-12-20,366,USD,fixed,2,,fixed,,fixed
345316,FLOHOM 06 -- FLOHOM 06 | National Harbor,hostaway,,2027-12-20,2027-12-20,509,USD,fixed,2,,fixed,,fixed
366176,"FLOHOM 07 -- FLOHOM 07 | Inner Harbor - Canton, Baltimore",hostaway,,2027-12-20,2027-12-20,456,USD,fixed,2,,fixed,,fixed
376368,FLOHOM 08 -- FLOHOM 08 | National Harbor,hostaway,,2027-12-20,2027-12-20,366,USD,fixed,2,,fixed,,fixed
383097,FLOHOM 09 -- FLOHOM 09 | Baltimore Peninsula,hostaway,,2027-12-20,2027-12-20,366,USD,fixed,2,,fixed,,fixed
404358,FLOHOM 10 -- FLOHOM 10 | Virginia Beach,hostaway,,2027-12-20,2027-12-20,456,USD,fixed,2,,fixed,,fixed
427313,FLOHOM 11 -- FLOHOM 11 | Virginia Beach,hostaway,,2027-12-20,2027-12-20,329,USD,fixed,2,,fixed,,fixed
422608,"FLOHOM 12 -- FLOHOM 12 | Inner Harbor - Fells Point, Baltimore",hostaway,,2027-12-20,2027-12-20,456,USD,fixed,2,,fixed,,fixed
485833,"FLOHOM 13 -- FLOHOM 13 | Inner Harbor, Baltimore",hostaway,,2027-12-20,2027-12-20,509,USD,fixed,2,,fixed,,fixed
407612,"FLOHOM 14 -- FLOHOM 14 | Pasadena, Chesapeake Bay",hostaway,,2027-12-20,2027-12-20,329,USD,fixed,2,,fixed,,fixed
467334,FLOHOM 15 -- FLOHOM 15 | North Myrtle Beach,hostaway,,2027-12-20,2027-12-20,464,USD,fixed,2,,fixed,,fixed
510832,FLOHOM 16 | Liberty Landing Marina,hostaway,,2027-12-20,2027-12-20,509,USD,fixed,2,,fixed,,fixed
146908,"FLOHOM 01 -- FLOHOM 01 | Inner Harbor, Baltimore",hostaway,,2027-12-21,2027-12-21,494,USD,fixed,2,,fixed,,fixed
146944,"FLOHOM 02 -- FLOHOM 02 | Inner Harbor - Canton, Baltimore",hostaway,,2027-12-21,2027-12-21,432,USD,fixed,2,,fixed,,fixed
146946,"FLOHOM 03 -- FLOHOM 03 | Magothy River, Annapolis",hostaway,,2027-12-21,2027-12-21,329,USD,fixed,2,,fixed,,fixed
260001,FLOHOM 04 -- FLOHOM 04 | National Harbor,hostaway,,2027-12-21,2027-12-21,494,USD,fixed,2,,fixed,,fixed
278502,"FLOHOM 05 -- FLOHOM 05 | Inner Harbor, Baltimore",hostaway,,2027-12-21,2027-12-21,366,USD,fixed,2,,fixed,,fixed
345316,FLOHOM 06 -- FLOHOM 06 | National Harbor,hostaway,,2027-12-21,2027-12-21,509,USD,fixed,2,,fixed,,fixed
366176,"FLOHOM 07 -- FLOHOM 07 | Inner Harbor - Canton, Baltimore",hostaway,,2027-12-21,2027-12-21,456,USD,fixed,2,,fixed,,fixed
376368,FLOHOM 08 -- FLOHOM 08 | National Harbor,hostaway,,2027-12-21,2027-12-21,366,USD,fixed,2,,fixed,,fixed
383097,FLOHOM 09 -- FLOHOM 09 | Baltimore Peninsula,hostaway,,2027-12-21,2027-12-21,366,USD,fixed,2,,fixed,,fixed
404358,FLOHOM 10 -- FLOHOM 10 | Virginia Beach,hostaway,,2027-12-21,2027-12-21,456,USD,fixed,2,,fixed,,fixed
427313,FLOHOM 11 -- FLOHOM 11 | Virginia Beach,hostaway,,2027-12-21,2027-12-21,329,USD,fixed,2,,fixed,,fixed
422608,"FLOHOM 12 -- FLOHOM 12 | Inner Harbor - Fells Point, Baltimore",hostaway,,2027-12-21,2027-12-21,456,USD,fixed,2,,fixed,,fixed
485833,"FLOHOM 13 -- FLOHOM 13 | Inner Harbor, Baltimore",hostaway,,2027-12-21,2027-12-21,509,USD,fixed,2,,fixed,,fixed
407612,"FLOHOM 14 -- FLOHOM 14 | Pasadena, Chesapeake Bay",hostaway,,2027-12-21,2027-12-21,329,USD,fixed,2,,fixed,,fixed
467334,FLOHOM 15 -- FLOHOM 15 | North Myrtle Beach,hostaway,,2027-12-21,2027-12-21,464,USD,fixed,2,,fixed,,fixed
510832,FLOHOM 16 | Liberty Landing Marina,hostaway,,2027-12-21,2027-12-21,509,USD,fixed,2,,fixed,,fixed
146908,"FLOHOM 01 -- FLOHOM 01 | Inner Harbor, Baltimore",hostaway,,2027-12-22,2027-12-22,494,USD,fixed,2,,fixed,,fixed
146944,"FLOHOM 02 -- FLOHOM 02 | Inner Harbor - Canton, Baltimore",hostaway,,2027-12-22,2027-12-22,432,USD,fixed,2,,fixed,,fixed
146946,"FLOHOM 03 -- FLOHOM 03 | Magothy River, Annapolis",hostaway,,2027-12-22,2027-12-22,329,USD,fixed,2,,fixed,,fixed
260001,FLOHOM 04 -- FLOHOM 04 | National Harbor,hostaway,,2027-12-22,2027-12-22,494,USD,fixed,2,,fixed,,fixed
278502,"FLOHOM 05 -- FLOHOM 05 | Inner Harbor, Baltimore",hostaway,,2027-12-22,2027-12-22,366,USD,fixed,2,,fixed,,fixed
345316,FLOHOM 06 -- FLOHOM 06 | National Harbor,hostaway,,2027-12-22,2027-12-22,509,USD,fixed,2,,fixed,,fixed
366176,"FLOHOM 07 -- FLOHOM 07 | Inner Harbor - Canton, Baltimore",hostaway,,2027-12-22,2027-12-22,456,USD,fixed,2,,fixed,,fixed
376368,FLOHOM 08 -- FLOHOM 08 | National Harbor,hostaway,,2027-12-22,2027-12-22,366,USD,fixed,2,,fixed,,fixed
383097,FLOHOM 09 -- FLOHOM 09 | Baltimore Peninsula,hostaway,,2027-12-22,2027-12-22,366,USD,fixed,2,,fixed,,fixed
404358,FLOHOM 10 -- FLOHOM 10 | Virginia Beach,hostaway,,2027-12-22,2027-12-22,456,USD,fixed,2,,fixed,,fixed
427313,FLOHOM 11 -- FLOHOM 11 | Virginia Beach,hostaway,,2027-12-22,2027-12-22,329,USD,fixed,2,,fixed,,fixed
422608,"FLOHOM 12 -- FLOHOM 12 | Inner Harbor - Fells Point, Baltimore",hostaway,,2027-12-22,2027-12-22,456,USD,fixed,2,,fixed,,fixed
485833,"FLOHOM 13 -- FLOHOM 13 | Inner Harbor, Baltimore",hostaway,,2027-12-22,2027-12-22,509,USD,fixed,2,,fixed,,fixed
407612,"FLOHOM 14 -- FLOHOM 14 | Pasadena, Chesapeake Bay",hostaway,,2027-12-22,2027-12-22,329,USD,fixed,2,,fixed,,fixed
467334,FLOHOM 15 -- FLOHOM 15 | North Myrtle Beach,hostaway,,2027-12-22,2027-12-22,464,USD,fixed,2,,fixed,,fixed
510832,FLOHOM 16 | Liberty Landing Marina,hostaway,,2027-12-22,2027-12-22,509,USD,fixed,2,,fixed,,fixed
146908,"FLOHOM 01 -- FLOHOM 01 | Inner Harbor, Baltimore",hostaway,,2027-12-23,2027-12-23,569,USD,fixed,2,,fixed,,fixed
146944,"FLOHOM 02 -- FLOHOM 02 | Inner Harbor - Canton, Baltimore",hostaway,,2027-12-23,2027-12-23,471,USD,fixed,2,,fixed,,fixed
146946,"FLOHOM 03 -- FLOHOM 03 | Magothy River, Annapolis",hostaway,,2027-12-23,2027-12-23,389,USD,fixed,2,,fixed,,fixed
260001,FLOHOM 04 -- FLOHOM 04 | National Harbor,hostaway,,2027-12-23,2027-12-23,569,USD,fixed,2,,fixed,,fixed
278502,"FLOHOM 05 -- FLOHOM 05 | Inner Harbor, Baltimore",hostaway,,2027-12-23,2027-12-23,419,USD,fixed,2,,fixed,,fixed
345316,FLOHOM 06 -- FLOHOM 06 | National Harbor,hostaway,,2027-12-23,2027-12-23,621,USD,fixed,2,,fixed,,fixed
366176,"FLOHOM 07 -- FLOHOM 07 | Inner Harbor - Canton, Baltimore",hostaway,,2027-12-23,2027-12-23,500,USD,fixed,2,,fixed,,fixed
376368,FLOHOM 08 -- FLOHOM 08 | National Harbor,hostaway,,2027-12-23,2027-12-23,419,USD,fixed,2,,fixed,,fixed
383097,FLOHOM 09 -- FLOHOM 09 | Baltimore Peninsula,hostaway,,2027-12-23,2027-12-23,419,USD,fixed,2,,fixed,,fixed
404358,FLOHOM 10 -- FLOHOM 10 | Virginia Beach,hostaway,,2027-12-23,2027-12-23,500,USD,fixed,2,,fixed,,fixed
427313,FLOHOM 11 -- FLOHOM 11 | Virginia Beach,hostaway,,2027-12-23,2027-12-23,389,USD,fixed,2,,fixed,,fixed
422608,"FLOHOM 12 -- FLOHOM 12 | Inner Harbor - Fells Point, Baltimore",hostaway,,2027-12-23,2027-12-23,500,USD,fixed,2,,fixed,,fixed
485833,"FLOHOM 13 -- FLOHOM 13 | Inner Harbor, Baltimore",hostaway,,2027-12-23,2027-12-23,621,USD,fixed,2,,fixed,,fixed
407612,"FLOHOM 14 -- FLOHOM 14 | Pasadena, Chesapeake Bay",hostaway,,2027-12-23,2027-12-23,389,USD,fixed,2,,fixed,,fixed
467334,FLOHOM 15 -- FLOHOM 15 | North Myrtle Beach,hostaway,,2027-12-23,2027-12-23,591,USD,fixed,2,,fixed,,fixed
510832,FLOHOM 16 | Liberty Landing Marina,hostaway,,2027-12-23,2027-12-23,621,USD,fixed,2,,fixed,,fixed
146908,"FLOHOM 01 -- FLOHOM 01 | Inner Harbor, Baltimore",hostaway,,2027-12-24,2027-12-24,1572,USD,fixed,2,,fixed,,fixed
146944,"FLOHOM 02 -- FLOHOM 02 | Inner Harbor - Canton, Baltimore",hostaway,,2027-12-24,2027-12-24,1166,USD,fixed,2,,fixed,,fixed
146946,"FLOHOM 03 -- FLOHOM 03 | Magothy River, Annapolis",hostaway,,2027-12-24,2027-12-24,1005,USD,fixed,2,,fixed,,fixed
260001,FLOHOM 04 -- FLOHOM 04 | National Harbor,hostaway,,2027-12-24,2027-12-24,1572,USD,fixed,2,,fixed,,fixed
278502,"FLOHOM 05 -- FLOHOM 05 | Inner Harbor, Baltimore",hostaway,,2027-12-24,2027-12-24,1061,USD,fixed,2,,fixed,,fixed
345316,FLOHOM 06 -- FLOHOM 06 | National Harbor,hostaway,,2027-12-24,2027-12-24,2009,USD,fixed,2,,fixed,,fixed
366176,"FLOHOM 07 -- FLOHOM 07 | Inner Harbor - Canton, Baltimore",hostaway,,2027-12-24,2027-12-24,1379,USD,fixed,2,,fixed,,fixed
376368,FLOHOM 08 -- FLOHOM 08 | National Harbor,hostaway,,2027-12-24,2027-12-24,1061,USD,fixed,2,,fixed,,fixed
383097,FLOHOM 09 -- FLOHOM 09 | Baltimore Peninsula,hostaway,,2027-12-24,2027-12-24,1061,USD,fixed,2,,fixed,,fixed
404358,FLOHOM 10 -- FLOHOM 10 | Virginia Beach,hostaway,,2027-12-24,2027-12-24,1379,USD,fixed,2,,fixed,,fixed
427313,FLOHOM 11 -- FLOHOM 11 | Virginia Beach,hostaway,,2027-12-24,2027-12-24,1005,USD,fixed,2,,fixed,,fixed
422608,"FLOHOM 12 -- FLOHOM 12 | Inner Harbor - Fells Point, Baltimore",hostaway,,2027-12-24,2027-12-24,1379,USD,fixed,2,,fixed,,fixed
485833,"FLOHOM 13 -- FLOHOM 13 | Inner Harbor, Baltimore",hostaway,,2027-12-24,2027-12-24,2009,USD,fixed,2,,fixed,,fixed
407612,"FLOHOM 14 -- FLOHOM 14 | Pasadena, Chesapeake Bay",hostaway,,2027-12-24,2027-12-24,1005,USD,fixed,2,,fixed,,fixed
467334,FLOHOM 15 -- FLOHOM 15 | North Myrtle Beach,hostaway,,2027-12-24,2027-12-24,1677,USD,fixed,2,,fixed,,fixed
510832,FLOHOM 16 | Liberty Landing Marina,hostaway,,2027-12-24,2027-12-24,2009,USD,fixed,2,,fixed,,fixed
146908,"FLOHOM 01 -- FLOHOM 01 | Inner Harbor, Baltimore",hostaway,,2027-12-25,2027-12-25,1572,USD,fixed,2,,fixed,,fixed
146944,"FLOHOM 02 -- FLOHOM 02 | Inner Harbor - Canton, Baltimore",hostaway,,2027-12-25,2027-12-25,1166,USD,fixed,2,,fixed,,fixed
146946,"FLOHOM 03 -- FLOHOM 03 | Magothy River, Annapolis",hostaway,,2027-12-25,2027-12-25,1005,USD,fixed,2,,fixed,,fixed
260001,FLOHOM 04 -- FLOHOM 04 | National Harbor,hostaway,,2027-12-25,2027-12-25,1572,USD,fixed,2,,fixed,,fixed
278502,"FLOHOM 05 -- FLOHOM 05 | Inner Harbor, Baltimore",hostaway,,2027-12-25,2027-12-25,1061,USD,fixed,2,,fixed,,fixed
345316,FLOHOM 06 -- FLOHOM 06 | National Harbor,hostaway,,2027-12-25,2027-12-25,2009,USD,fixed,2,,fixed,,fixed
366176,"FLOHOM 07 -- FLOHOM 07 | Inner Harbor - Canton, Baltimore",hostaway,,2027-12-25,2027-12-25,1379,USD,fixed,2,,fixed,,fixed
376368,FLOHOM 08 -- FLOHOM 08 | National Harbor,hostaway,,2027-12-25,2027-12-25,1061,USD,fixed,2,,fixed,,fixed
383097,FLOHOM 09 -- FLOHOM 09 | Baltimore Peninsula,hostaway,,2027-12-25,2027-12-25,1061,USD,fixed,2,,fixed,,fixed
404358,FLOHOM 10 -- FLOHOM 10 | Virginia Beach,hostaway,,2027-12-25,2027-12-25,1379,USD,fixed,2,,fixed,,fixed
427313,FLOHOM 11 -- FLOHOM 11 | Virginia Beach,hostaway,,2027-12-25,2027-12-25,1005,USD,fixed,2,,fixed,,fixed
422608,"FLOHOM 12 -- FLOHOM 12 | Inner Harbor - Fells Point, Baltimore",hostaway,,2027-12-25,2027-12-25,1379,USD,fixed,2,,fixed,,fixed
485833,"FLOHOM 13 -- FLOHOM 13 | Inner Harbor, Baltimore",hostaway,,2027-12-25,2027-12-25,2009,USD,fixed,2,,fixed,,fixed
407612,"FLOHOM 14 -- FLOHOM 14 | Pasadena, Chesapeake Bay",hostaway,,2027-12-25,2027-12-25,1005,USD,fixed,2,,fixed,,fixed
467334,FLOHOM 15 -- FLOHOM 15 | North Myrtle Beach,hostaway,,2027-12-25,2027-12-25,1677,USD,fixed,2,,fixed,,fixed
510832,FLOHOM 16 | Liberty Landing Marina,hostaway,,2027-12-25,2027-12-25,2009,USD,fixed,2,,fixed,,fixed
146908,"FLOHOM 01 -- FLOHOM 01 | Inner Harbor, Baltimore",hostaway,,2027-12-26,2027-12-26,1572,USD,fixed,2,,fixed,,fixed
146944,"FLOHOM 02 -- FLOHOM 02 | Inner Harbor - Canton, Baltimore",hostaway,,2027-12-26,2027-12-26,1166,USD,fixed,2,,fixed,,fixed
146946,"FLOHOM 03 -- FLOHOM 03 | Magothy River, Annapolis",hostaway,,2027-12-26,2027-12-26,1005,USD,fixed,2,,fixed,,fixed
260001,FLOHOM 04 -- FLOHOM 04 | National Harbor,hostaway,,2027-12-26,2027-12-26,1572,USD,fixed,2,,fixed,,fixed
278502,"FLOHOM 05 -- FLOHOM 05 | Inner Harbor, Baltimore",hostaway,,2027-12-26,2027-12-26,1061,USD,fixed,2,,fixed,,fixed
345316,FLOHOM 06 -- FLOHOM 06 | National Harbor,hostaway,,2027-12-26,2027-12-26,2009,USD,fixed,2,,fixed,,fixed
366176,"FLOHOM 07 -- FLOHOM 07 | Inner Harbor - Canton, Baltimore",hostaway,,2027-12-26,2027-12-26,1379,USD,fixed,2,,fixed,,fixed
376368,FLOHOM 08 -- FLOHOM 08 | National Harbor,hostaway,,2027-12-26,2027-12-26,1061,USD,fixed,2,,fixed,,fixed
383097,FLOHOM 09 -- FLOHOM 09 | Baltimore Peninsula,hostaway,,2027-12-26,2027-12-26,1061,USD,fixed,2,,fixed,,fixed
404358,FLOHOM 10 -- FLOHOM 10 | Virginia Beach,hostaway,,2027-12-26,2027-12-26,1379,USD,fixed,2,,fixed,,fixed
427313,FLOHOM 11 -- FLOHOM 11 | Virginia Beach,hostaway,,2027-12-26,2027-12-26,1005,USD,fixed,2,,fixed,,fixed
422608,"FLOHOM 12 -- FLOHOM 12 | Inner Harbor - Fells Point, Baltimore",hostaway,,2027-12-26,2027-12-26,1379,USD,fixed,2,,fixed,,fixed
485833,"FLOHOM 13 -- FLOHOM 13 | Inner Harbor, Baltimore",hostaway,,2027-12-26,2027-12-26,2009,USD,fixed,2,,fixed,,fixed
407612,"FLOHOM 14 -- FLOHOM 14 | Pasadena, Chesapeake Bay",hostaway,,2027-12-26,2027-12-26,1005,USD,fixed,2,,fixed,,fixed
467334,FLOHOM 15 -- FLOHOM 15 | North Myrtle Beach,hostaway,,2027-12-26,2027-12-26,1677,USD,fixed,2,,fixed,,fixed
510832,FLOHOM 16 | Liberty Landing Marina,hostaway,,2027-12-26,2027-12-26,2009,USD,fixed,2,,fixed,,fixed
146908,"FLOHOM 01 -- FLOHOM 01 | Inner Harbor, Baltimore",hostaway,,2027-12-27,2027-12-27,329,USD,fixed,2,,fixed,,fixed
146944,"FLOHOM 02 -- FLOHOM 02 | Inner Harbor - Canton, Baltimore",hostaway,,2027-12-27,2027-12-27,288,USD,fixed,2,,fixed,,fixed
146946,"FLOHOM 03 -- FLOHOM 03 | Magothy River, Annapolis",hostaway,,2027-12-27,2027-12-27,219,USD,fixed,2,,fixed,,fixed
260001,FLOHOM 04 -- FLOHOM 04 | National Harbor,hostaway,,2027-12-27,2027-12-27,329,USD,fixed,2,,fixed,,fixed
278502,"FLOHOM 05 -- FLOHOM 05 | Inner Harbor, Baltimore",hostaway,,2027-12-27,2027-12-27,244,USD,fixed,2,,fixed,,fixed
345316,FLOHOM 06 -- FLOHOM 06 | National Harbor,hostaway,,2027-12-27,2027-12-27,339,USD,fixed,2,,fixed,,fixed
366176,"FLOHOM 07 -- FLOHOM 07 | Inner Harbor - Canton, Baltimore",hostaway,,2027-12-27,2027-12-27,304,USD,fixed,2,,fixed,,fixed
376368,FLOHOM 08 -- FLOHOM 08 | National Harbor,hostaway,,2027-12-27,2027-12-27,244,USD,fixed,2,,fixed,,fixed
383097,FLOHOM 09 -- FLOHOM 09 | Baltimore Peninsula,hostaway,,2027-12-27,2027-12-27,244,USD,fixed,2,,fixed,,fixed
404358,FLOHOM 10 -- FLOHOM 10 | Virginia Beach,hostaway,,2027-12-27,2027-12-27,304,USD,fixed,2,,fixed,,fixed
427313,FLOHOM 11 -- FLOHOM 11 | Virginia Beach,hostaway,,2027-12-27,2027-12-27,219,USD,fixed,2,,fixed,,fixed
422608,"FLOHOM 12 -- FLOHOM 12 | Inner Harbor - Fells Point, Baltimore",hostaway,,2027-12-27,2027-12-27,304,USD,fixed,2,,fixed,,fixed
485833,"FLOHOM 13 -- FLOHOM 13 | Inner Harbor, Baltimore",hostaway,,2027-12-27,2027-12-27,339,USD,fixed,2,,fixed,,fixed
407612,"FLOHOM 14 -- FLOHOM 14 | Pasadena, Chesapeake Bay",hostaway,,2027-12-27,2027-12-27,219,USD,fixed,2,,fixed,,fixed
467334,FLOHOM 15 -- FLOHOM 15 | North Myrtle Beach,hostaway,,2027-12-27,2027-12-27,309,USD,fixed,2,,fixed,,fixed
510832,FLOHOM 16 | Liberty Landing Marina,hostaway,,2027-12-27,2027-12-27,339,USD,fixed,2,,fixed,,fixed
146908,"FLOHOM 01 -- FLOHOM 01 | Inner Harbor, Baltimore",hostaway,,2027-12-28,2027-12-28,329,USD,fixed,2,,fixed,,fixed
146944,"FLOHOM 02 -- FLOHOM 02 | Inner Harbor - Canton, Baltimore",hostaway,,2027-12-28,2027-12-28,288,USD,fixed,2,,fixed,,fixed
146946,"FLOHOM 03 -- FLOHOM 03 | Magothy River, Annapolis",hostaway,,2027-12-28,2027-12-28,219,USD,fixed,2,,fixed,,fixed
260001,FLOHOM 04 -- FLOHOM 04 | National Harbor,hostaway,,2027-12-28,2027-12-28,329,USD,fixed,2,,fixed,,fixed
278502,"FLOHOM 05 -- FLOHOM 05 | Inner Harbor, Baltimore",hostaway,,2027-12-28,2027-12-28,244,USD,fixed,2,,fixed,,fixed
345316,FLOHOM 06 -- FLOHOM 06 | National Harbor,hostaway,,2027-12-28,2027-12-28,339,USD,fixed,2,,fixed,,fixed
366176,"FLOHOM 07 -- FLOHOM 07 | Inner Harbor - Canton, Baltimore",hostaway,,2027-12-28,2027-12-28,304,USD,fixed,2,,fixed,,fixed
376368,FLOHOM 08 -- FLOHOM 08 | National Harbor,hostaway,,2027-12-28,2027-12-28,244,USD,fixed,2,,fixed,,fixed
383097,FLOHOM 09 -- FLOHOM 09 | Baltimore Peninsula,hostaway,,2027-12-28,2027-12-28,244,USD,fixed,2,,fixed,,fixed
404358,FLOHOM 10 -- FLOHOM 10 | Virginia Beach,hostaway,,2027-12-28,2027-12-28,304,USD,fixed,2,,fixed,,fixed
427313,FLOHOM 11 -- FLOHOM 11 | Virginia Beach,hostaway,,2027-12-28,2027-12-28,219,USD,fixed,2,,fixed,,fixed
422608,"FLOHOM 12 -- FLOHOM 12 | Inner Harbor - Fells Point, Baltimore",hostaway,,2027-12-28,2027-12-28,304,USD,fixed,2,,fixed,,fixed
485833,"FLOHOM 13 -- FLOHOM 13 | Inner Harbor, Baltimore",hostaway,,2027-12-28,2027-12-28,339,USD,fixed,2,,fixed,,fixed
407612,"FLOHOM 14 -- FLOHOM 14 | Pasadena, Chesapeake Bay",hostaway,,2027-12-28,2027-12-28,219,USD,fixed,2,,fixed,,fixed
467334,FLOHOM 15 -- FLOHOM 15 | North Myrtle Beach,hostaway,,2027-12-28,2027-12-28,309,USD,fixed,2,,fixed,,fixed
510832,FLOHOM 16 | Liberty Landing Marina,hostaway,,2027-12-28,2027-12-28,339,USD,fixed,2,,fixed,,fixed
146908,"FLOHOM 01 -- FLOHOM 01 | Inner Harbor, Baltimore",hostaway,,2027-12-29,2027-12-29,329,USD,fixed,2,,fixed,,fixed
146944,"FLOHOM 02 -- FLOHOM 02 | Inner Harbor - Canton, Baltimore",hostaway,,2027-12-29,2027-12-29,288,USD,fixed,2,,fixed,,fixed
146946,"FLOHOM 03 -- FLOHOM 03 | Magothy River, Annapolis",hostaway,,2027-12-29,2027-12-29,219,USD,fixed,2,,fixed,,fixed
260001,FLOHOM 04 -- FLOHOM 04 | National Harbor,hostaway,,2027-12-29,2027-12-29,329,USD,fixed,2,,fixed,,fixed
278502,"FLOHOM 05 -- FLOHOM 05 | Inner Harbor, Baltimore",hostaway,,2027-12-29,2027-12-29,244,USD,fixed,2,,fixed,,fixed
345316,FLOHOM 06 -- FLOHOM 06 | National Harbor,hostaway,,2027-12-29,2027-12-29,339,USD,fixed,2,,fixed,,fixed
366176,"FLOHOM 07 -- FLOHOM 07 | Inner Harbor - Canton, Baltimore",hostaway,,2027-12-29,2027-12-29,304,USD,fixed,2,,fixed,,fixed
376368,FLOHOM 08 -- FLOHOM 08 | National Harbor,hostaway,,2027-12-29,2027-12-29,244,USD,fixed,2,,fixed,,fixed
383097,FLOHOM 09 -- FLOHOM 09 | Baltimore Peninsula,hostaway,,2027-12-29,2027-12-29,244,USD,fixed,2,,fixed,,fixed
404358,FLOHOM 10 -- FLOHOM 10 | Virginia Beach,hostaway,,2027-12-29,2027-12-29,304,USD,fixed,2,,fixed,,fixed
427313,FLOHOM 11 -- FLOHOM 11 | Virginia Beach,hostaway,,2027-12-29,2027-12-29,219,USD,fixed,2,,fixed,,fixed
422608,"FLOHOM 12 -- FLOHOM 12 | Inner Harbor - Fells Point, Baltimore",hostaway,,2027-12-29,2027-12-29,304,USD,fixed,2,,fixed,,fixed
485833,"FLOHOM 13 -- FLOHOM 13 | Inner Harbor, Baltimore",hostaway,,2027-12-29,2027-12-29,339,USD,fixed,2,,fixed,,fixed
407612,"FLOHOM 14 -- FLOHOM 14 | Pasadena, Chesapeake Bay",hostaway,,2027-12-29,2027-12-29,219,USD,fixed,2,,fixed,,fixed
467334,FLOHOM 15 -- FLOHOM 15 | North Myrtle Beach,hostaway,,2027-12-29,2027-12-29,309,USD,fixed,2,,fixed,,fixed
510832,FLOHOM 16 | Liberty Landing Marina,hostaway,,2027-12-29,2027-12-29,339,USD,fixed,2,,fixed,,fixed
146908,"FLOHOM 01 -- FLOHOM 01 | Inner Harbor, Baltimore",hostaway,,2027-12-30,2027-12-30,1729,USD,fixed,2,,fixed,,fixed
146944,"FLOHOM 02 -- FLOHOM 02 | Inner Harbor - Canton, Baltimore",hostaway,,2027-12-30,2027-12-30,1282,USD,fixed,2,,fixed,,fixed
146946,"FLOHOM 03 -- FLOHOM 03 | Magothy River, Annapolis",hostaway,,2027-12-30,2027-12-30,1105,USD,fixed,2,,fixed,,fixed
260001,FLOHOM 04 -- FLOHOM 04 | National Harbor,hostaway,,2027-12-30,2027-12-30,1729,USD,fixed,2,,fixed,,fixed
278502,"FLOHOM 05 -- FLOHOM 05 | Inner Harbor, Baltimore",hostaway,,2027-12-30,2027-12-30,1167,USD,fixed,2,,fixed,,fixed
345316,FLOHOM 06 -- FLOHOM 06 | National Harbor,hostaway,,2027-12-30,2027-12-30,2210,USD,fixed,2,,fixed,,fixed
366176,"FLOHOM 07 -- FLOHOM 07 | Inner Harbor - Canton, Baltimore",hostaway,,2027-12-30,2027-12-30,1517,USD,fixed,2,,fixed,,fixed
376368,FLOHOM 08 -- FLOHOM 08 | National Harbor,hostaway,,2027-12-30,2027-12-30,1167,USD,fixed,2,,fixed,,fixed
383097,FLOHOM 09 -- FLOHOM 09 | Baltimore Peninsula,hostaway,,2027-12-30,2027-12-30,1167,USD,fixed,2,,fixed,,fixed
404358,FLOHOM 10 -- FLOHOM 10 | Virginia Beach,hostaway,,2027-12-30,2027-12-30,1517,USD,fixed,2,,fixed,,fixed
427313,FLOHOM 11 -- FLOHOM 11 | Virginia Beach,hostaway,,2027-12-30,2027-12-30,1105,USD,fixed,2,,fixed,,fixed
422608,"FLOHOM 12 -- FLOHOM 12 | Inner Harbor - Fells Point, Baltimore",hostaway,,2027-12-30,2027-12-30,1517,USD,fixed,2,,fixed,,fixed
485833,"FLOHOM 13 -- FLOHOM 13 | Inner Harbor, Baltimore",hostaway,,2027-12-30,2027-12-30,2210,USD,fixed,2,,fixed,,fixed
407612,"FLOHOM 14 -- FLOHOM 14 | Pasadena, Chesapeake Bay",hostaway,,2027-12-30,2027-12-30,1105,USD,fixed,2,,fixed,,fixed
467334,FLOHOM 15 -- FLOHOM 15 | North Myrtle Beach,hostaway,,2027-12-30,2027-12-30,1844,USD,fixed,2,,fixed,,fixed
510832,FLOHOM 16 | Liberty Landing Marina,hostaway,,2027-12-30,2027-12-30,2210,USD,fixed,2,,fixed,,fixed
146908,"FLOHOM 01 -- FLOHOM 01 | Inner Harbor, Baltimore",hostaway,,2027-12-31,2027-12-31,1729,USD,fixed,2,,fixed,,fixed
146944,"FLOHOM 02 -- FLOHOM 02 | Inner Harbor - Canton, Baltimore",hostaway,,2027-12-31,2027-12-31,1282,USD,fixed,2,,fixed,,fixed
146946,"FLOHOM 03 -- FLOHOM 03 | Magothy River, Annapolis",hostaway,,2027-12-31,2027-12-31,1105,USD,fixed,2,,fixed,,fixed
260001,FLOHOM 04 -- FLOHOM 04 | National Harbor,hostaway,,2027-12-31,2027-12-31,1729,USD,fixed,2,,fixed,,fixed
278502,"FLOHOM 05 -- FLOHOM 05 | Inner Harbor, Baltimore",hostaway,,2027-12-31,2027-12-31,1167,USD,fixed,2,,fixed,,fixed
345316,FLOHOM 06 -- FLOHOM 06 | National Harbor,hostaway,,2027-12-31,2027-12-31,2210,USD,fixed,2,,fixed,,fixed
366176,"FLOHOM 07 -- FLOHOM 07 | Inner Harbor - Canton, Baltimore",hostaway,,2027-12-31,2027-12-31,1517,USD,fixed,2,,fixed,,fixed
376368,FLOHOM 08 -- FLOHOM 08 | National Harbor,hostaway,,2027-12-31,2027-12-31,1167,USD,fixed,2,,fixed,,fixed
383097,FLOHOM 09 -- FLOHOM 09 | Baltimore Peninsula,hostaway,,2027-12-31,2027-12-31,1167,USD,fixed,2,,fixed,,fixed
404358,FLOHOM 10 -- FLOHOM 10 | Virginia Beach,hostaway,,2027-12-31,2027-12-31,1517,USD,fixed,2,,fixed,,fixed
427313,FLOHOM 11 -- FLOHOM 11 | Virginia Beach,hostaway,,2027-12-31,2027-12-31,1105,USD,fixed,2,,fixed,,fixed
422608,"FLOHOM 12 -- FLOHOM 12 | Inner Harbor - Fells Point, Baltimore",hostaway,,2027-12-31,2027-12-31,1517,USD,fixed,2,,fixed,,fixed
485833,"FLOHOM 13 -- FLOHOM 13 | Inner Harbor, Baltimore",hostaway,,2027-12-31,2027-12-31,2210,USD,fixed,2,,fixed,,fixed
407612,"FLOHOM 14 -- FLOHOM 14 | Pasadena, Chesapeake Bay",hostaway,,2027-12-31,2027-12-31,1105,USD,fixed,2,,fixed,,fixed
467334,FLOHOM 15 -- FLOHOM 15 | North Myrtle Beach,hostaway,,2027-12-31,2027-12-31,1844,USD,fixed,2,,fixed,,fixed
510832,FLOHOM 16 | Liberty Landing Marina,hostaway,,2027-12-31,2027-12-31,2210,USD,fixed,2,,fixed,,fixed
146908,"FLOHOM 01 -- FLOHOM 01 | Inner Harbor, Baltimore",hostaway,,2028-01-01,2028-01-01,1729,USD,fixed,2,,fixed,,fixed
146944,"FLOHOM 02 -- FLOHOM 02 | Inner Harbor - Canton, Baltimore",hostaway,,2028-01-01,2028-01-01,1282,USD,fixed,2,,fixed,,fixed
146946,"FLOHOM 03 -- FLOHOM 03 | Magothy River, Annapolis",hostaway,,2028-01-01,2028-01-01,1105,USD,fixed,2,,fixed,,fixed
260001,FLOHOM 04 -- FLOHOM 04 | National Harbor,hostaway,,2028-01-01,2028-01-01,1729,USD,fixed,2,,fixed,,fixed
278502,"FLOHOM 05 -- FLOHOM 05 | Inner Harbor, Baltimore",hostaway,,2028-01-01,2028-01-01,1167,USD,fixed,2,,fixed,,fixed
345316,FLOHOM 06 -- FLOHOM 06 | National Harbor,hostaway,,2028-01-01,2028-01-01,2210,USD,fixed,2,,fixed,,fixed
366176,"FLOHOM 07 -- FLOHOM 07 | Inner Harbor - Canton, Baltimore",hostaway,,2028-01-01,2028-01-01,1517,USD,fixed,2,,fixed,,fixed
376368,FLOHOM 08 -- FLOHOM 08 | National Harbor,hostaway,,2028-01-01,2028-01-01,1167,USD,fixed,2,,fixed,,fixed
383097,FLOHOM 09 -- FLOHOM 09 | Baltimore Peninsula,hostaway,,2028-01-01,2028-01-01,1167,USD,fixed,2,,fixed,,fixed
404358,FLOHOM 10 -- FLOHOM 10 | Virginia Beach,hostaway,,2028-01-01,2028-01-01,1517,USD,fixed,2,,fixed,,fixed
427313,FLOHOM 11 -- FLOHOM 11 | Virginia Beach,hostaway,,2028-01-01,2028-01-01,1105,USD,fixed,2,,fixed,,fixed
422608,"FLOHOM 12 -- FLOHOM 12 | Inner Harbor - Fells Point, Baltimore",hostaway,,2028-01-01,2028-01-01,1517,USD,fixed,2,,fixed,,fixed
485833,"FLOHOM 13 -- FLOHOM 13 | Inner Harbor, Baltimore",hostaway,,2028-01-01,2028-01-01,2210,USD,fixed,2,,fixed,,fixed
407612,"FLOHOM 14 -- FLOHOM 14 | Pasadena, Chesapeake Bay",hostaway,,2028-01-01,2028-01-01,1105,USD,fixed,2,,fixed,,fixed
467334,FLOHOM 15 -- FLOHOM 15 | North Myrtle Beach,hostaway,,2028-01-01,2028-01-01,1844,USD,fixed,2,,fixed,,fixed
510832,FLOHOM 16 | Liberty Landing Marina,hostaway,,2028-01-01,2028-01-01,2210,USD,fixed,2,,fixed,,fixed
146908,"FLOHOM 01 -- FLOHOM 01 | Inner Harbor, Baltimore",hostaway,,2028-01-02,2028-01-02,864,USD,fixed,2,,fixed,,fixed
146944,"FLOHOM 02 -- FLOHOM 02 | Inner Harbor - Canton, Baltimore",hostaway,,2028-01-02,2028-01-02,641,USD,fixed,2,,fixed,,fixed
146946,"FLOHOM 03 -- FLOHOM 03 | Magothy River, Annapolis",hostaway,,2028-01-02,2028-01-02,552,USD,fixed,2,,fixed,,fixed
260001,FLOHOM 04 -- FLOHOM 04 | National Harbor,hostaway,,2028-01-02,2028-01-02,864,USD,fixed,2,,fixed,,fixed
278502,"FLOHOM 05 -- FLOHOM 05 | Inner Harbor, Baltimore",hostaway,,2028-01-02,2028-01-02,583,USD,fixed,2,,fixed,,fixed
345316,FLOHOM 06 -- FLOHOM 06 | National Harbor,hostaway,,2028-01-02,2028-01-02,1105,USD,fixed,2,,fixed,,fixed
366176,"FLOHOM 07 -- FLOHOM 07 | Inner Harbor - Canton, Baltimore",hostaway,,2028-01-02,2028-01-02,758,USD,fixed,2,,fixed,,fixed
376368,FLOHOM 08 -- FLOHOM 08 | National Harbor,hostaway,,2028-01-02,2028-01-02,583,USD,fixed,2,,fixed,,fixed
383097,FLOHOM 09 -- FLOHOM 09 | Baltimore Peninsula,hostaway,,2028-01-02,2028-01-02,583,USD,fixed,2,,fixed,,fixed
404358,FLOHOM 10 -- FLOHOM 10 | Virginia Beach,hostaway,,2028-01-02,2028-01-02,758,USD,fixed,2,,fixed,,fixed
427313,FLOHOM 11 -- FLOHOM 11 | Virginia Beach,hostaway,,2028-01-02,2028-01-02,552,USD,fixed,2,,fixed,,fixed
422608,"FLOHOM 12 -- FLOHOM 12 | Inner Harbor - Fells Point, Baltimore",hostaway,,2028-01-02,2028-01-02,758,USD,fixed,2,,fixed,,fixed
485833,"FLOHOM 13 -- FLOHOM 13 | Inner Harbor, Baltimore",hostaway,,2028-01-02,2028-01-02,1105,USD,fixed,2,,fixed,,fixed
407612,"FLOHOM 14 -- FLOHOM 14 | Pasadena, Chesapeake Bay",hostaway,,2028-01-02,2028-01-02,552,USD,fixed,2,,fixed,,fixed
467334,FLOHOM 15 -- FLOHOM 15 | North Myrtle Beach,hostaway,,2028-01-02,2028-01-02,922,USD,fixed,2,,fixed,,fixed
510832,FLOHOM 16 | Liberty Landing Marina,hostaway,,2028-01-02,2028-01-02,1105,USD,fixed,2,,fixed,,fixed
146908,"FLOHOM 01 -- FLOHOM 01 | Inner Harbor, Baltimore",hostaway,,2028-01-03,2028-01-03,443,USD,fixed,2,,fixed,,fixed
146944,"FLOHOM 02 -- FLOHOM 02 | Inner Harbor - Canton, Baltimore",hostaway,,2028-01-03,2028-01-03,374,USD,fixed,2,,fixed,,fixed
146946,"FLOHOM 03 -- FLOHOM 03 | Magothy River, Annapolis",hostaway,,2028-01-03,2028-01-03,288,USD,fixed,2,,fixed,,fixed
260001,FLOHOM 04 -- FLOHOM 04 | National Harbor,hostaway,,2028-01-03,2028-01-03,443,USD,fixed,2,,fixed,,fixed
278502,"FLOHOM 05 -- FLOHOM 05 | Inner Harbor, Baltimore",hostaway,,2028-01-03,2028-01-03,336,USD,fixed,2,,fixed,,fixed
345316,FLOHOM 06 -- FLOHOM 06 | National Harbor,hostaway,,2028-01-03,2028-01-03,469,USD,fixed,2,,fixed,,fixed
366176,"FLOHOM 07 -- FLOHOM 07 | Inner Harbor - Canton, Baltimore",hostaway,,2028-01-03,2028-01-03,389,USD,fixed,2,,fixed,,fixed
376368,FLOHOM 08 -- FLOHOM 08 | National Harbor,hostaway,,2028-01-03,2028-01-03,336,USD,fixed,2,,fixed,,fixed
383097,FLOHOM 09 -- FLOHOM 09 | Baltimore Peninsula,hostaway,,2028-01-03,2028-01-03,336,USD,fixed,2,,fixed,,fixed
404358,FLOHOM 10 -- FLOHOM 10 | Virginia Beach,hostaway,,2028-01-03,2028-01-03,389,USD,fixed,2,,fixed,,fixed
427313,FLOHOM 11 -- FLOHOM 11 | Virginia Beach,hostaway,,2028-01-03,2028-01-03,288,USD,fixed,2,,fixed,,fixed
422608,"FLOHOM 12 -- FLOHOM 12 | Inner Harbor - Fells Point, Baltimore",hostaway,,2028-01-03,2028-01-03,389,USD,fixed,2,,fixed,,fixed
485833,"FLOHOM 13 -- FLOHOM 13 | Inner Harbor, Baltimore",hostaway,,2028-01-03,2028-01-03,469,USD,fixed,2,,fixed,,fixed
407612,"FLOHOM 14 -- FLOHOM 14 | Pasadena, Chesapeake Bay",hostaway,,2028-01-03,2028-01-03,288,USD,fixed,2,,fixed,,fixed
467334,FLOHOM 15 -- FLOHOM 15 | North Myrtle Beach,hostaway,,2028-01-03,2028-01-03,446,USD,fixed,2,,fixed,,fixed
510832,FLOHOM 16 | Liberty Landing Marina,hostaway,,2028-01-03,2028-01-03,469,USD,fixed,2,,fixed,,fixed
146908,"FLOHOM 01 -- FLOHOM 01 | Inner Harbor, Baltimore",hostaway,,2028-01-04,2028-01-04,443,USD,fixed,2,,fixed,,fixed
146944,"FLOHOM 02 -- FLOHOM 02 | Inner Harbor - Canton, Baltimore",hostaway,,2028-01-04,2028-01-04,374,USD,fixed,2,,fixed,,fixed
146946,"FLOHOM 03 -- FLOHOM 03 | Magothy River, Annapolis",hostaway,,2028-01-04,2028-01-04,288,USD,fixed,2,,fixed,,fixed
260001,FLOHOM 04 -- FLOHOM 04 | National Harbor,hostaway,,2028-01-04,2028-01-04,443,USD,fixed,2,,fixed,,fixed
278502,"FLOHOM 05 -- FLOHOM 05 | Inner Harbor, Baltimore",hostaway,,2028-01-04,2028-01-04,336,USD,fixed,2,,fixed,,fixed
345316,FLOHOM 06 -- FLOHOM 06 | National Harbor,hostaway,,2028-01-04,2028-01-04,469,USD,fixed,2,,fixed,,fixed
366176,"FLOHOM 07 -- FLOHOM 07 | Inner Harbor - Canton, Baltimore",hostaway,,2028-01-04,2028-01-04,389,USD,fixed,2,,fixed,,fixed
376368,FLOHOM 08 -- FLOHOM 08 | National Harbor,hostaway,,2028-01-04,2028-01-04,336,USD,fixed,2,,fixed,,fixed
383097,FLOHOM 09 -- FLOHOM 09 | Baltimore Peninsula,hostaway,,2028-01-04,2028-01-04,336,USD,fixed,2,,fixed,,fixed
404358,FLOHOM 10 -- FLOHOM 10 | Virginia Beach,hostaway,,2028-01-04,2028-01-04,389,USD,fixed,2,,fixed,,fixed
427313,FLOHOM 11 -- FLOHOM 11 | Virginia Beach,hostaway,,2028-01-04,2028-01-04,288,USD,fixed,2,,fixed,,fixed
422608,"FLOHOM 12 -- FLOHOM 12 | Inner Harbor - Fells Point, Baltimore",hostaway,,2028-01-04,2028-01-04,389,USD,fixed,2,,fixed,,fixed
485833,"FLOHOM 13 -- FLOHOM 13 | Inner Harbor, Baltimore",hostaway,,2028-01-04,2028-01-04,469,USD,fixed,2,,fixed,,fixed
407612,"FLOHOM 14 -- FLOHOM 14 | Pasadena, Chesapeake Bay",hostaway,,2028-01-04,2028-01-04,288,USD,fixed,2,,fixed,,fixed
467334,FLOHOM 15 -- FLOHOM 15 | North Myrtle Beach,hostaway,,2028-01-04,2028-01-04,446,USD,fixed,2,,fixed,,fixed
510832,FLOHOM 16 | Liberty Landing Marina,hostaway,,2028-01-04,2028-01-04,469,USD,fixed,2,,fixed,,fixed
146908,"FLOHOM 01 -- FLOHOM 01 | Inner Harbor, Baltimore",hostaway,,2028-01-05,2028-01-05,443,USD,fixed,2,,fixed,,fixed
146944,"FLOHOM 02 -- FLOHOM 02 | Inner Harbor - Canton, Baltimore",hostaway,,2028-01-05,2028-01-05,374,USD,fixed,2,,fixed,,fixed
146946,"FLOHOM 03 -- FLOHOM 03 | Magothy River, Annapolis",hostaway,,2028-01-05,2028-01-05,288,USD,fixed,2,,fixed,,fixed
260001,FLOHOM 04 -- FLOHOM 04 | National Harbor,hostaway,,2028-01-05,2028-01-05,443,USD,fixed,2,,fixed,,fixed
278502,"FLOHOM 05 -- FLOHOM 05 | Inner Harbor, Baltimore",hostaway,,2028-01-05,2028-01-05,336,USD,fixed,2,,fixed,,fixed
345316,FLOHOM 06 -- FLOHOM 06 | National Harbor,hostaway,,2028-01-05,2028-01-05,469,USD,fixed,2,,fixed,,fixed
366176,"FLOHOM 07 -- FLOHOM 07 | Inner Harbor - Canton, Baltimore",hostaway,,2028-01-05,2028-01-05,389,USD,fixed,2,,fixed,,fixed
376368,FLOHOM 08 -- FLOHOM 08 | National Harbor,hostaway,,2028-01-05,2028-01-05,336,USD,fixed,2,,fixed,,fixed
383097,FLOHOM 09 -- FLOHOM 09 | Baltimore Peninsula,hostaway,,2028-01-05,2028-01-05,336,USD,fixed,2,,fixed,,fixed
404358,FLOHOM 10 -- FLOHOM 10 | Virginia Beach,hostaway,,2028-01-05,2028-01-05,389,USD,fixed,2,,fixed,,fixed
427313,FLOHOM 11 -- FLOHOM 11 | Virginia Beach,hostaway,,2028-01-05,2028-01-05,288,USD,fixed,2,,fixed,,fixed
422608,"FLOHOM 12 -- FLOHOM 12 | Inner Harbor - Fells Point, Baltimore",hostaway,,2028-01-05,2028-01-05,389,USD,fixed,2,,fixed,,fixed
485833,"FLOHOM 13 -- FLOHOM 13 | Inner Harbor, Baltimore",hostaway,,2028-01-05,2028-01-05,469,USD,fixed,2,,fixed,,fixed
407612,"FLOHOM 14 -- FLOHOM 14 | Pasadena, Chesapeake Bay",hostaway,,2028-01-05,2028-01-05,288,USD,fixed,2,,fixed,,fixed
467334,FLOHOM 15 -- FLOHOM 15 | North Myrtle Beach,hostaway,,2028-01-05,2028-01-05,446,USD,fixed,2,,fixed,,fixed
510832,FLOHOM 16 | Liberty Landing Marina,hostaway,,2028-01-05,2028-01-05,469,USD,fixed,2,,fixed,,fixed
146908,"FLOHOM 01 -- FLOHOM 01 | Inner Harbor, Baltimore",hostaway,,2028-01-06,2028-01-06,503,USD,fixed,2,,fixed,,fixed
146944,"FLOHOM 02 -- FLOHOM 02 | Inner Harbor - Canton, Baltimore",hostaway,,2028-01-06,2028-01-06,455,USD,fixed,2,,fixed,,fixed
146946,"FLOHOM 03 -- FLOHOM 03 | Magothy River, Annapolis",hostaway,,2028-01-06,2028-01-06,371,USD,fixed,2,,fixed,,fixed
260001,FLOHOM 04 -- FLOHOM 04 | National Harbor,hostaway,,2028-01-06,2028-01-06,503,USD,fixed,2,,fixed,,fixed
278502,"FLOHOM 05 -- FLOHOM 05 | Inner Harbor, Baltimore",hostaway,,2028-01-06,2028-01-06,419,USD,fixed,2,,fixed,,fixed
345316,FLOHOM 06 -- FLOHOM 06 | National Harbor,hostaway,,2028-01-06,2028-01-06,593,USD,fixed,2,,fixed,,fixed
366176,"FLOHOM 07 -- FLOHOM 07 | Inner Harbor - Canton, Baltimore",hostaway,,2028-01-06,2028-01-06,473,USD,fixed,2,,fixed,,fixed
376368,FLOHOM 08 -- FLOHOM 08 | National Harbor,hostaway,,2028-01-06,2028-01-06,419,USD,fixed,2,,fixed,,fixed
383097,FLOHOM 09 -- FLOHOM 09 | Baltimore Peninsula,hostaway,,2028-01-06,2028-01-06,419,USD,fixed,2,,fixed,,fixed
404358,FLOHOM 10 -- FLOHOM 10 | Virginia Beach,hostaway,,2028-01-06,2028-01-06,473,USD,fixed,2,,fixed,,fixed
427313,FLOHOM 11 -- FLOHOM 11 | Virginia Beach,hostaway,,2028-01-06,2028-01-06,371,USD,fixed,2,,fixed,,fixed
422608,"FLOHOM 12 -- FLOHOM 12 | Inner Harbor - Fells Point, Baltimore",hostaway,,2028-01-06,2028-01-06,473,USD,fixed,2,,fixed,,fixed
485833,"FLOHOM 13 -- FLOHOM 13 | Inner Harbor, Baltimore",hostaway,,2028-01-06,2028-01-06,593,USD,fixed,2,,fixed,,fixed
407612,"FLOHOM 14 -- FLOHOM 14 | Pasadena, Chesapeake Bay",hostaway,,2028-01-06,2028-01-06,371,USD,fixed,2,,fixed,,fixed
467334,FLOHOM 15 -- FLOHOM 15 | North Myrtle Beach,hostaway,,2028-01-06,2028-01-06,533,USD,fixed,2,,fixed,,fixed
510832,FLOHOM 16 | Liberty Landing Marina,hostaway,,2028-01-06,2028-01-06,593,USD,fixed,2,,fixed,,fixed
146908,"FLOHOM 01 -- FLOHOM 01 | Inner Harbor, Baltimore",hostaway,,2028-01-07,2028-01-07,599,USD,fixed,2,,fixed,,fixed
146944,"FLOHOM 02 -- FLOHOM 02 | Inner Harbor - Canton, Baltimore",hostaway,,2028-01-07,2028-01-07,533,USD,fixed,2,,fixed,,fixed
146946,"FLOHOM 03 -- FLOHOM 03 | Magothy River, Annapolis",hostaway,,2028-01-07,2028-01-07,449,USD,fixed,2,,fixed,,fixed
260001,FLOHOM 04 -- FLOHOM 04 | National Harbor,hostaway,,2028-01-07,2028-01-07,599,USD,fixed,2,,fixed,,fixed
278502,"FLOHOM 05 -- FLOHOM 05 | Inner Harbor, Baltimore",hostaway,,2028-01-07,2028-01-07,485,USD,fixed,2,,fixed,,fixed
345316,FLOHOM 06 -- FLOHOM 06 | National Harbor,hostaway,,2028-01-07,2028-01-07,714,USD,fixed,2,,fixed,,fixed
366176,"FLOHOM 07 -- FLOHOM 07 | Inner Harbor - Canton, Baltimore",hostaway,,2028-01-07,2028-01-07,569,USD,fixed,2,,fixed,,fixed
376368,FLOHOM 08 -- FLOHOM 08 | National Harbor,hostaway,,2028-01-07,2028-01-07,485,USD,fixed,2,,fixed,,fixed
383097,FLOHOM 09 -- FLOHOM 09 | Baltimore Peninsula,hostaway,,2028-01-07,2028-01-07,485,USD,fixed,2,,fixed,,fixed
404358,FLOHOM 10 -- FLOHOM 10 | Virginia Beach,hostaway,,2028-01-07,2028-01-07,569,USD,fixed,2,,fixed,,fixed
427313,FLOHOM 11 -- FLOHOM 11 | Virginia Beach,hostaway,,2028-01-07,2028-01-07,449,USD,fixed,2,,fixed,,fixed
422608,"FLOHOM 12 -- FLOHOM 12 | Inner Harbor - Fells Point, Baltimore",hostaway,,2028-01-07,2028-01-07,569,USD,fixed,2,,fixed,,fixed
485833,"FLOHOM 13 -- FLOHOM 13 | Inner Harbor, Baltimore",hostaway,,2028-01-07,2028-01-07,714,USD,fixed,2,,fixed,,fixed
407612,"FLOHOM 14 -- FLOHOM 14 | Pasadena, Chesapeake Bay",hostaway,,2028-01-07,2028-01-07,449,USD,fixed,2,,fixed,,fixed
467334,FLOHOM 15 -- FLOHOM 15 | North Myrtle Beach,hostaway,,2028-01-07,2028-01-07,641,USD,fixed,2,,fixed,,fixed
510832,FLOHOM 16 | Liberty Landing Marina,hostaway,,2028-01-07,2028-01-07,714,USD,fixed,2,,fixed,,fixed
146908,"FLOHOM 01 -- FLOHOM 01 | Inner Harbor, Baltimore",hostaway,,2028-01-08,2028-01-08,599,USD,fixed,2,,fixed,,fixed
146944,"FLOHOM 02 -- FLOHOM 02 | Inner Harbor - Canton, Baltimore",hostaway,,2028-01-08,2028-01-08,533,USD,fixed,2,,fixed,,fixed
146946,"FLOHOM 03 -- FLOHOM 03 | Magothy River, Annapolis",hostaway,,2028-01-08,2028-01-08,449,USD,fixed,2,,fixed,,fixed
260001,FLOHOM 04 -- FLOHOM 04 | National Harbor,hostaway,,2028-01-08,2028-01-08,599,USD,fixed,2,,fixed,,fixed
278502,"FLOHOM 05 -- FLOHOM 05 | Inner Harbor, Baltimore",hostaway,,2028-01-08,2028-01-08,485,USD,fixed,2,,fixed,,fixed
345316,FLOHOM 06 -- FLOHOM 06 | National Harbor,hostaway,,2028-01-08,2028-01-08,714,USD,fixed,2,,fixed,,fixed
366176,"FLOHOM 07 -- FLOHOM 07 | Inner Harbor - Canton, Baltimore",hostaway,,2028-01-08,2028-01-08,569,USD,fixed,2,,fixed,,fixed
376368,FLOHOM 08 -- FLOHOM 08 | National Harbor,hostaway,,2028-01-08,2028-01-08,485,USD,fixed,2,,fixed,,fixed
383097,FLOHOM 09 -- FLOHOM 09 | Baltimore Peninsula,hostaway,,2028-01-08,2028-01-08,485,USD,fixed,2,,fixed,,fixed
404358,FLOHOM 10 -- FLOHOM 10 | Virginia Beach,hostaway,,2028-01-08,2028-01-08,569,USD,fixed,2,,fixed,,fixed
427313,FLOHOM 11 -- FLOHOM 11 | Virginia Beach,hostaway,,2028-01-08,2028-01-08,449,USD,fixed,2,,fixed,,fixed
422608,"FLOHOM 12 -- FLOHOM 12 | Inner Harbor - Fells Point, Baltimore",hostaway,,2028-01-08,2028-01-08,569,USD,fixed,2,,fixed,,fixed
485833,"FLOHOM 13 -- FLOHOM 13 | Inner Harbor, Baltimore",hostaway,,2028-01-08,2028-01-08,714,USD,fixed,2,,fixed,,fixed
407612,"FLOHOM 14 -- FLOHOM 14 | Pasadena, Chesapeake Bay",hostaway,,2028-01-08,2028-01-08,449,USD,fixed,2,,fixed,,fixed
467334,FLOHOM 15 -- FLOHOM 15 | North Myrtle Beach,hostaway,,2028-01-08,2028-01-08,533,USD,fixed,2,,fixed,,fixed
510832,FLOHOM 16 | Liberty Landing Marina,hostaway,,2028-01-08,2028-01-08,714,USD,fixed,2,,fixed,,fixed
146908,"FLOHOM 01 -- FLOHOM 01 | Inner Harbor, Baltimore",hostaway,,2028-01-09,2028-01-09,503,USD,fixed,2,,fixed,,fixed
146944,"FLOHOM 02 -- FLOHOM 02 | Inner Harbor - Canton, Baltimore",hostaway,,2028-01-09,2028-01-09,455,USD,fixed,2,,fixed,,fixed
146946,"FLOHOM 03 -- FLOHOM 03 | Magothy River, Annapolis",hostaway,,2028-01-09,2028-01-09,371,USD,fixed,2,,fixed,,fixed
260001,FLOHOM 04 -- FLOHOM 04 | National Harbor,hostaway,,2028-01-09,2028-01-09,503,USD,fixed,2,,fixed,,fixed
278502,"FLOHOM 05 -- FLOHOM 05 | Inner Harbor, Baltimore",hostaway,,2028-01-09,2028-01-09,419,USD,fixed,2,,fixed,,fixed
345316,FLOHOM 06 -- FLOHOM 06 | National Harbor,hostaway,,2028-01-09,2028-01-09,593,USD,fixed,2,,fixed,,fixed
366176,"FLOHOM 07 -- FLOHOM 07 | Inner Harbor - Canton, Baltimore",hostaway,,2028-01-09,2028-01-09,473,USD,fixed,2,,fixed,,fixed
376368,FLOHOM 08 -- FLOHOM 08 | National Harbor,hostaway,,2028-01-09,2028-01-09,419,USD,fixed,2,,fixed,,fixed
383097,FLOHOM 09 -- FLOHOM 09 | Baltimore Peninsula,hostaway,,2028-01-09,2028-01-09,419,USD,fixed,2,,fixed,,fixed
404358,FLOHOM 10 -- FLOHOM 10 | Virginia Beach,hostaway,,2028-01-09,2028-01-09,473,USD,fixed,2,,fixed,,fixed
427313,FLOHOM 11 -- FLOHOM 11 | Virginia Beach,hostaway,,2028-01-09,2028-01-09,371,USD,fixed,2,,fixed,,fixed
422608,"FLOHOM 12 -- FLOHOM 12 | Inner Harbor - Fells Point, Baltimore",hostaway,,2028-01-09,2028-01-09,473,USD,fixed,2,,fixed,,fixed
485833,"FLOHOM 13 -- FLOHOM 13 | Inner Harbor, Baltimore",hostaway,,2028-01-09,2028-01-09,593,USD,fixed,2,,fixed,,fixed
407612,"FLOHOM 14 -- FLOHOM 14 | Pasadena, Chesapeake Bay",hostaway,,2028-01-09,2028-01-09,371,USD,fixed,2,,fixed,,fixed
467334,FLOHOM 15 -- FLOHOM 15 | North Myrtle Beach,hostaway,,2028-01-09,2028-01-09,750,USD,fixed,2,,fixed,,fixed
510832,FLOHOM 16 | Liberty Landing Marina,hostaway,,2028-01-09,2028-01-09,593,USD,fixed,2,,fixed,,fixed