date,unit_id,active,listing_start_date,start_date_source,out_of_window,property_revenue,property_room_nights,bookings,property_revpar,month_day,listing_revpar_doy_avg,contributing_year_count,data_years_contributing,insufficient_data,tier_id,tier_label
2024-01-01,Double Queen,True,2024-01-01,config,False,0.0,0.0,0.0,0.0,01-01,496.46111111111105,3.0,"2024,2025,2026",False,3,Shoulder
2024-01-02,Double Queen,True,2024-01-01,config,False,103.5,1.0,1.0,103.5,01-02,531.6061111111111,3.0,"2024,2025,2026",False,2,Low
2024-01-03,Double Queen,True,2024-01-01,config,False,103.5,1.0,0.0,103.5,01-03,488.4183333333333,3.0,"2024,2025,2026",False,2,Low
2024-01-04,Double Queen,True,2024-01-01,config,False,103.5,1.0,0.0,103.5,01-04,292.7888888888889,3.0,"2024,2025,2026",False,2,Low
2024-01-05,Double Queen,True,2024-01-01,config,False,0.0,0.0,0.0,0.0,01-05,133.13888888888889,3.0,"2024,2025,2026",False,2,Low
2024-01-06,Double Queen,True,2024-01-01,config,False,0.0,0.0,0.0,0.0,01-06,103.30555555555556,3.0,"2024,2025,2026",False,2,Low
2024-01-07,Double Queen,True,2024-01-01,config,False,0.0,0.0,0.0,0.0,01-07,44.916666666666664,3.0,"2024,2025,2026",False,2,Low
2024-01-08,Double Queen,True,2024-01-01,config,False,0.0,0.0,0.0,0.0,01-08,112.91666666666667,3.0,"2024,2025,2026",False,2,Low
2024-01-09,Double Queen,True,2024-01-01,config,False,0.0,0.0,0.0,0.0,01-09,194.41666666666666,3.0,"2024,2025,2026",False,2,Low
2024-01-10,Double Queen,True,2024-01-01,config,False,151.2,2.0,2.0,151.2,01-10,362.3333333333333,3.0,"2024,2025,2026",False,2,Low
2024-01-11,Double Queen,True,2024-01-01,config,False,160.35,2.0,2.0,160.35,01-11,203.01666666666665,3.0,"2024,2025,2026",False,2,Low
2024-01-12,Double Queen,True,2024-01-01,config,False,322.95,4.0,2.0,322.95,01-12,193.01666666666665,3.0,"2024,2025,2026",False,2,Low
2024-01-13,Double Queen,True,2024-01-01,config,False,256.8,3.0,2.0,256.8,01-13,253.0233333333333,3.0,"2024,2025,2026",False,2,Low
2024-01-14,Double Queen,True,2024-01-01,config,False,154.2,2.0,1.0,154.2,01-14,198.69999999999996,3.0,"2024,2025,2026",False,2,Low
2024-01-15,Double Queen,True,2024-01-01,config,False,0.0,0.0,0.0,0.0,01-15,62.03333333333333,3.0,"2024,2025,2026",False,2,Low
2024-01-16,Double Queen,True,2024-01-01,config,False,79.0,1.0,1.0,79.0,01-16,252.15,3.0,"2024,2025,2026",False,2,Low
2024-01-17,Double Queen,True,2024-01-01,config,False,159.0,2.0,1.0,159.0,01-17,340.53000000000003,3.0,"2024,2025,2026",False,2,Low
2024-01-18,Double Queen,True,2024-01-01,config,False,78.60000000000001,1.0,1.0,78.60000000000001,01-18,349.4466666666667,3.0,"2024,2025,2026",False,2,Low
2024-01-19,Double Queen,True,2024-01-01,config,False,78.60000000000001,1.0,0.0,78.60000000000001,01-19,208.4,3.0,"2024,2025,2026",False,2,Low
2024-01-20,Double Queen,True,2024-01-01,config,False,78.60000000000001,1.0,0.0,78.60000000000001,01-20,48.01666666666667,3.0,"2024,2025,2026",False,2,Low
2024-01-21,Double Queen,True,2024-01-01,config,False,0.0,0.0,0.0,0.0,01-21,25.666666666666668,3.0,"2024,2025,2026",False,1,Soft
2024-01-22,Double Queen,True,2024-01-01,config,False,0.0,0.0,0.0,0.0,01-22,0.0,3.0,"2024,2025,2026",False,1,Soft
2024-01-23,Double Queen,True,2024-01-01,config,False,0.0,0.0,0.0,0.0,01-23,251.17666666666665,3.0,"2024,2025,2026",False,1,Soft
2024-01-24,Double Queen,True,2024-01-01,config,False,0.0,0.0,0.0,0.0,01-24,258.2266666666667,3.0,"2024,2025,2026",False,1,Soft
2024-01-25,Double Queen,True,2024-01-01,config,False,0.0,0.0,0.0,0.0,01-25,106.07000000000001,3.0,"2024,2025,2026",False,1,Soft
2024-01-26,Double Queen,True,2024-01-01,config,False,0.0,0.0,0.0,0.0,01-26,75.87,3.0,"2024,2025,2026",False,1,Soft
2024-01-27,Double Queen,True,2024-01-01,config,False,0.0,0.0,0.0,0.0,01-27,25.30333333333333,3.0,"2024,2025,2026",False,1,Soft
2024-01-28,Double Queen,True,2024-01-01,config,False,0.0,0.0,0.0,0.0,01-28,25.570833333333336,3.0,"2024,2025,2026",False,1,Soft
2024-01-29,Double Queen,True,2024-01-01,config,False,79.0,1.0,1.0,79.0,01-29,104.36083333333333,3.0,"2024,2025,2026",False,1,Soft
2024-01-30,Double Queen,True,2024-01-01,config,False,0.0,0.0,0.0,0.0,01-30,325.9941666666667,3.0,"2024,2025,2026",False,1,Soft
2024-01-31,Double Queen,True,2024-01-01,config,False,77.10000000000001,1.0,1.0,77.10000000000001,01-31,373.7108333333333,3.0,"2024,2025,2026",False,1,Soft
2024-02-01,Double Queen,True,2024-01-01,config,False,170.10000000000002,2.0,1.0,170.10000000000002,02-01,203.47333333333336,3.0,"2024,2025,2026",False,1,Soft
2024-02-02,Double Queen,True,2024-01-01,config,False,415.3,5.0,3.0,415.3,02-02,138.43333333333334,3.0,"2024,2025,2026",False,1,Soft
2024-02-03,Double Queen,True,2024-01-01,config,False,333.29999999999995,4.0,1.0,333.29999999999995,02-03,174.4333333333333,3.0,"2024,2025,2026",False,1,Soft
2024-02-04,Double Queen,True,2024-01-01,config,False,0.0,0.0,0.0,0.0,02-04,83.0,3.0,"2024,2025,2026",False,1,Soft
2024-02-05,Double Queen,True,2024-01-01,config,False,158.0,2.0,2.0,158.0,02-05,168.46666666666667,3.0,"2024,2025,2026",False,1,Soft
2024-02-06,Double Queen,True,2024-01-01,config,False,154.6,2.0,1.0,154.6,02-06,299.2966666666667,3.0,"2024,2025,2026",False,1,Soft
2024-02-07,Double Queen,True,2024-01-01,config,False,79.0,1.0,0.0,79.0,02-07,308.31333333333333,3.0,"2024,2025,2026",False,1,Soft
2024-02-08,Double Queen,True,2024-01-01,config,False,0.0,0.0,0.0,0.0,02-08,161.85666666666665,3.0,"2024,2025,2026",False,1,Soft
2024-02-09,Double Queen,True,2024-01-01,config,False,161.5,2.0,2.0,161.5,02-09,79.5,3.0,"2024,2025,2026",False,1,Soft
2024-02-10,Double Queen,True,2024-01-01,config,False,81.39999999999999,1.0,0.0,81.39999999999999,02-10,52.79999999999999,3.0,"2024,2025,2026",False,2,Low
2024-02-11,Double Queen,True,2024-01-01,config,False,81.39999999999999,1.0,0.0,81.39999999999999,02-11,91.91111111111111,3.0,"2024,2025,2026",False,2,Low
2024-02-12,Double Queen,True,2024-01-01,config,False,75.6,1.0,1.0,75.6,02-12,142.3111111111111,3.0,"2024,2025,2026",False,2,Low
2024-02-13,Double Queen,True,2024-01-01,config,False,75.6,1.0,1.0,75.6,02-13,293.84666666666664,3.0,"2024,2025,2026",False,2,Low
2024-02-14,Double Queen,True,2024-01-01,config,False,0.0,0.0,0.0,0.0,02-14,351.1588888888889,3.0,"2024,2025,2026",False,2,Low
2024-02-15,Double Queen,True,2024-01-01,config,False,160.63,2.0,2.0,160.63,02-15,309.2088888888889,3.0,"2024,2025,2026",False,2,Low
2024-02-16,Double Queen,True,2024-01-01,config,False,242.7,3.0,3.0,242.7,02-16,253.03333333333333,3.0,"2024,2025,2026",False,2,Low
2024-02-17,Double Queen,True,2024-01-01,config,False,409.28,5.0,4.0,409.28,02-17,221.35999999999999,3.0,"2024,2025,2026",False,2,Low
2024-02-18,Double Queen,True,2024-01-01,config,False,158.7,2.0,0.0,158.7,02-18,190.63,3.0,"2024,2025,2026",False,2,Low
2024-02-19,Double Queen,True,2024-01-01,config,False,0.0,0.0,0.0,0.0,02-19,114.34444444444445,3.0,"2024,2025,2026",False,2,Low
2024-02-20,Double Queen,True,2024-01-01,config,False,0.0,0.0,0.0,0.0,02-20,206.7877777777778,3.0,"2024,2025,2026",False,2,Low
2024-02-21,Double Queen,True,2024-01-01,config,False,75.6,1.0,1.0,75.6,02-21,360.31111111111113,3.0,"2024,2025,2026",False,2,Low
2024-02-22,Double Queen,True,2024-01-01,config,False,0.0,0.0,0.0,0.0,02-22,172.74333333333334,3.0,"2024,2025,2026",False,2,Low
2024-02-23,Double Queen,True,2024-01-01,config,False,332.1,4.0,4.0,332.1,02-23,189.76,3.0,"2024,2025,2026",False,2,Low
2024-02-24,Double Queen,True,2024-01-01,config,False,157.95,2.0,2.0,157.95,02-24,131.71,3.0,"2024,2025,2026",False,1,Soft
2024-02-25,Double Queen,True,2024-01-01,config,False,77.85,1.0,0.0,77.85,02-25,145.17666666666668,3.0,"2024,2025,2026",False,1,Soft
2024-02-26,Double Queen,True,2024-01-01,config,False,0.0,0.0,0.0,0.0,02-26,79.06,3.0,"2024,2025,2026",False,1,Soft
2024-02-27,Double Queen,True,2024-01-01,config,False,79.0,1.0,1.0,79.0,02-27,150.16,3.0,"2024,2025,2026",False,1,Soft
2024-02-28,Double Queen,True,2024-01-01,config,False,50.0,1.0,1.0,50.0,02-28,224.65666666666667,3.0,"2024,2025,2026",False,1,Soft
2024-02-29,Double Queen,True,2024-01-01,config,False,215.05,3.0,2.0,215.05,02-29,215.05,1.0,2024,False,1,Soft
2024-03-01,Double Queen,True,2024-01-01,config,False,185.05,2.0,1.0,185.05,03-01,161.0666666666667,3.0,"2024,2025,2026",False,1,Soft
2024-03-02,Double Queen,True,2024-01-01,config,False,100.0,1.0,1.0,100.0,03-02,67.61666666666666,3.0,"2024,2025,2026",False,1,Soft
2024-03-03,Double Queen,True,2024-01-01,config,False,190.0,2.0,1.0,190.0,03-03,63.333333333333336,3.0,"2024,2025,2026",False,1,Soft
2024-03-04,Double Queen,True,2024-01-01,config,False,85.5,1.0,1.0,85.5,03-04,65.83333333333333,3.0,"2024,2025,2026",False,1,Soft
2024-03-05,Double Queen,True,2024-01-01,config,False,85.5,1.0,0.0,85.5,03-05,71.05555555555556,3.0,"2024,2025,2026",False,1,Soft
2024-03-06,Double Queen,True,2024-01-01,config,False,0.0,0.0,0.0,0.0,03-06,118.8888888888889,3.0,"2024,2025,2026",False,2,Low
2024-03-07,Double Queen,True,2024-01-01,config,False,91.5,1.0,1.0,91.5,03-07,190.93888888888887,3.0,"2024,2025,2026",False,2,Low
2024-03-08,Double Queen,True,2024-01-01,config,False,186.0,2.0,1.0,186.0,03-08,203.16333333333333,3.0,"2024,2025,2026",False,2,Low
2024-03-09,Double Queen,True,2024-01-01,config,False,689.5,7.0,6.0,689.5,03-09,364.73,3.0,"2024,2025,2026",False,2,Low
2024-03-10,Double Queen,True,2024-01-01,config,False,366.5,4.0,4.0,366.5,03-10,294.1433333333334,3.0,"2024,2025,2026",False,2,Low
2024-03-11,Double Queen,True,2024-01-01,config,False,470.0,5.0,5.0,470.0,03-11,359.62999999999994,3.0,"2024,2025,2026",False,2,Low
2024-03-12,Double Queen,True,2024-01-01,config,False,656.5,7.0,5.0,656.5,03-12,416.1688888888889,3.0,"2024,2025,2026",False,3,Shoulder
2024-03-13,Double Queen,True,2024-01-01,config,False,462.5,5.0,2.0,462.5,03-13,430.3655555555556,3.0,"2024,2025,2026",False,3,Shoulder
2024-03-14,Double Queen,True,2024-01-01,config,False,652.9,7.0,4.0,652.9,03-14,468.3888888888889,3.0,"2024,2025,2026",False,3,Shoulder
2024-03-15,Double Queen,True,2024-01-01,config,False,596.9,6.0,2.0,596.9,03-15,379.8433333333333,3.0,"2024,2025,2026",False,3,Shoulder
2024-03-16,Double Queen,True,2024-01-01,config,False,600.9,6.0,4.0,600.9,03-16,371.6499999999999,3.0,"2024,2025,2026",False,3,Shoulder
2024-03-17,Double Queen,True,2024-01-01,config,False,376.1,4.0,1.0,376.1,03-17,335.8333333333333,3.0,"2024,2025,2026",False,3,Shoulder
2024-03-18,Double Queen,True,2024-01-01,config,False,190.05,2.0,1.0,190.05,03-18,364.84666666666664,3.0,"2024,2025,2026",False,3,Shoulder
2024-03-19,Double Queen,True,2024-01-01,config,False,184.8,2.0,1.0,184.8,03-19,372.9866666666667,3.0,"2024,2025,2026",False,3,Shoulder
2024-03-20,Double Queen,True,2024-01-01,config,False,445.6333333333333,5.0,4.0,445.6333333333333,03-20,407.7336111111111,3.0,"2024,2025,2026",False,3,Shoulder
2024-03-21,Double Queen,True,2024-01-01,config,False,454.6333333333333,5.0,1.0,454.6333333333333,03-21,382.81361111111113,3.0,"2024,2025,2026",False,3,Shoulder
2024-03-22,Double Queen,True,2024-01-01,config,False,184.33333333333331,2.0,0.0,184.33333333333331,03-22,177.64444444444442,3.0,"2024,2025,2026",False,3,Shoulder
2024-03-23,Double Queen,True,2024-01-01,config,False,288.0,3.0,2.0,288.0,03-23,253.49333333333334,3.0,"2024,2025,2026",False,3,Shoulder
2024-03-24,Double Queen,True,2024-01-01,config,False,153.1,2.0,2.0,153.1,03-24,169.33333333333334,3.0,"2024,2025,2026",False,3,Shoulder
2024-03-25,Double Queen,True,2024-01-01,config,False,90.0,1.0,1.0,90.0,03-25,127.5,3.0,"2024,2025,2026",False,3,Shoulder
2024-03-26,Double Queen,True,2024-01-01,config,False,85.5,1.0,1.0,85.5,03-26,248.00777777777776,3.0,"2024,2025,2026",False,2,Low
2024-03-27,Double Queen,True,2024-01-01,config,False,0.0,0.0,0.0,0.0,03-27,299.72777777777776,3.0,"2024,2025,2026",False,2,Low
2024-03-28,Double Queen,True,2024-01-01,config,False,90.0,1.0,1.0,90.0,03-28,349.62444444444446,3.0,"2024,2025,2026",False,2,Low
2024-03-29,Double Queen,True,2024-01-01,config,False,919.5,9.0,8.0,919.5,03-29,549.7222222222222,3.0,"2024,2025,2026",False,2,Low
2024-03-30,Double Queen,True,2024-01-01,config,False,100.0,1.0,1.0,100.0,03-30,173.02555555555554,3.0,"2024,2025,2026",False,2,Low
2024-03-31,Double Queen,True,2024-01-01,config,False,0.0,0.0,0.0,0.0,03-31,140.77222222222224,3.0,"2024,2025,2026",False,2,Low
2024-04-01,Double Queen,True,2024-01-01,config,False,134.08333333333331,2.0,2.0,134.08333333333331,04-01,253.75,3.0,"2024,2025,2026",False,3,Shoulder
2024-04-02,Double Queen,True,2024-01-01,config,False,208.63,3.0,2.0,208.63,04-02,243.35555555555558,3.0,"2024,2025,2026",False,3,Shoulder
2024-04-03,Double Queen,True,2024-01-01,config,False,282.25,4.0,3.0,282.25,04-03,346.2988888888888,3.0,"2024,2025,2026",False,2,Low
2024-04-04,Double Queen,True,2024-01-01,config,False,451.85,6.0,5.0,451.85,04-04,353.8072222222222,3.0,"2024,2025,2026",False,2,Low
2024-04-05,Double Queen,True,2024-01-01,config,False,673.3,7.0,5.0,673.3,04-05,325.88055555555553,3.0,"2024,2025,2026",False,2,Low
2024-04-06,Double Queen,True,2024-01-01,config,False,685.25,7.0,4.0,685.25,04-06,348.8622222222222,3.0,"2024,2025,2026",False,2,Low
2024-04-07,Double Queen,True,2024-01-01,config,False,149.75,2.0,0.0,149.75,04-07,180.76666666666665,3.0,"2024,2025,2026",False,2,Low
2024-04-08,Double Queen,True,2024-01-01,config,False,201.85,3.0,2.0,201.85,04-08,248.01333333333332,3.0,"2024,2025,2026",False,2,Low
2024-04-09,Double Queen,True,2024-01-01,config,False,65.75,1.0,0.0,65.75,04-09,143.98666666666665,3.0,"2024,2025,2026",False,2,Low
2024-04-10,Double Queen,True,2024-01-01,config,False,213.35,3.0,2.0,213.35,04-10,149.4,3.0,"2024,2025,2026",False,2,Low
2024-04-11,Double Queen,True,2024-01-01,config,False,382.35,5.0,2.0,382.35,04-11,260.53333333333336,3.0,"2024,2025,2026",False,2,Low
2024-04-12,Double Queen,True,2024-01-01,config,False,555.55,7.0,5.0,555.55,04-12,235.0333333333333,3.0,"2024,2025,2026",False,2,Low
2024-04-13,Double Queen,True,2024-01-01,config,False,411.05,5.0,2.0,411.05,04-13,204.4,3.0,"2024,2025,2026",False,2,Low
2024-04-14,Double Queen,True,2024-01-01,config,False,286.7,4.0,3.0,286.7,04-14,113.89999999999999,3.0,"2024,2025,2026",False,2,Low
2024-04-15,Double Queen,True,2024-01-01,config,False,284.6,4.0,2.0,284.6,04-15,191.71333333333334,3.0,"2024,2025,2026",False,2,Low
2024-04-16,Double Queen,True,2024-01-01,config,False,286.0,4.0,1.0,286.0,04-16,258.5,3.0,"2024,2025,2026",False,2,Low
2024-04-17,Double Queen,True,2024-01-01,config,False,150.25,2.0,1.0,150.25,04-17,372.345,3.0,"2024,2025,2026",False,3,Shoulder
2024-04-18,Double Queen,True,2024-01-01,config,False,152.25,2.0,1.0,152.25,04-18,367.5683333333333,3.0,"2024,2025,2026",False,3,Shoulder
2024-04-19,Double Queen,True,2024-01-01,config,False,244.05,3.0,2.0,244.05,04-19,104.87,3.0,"2024,2025,2026",False,3,Shoulder
2024-04-20,Double Queen,True,2024-01-01,config,False,516.75,6.0,4.0,516.75,04-20,223.93666666666664,3.0,"2024,2025,2026",False,3,Shoulder
2024-04-21,Double Queen,True,2024-01-01,config,False,272.5441176470588,3.0,2.0,272.5441176470588,04-21,154.84803921568627,3.0,"2024,2025,2026",False,3,Shoulder
2024-04-22,Double Queen,True,2024-01-01,config,False,288.5941176470588,3.0,1.0,288.5941176470588,04-22,236.8513725490196,3.0,"2024,2025,2026",False,3,Shoulder
2024-04-23,Double Queen,True,2024-01-01,config,False,589.7941176470588,7.0,5.0,589.7941176470588,04-23,283.8113725490196,3.0,"2024,2025,2026",False,3,Shoulder
2024-04-24,Double Queen,True,2024-01-01,config,False,534.6941176470588,6.0,1.0,534.6941176470588,04-24,178.2313725490196,3.0,"2024,2025,2026",False,3,Shoulder
2024-04-25,Double Queen,True,2024-01-01,config,False,449.6941176470588,5.0,0.0,449.6941176470588,04-25,260.56470588235294,3.0,"2024,2025,2026",False,3,Shoulder
2024-04-26,Double Queen,True,2024-01-01,config,False,566.6941176470589,6.0,4.0,566.6941176470589,04-26,219.61803921568628,3.0,"2024,2025,2026",False,3,Shoulder
2024-04-27,Double Queen,True,2024-01-01,config,False,296.6941176470588,3.0,1.0,296.6941176470588,04-27,175.17470588235292,3.0,"2024,2025,2026",False,3,Shoulder
2024-04-28,Double Queen,True,2024-01-01,config,False,359.2941176470588,4.0,2.0,359.2941176470588,04-28,201.93137254901958,3.0,"2024,2025,2026",False,3,Shoulder
2024-04-29,Double Queen,True,2024-01-01,config,False,359.5941176470588,4.0,1.0,359.5941176470588,04-29,248.24803921568628,3.0,"2024,2025,2026",False,3,Shoulder
2024-04-30,Double Queen,True,2024-01-01,config,False,353.3941176470588,4.0,2.0,353.3941176470588,04-30,201.33470588235295,3.0,"2024,2025,2026",False,3,Shoulder
2024-05-01,Double Queen,True,2024-01-01,config,False,201.2941176470588,2.0,0.0,201.2941176470588,05-01,304.05470588235295,3.0,"2024,2025,2026",False,3,Shoulder
2024-05-02,Double Queen,True,2024-01-01,config,False,766.0341176470588,7.0,5.0,766.0341176470588,05-02,598.6413725490196,3.0,"2024,2025,2026",False,3,Shoulder
2024-05-03,Double Queen,True,2024-01-01,config,False,765.2941176470588,6.0,3.0,765.2941176470588,05-03,310.09803921568624,3.0,"2024,2025,2026",False,3,Shoulder
2024-05-04,Double Queen,True,2024-01-01,config,False,346.2941176470588,3.0,1.0,346.2941176470588,05-04,240.41470588235293,3.0,"2024,2025,2026",False,3,Shoulder
2024-05-05,Double Queen,True,2024-01-01,config,False,388.2941176470588,4.0,2.0,388.2941176470588,05-05,262.57026143790847,3.0,"2024,2025,2026",False,3,Shoulder
2024-05-06,Double Queen,True,2024-01-01,config,False,201.2941176470588,2.0,0.0,201.2941176470588,05-06,218.4035947712418,3.0,"2024,2025,2026",False,3,Shoulder
2024-05-07,Double Queen,True,2024-01-01,config,False,540.5941176470589,5.0,3.0,540.5941176470589,05-07,274.75692810457514,3.0,"2024,2025,2026",False,3,Shoulder
2024-05-08,Double Queen,True,2024-01-01,config,False,117.0,1.0,0.0,117.0,05-08,439.0016666666667,3.0,"2024,2025,2026",False,3,Shoulder
2024-05-09,Double Queen,True,2024-01-01,config,False,229.0,2.0,1.0,229.0,05-09,637.7333333333333,3.0,"2024,2025,2026",False,3,Shoulder
2024-05-10,Double Queen,True,2024-01-01,config,False,935.0,6.0,6.0,935.0,05-10,676.6933333333333,3.0,"2024,2025,2026",False,3,Shoulder
2024-05-11,Double Queen,True,2024-01-01,config,False,1125.0,7.0,3.0,1125.0,05-11,530.6866666666666,3.0,"2024,2025,2026",False,3,Shoulder
2024-05-12,Double Queen,True,2024-01-01,config,False,0.0,0.0,0.0,0.0,05-12,306.01500000000004,3.0,"2024,2025,2026",False,3,Shoulder
2024-05-13,Double Queen,True,2024-01-01,config,False,105.3,1.0,1.0,105.3,05-13,427.1427777777778,3.0,"2024,2025,2026",False,3,Shoulder
2024-05-14,Double Queen,True,2024-01-01,config,False,449.0,4.0,4.0,449.0,05-14,449.35611111111115,3.0,"2024,2025,2026",False,3,Shoulder
2024-05-15,Double Queen,True,2024-01-01,config,False,323.3,3.0,2.0,323.3,05-15,630.2111111111111,3.0,"2024,2025,2026",False,3,Shoulder
2024-05-16,Double Queen,True,2024-01-01,config,False,774.4,7.0,6.0,774.4,05-16,496.9166666666667,3.0,"2024,2025,2026",False,3,Shoulder
2024-05-17,Double Queen,True,2024-01-01,config,False,830.9,7.0,6.0,830.9,05-17,521.6033333333334,3.0,"2024,2025,2026",False,4,High
2024-05-18,Double Queen,True,2024-01-01,config,False,832.7,7.0,3.0,832.7,05-18,386.59666666666664,3.0,"2024,2025,2026",False,4,High
2024-05-19,Double Queen,True,2024-01-01,config,False,544.9,5.0,4.0,544.9,05-19,346.4066666666667,3.0,"2024,2025,2026",False,4,High
2024-05-20,Double Queen,True,2024-01-01,config,False,654.54,6.0,5.0,654.54,05-20,445.7416666666666,3.0,"2024,2025,2026",False,4,High
2024-05-21,Double Queen,True,2024-01-01,config,False,768.2,7.0,4.0,768.2,05-21,389.8216666666667,3.0,"2024,2025,2026",False,4,High
2024-05-22,Double Queen,True,2024-01-01,config,False,698.3,6.0,5.0,698.3,05-22,717.3299999999999,3.0,"2024,2025,2026",False,4,High
2024-05-23,Double Queen,True,2024-01-01,config,False,312.0,2.0,1.0,312.0,05-23,969.3675,3.0,"2024,2025,2026",False,4,High
2024-05-24,Double Queen,True,2024-01-01,config,False,1234.0,7.0,7.0,1234.0,05-24,1200.3497222222222,3.0,"2024,2025,2026",False,4,High
2024-05-25,Double Queen,True,2024-01-01,config,False,1154.55,7.0,5.0,1154.55,05-25,964.0597222222223,3.0,"2024,2025,2026",False,4,High
2024-05-26,Double Queen,True,2024-01-01,config,False,790.75,5.0,3.0,790.75,05-26,739.0530555555556,3.0,"2024,2025,2026",False,5,Peak
2024-05-27,Double Queen,True,2024-01-01,config,False,694.4,5.0,3.0,694.4,05-27,705.9766666666668,3.0,"2024,2025,2026",False,5,Peak
2024-05-28,Double Queen,True,2024-01-01,config,False,463.4,4.0,4.0,463.4,05-28,526.3033333333334,3.0,"2024,2025,2026",False,5,Peak
2024-05-29,Double Queen,True,2024-01-01,config,False,585.4,5.0,3.0,585.4,05-29,689.9783333333334,3.0,"2024,2025,2026",False,5,Peak
2024-05-30,Double Queen,True,2024-01-01,config,False,816.06,7.0,5.0,816.06,05-30,647.8816666666667,3.0,"2024,2025,2026",False,5,Peak
2024-05-31,Double Queen,True,2024-01-01,config,False,920.2,7.0,6.0,920.2,05-31,1034.0211111111112,3.0,"2024,2025,2026",False,5,Peak
2024-06-01,Double Queen,True,2024-01-01,config,False,858.5,6.0,3.0,858.5,06-01,975.1611111111112,3.0,"2024,2025,2026",False,5,Peak
2024-06-02,Double Queen,True,2024-01-01,config,False,604.5,5.0,3.0,604.5,06-02,863.0761111111111,3.0,"2024,2025,2026",False,5,Peak
2024-06-03,Double Queen,True,2024-01-01,config,False,1014.45,7.0,5.0,1014.45,06-03,1023.1933333333333,3.0,"2024,2025,2026",False,5,Peak
2024-06-04,Double Queen,True,2024-01-01,config,False,474.45000000000005,4.0,2.0,474.45000000000005,06-04,681.5283333333333,3.0,"2024,2025,2026",False,5,Peak
2024-06-05,Double Queen,True,2024-01-01,config,False,1010.4,7.0,7.0,1010.4,06-05,798.8277777777777,3.0,"2024,2025,2026",False,5,Peak
2024-06-06,Double Queen,True,2024-01-01,config,False,777.8,6.0,3.0,777.8,06-06,883.9944444444444,3.0,"2024,2025,2026",False,5,Peak
2024-06-07,Double Queen,True,2024-01-01,config,False,1063.97,7.0,7.0,1063.97,06-07,755.1538888888889,3.0,"2024,2025,2026",False,5,Peak
2024-06-08,Double Queen,True,2024-01-01,config,False,1080.3666666666668,7.0,3.0,1080.3666666666668,06-08,1029.3341666666668,3.0,"2024,2025,2026",False,5,Peak
2024-06-09,Double Queen,True,2024-01-01,config,False,875.6666666666666,6.0,5.0,875.6666666666666,06-09,810.2558333333333,3.0,"2024,2025,2026",False,5,Peak
2024-06-10,Double Queen,True,2024-01-01,config,False,574.6666666666666,4.0,2.0,574.6666666666666,06-10,919.8563888888889,3.0,"2024,2025,2026",False,5,Peak
2024-06-11,Double Queen,True,2024-01-01,config,False,1398.3333333333333,9.0,8.0,1398.3333333333333,06-11,963.2026262626263,3.0,"2024,2025,2026",False,5,Peak
2024-06-12,Double Queen,True,2024-01-01,config,False,985.7333333333333,7.0,6.0,985.7333333333333,06-12,1013.246792929293,3.0,"2024,2025,2026",False,5,Peak
2024-06-13,Double Queen,True,2024-01-01,config,False,1042.7333333333333,7.0,4.0,1042.7333333333333,06-13,1175.0558333333333,3.0,"2024,2025,2026",False,5,Peak
2024-06-14,Double Queen,True,2024-01-01,config,False,1083.2,7.0,6.0,1083.2,06-14,1165.3697222222224,3.0,"2024,2025,2026",False,5,Peak
2024-06-15,Double Queen,True,2024-01-01,config,False,1080.2,7.0,3.0,1080.2,06-15,1176.1322222222223,3.0,"2024,2025,2026",False,5,Peak
2024-06-16,Double Queen,True,2024-01-01,config,False,917.4,6.0,4.0,917.4,06-16,997.6933333333333,3.0,"2024,2025,2026",False,5,Peak
2024-06-17,Double Queen,True,2024-01-01,config,False,1060.5,7.0,5.0,1060.5,06-17,1065.57,3.0,"2024,2025,2026",False,5,Peak
2024-06-18,Double Queen,True,2024-01-01,config,False,1036.3,7.0,4.0,1036.3,06-18,1081.72,3.0,"2024,2025,2026",False,5,Peak
2024-06-19,Double Queen,True,2024-01-01,config,False,1190.9,8.0,8.0,1190.9,06-19,1168.158888888889,3.0,"2024,2025,2026",False,5,Peak
2024-06-20,Double Queen,True,2024-01-01,config,False,1029.4,7.0,4.0,1029.4,06-20,1088.8083333333334,3.0,"2024,2025,2026",False,5,Peak
2024-06-21,Double Queen,True,2024-01-01,config,False,1040.5,7.0,3.0,1040.5,06-21,971.7805555555556,3.0,"2024,2025,2026",False,5,Peak
2024-06-22,Double Queen,True,2024-01-01,config,False,1023.9,7.0,4.0,1023.9,06-22,1072.7272222222223,3.0,"2024,2025,2026",False,5,Peak
2024-06-23,Double Queen,True,2024-01-01,config,False,741.7,5.0,3.0,741.7,06-23,1050.5655555555556,3.0,"2024,2025,2026",False,5,Peak
2024-06-24,Double Queen,True,2024-01-01,config,False,1037.8,7.0,5.0,1037.8,06-24,1222.8033333333333,3.0,"2024,2025,2026",False,5,Peak
2024-06-25,Double Queen,True,2024-01-01,config,False,1011.6,7.0,5.0,1011.6,06-25,1218.11,3.0,"2024,2025,2026",False,5,Peak
2024-06-26,Double Queen,True,2024-01-01,config,False,751.9,5.0,5.0,751.9,06-26,1151.035,3.0,"2024,2025,2026",False,5,Peak
2024-06-27,Double Queen,True,2024-01-01,config,False,878.85,6.0,5.0,878.85,06-27,1048.2749999999999,3.0,"2024,2025,2026",False,5,Peak
2024-06-28,Double Queen,True,2024-01-01,config,False,864.45,6.0,3.0,864.45,06-28,960.5416666666666,3.0,"2024,2025,2026",False,5,Peak
2024-06-29,Double Queen,True,2024-01-01,config,False,1085.7,7.0,5.0,1085.7,06-29,943.3466666666667,3.0,"2024,2025,2026",False,5,Peak
2024-06-30,Double Queen,True,2024-01-01,config,False,462.15,3.0,2.0,462.15,06-30,876.5033333333334,3.0,"2024,2025,2026",False,5,Peak
2024-07-01,Double Queen,True,2024-01-01,config,False,926.35,6.0,4.0,926.35,07-01,1218.5608333333332,3.0,"2024,2025,2026",False,5,Peak
2024-07-02,Double Queen,True,2024-01-01,config,False,1091.31,7.0,6.0,1091.31,07-02,1284.0275,3.0,"2024,2025,2026",False,5,Peak
2024-07-03,Double Queen,True,2024-01-01,config,False,1078.1333333333332,7.0,4.0,1078.1333333333332,07-03,1354.983611111111,3.0,"2024,2025,2026",False,5,Peak
2024-07-04,Double Queen,True,2024-01-01,config,False,1139.6,7.0,3.0,1139.6,07-04,1464.4408333333333,3.0,"2024,2025,2026",False,5,Peak
2024-07-05,Double Queen,True,2024-01-01,config,False,1166.6,7.0,2.0,1166.6,07-05,1398.5583333333334,3.0,"2024,2025,2026",False,5,Peak
2024-07-06,Double Queen,True,2024-01-01,config,False,1197.9333333333334,7.0,5.0,1197.9333333333334,07-06,1249.8572222222222,3.0,"2024,2025,2026",False,5,Peak
2024-07-07,Double Queen,True,2024-01-01,config,False,1151.2666666666667,7.0,4.0,1151.2666666666667,07-07,1170.68,3.0,"2024,2025,2026",False,5,Peak
2024-07-08,Double Queen,True,2024-01-01,config,False,1046.6666666666665,7.0,6.0,1046.6666666666665,07-08,1059.7716666666665,3.0,"2024,2025,2026",False,5,Peak
2024-07-09,Double Queen,True,2024-01-01,config,False,1056.55,7.0,7.0,1056.55,07-09,1078.0355555555554,3.0,"2024,2025,2026",False,5,Peak
2024-07-10,Double Queen,True,2024-01-01,config,False,1103.1966666666667,7.0,6.0,1103.1966666666667,07-10,1281.6427777777778,3.0,"2024,2025,2026",False,5,Peak
2024-07-11,Double Queen,True,2024-01-01,config,False,799.15,5.0,4.0,799.15,07-11,1101.0580555555555,3.0,"2024,2025,2026",False,5,Peak
2024-07-12,Double Queen,True,2024-01-01,config,False,1130.6,7.0,6.0,1130.6,07-12,1188.7852777777778,3.0,"2024,2025,2026",False,5,Peak
2024-07-13,Double Queen,True,2024-01-01,config,False,1117.0,7.0,7.0,1117.0,07-13,1157.4269444444444,3.0,"2024,2025,2026",False,5,Peak
2024-07-14,Double Queen,True,2024-01-01,config,False,823.2,5.0,5.0,823.2,07-14,1167.9569444444444,3.0,"2024,2025,2026",False,5,Peak
2024-07-15,Double Queen,True,2024-01-01,config,False,983.0,6.0,4.0,983.0,07-15,1182.405,3.0,"2024,2025,2026",False,5,Peak
2024-07-16,Double Queen,True,2024-01-01,config,False,1162.55,7.0,6.0,1162.55,07-16,1307.04,3.0,"2024,2025,2026",False,5,Peak
2024-07-17,Double Queen,True,2024-01-01,config,False,1078.65,7.0,5.0,1078.65,07-17,1123.3841666666667,3.0,"2024,2025,2026",False,5,Peak
2024-07-18,Double Queen,True,2024-01-01,config,False,1092.625,7.0,5.0,1092.625,07-18,1308.6241666666667,3.0,"2024,2025,2026",False,5,Peak
2024-07-19,Double Queen,True,2024-01-01,config,False,1090.825,7.0,3.0,1090.825,07-19,1152.4058333333335,3.0,"2024,2025,2026",False,5,Peak
2024-07-20,Double Queen,True,2024-01-01,config,False,1118.85,7.0,4.0,1118.85,07-20,1120.7791666666665,3.0,"2024,2025,2026",False,5,Peak
2024-07-21,Double Queen,True,2024-01-01,config,False,1115.35,7.0,3.0,1115.35,07-21,1156.0433333333333,3.0,"2024,2025,2026",False,5,Peak
2024-07-22,Double Queen,True,2024-01-01,config,False,1129.8,7.0,4.0,1129.8,07-22,857.7066666666666,3.0,"2024,2025,2026",False,5,Peak
2024-07-23,Double Queen,True,2024-01-01,config,False,1091.0,7.0,5.0,1091.0,07-23,962.1527777777777,3.0,"2024,2025,2026",False,5,Peak
2024-07-24,Double Queen,True,2024-01-01,config,False,925.8000000000001,6.0,5.0,925.8000000000001,07-24,1028.5027777777777,3.0,"2024,2025,2026",False,5,Peak
2024-07-25,Double Queen,True,2024-01-01,config,False,963.35,6.0,5.0,963.35,07-25,1132.8836111111111,3.0,"2024,2025,2026",False,5,Peak
2024-07-26,Double Queen,True,2024-01-01,config,False,979.85,6.0,4.0,979.85,07-26,922.2091666666665,3.0,"2024,2025,2026",False,5,Peak
2024-07-27,Double Queen,True,2024-01-01,config,False,1143.7,7.0,5.0,1143.7,07-27,893.7991666666667,3.0,"2024,2025,2026",False,5,Peak
2024-07-28,Double Queen,True,2024-01-01,config,False,919.8,6.0,4.0,919.8,07-28,1020.6908333333332,3.0,"2024,2025,2026",False,5,Peak
2024-07-29,Double Queen,True,2024-01-01,config,False,952.5,6.0,5.0,952.5,07-29,957.6544444444444,3.0,"2024,2025,2026",False,5,Peak
2024-07-30,Double Queen,True,2024-01-01,config,False,647.1,4.0,4.0,647.1,07-30,886.4877777777778,3.0,"2024,2025,2026",False,5,Peak
2024-07-31,Double Queen,True,2024-01-01,config,False,0.0,5.0,5.0,0.0,07-31,683.7011111111111,3.0,"2024,2025,2026",False,5,Peak
2024-08-01,Double Queen,True,2024-01-01,config,False,927.6,6.0,6.0,927.6,08-01,818.555,3.0,"2024,2025,2026",False,5,Peak
2024-08-02,Double Queen,True,2024-01-01,config,False,1122.9,7.0,6.0,1122.9,08-02,842.1133333333333,3.0,"2024,2025,2026",False,5,Peak
2024-08-03,Double Queen,True,2024-01-01,config,False,1184.9,7.0,4.0,1184.9,08-03,866.5533333333333,3.0,"2024,2025,2026",False,5,Peak
2024-08-04,Double Queen,True,2024-01-01,config,False,608.0,4.0,4.0,608.0,08-04,561.68,3.0,"2024,2025,2026",False,5,Peak
2024-08-05,Double Queen,True,2024-01-01,config,False,889.2,6.0,3.0,889.2,08-05,605.1766666666666,3.0,"2024,2025,2026",False,4,High
2024-08-06,Double Queen,True,2024-01-01,config,False,1096.0,7.0,6.0,1096.0,08-06,863.1366666666667,3.0,"2024,2025,2026",False,4,High
2024-08-07,Double Queen,True,2024-01-01,config,False,1176.2,7.0,4.0,1176.2,08-07,870.5427777777778,3.0,"2024,2025,2026",False,4,High
2024-08-08,Double Queen,True,2024-01-01,config,False,1234.2,7.0,6.0,1234.2,08-08,1072.6761111111111,3.0,"2024,2025,2026",False,4,High
2024-08-09,Double Queen,True,2024-01-01,config,False,1286.0,7.0,6.0,1286.0,08-09,922.521111111111,3.0,"2024,2025,2026",False,4,High
2024-08-10,Double Queen,True,2024-01-01,config,False,1168.7,7.0,5.0,1168.7,08-10,794.6266666666667,3.0,"2024,2025,2026",False,4,High
2024-08-11,Double Queen,True,2024-01-01,config,False,927.3,6.0,5.0,927.3,08-11,757.5666666666666,3.0,"2024,2025,2026",False,4,High
2024-08-12,Double Queen,True,2024-01-01,config,False,752.2,6.0,4.0,752.2,08-12,709.5333333333333,3.0,"2024,2025,2026",False,4,High
2024-08-13,Double Queen,True,2024-01-01,config,False,639.0,4.0,4.0,639.0,08-13,531.4,3.0,"2024,2025,2026",False,4,High
2024-08-14,Double Queen,True,2024-01-01,config,False,1090.1,6.0,5.0,1090.1,08-14,729.1744444444445,3.0,"2024,2025,2026",False,4,High
2024-08-15,Double Queen,True,2024-01-01,config,False,937.1666666666666,6.0,3.0,937.1666666666666,08-15,772.4900000000001,3.0,"2024,2025,2026",False,4,High
2024-08-16,Double Queen,True,2024-01-01,config,False,647.1666666666666,5.0,3.0,647.1666666666666,08-16,696.551111111111,3.0,"2024,2025,2026",False,4,High
2024-08-17,Double Queen,True,2024-01-01,config,False,644.9166666666666,5.0,1.0,644.9166666666666,08-17,637.5083333333333,3.0,"2024,2025,2026",False,4,High
2024-08-18,Double Queen,True,2024-01-01,config,False,744.05,5.0,4.0,744.05,08-18,617.2527777777777,3.0,"2024,2025,2026",False,4,High
2024-08-19,Double Queen,True,2024-01-01,config,False,923.3,7.0,7.0,923.3,08-19,704.3222222222222,3.0,"2024,2025,2026",False,4,High
2024-08-20,Double Queen,True,2024-01-01,config,False,1068.3,7.0,5.0,1068.3,08-20,782.6755555555555,3.0,"2024,2025,2026",False,4,High
2024-08-21,Double Queen,True,2024-01-01,config,False,913.25,6.0,5.0,913.25,08-21,880.0055555555555,3.0,"2024,2025,2026",False,4,High
2024-08-22,Double Queen,True,2024-01-01,config,False,1141.5,7.0,5.0,1141.5,08-22,874.5833333333334,3.0,"2024,2025,2026",False,4,High
2024-08-23,Double Queen,True,2024-01-01,config,False,1136.55,7.0,5.0,1136.55,08-23,852.4333333333334,3.0,"2024,2025,2026",False,4,High
2024-08-24,Double Queen,True,2024-01-01,config,False,1164.65,7.0,2.0,1164.65,08-24,554.3833333333333,3.0,"2024,2025,2026",False,4,High
2024-08-25,Double Queen,True,2024-01-01,config,False,574.15,4.0,3.0,574.15,08-25,491.34833333333336,3.0,"2024,2025,2026",False,4,High
2024-08-26,Double Queen,True,2024-01-01,config,False,854.1333333333333,6.0,4.0,854.1333333333333,08-26,617.6427777777777,3.0,"2024,2025,2026",False,5,Peak
2024-08-27,Double Queen,True,2024-01-01,config,False,855.5333333333333,6.0,1.0,855.5333333333333,08-27,427.8311111111111,3.0,"2024,2025,2026",False,4,High
2024-08-28,Double Queen,True,2024-01-01,config,False,579.7333333333333,4.0,2.0,579.7333333333333,08-28,537.5644444444445,3.0,"2024,2025,2026",False,4,High
2024-08-29,Double Queen,True,2024-01-01,config,False,1117.0333333333333,7.0,5.0,1117.0333333333333,08-29,1014.0111111111111,3.0,"2024,2025,2026",False,4,High
2024-08-30,Double Queen,True,2024-01-01,config,False,1138.8,7.0,3.0,1138.8,08-30,1027.5833333333333,3.0,"2024,2025,2026",False,4,High
2024-08-31,Double Queen,True,2024-01-01,config,False,968.8,6.0,1.0,968.8,08-31,894.0055555555555,3.0,"2024,2025,2026",False,4,High
2024-09-01,Double Queen,True,2024-01-01,config,False,928.6666666666666,6.0,2.0,928.6666666666666,09-01,633.3444444444444,3.0,"2024,2025,2026",False,4,High
2024-09-02,Double Queen,True,2024-01-01,config,False,378.0,3.0,3.0,378.0,09-02,414.88388888888886,3.0,"2024,2025,2026",False,4,High
2024-09-03,Double Queen,True,2024-01-01,config,False,772.7,6.0,5.0,772.7,09-03,569.2583333333333,3.0,"2024,2025,2026",False,4,High
2024-09-04,Double Queen,True,2024-01-01,config,False,995.345,7.0,6.0,995.345,09-04,773.2533333333334,3.0,"2024,2025,2026",False,5,Peak
2024-09-05,Double Queen,True,2024-01-01,config,False,1011.345,7.0,3.0,1011.345,09-05,857.3866666666667,3.0,"2024,2025,2026",False,5,Peak
2024-09-06,Double Queen,True,2024-01-01,config,False,1074.145,7.0,5.0,1074.145,09-06,712.2533333333334,3.0,"2024,2025,2026",False,5,Peak
2024-09-07,Double Queen,True,2024-01-01,config,False,1084.845,7.0,1.0,1084.845,09-07,682.3033333333334,3.0,"2024,2025,2026",False,4,High
2024-09-08,Double Queen,True,2024-01-01,config,False,882.3199999999999,6.0,4.0,882.3199999999999,09-08,615.4133333333333,3.0,"2024,2025,2026",False,4,High
2024-09-09,Double Queen,True,2024-01-01,config,False,988.0,7.0,6.0,988.0,09-09,641.0,3.0,"2024,2025,2026",False,4,High
2024-09-10,Double Queen,True,2024-01-01,config,False,1033.7,7.0,5.0,1033.7,09-10,646.2900000000001,3.0,"2024,2025,2026",False,4,High
2024-09-11,Double Queen,True,2024-01-01,config,False,1097.8333333333333,7.0,6.0,1097.8333333333333,09-11,729.3977777777778,3.0,"2024,2025,2026",False,4,High
2024-09-12,Double Queen,True,2024-01-01,config,False,1161.0916666666667,7.0,5.0,1161.0916666666667,09-12,878.4572222222222,3.0,"2024,2025,2026",False,4,High
2024-09-13,Double Queen,True,2024-01-01,config,False,1152.0916666666667,7.0,3.0,1152.0916666666667,09-13,802.2488888888888,3.0,"2024,2025,2026",False,4,High
2024-09-14,Double Queen,True,2024-01-01,config,False,1127.0583333333334,7.0,2.0,1127.0583333333334,09-14,434.11111111111114,3.0,"2024,2025,2026",False,5,Peak
2024-09-15,Double Queen,True,2024-01-01,config,False,981.325,7.0,5.0,981.325,09-15,773.5111111111111,3.0,"2024,2025,2026",False,5,Peak
2024-09-16,Double Queen,True,2024-01-01,config,False,756.8,5.0,3.0,756.8,09-16,754.4511111111111,3.0,"2024,2025,2026",False,4,High
2024-09-17,Double Queen,True,2024-01-01,config,False,854.75,6.0,4.0,854.75,09-17,740.8369444444444,3.0,"2024,2025,2026",False,5,Peak
2024-09-18,Double Queen,True,2024-01-01,config,False,813.95,6.0,5.0,813.95,09-18,578.2308333333334,3.0,"2024,2025,2026",False,5,Peak
2024-09-19,Double Queen,True,2024-01-01,config,False,1178.45,7.0,5.0,1178.45,09-19,881.1791666666668,3.0,"2024,2025,2026",False,5,Peak
2024-09-20,Double Queen,True,2024-01-01,config,False,1244.0,7.0,4.0,1244.0,09-20,842.6158333333333,3.0,"2024,2025,2026",False,4,High
2024-09-21,Double Queen,True,2024-01-01,config,False,1024.8,6.0,2.0,1024.8,09-21,461.93333333333334,3.0,"2024,2025,2026",False,4,High
2024-09-22,Double Queen,True,2024-01-01,config,False,743.0,6.0,6.0,743.0,09-22,691.2383333333333,3.0,"2024,2025,2026",False,5,Peak
2024-09-23,Double Queen,True,2024-01-01,config,False,947.5,7.0,6.0,947.5,09-23,801.8216666666667,3.0,"2024,2025,2026",False,4,High
2024-09-24,Double Queen,True,2024-01-01,config,False,1012.55,7.0,4.0,1012.55,09-24,757.6433333333334,3.0,"2024,2025,2026",False,4,High
2024-09-25,Double Queen,True,2024-01-01,config,False,1328.55,7.0,6.0,1328.55,09-25,816.9933333333333,3.0,"2024,2025,2026",False,4,High
2024-09-26,Double Queen,True,2024-01-01,config,False,891.0,5.0,4.0,891.0,09-26,752.6333333333333,3.0,"2024,2025,2026",False,4,High
2024-09-27,Double Queen,True,2024-01-01,config,False,1181.8,7.0,5.0,1181.8,09-27,827.46,3.0,"2024,2025,2026",False,4,High
2024-09-28,Double Queen,True,2024-01-01,config,False,1146.4,7.0,1.0,1146.4,09-28,549.2444444444445,3.0,"2024,2025,2026",False,4,High
2024-09-29,Double Queen,True,2024-01-01,config,False,1013.4,7.0,5.0,1013.4,09-29,501.04111111111115,3.0,"2024,2025,2026",False,4,High
2024-09-30,Double Queen,True,2024-01-01,config,False,500.35,4.0,3.0,500.35,09-30,336.09777777777776,3.0,"2024,2025,2026",False,4,High
2024-10-01,Double Queen,True,2024-01-01,config,False,934.65,7.0,5.0,934.65,10-01,546.2833333333333,3.0,"2024,2025,2026",False,4,High
2024-10-02,Double Queen,True,2024-01-01,config,False,958.1,7.0,3.0,958.1,10-02,749.2199999999999,3.0,"2024,2025,2026",False,4,High
2024-10-03,Double Queen,True,2024-01-01,config,False,1018.4,7.0,4.0,1018.4,10-03,775.0877777777778,3.0,"2024,2025,2026",False,4,High
2024-10-04,Double Queen,True,2024-01-01,config,False,1048.0,7.0,7.0,1048.0,10-04,906.8044444444445,3.0,"2024,2025,2026",False,4,High
2024-10-05,Double Queen,True,2024-01-01,config,False,941.9,7.0,4.0,941.9,10-05,479.8711111111111,3.0,"2024,2025,2026",False,4,High
2024-10-06,Double Queen,True,2024-01-01,config,False,669.3,5.0,3.0,669.3,10-06,358.41375,3.0,"2024,2025,2026",False,4,High
2024-10-07,Double Queen,True,2024-01-01,config,False,834.25,7.0,6.0,834.25,10-07,542.7304166666667,3.0,"2024,2025,2026",False,4,High
2024-10-08,Double Queen,True,2024-01-01,config,False,943.05,8.0,4.0,943.05,10-08,581.7304166666667,3.0,"2024,2025,2026",False,4,High
2024-10-09,Double Queen,True,2024-01-01,config,False,931.95,8.0,4.0,931.95,10-09,508.7304166666667,3.0,"2024,2025,2026",False,4,High
2024-10-10,Double Queen,True,2024-01-01,config,False,997.5,8.0,6.0,997.5,10-10,764.3583333333332,3.0,"2024,2025,2026",False,4,High
2024-10-11,Double Queen,True,2024-01-01,config,False,1117.7333333333333,7.0,5.0,1117.7333333333333,10-11,844.7694444444445,3.0,"2024,2025,2026",False,3,Shoulder
2024-10-12,Double Queen,True,2024-01-01,config,False,1027.8666666666668,7.0,5.0,1027.8666666666668,10-12,481.8155555555556,3.0,"2024,2025,2026",False,3,Shoulder
2024-10-13,Double Queen,True,2024-01-01,config,False,786.6666666666667,6.0,2.0,786.6666666666667,10-13,692.9222222222223,3.0,"2024,2025,2026",False,3,Shoulder
2024-10-14,Double Queen,True,2024-01-01,config,False,513.9666666666667,4.0,1.0,513.9666666666667,10-14,336.8672222222222,3.0,"2024,2025,2026",False,3,Shoulder
2024-10-15,Double Queen,True,2024-01-01,config,False,263.2,2.0,0.0,263.2,10-15,253.27833333333334,3.0,"2024,2025,2026",False,3,Shoulder
2024-10-16,Double Queen,True,2024-01-01,config,False,877.3666666666667,7.0,5.0,877.3666666666667,10-16,401.1388888888889,3.0,"2024,2025,2026",False,3,Shoulder
2024-10-17,Double Queen,True,2024-01-01,config,False,522.9666666666667,4.0,1.0,522.9666666666667,10-17,373.60555555555555,3.0,"2024,2025,2026",False,3,Shoulder
2024-10-18,Double Queen,True,2024-01-01,config,False,800.7166666666667,6.0,4.0,800.7166666666667,10-18,434.5566666666667,3.0,"2024,2025,2026",False,3,Shoulder
2024-10-19,Double Queen,True,2024-01-01,config,False,761.55,6.0,4.0,761.55,10-19,703.1677777777777,3.0,"2024,2025,2026",False,3,Shoulder
2024-10-20,Double Queen,True,2024-01-01,config,False,234.0,2.0,0.0,234.0,10-20,163.96444444444444,3.0,"2024,2025,2026",False,3,Shoulder
2024-10-21,Double Queen,True,2024-01-01,config,False,0.0,0.0,0.0,0.0,10-21,118.94444444444444,3.0,"2024,2025,2026",False,3,Shoulder
2024-10-22,Double Queen,True,2024-01-01,config,False,101.15,1.0,1.0,101.15,10-22,110.86111111111113,3.0,"2024,2025,2026",False,3,Shoulder
2024-10-23,Double Queen,True,2024-01-01,config,False,333.9,3.0,3.0,333.9,10-23,204.16111111111113,3.0,"2024,2025,2026",False,3,Shoulder
2024-10-24,Double Queen,True,2024-01-01,config,False,121.0,1.0,1.0,121.0,10-24,277.1383333333333,3.0,"2024,2025,2026",False,3,Shoulder
2024-10-25,Double Queen,True,2024-01-01,config,False,581.8,5.0,5.0,581.8,10-25,317.22499999999997,3.0,"2024,2025,2026",False,3,Shoulder
2024-10-26,Double Queen,True,2024-01-01,config,False,463.9,4.0,1.0,463.9,10-26,198.4,3.0,"2024,2025,2026",False,2,Low
2024-10-27,Double Queen,True,2024-01-01,config,False,0.0,0.0,0.0,0.0,10-27,45.416666666666664,3.0,"2024,2025,2026",False,2,Low
2024-10-28,Double Queen,True,2024-01-01,config,False,0.0,0.0,0.0,0.0,10-28,48.71666666666667,3.0,"2024,2025,2026",False,2,Low
2024-10-29,Double Queen,True,2024-01-01,config,False,0.0,0.0,0.0,0.0,10-29,63.85,3.0,"2024,2025,2026",False,2,Low
2024-10-30,Double Queen,True,2024-01-01,config,False,0.0,0.0,0.0,0.0,10-30,72.39166666666667,3.0,"2024,2025,2026",False,2,Low
2024-10-31,Double Queen,True,2024-01-01,config,False,119.0,1.0,1.0,119.0,10-31,228.65833333333333,3.0,"2024,2025,2026",False,2,Low
2024-11-01,Double Queen,True,2024-01-01,config,False,182.0,2.0,2.0,182.0,11-01,219.975,3.0,"2024,2025,2026",False,1,Soft
2024-11-02,Double Queen,True,2024-01-01,config,False,182.0,2.0,1.0,182.0,11-02,129.50833333333333,3.0,"2024,2025,2026",False,1,Soft
2024-11-03,Double Queen,True,2024-01-01,config,False,0.0,0.0,0.0,0.0,11-03,214.3166666666667,3.0,"2024,2025,2026",False,1,Soft
2024-11-04,Double Queen,True,2024-01-01,config,False,91.0,1.0,1.0,91.0,11-04,161.81666666666666,3.0,"2024,2025,2026",False,1,Soft
2024-11-05,Double Queen,True,2024-01-01,config,False,91.0,1.0,0.0,91.0,11-05,129.54999999999998,3.0,"2024,2025,2026",False,1,Soft
2024-11-06,Double Queen,True,2024-01-01,config,False,91.0,1.0,0.0,91.0,11-06,89.0,3.0,"2024,2025,2026",False,1,Soft
2024-11-07,Double Queen,True,2024-01-01,config,False,386.06,5.0,5.0,386.06,11-07,335.3533333333333,3.0,"2024,2025,2026",False,1,Soft
2024-11-08,Double Queen,True,2024-01-01,config,False,295.06,4.0,1.0,295.06,11-08,292.56,3.0,"2024,2025,2026",False,1,Soft
2024-11-09,Double Queen,True,2024-01-01,config,False,295.06,4.0,0.0,295.06,11-09,266.97,3.0,"2024,2025,2026",False,1,Soft
2024-11-10,Double Queen,True,2024-01-01,config,False,204.06,3.0,0.0,204.06,11-10,163.8811111111111,3.0,"2024,2025,2026",False,1,Soft
2024-11-11,Double Queen,True,2024-01-01,config,False,0.0,0.0,0.0,0.0,11-11,129.44444444444443,3.0,"2024,2025,2026",False,1,Soft
2024-11-12,Double Queen,True,2024-01-01,config,False,0.0,0.0,0.0,0.0,11-12,103.1111111111111,3.0,"2024,2025,2026",False,1,Soft
2024-11-13,Double Queen,True,2024-01-01,config,False,0.0,0.0,0.0,0.0,11-13,33.0,3.0,"2024,2025,2026",False,1,Soft
2024-11-14,Double Queen,True,2024-01-01,config,False,0.0,0.0,0.0,0.0,11-14,0.0,3.0,"2024,2025,2026",False,1,Soft
2024-11-15,Double Queen,True,2024-01-01,config,False,0.0,0.0,0.0,0.0,11-15,135.62083333333334,3.0,"2024,2025,2026",False,1,Soft
2024-11-16,Double Queen,True,2024-01-01,config,False,0.0,0.0,0.0,0.0,11-16,35.30833333333333,3.0,"2024,2025,2026",False,1,Soft
2024-11-17,Double Queen,True,2024-01-01,config,False,0.0,0.0,0.0,0.0,11-17,71.56666666666666,3.0,"2024,2025,2026",False,1,Soft
2024-11-18,Double Queen,True,2024-01-01,config,False,0.0,0.0,0.0,0.0,11-18,0.0,3.0,"2024,2025,2026",False,1,Soft
2024-11-19,Double Queen,True,2024-01-01,config,False,0.0,0.0,0.0,0.0,11-19,0.0,3.0,"2024,2025,2026",False,1,Soft
2024-11-20,Double Queen,True,2024-01-01,config,False,81.9,1.0,1.0,81.9,11-20,80.37333333333333,3.0,"2024,2025,2026",False,1,Soft
2024-11-21,Double Queen,True,2024-01-01,config,False,0.0,0.0,0.0,0.0,11-21,226.78666666666666,3.0,"2024,2025,2026",False,1,Soft
2024-11-22,Double Queen,True,2024-01-01,config,False,300.3,4.0,4.0,300.3,11-22,295.67777777777775,3.0,"2024,2025,2026",False,1,Soft
2024-11-23,Double Queen,True,2024-01-01,config,False,91.0,1.0,0.0,91.0,11-23,83.28111111111112,3.0,"2024,2025,2026",False,1,Soft
2024-11-24,Double Queen,True,2024-01-01,config,False,523.4,7.0,7.0,523.4,11-24,362.49444444444447,3.0,"2024,2025,2026",False,1,Soft
2024-11-25,Double Queen,True,2024-01-01,config,False,433.5,6.0,2.0,433.5,11-25,204.27777777777774,3.0,"2024,2025,2026",False,1,Soft
2024-11-26,Double Queen,True,2024-01-01,config,False,443.23333333333335,7.0,6.0,443.23333333333335,11-26,287.8072222222222,3.0,"2024,2025,2026",False,1,Soft
2024-11-27,Double Queen,True,2024-01-01,config,False,103.73333333333332,2.0,1.0,103.73333333333332,11-27,155.1022222222222,3.0,"2024,2025,2026",False,1,Soft
2024-11-28,Double Queen,True,2024-01-01,config,False,146.18833333333333,3.0,2.0,146.18833333333333,11-28,163.42111111111112,3.0,"2024,2025,2026",False,2,Low
2024-11-29,Double Queen,True,2024-01-01,config,False,477.66499999999996,7.0,5.0,477.66499999999996,11-29,304.1816666666667,3.0,"2024,2025,2026",False,2,Low
2024-11-30,Double Queen,True,2024-01-01,config,False,526.66,7.0,3.0,526.66,11-30,233.97,3.0,"2024,2025,2026",False,1,Soft
2024-12-01,Double Queen,True,2024-01-01,config,False,136.0,2.0,2.0,136.0,12-01,45.333333333333336,3.0,"2024,2025,2026",False,1,Soft
2024-12-02,Double Queen,True,2024-01-01,config,False,0.0,0.0,0.0,0.0,12-02,47.43666666666667,3.0,"2024,2025,2026",False,1,Soft
2024-12-03,Double Queen,True,2024-01-01,config,False,173.5,3.0,3.0,173.5,12-03,106.91933333333334,3.0,"2024,2025,2026",False,1,Soft
2024-12-04,Double Queen,True,2024-01-01,config,False,0.0,0.0,0.0,0.0,12-04,124.45766666666667,3.0,"2024,2025,2026",False,1,Soft
2024-12-05,Double Queen,True,2024-01-01,config,False,0.0,0.0,0.0,0.0,12-05,124.45766666666667,3.0,"2024,2025,2026",False,1,Soft
2024-12-06,Double Queen,True,2024-01-01,config,False,279.65999999999997,4.0,4.0,279.65999999999997,12-06,165.61933333333332,3.0,"2024,2025,2026",False,1,Soft
2024-12-07,Double Queen,True,2024-01-01,config,False,238.70999999999998,3.0,1.0,238.70999999999998,12-07,228.71599999999998,3.0,"2024,2025,2026",False,1,Soft
2024-12-08,Double Queen,True,2024-01-01,config,False,0.0,0.0,0.0,0.0,12-08,125.93,3.0,"2024,2025,2026",False,1,Soft
2024-12-09,Double Queen,True,2024-01-01,config,False,0.0,0.0,0.0,0.0,12-09,125.93,3.0,"2024,2025,2026",False,1,Soft
2024-12-10,Double Queen,True,2024-01-01,config,False,0.0,0.0,0.0,0.0,12-10,85.08,3.0,"2024,2025,2026",False,1,Soft
2024-12-11,Double Queen,True,2024-01-01,config,False,68.4,1.0,1.0,68.4,12-11,225.14666666666665,3.0,"2024,2025,2026",False,1,Soft
2024-12-12,Double Queen,True,2024-01-01,config,False,338.9,4.0,3.0,338.9,12-12,230.23333333333335,3.0,"2024,2025,2026",False,1,Soft
2024-12-13,Double Queen,True,2024-01-01,config,False,499.17,6.0,3.0,499.17,12-13,322.76,3.0,"2024,2025,2026",False,1,Soft
2024-12-14,Double Queen,True,2024-01-01,config,False,138.67000000000002,2.0,0.0,138.67000000000002,12-14,268.12000000000006,3.0,"2024,2025,2026",False,1,Soft
2024-12-15,Double Queen,True,2024-01-01,config,False,70.0,1.0,0.0,70.0,12-15,138.77666666666667,3.0,"2024,2025,2026",False,2,Low
2024-12-16,Double Queen,True,2024-01-01,config,False,67.62,1.0,1.0,67.62,12-16,131.62222222222223,3.0,"2024,2025,2026",False,2,Low
2024-12-17,Double Queen,True,2024-01-01,config,False,67.62,1.0,0.0,67.62,12-17,165.33888888888887,3.0,"2024,2025,2026",False,2,Low
2024-12-18,Double Queen,True,2024-01-01,config,False,67.62,1.0,0.0,67.62,12-18,221.54888888888888,3.0,"2024,2025,2026",False,2,Low
2024-12-19,Double Queen,True,2024-01-01,config,False,67.62,1.0,0.0,67.62,12-19,203.54999999999998,3.0,"2024,2025,2026",False,2,Low
2024-12-20,Double Queen,True,2024-01-01,config,False,67.62,1.0,0.0,67.62,12-20,319.6225,3.0,"2024,2025,2026",False,2,Low
2024-12-21,Double Queen,True,2024-01-01,config,False,391.61,4.0,4.0,391.61,12-21,353.3858333333333,3.0,"2024,2025,2026",False,2,Low
2024-12-22,Double Queen,True,2024-01-01,config,False,317.94,5.0,3.0,317.94,12-22,148.48999999999998,3.0,"2024,2025,2026",False,3,Shoulder
2024-12-23,Double Queen,True,2024-01-01,config,False,288.43,4.0,2.0,288.43,12-23,344.82,3.0,"2024,2025,2026",False,3,Shoulder
2024-12-24,Double Queen,True,2024-01-01,config,False,288.43,4.0,0.0,288.43,12-24,218.14333333333335,3.0,"2024,2025,2026",False,3,Shoulder
2024-12-25,Double Queen,True,2024-01-01,config,False,621.2666666666667,6.0,4.0,621.2666666666667,12-25,469.5788888888889,3.0,"2024,2025,2026",False,3,Shoulder
2024-12-26,Double Queen,True,2024-01-01,config,False,621.2666666666667,6.0,0.0,621.2666666666667,12-26,723.888888888889,3.0,"2024,2025,2026",False,3,Shoulder
2024-12-27,Double Queen,True,2024-01-01,config,False,653.6666666666667,6.0,2.0,653.6666666666667,12-27,667.4988888888889,3.0,"2024,2025,2026",False,3,Shoulder
2024-12-28,Double Queen,True,2024-01-01,config,False,616.8,6.0,6.0,616.8,12-28,610.7555555555556,3.0,"2024,2025,2026",False,3,Shoulder
2024-12-29,Double Queen,True,2024-01-01,config,False,538.8,6.0,3.0,538.8,12-29,633.4722222222222,3.0,"2024,2025,2026",False,3,Shoulder
2024-12-30,Double Queen,True,2024-01-01,config,False,496.1,5.0,3.0,496.1,12-30,570.9388888888889,3.0,"2024,2025,2026",False,3,Shoulder
2024-12-31,Double Queen,True,2024-01-01,config,False,566.2833333333333,6.0,3.0,566.2833333333333,12-31,594.3777777777777,3.0,"2024,2025,2026",False,3,Shoulder
2025-01-01,Double Queen,True,2024-01-01,config,False,396.0833333333333,5.0,4.0,396.0833333333333,01-01,496.46111111111105,3.0,"2024,2025,2026",False,3,Shoulder
2025-01-02,Double Queen,True,2024-01-01,config,False,470.0333333333333,6.0,5.0,470.0333333333333,01-02,531.6061111111111,3.0,"2024,2025,2026",False,3,Shoulder
2025-01-03,Double Queen,True,2024-01-01,config,False,450.54999999999995,6.0,3.0,450.54999999999995,01-03,488.4183333333333,3.0,"2024,2025,2026",False,3,Shoulder
2025-01-04,Double Queen,True,2024-01-01,config,False,463.8666666666667,6.0,3.0,463.8666666666667,01-04,292.7888888888889,3.0,"2024,2025,2026",False,3,Shoulder
2025-01-05,Double Queen,True,2024-01-01,config,False,305.91666666666663,4.0,1.0,305.91666666666663,01-05,133.13888888888889,3.0,"2024,2025,2026",False,3,Shoulder
2025-01-06,Double Queen,True,2024-01-01,config,False,216.41666666666669,3.0,1.0,216.41666666666669,01-06,103.30555555555556,3.0,"2024,2025,2026",False,3,Shoulder
2025-01-07,Double Queen,True,2024-01-01,config,False,134.75,2.0,0.0,134.75,01-07,44.916666666666664,3.0,"2024,2025,2026",False,2,Low
2025-01-08,Double Queen,True,2024-01-01,config,False,134.75,2.0,1.0,134.75,01-08,112.91666666666667,3.0,"2024,2025,2026",False,2,Low
2025-01-09,Double Queen,True,2024-01-01,config,False,211.75,3.0,1.0,211.75,01-09,194.41666666666666,3.0,"2024,2025,2026",False,2,Low
2025-01-10,Double Queen,True,2024-01-01,config,False,442.8,6.0,5.0,442.8,01-10,362.3333333333333,3.0,"2024,2025,2026",False,2,Low
2025-01-11,Double Queen,True,2024-01-01,config,False,448.7,6.0,1.0,448.7,01-11,203.01666666666665,3.0,"2024,2025,2026",False,2,Low
2025-01-12,Double Queen,True,2024-01-01,config,False,72.0,1.0,0.0,72.0,01-12,193.01666666666665,3.0,"2024,2025,2026",False,2,Low
2025-01-13,Double Queen,True,2024-01-01,config,False,62.37,1.0,1.0,62.37,01-13,253.0233333333333,3.0,"2024,2025,2026",False,2,Low
2025-01-14,Double Queen,True,2024-01-01,config,False,0.0,0.0,0.0,0.0,01-14,198.69999999999996,3.0,"2024,2025,2026",False,2,Low
2025-01-15,Double Queen,True,2024-01-01,config,False,0.0,0.0,0.0,0.0,01-15,62.03333333333333,3.0,"2024,2025,2026",False,2,Low
2025-01-16,Double Queen,True,2024-01-01,config,False,193.85000000000002,3.0,3.0,193.85000000000002,01-16,252.15,3.0,"2024,2025,2026",False,2,Low
2025-01-17,Double Queen,True,2024-01-01,config,False,385.29,6.0,4.0,385.29,01-17,340.53000000000003,3.0,"2024,2025,2026",False,2,Low
2025-01-18,Double Queen,True,2024-01-01,config,False,387.54,6.0,1.0,387.54,01-18,349.4466666666667,3.0,"2024,2025,2026",False,2,Low
2025-01-19,Double Queen,True,2024-01-01,config,False,351.6,5.0,2.0,351.6,01-19,208.4,3.0,"2024,2025,2026",False,2,Low
2025-01-20,Double Queen,True,2024-01-01,config,False,65.45,1.0,1.0,65.45,01-20,48.01666666666667,3.0,"2024,2025,2026",False,2,Low
2025-01-21,Double Queen,True,2024-01-01,config,False,77.0,1.0,1.0,77.0,01-21,25.666666666666668,3.0,"2024,2025,2026",False,1,Soft
2025-01-22,Double Queen,True,2024-01-01,config,False,0.0,0.0,0.0,0.0,01-22,0.0,3.0,"2024,2025,2026",False,1,Soft
2025-01-23,Double Queen,True,2024-01-01,config,False,69.3,1.0,1.0,69.3,01-23,251.17666666666665,3.0,"2024,2025,2026",False,1,Soft
2025-01-24,Double Queen,True,2024-01-01,config,False,192.5,3.0,3.0,192.5,01-24,258.2266666666667,3.0,"2024,2025,2026",False,1,Soft
2025-01-25,Double Queen,True,2024-01-01,config,False,146.3,2.0,1.0,146.3,01-25,106.07000000000001,3.0,"2024,2025,2026",False,1,Soft
2025-01-26,Double Queen,True,2024-01-01,config,False,0.0,0.0,0.0,0.0,01-26,75.87,3.0,"2024,2025,2026",False,1,Soft
2025-01-27,Double Queen,True,2024-01-01,config,False,0.0,0.0,0.0,0.0,01-27,25.30333333333333,3.0,"2024,2025,2026",False,1,Soft
2025-01-28,Double Queen,True,2024-01-01,config,False,0.0,0.0,0.0,0.0,01-28,25.570833333333336,3.0,"2024,2025,2026",False,1,Soft
2025-01-29,Double Queen,True,2024-01-01,config,False,77.0,1.0,1.0,77.0,01-29,104.36083333333333,3.0,"2024,2025,2026",False,1,Soft
2025-01-30,Double Queen,True,2024-01-01,config,False,295.87,4.0,3.0,295.87,01-30,325.9941666666667,3.0,"2024,2025,2026",False,1,Soft
2025-01-31,Double Queen,True,2024-01-01,config,False,361.92,5.0,2.0,361.92,01-31,373.7108333333333,3.0,"2024,2025,2026",False,1,Soft
2025-02-01,Double Queen,True,2024-01-01,config,False,359.92,5.0,2.0,359.92,02-01,203.47333333333336,3.0,"2024,2025,2026",False,1,Soft
2025-02-02,Double Queen,True,2024-01-01,config,False,0.0,0.0,0.0,0.0,02-02,138.43333333333334,3.0,"2024,2025,2026",False,1,Soft
2025-02-03,Double Queen,True,2024-01-01,config,False,77.0,1.0,1.0,77.0,02-03,174.4333333333333,3.0,"2024,2025,2026",False,1,Soft
2025-02-04,Double Queen,True,2024-01-01,config,False,154.0,2.0,2.0,154.0,02-04,83.0,3.0,"2024,2025,2026",False,1,Soft
2025-02-05,Double Queen,True,2024-01-01,config,False,154.0,2.0,0.0,154.0,02-05,168.46666666666667,3.0,"2024,2025,2026",False,1,Soft
2025-02-06,Double Queen,True,2024-01-01,config,False,223.3,3.0,1.0,223.3,02-06,299.2966666666667,3.0,"2024,2025,2026",False,1,Soft
2025-02-07,Double Queen,True,2024-01-01,config,False,347.65,5.0,4.0,347.65,02-07,308.31333333333333,3.0,"2024,2025,2026",False,1,Soft
2025-02-08,Double Queen,True,2024-01-01,config,False,394.62,6.0,3.0,394.62,02-08,161.85666666666665,3.0,"2024,2025,2026",False,1,Soft
2025-02-09,Double Queen,True,2024-01-01,config,False,77.0,1.0,0.0,77.0,02-09,79.5,3.0,"2024,2025,2026",False,1,Soft
2025-02-10,Double Queen,True,2024-01-01,config,False,77.0,1.0,1.0,77.0,02-10,52.79999999999999,3.0,"2024,2025,2026",False,2,Low
2025-02-11,Double Queen,True,2024-01-01,config,False,77.0,1.0,1.0,77.0,02-11,91.91111111111111,3.0,"2024,2025,2026",False,2,Low
2025-02-12,Double Queen,True,2024-01-01,config,False,0.0,0.0,0.0,0.0,02-12,142.3111111111111,3.0,"2024,2025,2026",False,2,Low
2025-02-13,Double Queen,True,2024-01-01,config,False,238.41666666666669,3.0,3.0,238.41666666666669,02-13,293.84666666666664,3.0,"2024,2025,2026",False,2,Low
2025-02-14,Double Queen,True,2024-01-01,config,False,488.9166666666667,6.0,4.0,488.9166666666667,02-14,351.1588888888889,3.0,"2024,2025,2026",False,2,Low
2025-02-15,Double Queen,True,2024-01-01,config,False,451.19666666666666,6.0,4.0,451.19666666666666,02-15,309.2088888888889,3.0,"2024,2025,2026",False,2,Low
2025-02-16,Double Queen,True,2024-01-01,config,False,210.6,3.0,1.0,210.6,02-16,253.03333333333333,3.0,"2024,2025,2026",False,2,Low
2025-02-17,Double Queen,True,2024-01-01,config,False,62.0,1.0,0.0,62.0,02-17,221.35999999999999,3.0,"2024,2025,2026",False,2,Low
2025-02-18,Double Queen,True,2024-01-01,config,False,131.67,2.0,2.0,131.67,02-18,190.63,3.0,"2024,2025,2026",False,2,Low
2025-02-19,Double Queen,True,2024-01-01,config,False,0.0,0.0,0.0,0.0,02-19,114.34444444444445,3.0,"2024,2025,2026",False,2,Low
2025-02-20,Double Queen,True,2024-01-01,config,False,0.0,0.0,0.0,0.0,02-20,206.7877777777778,3.0,"2024,2025,2026",False,2,Low
2025-02-21,Double Queen,True,2024-01-01,config,False,342.65,5.0,5.0,342.65,02-21,360.31111111111113,3.0,"2024,2025,2026",False,2,Low
2025-02-22,Double Queen,True,2024-01-01,config,False,427.35,6.0,2.0,427.35,02-22,172.74333333333334,3.0,"2024,2025,2026",False,2,Low
2025-02-23,Double Queen,True,2024-01-01,config,False,146.3,2.0,1.0,146.3,02-23,189.76,3.0,"2024,2025,2026",False,2,Low
2025-02-24,Double Queen,True,2024-01-01,config,False,146.3,2.0,0.0,146.3,02-24,131.71,3.0,"2024,2025,2026",False,2,Low
2025-02-25,Double Queen,True,2024-01-01,config,False,266.8,4.0,4.0,266.8,02-25,145.17666666666668,3.0,"2024,2025,2026",False,1,Soft
2025-02-26,Double Queen,True,2024-01-01,config,False,146.3,2.0,0.0,146.3,02-26,79.06,3.0,"2024,2025,2026",False,1,Soft
2025-02-27,Double Queen,True,2024-01-01,config,False,146.3,2.0,0.0,146.3,02-27,150.16,3.0,"2024,2025,2026",False,1,Soft
2025-02-28,Double Queen,True,2024-01-01,config,False,165.2,2.0,2.0,165.2,02-28,224.65666666666667,3.0,"2024,2025,2026",False,1,Soft
2025-03-01,Double Queen,True,2024-01-01,config,False,195.3,2.0,1.0,195.3,03-01,161.0666666666667,3.0,"2024,2025,2026",False,1,Soft
2025-03-02,Double Queen,True,2024-01-01,config,False,0.0,0.0,0.0,0.0,03-02,67.61666666666666,3.0,"2024,2025,2026",False,1,Soft
2025-03-03,Double Queen,True,2024-01-01,config,False,0.0,0.0,0.0,0.0,03-03,63.333333333333336,3.0,"2024,2025,2026",False,1,Soft
2025-03-04,Double Queen,True,2024-01-01,config,False,112.0,1.0,1.0,112.0,03-04,65.83333333333333,3.0,"2024,2025,2026",False,1,Soft
2025-03-05,Double Queen,True,2024-01-01,config,False,0.0,0.0,0.0,0.0,03-05,71.05555555555556,3.0,"2024,2025,2026",False,1,Soft
2025-03-06,Double Queen,True,2024-01-01,config,False,229.0,2.0,2.0,229.0,03-06,118.8888888888889,3.0,"2024,2025,2026",False,2,Low
2025-03-07,Double Queen,True,2024-01-01,config,False,223.5,2.0,1.0,223.5,03-07,190.93888888888887,3.0,"2024,2025,2026",False,2,Low
2025-03-08,Double Queen,True,2024-01-01,config,False,114.0,1.0,1.0,114.0,03-08,203.16333333333333,3.0,"2024,2025,2026",False,2,Low
2025-03-09,Double Queen,True,2024-01-01,config,False,95.2,1.0,1.0,95.2,03-09,364.73,3.0,"2024,2025,2026",False,2,Low
2025-03-10,Double Queen,True,2024-01-01,config,False,174.18,2.0,2.0,174.18,03-10,294.1433333333334,3.0,"2024,2025,2026",False,2,Low
2025-03-11,Double Queen,True,2024-01-01,config,False,88.5,1.0,0.0,88.5,03-11,359.62999999999994,3.0,"2024,2025,2026",False,2,Low
2025-03-12,Double Queen,True,2024-01-01,config,False,207.16666666666669,2.0,1.0,207.16666666666669,03-12,416.1688888888889,3.0,"2024,2025,2026",False,2,Low
2025-03-13,Double Queen,True,2024-01-01,config,False,207.16666666666669,2.0,0.0,207.16666666666669,03-13,430.3655555555556,3.0,"2024,2025,2026",False,3,Shoulder
2025-03-14,Double Queen,True,2024-01-01,config,False,222.16666666666669,2.0,1.0,222.16666666666669,03-14,468.3888888888889,3.0,"2024,2025,2026",False,3,Shoulder
2025-03-15,Double Queen,True,2024-01-01,config,False,91.0,1.0,1.0,91.0,03-15,379.8433333333333,3.0,"2024,2025,2026",False,3,Shoulder
2025-03-16,Double Queen,True,2024-01-01,config,False,0.0,0.0,0.0,0.0,03-16,371.6499999999999,3.0,"2024,2025,2026",False,3,Shoulder
2025-03-17,Double Queen,True,2024-01-01,config,False,171.5,2.0,2.0,171.5,03-17,335.8333333333333,3.0,"2024,2025,2026",False,3,Shoulder
2025-03-18,Double Queen,True,2024-01-01,config,False,149.7,2.0,1.0,149.7,03-18,364.84666666666664,3.0,"2024,2025,2026",False,3,Shoulder
2025-03-19,Double Queen,True,2024-01-01,config,False,235.0,3.0,3.0,235.0,03-19,372.9866666666667,3.0,"2024,2025,2026",False,3,Shoulder
2025-03-20,Double Queen,True,2024-01-01,config,False,232.0,3.0,1.0,232.0,03-20,407.7336111111111,3.0,"2024,2025,2026",False,3,Shoulder
2025-03-21,Double Queen,True,2024-01-01,config,False,174.0,2.0,1.0,174.0,03-21,382.81361111111113,3.0,"2024,2025,2026",False,3,Shoulder
2025-03-22,Double Queen,True,2024-01-01,config,False,144.6,2.0,2.0,144.6,03-22,177.64444444444442,3.0,"2024,2025,2026",False,3,Shoulder
2025-03-23,Double Queen,True,2024-01-01,config,False,216.8,3.0,2.0,216.8,03-23,253.49333333333334,3.0,"2024,2025,2026",False,3,Shoulder
2025-03-24,Double Queen,True,2024-01-01,config,False,244.9,3.0,2.0,244.9,03-24,169.33333333333334,3.0,"2024,2025,2026",False,3,Shoulder
2025-03-25,Double Queen,True,2024-01-01,config,False,126.0,2.0,2.0,126.0,03-25,127.5,3.0,"2024,2025,2026",False,3,Shoulder
2025-03-26,Double Queen,True,2024-01-01,config,False,228.3,3.0,2.0,228.3,03-26,248.00777777777776,3.0,"2024,2025,2026",False,2,Low
2025-03-27,Double Queen,True,2024-01-01,config,False,149.5,2.0,2.0,149.5,03-27,299.72777777777776,3.0,"2024,2025,2026",False,2,Low
2025-03-28,Double Queen,True,2024-01-01,config,False,225.78,3.0,2.0,225.78,03-28,349.62444444444446,3.0,"2024,2025,2026",False,2,Low
2025-03-29,Double Queen,True,2024-01-01,config,False,224.96666666666667,3.0,3.0,224.96666666666667,03-29,549.7222222222222,3.0,"2024,2025,2026",False,2,Low
2025-03-30,Double Queen,True,2024-01-01,config,False,227.36666666666667,3.0,2.0,227.36666666666667,03-30,173.02555555555554,3.0,"2024,2025,2026",False,2,Low
2025-03-31,Double Queen,True,2024-01-01,config,False,241.64666666666668,3.0,1.0,241.64666666666668,03-31,140.77222222222224,3.0,"2024,2025,2026",False,2,Low
2025-04-01,Double Queen,True,2024-01-01,config,False,155.96666666666667,2.0,0.0,155.96666666666667,04-01,253.75,3.0,"2024,2025,2026",False,3,Shoulder
2025-04-02,Double Queen,True,2024-01-01,config,False,150.96666666666667,2.0,1.0,150.96666666666667,04-02,243.35555555555558,3.0,"2024,2025,2026",False,3,Shoulder
2025-04-03,Double Queen,True,2024-01-01,config,False,144.86666666666667,2.0,1.0,144.86666666666667,04-03,346.2988888888888,3.0,"2024,2025,2026",False,2,Low
2025-04-04,Double Queen,True,2024-01-01,config,False,188.69166666666666,3.0,2.0,188.69166666666666,04-04,353.8072222222222,3.0,"2024,2025,2026",False,2,Low
2025-04-05,Double Queen,True,2024-01-01,config,False,198.59166666666667,3.0,1.0,198.59166666666667,04-05,325.88055555555553,3.0,"2024,2025,2026",False,2,Low
2025-04-06,Double Queen,True,2024-01-01,config,False,194.96666666666667,3.0,2.0,194.96666666666667,04-06,348.8622222222222,3.0,"2024,2025,2026",False,2,Low
2025-04-07,Double Queen,True,2024-01-01,config,False,173.8,2.0,1.0,173.8,04-07,180.76666666666665,3.0,"2024,2025,2026",False,2,Low
2025-04-08,Double Queen,True,2024-01-01,config,False,134.8,2.0,1.0,134.8,04-08,248.01333333333332,3.0,"2024,2025,2026",False,2,Low
2025-04-09,Double Queen,True,2024-01-01,config,False,124.45,2.0,1.0,124.45,04-09,143.98666666666665,3.0,"2024,2025,2026",False,2,Low
2025-04-10,Double Queen,True,2024-01-01,config,False,115.35,2.0,1.0,115.35,04-10,149.4,3.0,"2024,2025,2026",False,2,Low
2025-04-11,Double Queen,True,2024-01-01,config,False,153.75,2.0,2.0,153.75,04-11,260.53333333333336,3.0,"2024,2025,2026",False,2,Low
2025-04-12,Double Queen,True,2024-01-01,config,False,149.55,2.0,1.0,149.55,04-12,235.0333333333333,3.0,"2024,2025,2026",False,2,Low
2025-04-13,Double Queen,True,2024-01-01,config,False,111.15,2.0,2.0,111.15,04-13,204.4,3.0,"2024,2025,2026",False,2,Low
2025-04-14,Double Queen,True,2024-01-01,config,False,55.0,1.0,1.0,55.0,04-14,113.89999999999999,3.0,"2024,2025,2026",False,2,Low
2025-04-15,Double Queen,True,2024-01-01,config,False,63.0,1.0,1.0,63.0,04-15,191.71333333333334,3.0,"2024,2025,2026",False,2,Low
2025-04-16,Double Queen,True,2024-01-01,config,False,0.0,0.0,0.0,0.0,04-16,258.5,3.0,"2024,2025,2026",False,2,Low
2025-04-17,Double Queen,True,2024-01-01,config,False,101.7,1.0,1.0,101.7,04-17,372.345,3.0,"2024,2025,2026",False,3,Shoulder
2025-04-18,Double Queen,True,2024-01-01,config,False,86.1,1.0,1.0,86.1,04-18,367.5683333333333,3.0,"2024,2025,2026",False,3,Shoulder
2025-04-19,Double Queen,True,2024-01-01,config,False,70.56,1.0,1.0,70.56,04-19,104.87,3.0,"2024,2025,2026",False,3,Shoulder
2025-04-20,Double Queen,True,2024-01-01,config,False,0.0,0.0,0.0,0.0,04-20,223.93666666666664,3.0,"2024,2025,2026",False,3,Shoulder
2025-04-21,Double Queen,True,2024-01-01,config,False,0.0,0.0,0.0,0.0,04-21,154.84803921568627,3.0,"2024,2025,2026",False,3,Shoulder
2025-04-22,Double Queen,True,2024-01-01,config,False,215.0,2.0,2.0,215.0,04-22,236.8513725490196,3.0,"2024,2025,2026",False,3,Shoulder
2025-04-23,Double Queen,True,2024-01-01,config,False,112.0,1.0,0.0,112.0,04-23,283.8113725490196,3.0,"2024,2025,2026",False,3,Shoulder
2025-04-24,Double Queen,True,2024-01-01,config,False,0.0,0.0,0.0,0.0,04-24,178.2313725490196,3.0,"2024,2025,2026",False,3,Shoulder
2025-04-25,Double Queen,True,2024-01-01,config,False,222.0,2.0,2.0,222.0,04-25,260.56470588235294,3.0,"2024,2025,2026",False,3,Shoulder
2025-04-26,Double Queen,True,2024-01-01,config,False,92.16,2.0,2.0,92.16,04-26,219.61803921568628,3.0,"2024,2025,2026",False,3,Shoulder
2025-04-27,Double Queen,True,2024-01-01,config,False,66.5,1.0,1.0,66.5,04-27,175.17470588235292,3.0,"2024,2025,2026",False,3,Shoulder
2025-04-28,Double Queen,True,2024-01-01,config,False,145.5,2.0,1.0,145.5,04-28,201.93137254901958,3.0,"2024,2025,2026",False,3,Shoulder
2025-04-29,Double Queen,True,2024-01-01,config,False,218.3,3.0,2.0,218.3,04-29,248.24803921568628,3.0,"2024,2025,2026",False,3,Shoulder
2025-04-30,Double Queen,True,2024-01-01,config,False,79.0,1.0,0.0,79.0,04-30,201.33470588235295,3.0,"2024,2025,2026",False,3,Shoulder
2025-05-01,Double Queen,True,2024-01-01,config,False,0.0,0.0,0.0,0.0,05-01,304.05470588235295,3.0,"2024,2025,2026",False,3,Shoulder
2025-05-02,Double Queen,True,2024-01-01,config,False,251.1,2.0,2.0,251.1,05-02,598.6413725490196,3.0,"2024,2025,2026",False,3,Shoulder
2025-05-03,Double Queen,True,2024-01-01,config,False,165.0,1.0,1.0,165.0,05-03,310.09803921568624,3.0,"2024,2025,2026",False,3,Shoulder
2025-05-04,Double Queen,True,2024-01-01,config,False,272.55,3.0,3.0,272.55,05-04,240.41470588235293,3.0,"2024,2025,2026",False,3,Shoulder
2025-05-05,Double Queen,True,2024-01-01,config,False,296.21666666666664,3.0,3.0,296.21666666666664,05-05,262.57026143790847,3.0,"2024,2025,2026",False,3,Shoulder
2025-05-06,Double Queen,True,2024-01-01,config,False,194.21666666666664,2.0,0.0,194.21666666666664,05-06,218.4035947712418,3.0,"2024,2025,2026",False,3,Shoulder
2025-05-07,Double Queen,True,2024-01-01,config,False,93.21666666666665,1.0,0.0,93.21666666666665,05-07,274.75692810457514,3.0,"2024,2025,2026",False,3,Shoulder
2025-05-08,Double Queen,True,2024-01-01,config,False,0.0,0.0,0.0,0.0,05-08,439.0016666666667,3.0,"2024,2025,2026",False,3,Shoulder
2025-05-09,Double Queen,True,2024-01-01,config,False,635.595,4.0,4.0,635.595,05-09,637.7333333333333,3.0,"2024,2025,2026",False,3,Shoulder
2025-05-10,Double Queen,True,2024-01-01,config,False,928.995,6.0,3.0,928.995,05-10,676.6933333333333,3.0,"2024,2025,2026",False,3,Shoulder
2025-05-11,Double Queen,True,2024-01-01,config,False,177.97500000000002,2.0,2.0,177.97500000000002,05-11,530.6866666666666,3.0,"2024,2025,2026",False,3,Shoulder
2025-05-12,Double Queen,True,2024-01-01,config,False,391.475,4.0,3.0,391.475,05-12,306.01500000000004,3.0,"2024,2025,2026",False,3,Shoulder
2025-05-13,Double Queen,True,2024-01-01,config,False,418.2083333333333,5.0,4.0,418.2083333333333,05-13,427.1427777777778,3.0,"2024,2025,2026",False,3,Shoulder
2025-05-14,Double Queen,True,2024-01-01,config,False,394.4583333333333,5.0,2.0,394.4583333333333,05-14,449.35611111111115,3.0,"2024,2025,2026",False,3,Shoulder
2025-05-15,Double Queen,True,2024-01-01,config,False,459.3333333333333,5.0,3.0,459.3333333333333,05-15,630.2111111111111,3.0,"2024,2025,2026",False,3,Shoulder
2025-05-16,Double Queen,True,2024-01-01,config,False,471.45,4.0,4.0,471.45,05-16,496.9166666666667,3.0,"2024,2025,2026",False,3,Shoulder
2025-05-17,Double Queen,True,2024-01-01,config,False,475.75,4.0,1.0,475.75,05-17,521.6033333333334,3.0,"2024,2025,2026",False,4,High
2025-05-18,Double Queen,True,2024-01-01,config,False,207.09,2.0,1.0,207.09,05-18,386.59666666666664,3.0,"2024,2025,2026",False,4,High
2025-05-19,Double Queen,True,2024-01-01,config,False,290.62,3.0,3.0,290.62,05-19,346.4066666666667,3.0,"2024,2025,2026",False,4,High
2025-05-20,Double Queen,True,2024-01-01,config,False,380.72,4.0,3.0,380.72,05-20,445.7416666666666,3.0,"2024,2025,2026",False,4,High
2025-05-21,Double Queen,True,2024-01-01,config,False,295.6,4.0,1.0,295.6,05-21,389.8216666666667,3.0,"2024,2025,2026",False,4,High
2025-05-22,Double Queen,True,2024-01-01,config,False,448.3,4.0,4.0,448.3,05-22,717.3299999999999,3.0,"2024,2025,2026",False,4,High
2025-05-23,Double Queen,True,2024-01-01,config,False,1191.6,7.0,6.0,1191.6,05-23,969.3675,3.0,"2024,2025,2026",False,4,High
2025-05-24,Double Queen,True,2024-01-01,config,False,1378.6866666666667,7.0,6.0,1378.6866666666667,05-24,1200.3497222222222,3.0,"2024,2025,2026",False,4,High
2025-05-25,Double Queen,True,2024-01-01,config,False,1041.9166666666667,7.0,5.0,1041.9166666666667,05-25,964.0597222222223,3.0,"2024,2025,2026",False,4,High
2025-05-26,Double Queen,True,2024-01-01,config,False,656.0266666666668,5.0,3.0,656.0266666666668,05-26,739.0530555555556,3.0,"2024,2025,2026",False,5,Peak
2025-05-27,Double Queen,True,2024-01-01,config,False,678.8100000000001,7.0,6.0,678.8100000000001,05-27,705.9766666666668,3.0,"2024,2025,2026",False,5,Peak
2025-05-28,Double Queen,True,2024-01-01,config,False,765.95,6.0,5.0,765.95,05-28,526.3033333333334,3.0,"2024,2025,2026",False,5,Peak
2025-05-29,Double Queen,True,2024-01-01,config,False,871.825,6.0,4.0,871.825,05-29,689.9783333333334,3.0,"2024,2025,2026",False,5,Peak
2025-05-30,Double Queen,True,2024-01-01,config,False,980.105,7.0,5.0,980.105,05-30,647.8816666666667,3.0,"2024,2025,2026",False,5,Peak
2025-05-31,Double Queen,True,2024-01-01,config,False,992.73,7.0,4.0,992.73,05-31,1034.0211111111112,3.0,"2024,2025,2026",False,5,Peak
2025-06-01,Double Queen,True,2024-01-01,config,False,993.175,7.0,5.0,993.175,06-01,975.1611111111112,3.0,"2024,2025,2026",False,5,Peak
2025-06-02,Double Queen,True,2024-01-01,config,False,992.175,7.0,5.0,992.175,06-02,863.0761111111111,3.0,"2024,2025,2026",False,5,Peak
2025-06-03,Double Queen,True,2024-01-01,config,False,985.885,7.0,5.0,985.885,06-03,1023.1933333333333,3.0,"2024,2025,2026",False,5,Peak
2025-06-04,Double Queen,True,2024-01-01,config,False,962.985,7.0,5.0,962.985,06-04,681.5283333333333,3.0,"2024,2025,2026",False,5,Peak
2025-06-05,Double Queen,True,2024-01-01,config,False,733.4333333333333,5.0,2.0,733.4333333333333,06-05,798.8277777777777,3.0,"2024,2025,2026",False,5,Peak
2025-06-06,Double Queen,True,2024-01-01,config,False,940.9333333333333,6.0,4.0,940.9333333333333,06-06,883.9944444444444,3.0,"2024,2025,2026",False,5,Peak
2025-06-07,Double Queen,True,2024-01-01,config,False,987.7416666666667,7.0,6.0,987.7416666666667,06-07,755.1538888888889,3.0,"2024,2025,2026",False,5,Peak
2025-06-08,Double Queen,True,2024-01-01,config,False,1005.2083333333334,7.0,2.0,1005.2083333333334,06-08,1029.3341666666668,3.0,"2024,2025,2026",False,5,Peak
2025-06-09,Double Queen,True,2024-01-01,config,False,1120.9333333333334,7.0,5.0,1120.9333333333334,06-09,810.2558333333333,3.0,"2024,2025,2026",False,5,Peak
2025-06-10,Double Queen,True,2024-01-01,config,False,1007.73,7.0,6.0,1007.73,06-10,919.8563888888889,3.0,"2024,2025,2026",False,5,Peak
2025-06-11,Double Queen,True,2024-01-01,config,False,607.1775,4.0,4.0,607.1775,06-11,963.2026262626263,3.0,"2024,2025,2026",False,5,Peak
2025-06-12,Double Queen,True,2024-01-01,config,False,822.0275,5.0,3.0,822.0275,06-12,1013.246792929293,3.0,"2024,2025,2026",False,5,Peak
2025-06-13,Double Queen,True,2024-01-01,config,False,1160.2108333333333,7.0,5.0,1160.2108333333333,06-13,1175.0558333333333,3.0,"2024,2025,2026",False,5,Peak
2025-06-14,Double Queen,True,2024-01-01,config,False,1131.4108333333334,6.0,2.0,1131.4108333333334,06-14,1165.3697222222224,3.0,"2024,2025,2026",False,5,Peak
2025-06-15,Double Queen,True,2024-01-01,config,False,1136.3583333333333,7.0,4.0,1136.3583333333333,06-15,1176.1322222222223,3.0,"2024,2025,2026",False,5,Peak
2025-06-16,Double Queen,True,2024-01-01,config,False,988.325,7.0,4.0,988.325,06-16,997.6933333333333,3.0,"2024,2025,2026",False,5,Peak
2025-06-17,Double Queen,True,2024-01-01,config,False,995.65,7.0,3.0,995.65,06-17,1065.57,3.0,"2024,2025,2026",False,5,Peak
2025-06-18,Double Queen,True,2024-01-01,config,False,1231.9,7.0,5.0,1231.9,06-18,1081.72,3.0,"2024,2025,2026",False,5,Peak
2025-06-19,Double Queen,True,2024-01-01,config,False,1294.01,7.0,6.0,1294.01,06-19,1168.158888888889,3.0,"2024,2025,2026",False,5,Peak
2025-06-20,Double Queen,True,2024-01-01,config,False,1515.5,7.0,6.0,1515.5,06-20,1088.8083333333334,3.0,"2024,2025,2026",False,5,Peak
2025-06-21,Double Queen,True,2024-01-01,config,False,1437.3666666666668,7.0,6.0,1437.3666666666668,06-21,971.7805555555556,3.0,"2024,2025,2026",False,5,Peak
2025-06-22,Double Queen,True,2024-01-01,config,False,1131.5416666666667,7.0,6.0,1131.5416666666667,06-22,1072.7272222222223,3.0,"2024,2025,2026",False,5,Peak
2025-06-23,Double Queen,True,2024-01-01,config,False,1091.0916666666667,7.0,2.0,1091.0916666666667,06-23,1050.5655555555556,3.0,"2024,2025,2026",False,5,Peak
2025-06-24,Double Queen,True,2024-01-01,config,False,1067.125,7.0,3.0,1067.125,06-24,1222.8033333333333,3.0,"2024,2025,2026",False,5,Peak
2025-06-25,Double Queen,True,2024-01-01,config,False,1152.325,7.0,5.0,1152.325,06-25,1218.11,3.0,"2024,2025,2026",False,5,Peak
2025-06-26,Double Queen,True,2024-01-01,config,False,1126.15,7.0,4.0,1126.15,06-26,1151.035,3.0,"2024,2025,2026",False,5,Peak
2025-06-27,Double Queen,True,2024-01-01,config,False,1277.115,7.0,6.0,1277.115,06-27,1048.2749999999999,3.0,"2024,2025,2026",False,5,Peak
2025-06-28,Double Queen,True,2024-01-01,config,False,1111.365,6.0,3.0,1111.365,06-28,960.5416666666666,3.0,"2024,2025,2026",False,5,Peak
2025-06-29,Double Queen,True,2024-01-01,config,False,483.3,3.0,3.0,483.3,06-29,943.3466666666667,3.0,"2024,2025,2026",False,5,Peak
2025-06-30,Double Queen,True,2024-01-01,config,False,923.6,6.0,5.0,923.6,06-30,876.5033333333334,3.0,"2024,2025,2026",False,5,Peak
2025-07-01,Double Queen,True,2024-01-01,config,False,1254.2675,7.0,7.0,1254.2675,07-01,1218.5608333333332,3.0,"2024,2025,2026",False,5,Peak
2025-07-02,Double Queen,True,2024-01-01,config,False,1198.8475,7.0,5.0,1198.8475,07-02,1284.0275,3.0,"2024,2025,2026",False,5,Peak
2025-07-03,Double Queen,True,2024-01-01,config,False,1320.9975,7.0,5.0,1320.9975,07-03,1354.983611111111,3.0,"2024,2025,2026",False,5,Peak
2025-07-04,Double Queen,True,2024-01-01,config,False,1550.1225,7.0,5.0,1550.1225,07-04,1464.4408333333333,3.0,"2024,2025,2026",False,5,Peak
2025-07-05,Double Queen,True,2024-01-01,config,False,1573.5416666666667,7.0,3.0,1573.5416666666667,07-05,1398.5583333333334,3.0,"2024,2025,2026",False,5,Peak
2025-07-06,Double Queen,True,2024-01-01,config,False,1398.3483333333334,7.0,4.0,1398.3483333333334,07-06,1249.8572222222222,3.0,"2024,2025,2026",False,5,Peak
2025-07-07,Double Queen,True,2024-01-01,config,False,1352.3233333333333,7.0,2.0,1352.3233333333333,07-07,1170.68,3.0,"2024,2025,2026",False,5,Peak
2025-07-08,Double Queen,True,2024-01-01,config,False,1089.4916666666666,7.0,4.0,1089.4916666666666,07-08,1059.7716666666665,3.0,"2024,2025,2026",False,5,Peak
2025-07-09,Double Queen,True,2024-01-01,config,False,1030.55,7.0,6.0,1030.55,07-09,1078.0355555555554,3.0,"2024,2025,2026",False,5,Peak
2025-07-10,Double Queen,True,2024-01-01,config,False,1195.0149999999999,7.0,6.0,1195.0149999999999,07-10,1281.6427777777778,3.0,"2024,2025,2026",False,5,Peak
2025-07-11,Double Queen,True,2024-01-01,config,False,1240.535,7.0,3.0,1240.535,07-11,1101.0580555555555,3.0,"2024,2025,2026",False,5,Peak
2025-07-12,Double Queen,True,2024-01-01,config,False,1156.8233333333333,7.0,3.0,1156.8233333333333,07-12,1188.7852777777778,3.0,"2024,2025,2026",False,5,Peak
2025-07-13,Double Queen,True,2024-01-01,config,False,1191.4833333333333,7.0,5.0,1191.4833333333333,07-13,1157.4269444444444,3.0,"2024,2025,2026",False,5,Peak
2025-07-14,Double Queen,True,2024-01-01,config,False,1260.8333333333333,7.0,5.0,1260.8333333333333,07-14,1167.9569444444444,3.0,"2024,2025,2026",False,5,Peak
2025-07-15,Double Queen,True,2024-01-01,config,False,1273.55,7.0,5.0,1273.55,07-15,1182.405,3.0,"2024,2025,2026",False,5,Peak
2025-07-16,Double Queen,True,2024-01-01,config,False,1306.5049999999999,7.0,7.0,1306.5049999999999,07-16,1307.04,3.0,"2024,2025,2026",False,5,Peak
2025-07-17,Double Queen,True,2024-01-01,config,False,1212.615,7.0,2.0,1212.615,07-17,1123.3841666666667,3.0,"2024,2025,2026",False,5,Peak
2025-07-18,Double Queen,True,2024-01-01,config,False,1666.97,7.0,7.0,1666.97,07-18,1308.6241666666667,3.0,"2024,2025,2026",False,5,Peak
2025-07-19,Double Queen,True,2024-01-01,config,False,1345.98,7.0,4.0,1345.98,07-19,1152.4058333333335,3.0,"2024,2025,2026",False,5,Peak
2025-07-20,Double Queen,True,2024-01-01,config,False,1030.6,5.0,4.0,1030.6,07-20,1120.7791666666665,3.0,"2024,2025,2026",False,5,Peak
2025-07-21,Double Queen,True,2024-01-01,config,False,1431.53,7.0,5.0,1431.53,07-21,1156.0433333333333,3.0,"2024,2025,2026",False,5,Peak
2025-07-22,Double Queen,True,2024-01-01,config,False,1320.59,7.0,5.0,1320.59,07-22,857.7066666666666,3.0,"2024,2025,2026",False,5,Peak
2025-07-23,Double Queen,True,2024-01-01,config,False,1316.55,7.0,5.0,1316.55,07-23,962.1527777777777,3.0,"2024,2025,2026",False,5,Peak
2025-07-24,Double Queen,True,2024-01-01,config,False,1367.375,7.0,4.0,1367.375,07-24,1028.5027777777777,3.0,"2024,2025,2026",False,5,Peak
2025-07-25,Double Queen,True,2024-01-01,config,False,1394.95,7.0,3.0,1394.95,07-25,1132.8836111111111,3.0,"2024,2025,2026",False,5,Peak
2025-07-26,Double Queen,True,2024-01-01,config,False,1270.215,7.0,5.0,1270.215,07-26,922.2091666666665,3.0,"2024,2025,2026",False,5,Peak
2025-07-27,Double Queen,True,2024-01-01,config,False,1083.6,6.0,5.0,1083.6,07-27,893.7991666666667,3.0,"2024,2025,2026",False,5,Peak
2025-07-28,Double Queen,True,2024-01-01,config,False,1188.415,7.0,7.0,1188.415,07-28,1020.6908333333332,3.0,"2024,2025,2026",False,5,Peak
2025-07-29,Double Queen,True,2024-01-01,config,False,1217.65,7.0,6.0,1217.65,07-29,957.6544444444444,3.0,"2024,2025,2026",False,5,Peak
2025-07-30,Double Queen,True,2024-01-01,config,False,1312.095,7.0,5.0,1312.095,07-30,886.4877777777778,3.0,"2024,2025,2026",False,5,Peak
2025-07-31,Double Queen,True,2024-01-01,config,False,1357.425,7.0,4.0,1357.425,07-31,683.7011111111111,3.0,"2024,2025,2026",False,5,Peak
2025-08-01,Double Queen,True,2024-01-01,config,False,1396.51,7.0,6.0,1396.51,08-01,818.555,3.0,"2024,2025,2026",False,5,Peak
2025-08-02,Double Queen,True,2024-01-01,config,False,1271.885,7.0,4.0,1271.885,08-02,842.1133333333333,3.0,"2024,2025,2026",False,5,Peak
2025-08-03,Double Queen,True,2024-01-01,config,False,1248.05,7.0,4.0,1248.05,08-03,866.5533333333333,3.0,"2024,2025,2026",False,5,Peak
2025-08-04,Double Queen,True,2024-01-01,config,False,967.89,6.0,4.0,967.89,08-04,561.68,3.0,"2024,2025,2026",False,5,Peak
2025-08-05,Double Queen,True,2024-01-01,config,False,712.05,4.0,3.0,712.05,08-05,605.1766666666666,3.0,"2024,2025,2026",False,4,High
2025-08-06,Double Queen,True,2024-01-01,config,False,1149.21,7.0,6.0,1149.21,08-06,863.1366666666667,3.0,"2024,2025,2026",False,4,High
2025-08-07,Double Queen,True,2024-01-01,config,False,889.2333333333333,6.0,4.0,889.2333333333333,08-07,870.5427777777778,3.0,"2024,2025,2026",False,4,High
2025-08-08,Double Queen,True,2024-01-01,config,False,1137.1933333333334,7.0,4.0,1137.1933333333334,08-08,1072.6761111111111,3.0,"2024,2025,2026",False,4,High
2025-08-09,Double Queen,True,2024-01-01,config,False,1335.3333333333333,8.0,3.0,1335.3333333333333,08-09,922.521111111111,3.0,"2024,2025,2026",False,4,High
2025-08-10,Double Queen,True,2024-01-01,config,False,1042.18,6.0,4.0,1042.18,08-10,794.6266666666667,3.0,"2024,2025,2026",False,4,High
2025-08-11,Double Queen,True,2024-01-01,config,False,814.4,5.0,4.0,814.4,08-11,757.5666666666666,3.0,"2024,2025,2026",False,4,High
2025-08-12,Double Queen,True,2024-01-01,config,False,994.4,6.0,5.0,994.4,08-12,709.5333333333333,3.0,"2024,2025,2026",False,4,High
2025-08-13,Double Queen,True,2024-01-01,config,False,955.2,6.0,4.0,955.2,08-13,531.4,3.0,"2024,2025,2026",False,4,High
2025-08-14,Double Queen,True,2024-01-01,config,False,1097.4233333333334,6.0,6.0,1097.4233333333334,08-14,729.1744444444445,3.0,"2024,2025,2026",False,4,High
2025-08-15,Double Queen,True,2024-01-01,config,False,840.5833333333334,4.0,1.0,840.5833333333334,08-15,772.4900000000001,3.0,"2024,2025,2026",False,4,High
2025-08-16,Double Queen,True,2024-01-01,config,False,735.2833333333333,4.0,2.0,735.2833333333333,08-16,696.551111111111,3.0,"2024,2025,2026",False,4,High
2025-08-17,Double Queen,True,2024-01-01,config,False,700.0250000000001,4.0,2.0,700.0250000000001,08-17,637.5083333333333,3.0,"2024,2025,2026",False,4,High
2025-08-18,Double Queen,True,2024-01-01,config,False,858.375,5.0,3.0,858.375,08-18,617.2527777777777,3.0,"2024,2025,2026",False,4,High
2025-08-19,Double Queen,True,2024-01-01,config,False,998.0,6.0,6.0,998.0,08-19,704.3222222222222,3.0,"2024,2025,2026",False,4,High
2025-08-20,Double Queen,True,2024-01-01,config,False,1088.06,7.0,7.0,1088.06,08-20,782.6755555555555,3.0,"2024,2025,2026",False,4,High
2025-08-21,Double Queen,True,2024-01-01,config,False,1535.1,7.0,7.0,1535.1,08-21,880.0055555555555,3.0,"2024,2025,2026",False,4,High
2025-08-22,Double Queen,True,2024-01-01,config,False,1482.25,7.0,5.0,1482.25,08-22,874.5833333333334,3.0,"2024,2025,2026",False,4,High
2025-08-23,Double Queen,True,2024-01-01,config,False,1420.75,7.0,4.0,1420.75,08-23,852.4333333333334,3.0,"2024,2025,2026",False,4,High
2025-08-24,Double Queen,True,2024-01-01,config,False,498.5,3.0,2.0,498.5,08-24,554.3833333333333,3.0,"2024,2025,2026",False,4,High
2025-08-25,Double Queen,True,2024-01-01,config,False,784.51,5.0,5.0,784.51,08-25,491.34833333333336,3.0,"2024,2025,2026",False,4,High
2025-08-26,Double Queen,True,2024-01-01,config,False,311.90999999999997,2.0,0.0,311.90999999999997,08-26,617.6427777777777,3.0,"2024,2025,2026",False,5,Peak
2025-08-27,Double Queen,True,2024-01-01,config,False,427.96000000000004,4.0,4.0,427.96000000000004,08-27,427.8311111111111,3.0,"2024,2025,2026",False,4,High
2025-08-28,Double Queen,True,2024-01-01,config,False,1032.96,5.0,3.0,1032.96,08-28,537.5644444444445,3.0,"2024,2025,2026",False,4,High
2025-08-29,Double Queen,True,2024-01-01,config,False,1925.0,7.0,4.0,1925.0,08-29,1014.0111111111111,3.0,"2024,2025,2026",False,4,High
2025-08-30,Double Queen,True,2024-01-01,config,False,1943.95,7.0,6.0,1943.95,08-30,1027.5833333333333,3.0,"2024,2025,2026",False,4,High
2025-08-31,Double Queen,True,2024-01-01,config,False,1561.2166666666667,7.0,3.0,1561.2166666666667,08-31,894.0055555555555,3.0,"2024,2025,2026",False,4,High
2025-09-01,Double Queen,True,2024-01-01,config,False,971.3666666666667,7.0,6.0,971.3666666666667,09-01,633.3444444444444,3.0,"2024,2025,2026",False,4,High
2025-09-02,Double Queen,True,2024-01-01,config,False,642.6516666666666,4.0,2.0,642.6516666666666,09-02,414.88388888888886,3.0,"2024,2025,2026",False,4,High
2025-09-03,Double Queen,True,2024-01-01,config,False,935.075,6.0,4.0,935.075,09-03,569.2583333333333,3.0,"2024,2025,2026",False,4,High
2025-09-04,Double Queen,True,2024-01-01,config,False,1019.915,6.0,5.0,1019.915,09-04,773.2533333333334,3.0,"2024,2025,2026",False,5,Peak
2025-09-05,Double Queen,True,2024-01-01,config,False,988.315,5.0,3.0,988.315,09-05,857.3866666666667,3.0,"2024,2025,2026",False,5,Peak
2025-09-06,Double Queen,True,2024-01-01,config,False,1062.615,6.0,4.0,1062.615,09-06,712.2533333333334,3.0,"2024,2025,2026",False,5,Peak
2025-09-07,Double Queen,True,2024-01-01,config,False,962.065,6.0,4.0,962.065,09-07,682.3033333333334,3.0,"2024,2025,2026",False,4,High
2025-09-08,Double Queen,True,2024-01-01,config,False,963.9200000000001,6.0,5.0,963.9200000000001,09-08,615.4133333333333,3.0,"2024,2025,2026",False,4,High
2025-09-09,Double Queen,True,2024-01-01,config,False,935.0,6.0,6.0,935.0,09-09,641.0,3.0,"2024,2025,2026",False,4,High
2025-09-10,Double Queen,True,2024-01-01,config,False,905.1700000000001,6.0,5.0,905.1700000000001,09-10,646.2900000000001,3.0,"2024,2025,2026",False,4,High
2025-09-11,Double Queen,True,2024-01-01,config,False,1090.3600000000001,6.0,6.0,1090.3600000000001,09-11,729.3977777777778,3.0,"2024,2025,2026",False,4,High
2025-09-12,Double Queen,True,2024-01-01,config,False,1267.3,6.0,6.0,1267.3,09-12,878.4572222222222,3.0,"2024,2025,2026",False,4,High
2025-09-13,Double Queen,True,2024-01-01,config,False,1047.675,6.0,5.0,1047.675,09-13,802.2488888888888,3.0,"2024,2025,2026",False,4,High
2025-09-14,Double Queen,True,2024-01-01,config,False,175.275,2.0,0.0,175.275,09-14,434.11111111111114,3.0,"2024,2025,2026",False,5,Peak
2025-09-15,Double Queen,True,2024-01-01,config,False,1339.2083333333333,7.0,7.0,1339.2083333333333,09-15,773.5111111111111,3.0,"2024,2025,2026",False,5,Peak
2025-09-16,Double Queen,True,2024-01-01,config,False,1348.2833333333333,7.0,2.0,1348.2833333333333,09-16,754.4511111111111,3.0,"2024,2025,2026",False,4,High
2025-09-17,Double Queen,True,2024-01-01,config,False,1367.7608333333333,7.0,3.0,1367.7608333333333,09-17,740.8369444444444,3.0,"2024,2025,2026",False,5,Peak
2025-09-18,Double Queen,True,2024-01-01,config,False,920.7425,5.0,3.0,920.7425,09-18,578.2308333333334,3.0,"2024,2025,2026",False,5,Peak
2025-09-19,Double Queen,True,2024-01-01,config,False,1465.0875,6.0,5.0,1465.0875,09-19,881.1791666666668,3.0,"2024,2025,2026",False,5,Peak
2025-09-20,Double Queen,True,2024-01-01,config,False,1283.8475,6.0,2.0,1283.8475,09-20,842.6158333333333,3.0,"2024,2025,2026",False,4,High
2025-09-21,Double Queen,True,2024-01-01,config,False,361.0,2.0,2.0,361.0,09-21,461.93333333333334,3.0,"2024,2025,2026",False,4,High
2025-09-22,Double Queen,True,2024-01-01,config,False,995.6,6.0,4.0,995.6,09-22,691.2383333333333,3.0,"2024,2025,2026",False,5,Peak
2025-09-23,Double Queen,True,2024-01-01,config,False,947.35,6.0,4.0,947.35,09-23,801.8216666666667,3.0,"2024,2025,2026",False,4,High
2025-09-24,Double Queen,True,2024-01-01,config,False,1084.88,5.0,4.0,1084.88,09-24,757.6433333333334,3.0,"2024,2025,2026",False,4,High
2025-09-25,Double Queen,True,2024-01-01,config,False,1122.43,6.0,4.0,1122.43,09-25,816.9933333333333,3.0,"2024,2025,2026",False,4,High
2025-09-26,Double Queen,True,2024-01-01,config,False,1366.9,6.0,5.0,1366.9,09-26,752.6333333333333,3.0,"2024,2025,2026",False,4,High
2025-09-27,Double Queen,True,2024-01-01,config,False,1300.5800000000002,6.0,3.0,1300.5800000000002,09-27,827.46,3.0,"2024,2025,2026",False,4,High
2025-09-28,Double Queen,True,2024-01-01,config,False,501.33333333333337,3.0,2.0,501.33333333333337,09-28,549.2444444444445,3.0,"2024,2025,2026",False,4,High
2025-09-29,Double Queen,True,2024-01-01,config,False,489.72333333333336,3.0,1.0,489.72333333333336,09-29,501.04111111111115,3.0,"2024,2025,2026",False,4,High
2025-09-30,Double Queen,True,2024-01-01,config,False,507.9433333333333,3.0,2.0,507.9433333333333,09-30,336.09777777777776,3.0,"2024,2025,2026",False,4,High
2025-10-01,Double Queen,True,2024-01-01,config,False,704.2,4.0,4.0,704.2,10-01,546.2833333333333,3.0,"2024,2025,2026",False,4,High
2025-10-02,Double Queen,True,2024-01-01,config,False,1117.3,5.0,3.0,1117.3,10-02,749.2199999999999,3.0,"2024,2025,2026",False,4,High
2025-10-03,Double Queen,True,2024-01-01,config,False,1009.95,4.0,3.0,1009.95,10-03,775.0877777777778,3.0,"2024,2025,2026",False,4,High
2025-10-04,Double Queen,True,2024-01-01,config,False,1375.5,6.0,5.0,1375.5,10-04,906.8044444444445,3.0,"2024,2025,2026",False,4,High
2025-10-05,Double Queen,True,2024-01-01,config,False,200.8,1.0,0.0,200.8,10-05,479.8711111111111,3.0,"2024,2025,2026",False,4,High
2025-10-06,Double Queen,True,2024-01-01,config,False,405.94124999999997,2.0,2.0,405.94124999999997,10-06,358.41375,3.0,"2024,2025,2026",False,4,High
2025-10-07,Double Queen,True,2024-01-01,config,False,603.94125,3.0,1.0,603.94125,10-07,542.7304166666667,3.0,"2024,2025,2026",False,4,High
2025-10-08,Double Queen,True,2024-01-01,config,False,802.14125,4.0,2.0,802.14125,10-08,581.7304166666667,3.0,"2024,2025,2026",False,4,High
2025-10-09,Double Queen,True,2024-01-01,config,False,594.24125,3.0,1.0,594.24125,10-09,508.7304166666667,3.0,"2024,2025,2026",False,4,High
2025-10-10,Double Queen,True,2024-01-01,config,False,1295.575,6.0,5.0,1295.575,10-10,764.3583333333332,3.0,"2024,2025,2026",False,4,High
2025-10-11,Double Queen,True,2024-01-01,config,False,1416.575,6.0,2.0,1416.575,10-11,844.7694444444445,3.0,"2024,2025,2026",False,3,Shoulder
2025-10-12,Double Queen,True,2024-01-01,config,False,281.2,2.0,1.0,281.2,10-12,481.8155555555556,3.0,"2024,2025,2026",False,3,Shoulder
2025-10-13,Double Queen,True,2024-01-01,config,False,644.1,4.0,4.0,644.1,10-13,692.9222222222223,3.0,"2024,2025,2026",False,3,Shoulder
2025-10-14,Double Queen,True,2024-01-01,config,False,496.635,3.0,2.0,496.635,10-14,336.8672222222222,3.0,"2024,2025,2026",False,3,Shoulder
2025-10-15,Double Queen,True,2024-01-01,config,False,496.635,3.0,1.0,496.635,10-15,253.27833333333334,3.0,"2024,2025,2026",False,3,Shoulder
2025-10-16,Double Queen,True,2024-01-01,config,False,326.05,2.0,2.0,326.05,10-16,401.1388888888889,3.0,"2024,2025,2026",False,3,Shoulder
2025-10-17,Double Queen,True,2024-01-01,config,False,597.85,3.0,2.0,597.85,10-17,373.60555555555555,3.0,"2024,2025,2026",False,3,Shoulder
2025-10-18,Double Queen,True,2024-01-01,config,False,502.9533333333334,3.0,2.0,502.9533333333334,10-18,434.5566666666667,3.0,"2024,2025,2026",False,3,Shoulder
2025-10-19,Double Queen,True,2024-01-01,config,False,645.9533333333334,4.0,1.0,645.9533333333334,10-19,703.1677777777777,3.0,"2024,2025,2026",False,3,Shoulder
2025-10-20,Double Queen,True,2024-01-01,config,False,257.8933333333333,2.0,1.0,257.8933333333333,10-20,163.96444444444444,3.0,"2024,2025,2026",False,3,Shoulder
2025-10-21,Double Queen,True,2024-01-01,config,False,356.8333333333333,3.0,3.0,356.8333333333333,10-21,118.94444444444444,3.0,"2024,2025,2026",False,3,Shoulder
2025-10-22,Double Queen,True,2024-01-01,config,False,231.43333333333334,2.0,1.0,231.43333333333334,10-22,110.86111111111113,3.0,"2024,2025,2026",False,3,Shoulder
2025-10-23,Double Queen,True,2024-01-01,config,False,278.58333333333337,3.0,1.0,278.58333333333337,10-23,204.16111111111113,3.0,"2024,2025,2026",False,3,Shoulder
2025-10-24,Double Queen,True,2024-01-01,config,False,710.415,5.0,3.0,710.415,10-24,277.1383333333333,3.0,"2024,2025,2026",False,3,Shoulder
2025-10-25,Double Queen,True,2024-01-01,config,False,369.875,3.0,1.0,369.875,10-25,317.22499999999997,3.0,"2024,2025,2026",False,3,Shoulder
2025-10-26,Double Queen,True,2024-01-01,config,False,131.3,2.0,1.0,131.3,10-26,198.4,3.0,"2024,2025,2026",False,2,Low
2025-10-27,Double Queen,True,2024-01-01,config,False,136.25,2.0,1.0,136.25,10-27,45.416666666666664,3.0,"2024,2025,2026",False,2,Low
2025-10-28,Double Queen,True,2024-01-01,config,False,146.15,2.0,1.0,146.15,10-28,48.71666666666667,3.0,"2024,2025,2026",False,2,Low
2025-10-29,Double Queen,True,2024-01-01,config,False,191.55,3.0,1.0,191.55,10-29,63.85,3.0,"2024,2025,2026",False,2,Low
2025-10-30,Double Queen,True,2024-01-01,config,False,217.175,4.0,2.0,217.175,10-30,72.39166666666667,3.0,"2024,2025,2026",False,2,Low
2025-10-31,Double Queen,True,2024-01-01,config,False,566.975,7.0,4.0,566.975,10-31,228.65833333333333,3.0,"2024,2025,2026",False,2,Low
2025-11-01,Double Queen,True,2024-01-01,config,False,477.92499999999995,6.0,4.0,477.92499999999995,11-01,219.975,3.0,"2024,2025,2026",False,1,Soft
2025-11-02,Double Queen,True,2024-01-01,config,False,206.52499999999998,3.0,0.0,206.52499999999998,11-02,129.50833333333333,3.0,"2024,2025,2026",False,1,Soft
2025-11-03,Double Queen,True,2024-01-01,config,False,642.95,7.0,5.0,642.95,11-03,214.3166666666667,3.0,"2024,2025,2026",False,1,Soft
2025-11-04,Double Queen,True,2024-01-01,config,False,394.45,5.0,2.0,394.45,11-04,161.81666666666666,3.0,"2024,2025,2026",False,1,Soft
2025-11-05,Double Queen,True,2024-01-01,config,False,297.65,4.0,1.0,297.65,11-05,129.54999999999998,3.0,"2024,2025,2026",False,1,Soft
2025-11-06,Double Queen,True,2024-01-01,config,False,176.0,2.0,0.0,176.0,11-06,89.0,3.0,"2024,2025,2026",False,1,Soft
2025-11-07,Double Queen,True,2024-01-01,config,False,620.0,7.0,5.0,620.0,11-07,335.3533333333333,3.0,"2024,2025,2026",False,1,Soft
2025-11-08,Double Queen,True,2024-01-01,config,False,582.62,7.0,3.0,582.62,11-08,292.56,3.0,"2024,2025,2026",False,1,Soft
2025-11-09,Double Queen,True,2024-01-01,config,False,505.85,7.0,7.0,505.85,11-09,266.97,3.0,"2024,2025,2026",False,1,Soft
2025-11-10,Double Queen,True,2024-01-01,config,False,287.5833333333333,4.0,2.0,287.5833333333333,11-10,163.8811111111111,3.0,"2024,2025,2026",False,1,Soft
2025-11-11,Double Queen,True,2024-01-01,config,False,388.3333333333333,5.0,3.0,388.3333333333333,11-11,129.44444444444443,3.0,"2024,2025,2026",False,1,Soft
2025-11-12,Double Queen,True,2024-01-01,config,False,309.3333333333333,4.0,1.0,309.3333333333333,11-12,103.1111111111111,3.0,"2024,2025,2026",False,1,Soft
2025-11-13,Double Queen,True,2024-01-01,config,False,99.0,1.0,1.0,99.0,11-13,33.0,3.0,"2024,2025,2026",False,1,Soft
2025-11-14,Double Queen,True,2024-01-01,config,False,0.0,0.0,0.0,0.0,11-14,0.0,3.0,"2024,2025,2026",False,1,Soft
2025-11-15,Double Queen,True,2024-01-01,config,False,406.8625,4.0,4.0,406.8625,11-15,135.62083333333334,3.0,"2024,2025,2026",False,1,Soft
2025-11-16,Double Queen,True,2024-01-01,config,False,105.925,1.0,0.0,105.925,11-16,35.30833333333333,3.0,"2024,2025,2026",False,1,Soft
2025-11-17,Double Queen,True,2024-01-01,config,False,214.7,2.0,2.0,214.7,11-17,71.56666666666666,3.0,"2024,2025,2026",False,1,Soft
2025-11-18,Double Queen,True,2024-01-01,config,False,0.0,0.0,0.0,0.0,11-18,0.0,3.0,"2024,2025,2026",False,1,Soft
2025-11-19,Double Queen,True,2024-01-01,config,False,0.0,0.0,0.0,0.0,11-19,0.0,3.0,"2024,2025,2026",False,1,Soft
2025-11-20,Double Queen,True,2024-01-01,config,False,159.22,2.0,2.0,159.22,11-20,80.37333333333333,3.0,"2024,2025,2026",False,1,Soft
2025-11-21,Double Queen,True,2024-01-01,config,False,680.36,7.0,6.0,680.36,11-21,226.78666666666666,3.0,"2024,2025,2026",False,1,Soft
2025-11-22,Double Queen,True,2024-01-01,config,False,586.7333333333333,7.0,6.0,586.7333333333333,11-22,295.67777777777775,3.0,"2024,2025,2026",False,1,Soft
2025-11-23,Double Queen,True,2024-01-01,config,False,158.84333333333333,2.0,1.0,158.84333333333333,11-23,83.28111111111112,3.0,"2024,2025,2026",False,1,Soft
2025-11-24,Double Queen,True,2024-01-01,config,False,564.0833333333334,6.0,5.0,564.0833333333334,11-24,362.49444444444447,3.0,"2024,2025,2026",False,1,Soft
2025-11-25,Double Queen,True,2024-01-01,config,False,179.33333333333331,2.0,1.0,179.33333333333331,11-25,204.27777777777774,3.0,"2024,2025,2026",False,1,Soft
2025-11-26,Double Queen,True,2024-01-01,config,False,420.18833333333333,4.0,3.0,420.18833333333333,11-26,287.8072222222222,3.0,"2024,2025,2026",False,1,Soft
2025-11-27,Double Queen,True,2024-01-01,config,False,361.57333333333327,3.0,1.0,361.57333333333327,11-27,155.1022222222222,3.0,"2024,2025,2026",False,1,Soft
2025-11-28,Double Queen,True,2024-01-01,config,False,344.075,3.0,2.0,344.075,11-28,163.42111111111112,3.0,"2024,2025,2026",False,2,Low
2025-11-29,Double Queen,True,2024-01-01,config,False,434.88,4.0,4.0,434.88,11-29,304.1816666666667,3.0,"2024,2025,2026",False,2,Low
2025-11-30,Double Queen,True,2024-01-01,config,False,175.25,2.0,2.0,175.25,11-30,233.97,3.0,"2024,2025,2026",False,1,Soft
2025-12-01,Double Queen,True,2024-01-01,config,False,0.0,0.0,0.0,0.0,12-01,45.333333333333336,3.0,"2024,2025,2026",False,1,Soft
2025-12-02,Double Queen,True,2024-01-01,config,False,142.31,2.0,2.0,142.31,12-02,47.43666666666667,3.0,"2024,2025,2026",False,1,Soft
2025-12-03,Double Queen,True,2024-01-01,config,False,147.258,2.0,1.0,147.258,12-03,106.91933333333334,3.0,"2024,2025,2026",False,1,Soft
2025-12-04,Double Queen,True,2024-01-01,config,False,231.873,3.0,2.0,231.873,12-04,124.45766666666667,3.0,"2024,2025,2026",False,1,Soft
2025-12-05,Double Queen,True,2024-01-01,config,False,231.873,3.0,0.0,231.873,12-05,124.45766666666667,3.0,"2024,2025,2026",False,1,Soft
2025-12-06,Double Queen,True,2024-01-01,config,False,217.198,2.0,1.0,217.198,12-06,165.61933333333332,3.0,"2024,2025,2026",False,1,Soft
2025-12-07,Double Queen,True,2024-01-01,config,False,447.438,5.0,4.0,447.438,12-07,228.71599999999998,3.0,"2024,2025,2026",False,1,Soft
2025-12-08,Double Queen,True,2024-01-01,config,False,377.79,4.0,1.0,377.79,12-08,125.93,3.0,"2024,2025,2026",False,1,Soft
2025-12-09,Double Queen,True,2024-01-01,config,False,377.79,4.0,0.0,377.79,12-09,125.93,3.0,"2024,2025,2026",False,1,Soft
2025-12-10,Double Queen,True,2024-01-01,config,False,255.24,3.0,0.0,255.24,12-10,85.08,3.0,"2024,2025,2026",False,1,Soft
2025-12-11,Double Queen,True,2024-01-01,config,False,607.04,5.0,2.0,607.04,12-11,225.14666666666665,3.0,"2024,2025,2026",False,1,Soft
2025-12-12,Double Queen,True,2024-01-01,config,False,351.8,2.0,0.0,351.8,12-12,230.23333333333335,3.0,"2024,2025,2026",False,1,Soft
2025-12-13,Double Queen,True,2024-01-01,config,False,469.11,4.0,3.0,469.11,12-13,322.76,3.0,"2024,2025,2026",False,1,Soft
2025-12-14,Double Queen,True,2024-01-01,config,False,665.69,6.0,3.0,665.69,12-14,268.12000000000006,3.0,"2024,2025,2026",False,1,Soft
2025-12-15,Double Queen,True,2024-01-01,config,False,346.33,3.0,0.0,346.33,12-15,138.77666666666667,3.0,"2024,2025,2026",False,2,Low
2025-12-16,Double Queen,True,2024-01-01,config,False,327.24666666666667,3.0,1.0,327.24666666666667,12-16,131.62222222222223,3.0,"2024,2025,2026",False,2,Low
2025-12-17,Double Queen,True,2024-01-01,config,False,428.39666666666665,4.0,1.0,428.39666666666665,12-17,165.33888888888887,3.0,"2024,2025,2026",False,2,Low
2025-12-18,Double Queen,True,2024-01-01,config,False,597.0266666666666,5.0,3.0,597.0266666666666,12-18,221.54888888888888,3.0,"2024,2025,2026",False,2,Low
2025-12-19,Double Queen,True,2024-01-01,config,False,543.03,4.0,1.0,543.03,12-19,203.54999999999998,3.0,"2024,2025,2026",False,2,Low
2025-12-20,Double Queen,True,2024-01-01,config,False,891.2475000000001,7.0,6.0,891.2475000000001,12-20,319.6225,3.0,"2024,2025,2026",False,2,Low
2025-12-21,Double Queen,True,2024-01-01,config,False,668.5475,5.0,0.0,668.5475,12-21,353.3858333333333,3.0,"2024,2025,2026",False,2,Low
2025-12-22,Double Queen,True,2024-01-01,config,False,127.52999999999999,1.0,0.0,127.52999999999999,12-22,148.48999999999998,3.0,"2024,2025,2026",False,3,Shoulder
2025-12-23,Double Queen,True,2024-01-01,config,False,746.03,7.0,6.0,746.03,12-23,344.82,3.0,"2024,2025,2026",False,3,Shoulder
2025-12-24,Double Queen,True,2024-01-01,config,False,366.0,3.0,2.0,366.0,12-24,218.14333333333335,3.0,"2024,2025,2026",False,3,Shoulder
2025-12-25,Double Queen,True,2024-01-01,config,False,787.47,5.0,3.0,787.47,12-25,469.5788888888889,3.0,"2024,2025,2026",False,3,Shoulder
2025-12-26,Double Queen,True,2024-01-01,config,False,1398.4,7.0,4.0,1398.4,12-26,723.888888888889,3.0,"2024,2025,2026",False,3,Shoulder
2025-12-27,Double Queen,True,2024-01-01,config,False,1196.83,6.0,3.0,1196.83,12-27,667.4988888888889,3.0,"2024,2025,2026",False,3,Shoulder
2025-12-28,Double Queen,True,2024-01-01,config,False,929.9666666666667,6.0,4.0,929.9666666666667,12-28,610.7555555555556,3.0,"2024,2025,2026",False,3,Shoulder
2025-12-29,Double Queen,True,2024-01-01,config,False,1228.1166666666666,7.0,3.0,1228.1166666666666,12-29,633.4722222222222,3.0,"2024,2025,2026",False,3,Shoulder
2025-12-30,Double Queen,True,2024-01-01,config,False,1216.7166666666667,6.0,4.0,1216.7166666666667,12-30,570.9388888888889,3.0,"2024,2025,2026",False,3,Shoulder
2025-12-31,Double Queen,True,2024-01-01,config,False,1216.85,7.0,4.0,1216.85,12-31,594.3777777777777,3.0,"2024,2025,2026",False,3,Shoulder
2026-01-01,Double Queen,True,2024-01-01,config,False,1093.3,6.0,2.0,1093.3,01-01,496.46111111111105,3.0,"2024,2025,2026",False,3,Shoulder
2026-01-02,Double Queen,True,2024-01-01,config,False,1021.285,7.0,5.0,1021.285,01-02,531.6061111111111,3.0,"2024,2025,2026",False,3,Shoulder
2026-01-03,Double Queen,True,2024-01-01,config,False,911.2049999999999,7.0,4.0,911.2049999999999,01-03,488.4183333333333,3.0,"2024,2025,2026",False,3,Shoulder
2026-01-04,Double Queen,True,2024-01-01,config,False,311.0,3.0,2.0,311.0,01-04,292.7888888888889,3.0,"2024,2025,2026",False,3,Shoulder
2026-01-05,Double Queen,True,2024-01-01,config,False,93.5,1.0,1.0,93.5,01-05,133.13888888888889,3.0,"2024,2025,2026",False,3,Shoulder
2026-01-06,Double Queen,True,2024-01-01,config,False,93.5,1.0,1.0,93.5,01-06,103.30555555555556,3.0,"2024,2025,2026",False,3,Shoulder
2026-01-07,Double Queen,True,2024-01-01,config,False,0.0,0.0,0.0,0.0,01-07,44.916666666666664,3.0,"2024,2025,2026",False,2,Low
2026-01-08,Double Queen,True,2024-01-01,config,False,204.0,2.0,2.0,204.0,01-08,112.91666666666667,3.0,"2024,2025,2026",False,2,Low
2026-01-09,Double Queen,True,2024-01-01,config,False,371.5,4.0,4.0,371.5,01-09,194.41666666666666,3.0,"2024,2025,2026",False,2,Low
2026-01-10,Double Queen,True,2024-01-01,config,False,493.0,5.0,4.0,493.0,01-10,362.3333333333333,3.0,"2024,2025,2026",False,2,Low
2026-01-11,Double Queen,True,2024-01-01,config,False,0.0,0.0,0.0,0.0,01-11,203.01666666666665,3.0,"2024,2025,2026",False,2,Low
2026-01-12,Double Queen,True,2024-01-01,config,False,184.1,2.0,2.0,184.1,01-12,193.01666666666665,3.0,"2024,2025,2026",False,2,Low
2026-01-13,Double Queen,True,2024-01-01,config,False,439.9,5.0,3.0,439.9,01-13,253.0233333333333,3.0,"2024,2025,2026",False,2,Low
2026-01-14,Double Queen,True,2024-01-01,config,False,441.9,5.0,3.0,441.9,01-14,198.69999999999996,3.0,"2024,2025,2026",False,2,Low
2026-01-15,Double Queen,True,2024-01-01,config,False,186.1,2.0,0.0,186.1,01-15,62.03333333333333,3.0,"2024,2025,2026",False,2,Low
2026-01-16,Double Queen,True,2024-01-01,config,False,483.6,5.0,3.0,483.6,01-16,252.15,3.0,"2024,2025,2026",False,2,Low
2026-01-17,Double Queen,True,2024-01-01,config,False,477.3,5.0,2.0,477.3,01-17,340.53000000000003,3.0,"2024,2025,2026",False,2,Low
2026-01-18,Double Queen,True,2024-01-01,config,False,582.2,6.0,3.0,582.2,01-18,349.4466666666667,3.0,"2024,2025,2026",False,2,Low
2026-01-19,Double Queen,True,2024-01-01,config,False,195.0,2.0,1.0,195.0,01-19,208.4,3.0,"2024,2025,2026",False,2,Low
2026-01-20,Double Queen,True,2024-01-01,config,False,0.0,0.0,0.0,0.0,01-20,48.01666666666667,3.0,"2024,2025,2026",False,2,Low
2026-01-21,Double Queen,True,2024-01-01,config,False,0.0,0.0,0.0,0.0,01-21,25.666666666666668,3.0,"2024,2025,2026",False,1,Soft
2026-01-22,Double Queen,True,2024-01-01,config,False,0.0,0.0,0.0,0.0,01-22,0.0,3.0,"2024,2025,2026",False,1,Soft
2026-01-23,Double Queen,True,2024-01-01,config,False,684.23,7.0,7.0,684.23,01-23,251.17666666666665,3.0,"2024,2025,2026",False,1,Soft
2026-01-24,Double Queen,True,2024-01-01,config,False,582.1800000000001,6.0,4.0,582.1800000000001,01-24,258.2266666666667,3.0,"2024,2025,2026",False,1,Soft
2026-01-25,Double Queen,True,2024-01-01,config,False,171.91,2.0,2.0,171.91,01-25,106.07000000000001,3.0,"2024,2025,2026",False,1,Soft
2026-01-26,Double Queen,True,2024-01-01,config,False,227.61,3.0,2.0,227.61,01-26,75.87,3.0,"2024,2025,2026",False,1,Soft
2026-01-27,Double Queen,True,2024-01-01,config,False,75.91,1.0,0.0,75.91,01-27,25.30333333333333,3.0,"2024,2025,2026",False,1,Soft
2026-01-28,Double Queen,True,2024-01-01,config,False,76.7125,1.0,1.0,76.7125,01-28,25.570833333333336,3.0,"2024,2025,2026",False,1,Soft
2026-01-29,Double Queen,True,2024-01-01,config,False,157.0825,2.0,1.0,157.0825,01-29,104.36083333333333,3.0,"2024,2025,2026",False,1,Soft
2026-01-30,Double Queen,True,2024-01-01,config,False,682.1125,7.0,6.0,682.1125,01-30,325.9941666666667,3.0,"2024,2025,2026",False,1,Soft
2026-01-31,Double Queen,True,2024-01-01,config,False,682.1125,7.0,0.0,682.1125,01-31,373.7108333333333,3.0,"2024,2025,2026",False,1,Soft
2026-02-01,Double Queen,True,2024-01-01,config,False,80.39999999999999,1.0,0.0,80.39999999999999,02-01,203.47333333333336,3.0,"2024,2025,2026",False,1,Soft
2026-02-02,Double Queen,True,2024-01-01,config,False,0.0,0.0,0.0,0.0,02-02,138.43333333333334,3.0,"2024,2025,2026",False,1,Soft
2026-02-03,Double Queen,True,2024-01-01,config,False,113.0,1.0,1.0,113.0,02-03,174.4333333333333,3.0,"2024,2025,2026",False,1,Soft
2026-02-04,Double Queen,True,2024-01-01,config,False,95.0,1.0,1.0,95.0,02-04,83.0,3.0,"2024,2025,2026",False,1,Soft
2026-02-05,Double Queen,True,2024-01-01,config,False,193.4,2.0,2.0,193.4,02-05,168.46666666666667,3.0,"2024,2025,2026",False,1,Soft
2026-02-06,Double Queen,True,2024-01-01,config,False,519.99,5.0,4.0,519.99,02-06,299.2966666666667,3.0,"2024,2025,2026",False,1,Soft
2026-02-07,Double Queen,True,2024-01-01,config,False,498.29,5.0,2.0,498.29,02-07,308.31333333333333,3.0,"2024,2025,2026",False,1,Soft
2026-02-08,Double Queen,True,2024-01-01,config,False,90.95,1.0,0.0,90.95,02-08,161.85666666666665,3.0,"2024,2025,2026",False,1,Soft
2026-02-09,Double Queen,True,2024-01-01,config,False,0.0,0.0,0.0,0.0,02-09,79.5,3.0,"2024,2025,2026",False,1,Soft
2026-02-10,Double Queen,True,2024-01-01,config,False,0.0,0.0,0.0,0.0,02-10,52.79999999999999,3.0,"2024,2025,2026",False,2,Low
2026-02-11,Double Queen,True,2024-01-01,config,False,117.33333333333333,1.0,1.0,117.33333333333333,02-11,91.91111111111111,3.0,"2024,2025,2026",False,2,Low
2026-02-12,Double Queen,True,2024-01-01,config,False,351.3333333333333,3.0,2.0,351.3333333333333,02-12,142.3111111111111,3.0,"2024,2025,2026",False,2,Low
2026-02-13,Double Queen,True,2024-01-01,config,False,567.5233333333333,5.0,2.0,567.5233333333333,02-13,293.84666666666664,3.0,"2024,2025,2026",False,2,Low
2026-02-14,Double Queen,True,2024-01-01,config,False,564.56,6.0,4.0,564.56,02-14,351.1588888888889,3.0,"2024,2025,2026",False,2,Low
2026-02-15,Double Queen,True,2024-01-01,config,False,315.8,3.0,2.0,315.8,02-15,309.2088888888889,3.0,"2024,2025,2026",False,2,Low
2026-02-16,Double Queen,True,2024-01-01,config,False,305.8,3.0,1.0,305.8,02-16,253.03333333333333,3.0,"2024,2025,2026",False,2,Low
2026-02-17,Double Queen,True,2024-01-01,config,False,192.8,2.0,0.0,192.8,02-17,221.35999999999999,3.0,"2024,2025,2026",False,2,Low
2026-02-18,Double Queen,True,2024-01-01,config,False,281.52,3.0,2.0,281.52,02-18,190.63,3.0,"2024,2025,2026",False,2,Low
2026-02-19,Double Queen,True,2024-01-01,config,False,343.03333333333336,3.0,3.0,343.03333333333336,02-19,114.34444444444445,3.0,"2024,2025,2026",False,2,Low
2026-02-20,Double Queen,True,2024-01-01,config,False,620.3633333333333,6.0,4.0,620.3633333333333,02-20,206.7877777777778,3.0,"2024,2025,2026",False,2,Low
2026-02-21,Double Queen,True,2024-01-01,config,False,662.6833333333334,6.0,2.0,662.6833333333334,02-21,360.31111111111113,3.0,"2024,2025,2026",False,2,Low
2026-02-22,Double Queen,True,2024-01-01,config,False,90.88,1.0,1.0,90.88,02-22,172.74333333333334,3.0,"2024,2025,2026",False,2,Low
2026-02-23,Double Queen,True,2024-01-01,config,False,90.88,1.0,0.0,90.88,02-23,189.76,3.0,"2024,2025,2026",False,2,Low
2026-02-24,Double Queen,True,2024-01-01,config,False,90.88,1.0,0.0,90.88,02-24,131.71,3.0,"2024,2025,2026",False,2,Low
2026-02-25,Double Queen,True,2024-01-01,config,False,90.88,1.0,0.0,90.88,02-25,145.17666666666668,3.0,"2024,2025,2026",False,1,Soft
2026-02-26,Double Queen,True,2024-01-01,config,False,90.88,1.0,0.0,90.88,02-26,79.06,3.0,"2024,2025,2026",False,1,Soft
2026-02-27,Double Queen,True,2024-01-01,config,False,225.18,2.0,2.0,225.18,02-27,150.16,3.0,"2024,2025,2026",False,1,Soft
2026-02-28,Double Queen,True,2024-01-01,config,False,458.77,4.0,2.0,458.77,02-28,224.65666666666667,3.0,"2024,2025,2026",False,1,Soft
2026-03-01,Double Queen,True,2024-01-01,config,False,102.85,1.0,1.0,102.85,03-01,161.0666666666667,3.0,"2024,2025,2026",False,1,Soft
2026-03-02,Double Queen,True,2024-01-01,config,False,102.85,1.0,0.0,102.85,03-02,67.61666666666666,3.0,"2024,2025,2026",False,1,Soft
2026-03-03,Double Queen,True,2024-01-01,config,False,0.0,0.0,0.0,0.0,03-03,63.333333333333336,3.0,"2024,2025,2026",False,1,Soft
2026-03-04,Double Queen,True,2024-01-01,config,False,0.0,0.0,0.0,0.0,03-04,65.83333333333333,3.0,"2024,2025,2026",False,1,Soft
2026-03-05,Double Queen,True,2024-01-01,config,False,127.66666666666667,1.0,1.0,127.66666666666667,03-05,71.05555555555556,3.0,"2024,2025,2026",False,1,Soft
2026-03-06,Double Queen,True,2024-01-01,config,False,127.66666666666667,1.0,0.0,127.66666666666667,03-06,118.8888888888889,3.0,"2024,2025,2026",False,2,Low
2026-03-07,Double Queen,True,2024-01-01,config,False,257.81666666666666,2.0,1.0,257.81666666666666,03-07,190.93888888888887,3.0,"2024,2025,2026",False,2,Low
2026-03-08,Double Queen,True,2024-01-01,config,False,309.49,3.0,3.0,309.49,03-08,203.16333333333333,3.0,"2024,2025,2026",False,2,Low
2026-03-09,Double Queen,True,2024-01-01,config,False,309.49,3.0,0.0,309.49,03-09,364.73,3.0,"2024,2025,2026",False,2,Low
2026-03-10,Double Queen,True,2024-01-01,config,False,341.75,3.0,1.0,341.75,03-10,294.1433333333334,3.0,"2024,2025,2026",False,2,Low
2026-03-11,Double Queen,True,2024-01-01,config,False,520.39,5.0,3.0,520.39,03-11,359.62999999999994,3.0,"2024,2025,2026",False,2,Low
2026-03-12,Double Queen,True,2024-01-01,config,False,384.84,4.0,1.0,384.84,03-12,416.1688888888889,3.0,"2024,2025,2026",False,2,Low
2026-03-13,Double Queen,True,2024-01-01,config,False,621.4300000000001,6.0,5.0,621.4300000000001,03-13,430.3655555555556,3.0,"2024,2025,2026",False,3,Shoulder
2026-03-14,Double Queen,True,2024-01-01,config,False,530.1,5.0,2.0,530.1,03-14,468.3888888888889,3.0,"2024,2025,2026",False,3,Shoulder
2026-03-15,Double Queen,True,2024-01-01,config,False,451.63,5.0,3.0,451.63,03-15,379.8433333333333,3.0,"2024,2025,2026",False,3,Shoulder
2026-03-16,Double Queen,True,2024-01-01,config,False,514.05,5.0,1.0,514.05,03-16,371.6499999999999,3.0,"2024,2025,2026",False,3,Shoulder
2026-03-17,Double Queen,True,2024-01-01,config,False,459.9,5.0,3.0,459.9,03-17,335.8333333333333,3.0,"2024,2025,2026",False,3,Shoulder
2026-03-18,Double Queen,True,2024-01-01,config,False,754.79,7.0,7.0,754.79,03-18,364.84666666666664,3.0,"2024,2025,2026",False,3,Shoulder
2026-03-19,Double Queen,True,2024-01-01,config,False,699.16,7.0,4.0,699.16,03-19,372.9866666666667,3.0,"2024,2025,2026",False,3,Shoulder
2026-03-20,Double Queen,True,2024-01-01,config,False,545.5675,5.0,4.0,545.5675,03-20,407.7336111111111,3.0,"2024,2025,2026",False,3,Shoulder
2026-03-21,Double Queen,True,2024-01-01,config,False,519.8075,5.0,1.0,519.8075,03-21,382.81361111111113,3.0,"2024,2025,2026",False,3,Shoulder
2026-03-22,Double Queen,True,2024-01-01,config,False,204.0,2.0,2.0,204.0,03-22,177.64444444444442,3.0,"2024,2025,2026",False,3,Shoulder
2026-03-23,Double Queen,True,2024-01-01,config,False,255.68,3.0,2.0,255.68,03-23,253.49333333333334,3.0,"2024,2025,2026",False,3,Shoulder
2026-03-24,Double Queen,True,2024-01-01,config,False,110.0,1.0,0.0,110.0,03-24,169.33333333333334,3.0,"2024,2025,2026",False,3,Shoulder
2026-03-25,Double Queen,True,2024-01-01,config,False,166.5,2.0,2.0,166.5,03-25,127.5,3.0,"2024,2025,2026",False,3,Shoulder
2026-03-26,Double Queen,True,2024-01-01,config,False,430.22333333333336,4.0,4.0,430.22333333333336,03-26,248.00777777777776,3.0,"2024,2025,2026",False,2,Low
2026-03-27,Double Queen,True,2024-01-01,config,False,749.6833333333333,7.0,6.0,749.6833333333333,03-27,299.72777777777776,3.0,"2024,2025,2026",False,2,Low
2026-03-28,Double Queen,True,2024-01-01,config,False,733.0933333333334,7.0,4.0,733.0933333333334,03-28,349.62444444444446,3.0,"2024,2025,2026",False,2,Low
2026-03-29,Double Queen,True,2024-01-01,config,False,504.7,5.0,4.0,504.7,03-29,549.7222222222222,3.0,"2024,2025,2026",False,2,Low
2026-03-30,Double Queen,True,2024-01-01,config,False,191.70999999999998,2.0,1.0,191.70999999999998,03-30,173.02555555555554,3.0,"2024,2025,2026",False,2,Low
2026-03-31,Double Queen,True,2024-01-01,config,False,180.67000000000002,2.0,2.0,180.67000000000002,03-31,140.77222222222224,3.0,"2024,2025,2026",False,2,Low
2026-04-01,Double Queen,True,2024-01-01,config,False,471.2,5.0,5.0,471.2,04-01,253.75,3.0,"2024,2025,2026",False,2,Low
2026-04-02,Double Queen,True,2024-01-01,config,False,370.47,4.0,1.0,370.47,04-02,243.35555555555558,3.0,"2024,2025,2026",False,2,Low
2026-04-03,Double Queen,True,2024-01-01,config,False,611.78,6.0,4.0,611.78,04-03,346.2988888888888,3.0,"2024,2025,2026",False,2,Low
2026-04-04,Double Queen,True,2024-01-01,config,False,420.88,4.0,1.0,420.88,04-04,353.8072222222222,3.0,"2024,2025,2026",False,2,Low
2026-04-05,Double Queen,True,2024-01-01,config,False,105.75,1.0,0.0,105.75,04-05,325.88055555555553,3.0,"2024,2025,2026",False,2,Low
2026-04-06,Double Queen,True,2024-01-01,config,False,166.37,2.0,1.0,166.37,04-06,348.8622222222222,3.0,"2024,2025,2026",False,2,Low
2026-04-07,Double Queen,True,2024-01-01,config,False,218.75,2.0,1.0,218.75,04-07,180.76666666666665,3.0,"2024,2025,2026",False,2,Low
2026-04-08,Double Queen,True,2024-01-01,config,False,407.39,5.0,4.0,407.39,04-08,248.01333333333332,3.0,"2024,2025,2026",False,2,Low
2026-04-09,Double Queen,True,2024-01-01,config,False,241.76,3.0,3.0,241.76,04-09,143.98666666666665,3.0,"2024,2025,2026",False,2,Low
2026-04-10,Double Queen,True,2024-01-01,config,False,119.5,1.0,1.0,119.5,04-10,149.4,3.0,"2024,2025,2026",False,2,Low
2026-04-11,Double Queen,True,2024-01-01,config,False,245.5,2.0,1.0,245.5,04-11,260.53333333333336,3.0,"2024,2025,2026",False,2,Low
2026-04-12,Double Queen,True,2024-01-01,config,False,0.0,0.0,0.0,0.0,04-12,235.0333333333333,3.0,"2024,2025,2026",False,2,Low
2026-04-13,Double Queen,True,2024-01-01,config,False,91.0,1.0,1.0,91.0,04-13,204.4,3.0,"2024,2025,2026",False,2,Low
2026-04-14,Double Queen,True,2024-01-01,config,False,0.0,0.0,0.0,0.0,04-14,113.89999999999999,3.0,"2024,2025,2026",False,2,Low
2026-04-15,Double Queen,True,2024-01-01,config,False,227.54,3.0,3.0,227.54,04-15,191.71333333333334,3.0,"2024,2025,2026",False,2,Low
2026-04-16,Double Queen,True,2024-01-01,config,False,489.5,4.0,4.0,489.5,04-16,258.5,3.0,"2024,2025,2026",False,2,Low
2026-04-17,Double Queen,True,2024-01-01,config,False,865.085,7.0,5.0,865.085,04-17,372.345,3.0,"2024,2025,2026",False,2,Low
2026-04-18,Double Queen,True,2024-01-01,config,False,864.355,7.0,4.0,864.355,04-18,367.5683333333333,3.0,"2024,2025,2026",False,2,Low
2026-04-19,Double Queen,True,2024-01-01,config,False,0.0,0.0,0.0,0.0,04-19,104.87,3.0,"2024,2025,2026",False,2,Low
2026-04-20,Double Queen,True,2024-01-01,config,False,155.06,2.0,2.0,155.06,04-20,223.93666666666664,3.0,"2024,2025,2026",False,2,Low
2026-04-21,Double Queen,True,2024-01-01,config,False,192.0,2.0,2.0,192.0,04-21,154.84803921568627,3.0,"2024,2025,2026",False,2,Low
2026-04-22,Double Queen,True,2024-01-01,config,False,206.95999999999998,3.0,2.0,206.95999999999998,04-22,236.8513725490196,3.0,"2024,2025,2026",False,3,Shoulder
2026-04-23,Double Queen,True,2024-01-01,config,False,149.64,3.0,2.0,149.64,04-23,283.8113725490196,3.0,"2024,2025,2026",False,3,Shoulder
2026-04-24,Double Queen,True,2024-01-01,config,False,0.0,0.0,0.0,0.0,04-24,178.2313725490196,3.0,"2024,2025,2026",False,3,Shoulder
2026-04-25,Double Queen,True,2024-01-01,config,False,110.0,1.0,1.0,110.0,04-25,260.56470588235294,3.0,"2024,2025,2026",False,3,Shoulder
2026-04-26,Double Queen,True,2024-01-01,config,False,0.0,0.0,0.0,0.0,04-26,219.61803921568628,3.0,"2024,2025,2026",False,3,Shoulder
2026-04-27,Double Queen,True,2024-01-01,config,False,162.32999999999998,2.0,2.0,162.32999999999998,04-27,175.17470588235292,3.0,"2024,2025,2026",False,3,Shoulder
2026-04-28,Double Queen,True,2024-01-01,config,False,101.0,1.0,1.0,101.0,04-28,201.93137254901958,3.0,"2024,2025,2026",False,3,Shoulder
2026-04-29,Double Queen,True,2024-01-01,config,False,166.85000000000002,2.0,2.0,166.85000000000002,04-29,248.24803921568628,3.0,"2024,2025,2026",False,3,Shoulder
2026-04-30,Double Queen,True,2024-01-01,config,False,171.61,2.0,2.0,171.61,04-30,201.33470588235295,3.0,"2024,2025,2026",False,3,Shoulder
2026-05-01,Double Queen,True,2024-01-01,config,False,710.87,5.0,5.0,710.87,05-01,304.05470588235295,3.0,"2024,2025,2026",False,3,Shoulder
2026-05-02,Double Queen,True,2024-01-01,config,False,778.79,5.0,2.0,778.79,05-02,598.6413725490196,3.0,"2024,2025,2026",False,3,Shoulder
2026-05-03,Double Queen,True,2024-01-01,config,False,0.0,1.0,1.0,0.0,05-03,310.09803921568624,3.0,"2024,2025,2026",False,3,Shoulder
2026-05-04,Double Queen,True,2024-01-01,config,False,102.4,2.0,1.0,102.4,05-04,240.41470588235293,3.0,"2024,2025,2026",False,3,Shoulder
2026-05-05,Double Queen,True,2024-01-01,config,False,103.2,1.0,1.0,103.2,05-05,262.57026143790847,3.0,"2024,2025,2026",False,3,Shoulder
2026-05-06,Double Queen,True,2024-01-01,config,False,259.7,2.0,2.0,259.7,05-06,218.4035947712418,3.0,"2024,2025,2026",False,3,Shoulder
2026-05-07,Double Queen,True,2024-01-01,config,False,190.45999999999998,2.0,2.0,190.45999999999998,05-07,274.75692810457514,3.0,"2024,2025,2026",False,3,Shoulder
2026-05-08,Double Queen,True,2024-01-01,config,False,1200.005,6.0,5.0,1200.005,05-08,439.0016666666667,3.0,"2024,2025,2026",False,3,Shoulder
2026-05-09,Double Queen,True,2024-01-01,config,False,1048.605,6.0,3.0,1048.605,05-09,637.7333333333333,3.0,"2024,2025,2026",False,3,Shoulder
2026-05-10,Double Queen,True,2024-01-01,config,False,166.085,1.0,1.0,166.085,05-10,676.6933333333333,3.0,"2024,2025,2026",False,3,Shoulder
2026-05-11,Double Queen,True,2024-01-01,config,False,289.08500000000004,2.0,1.0,289.08500000000004,05-11,530.6866666666666,3.0,"2024,2025,2026",False,3,Shoulder
2026-05-12,Double Queen,True,2024-01-01,config,False,526.57,5.0,5.0,526.57,05-12,306.01500000000004,3.0,"2024,2025,2026",False,3,Shoulder
2026-05-13,Double Queen,True,2024-01-01,config,False,757.92,7.0,6.0,757.92,05-13,427.1427777777778,3.0,"2024,2025,2026",False,3,Shoulder
2026-05-14,Double Queen,True,2024-01-01,config,False,504.61,5.0,3.0,504.61,05-14,449.35611111111115,3.0,"2024,2025,2026",False,3,Shoulder
2026-05-15,Double Queen,True,2024-01-01,config,False,1108.0,7.0,7.0,1108.0,05-15,630.2111111111111,3.0,"2024,2025,2026",False,3,Shoulder
2026-05-16,Double Queen,True,2024-01-01,config,False,244.9,2.0,1.0,244.9,05-16,496.9166666666667,3.0,"2024,2025,2026",False,3,Shoulder
2026-05-17,Double Queen,True,2024-01-01,config,False,258.15999999999997,3.0,3.0,258.15999999999997,05-17,521.6033333333334,3.0,"2024,2025,2026",False,3,Shoulder
2026-05-18,Double Queen,True,2024-01-01,config,False,120.0,1.0,1.0,120.0,05-18,386.59666666666664,3.0,"2024,2025,2026",False,4,High
2026-05-19,Double Queen,True,2024-01-01,config,False,203.7,2.0,2.0,203.7,05-19,346.4066666666667,3.0,"2024,2025,2026",False,4,High
2026-05-20,Double Queen,True,2024-01-01,config,False,301.96500000000003,3.0,3.0,301.96500000000003,05-20,445.7416666666666,3.0,"2024,2025,2026",False,4,High
2026-05-21,Double Queen,True,2024-01-01,config,False,105.665,1.0,0.0,105.665,05-21,389.8216666666667,3.0,"2024,2025,2026",False,4,High
2026-05-22,Double Queen,True,2024-01-01,config,False,1005.39,5.0,5.0,1005.39,05-22,717.3299999999999,3.0,"2024,2025,2026",False,4,High
2026-05-23,Double Queen,True,2024-01-01,config,False,1404.5025,7.0,6.0,1404.5025,05-23,969.3675,3.0,"2024,2025,2026",False,4,High
2026-05-24,Double Queen,True,2024-01-01,config,False,988.3625,6.0,3.0,988.3625,05-24,1200.3497222222222,3.0,"2024,2025,2026",False,4,High
2026-05-25,Double Queen,True,2024-01-01,config,False,695.7125,5.0,3.0,695.7125,05-25,964.0597222222223,3.0,"2024,2025,2026",False,4,High
2026-05-26,Double Queen,True,2024-01-01,config,False,770.3824999999999,6.0,2.0,770.3824999999999,05-26,739.0530555555556,3.0,"2024,2025,2026",False,4,High
2026-05-27,Double Queen,True,2024-01-01,config,False,744.72,6.0,4.0,744.72,05-27,705.9766666666668,3.0,"2024,2025,2026",False,4,High
2026-05-28,Double Queen,True,2024-01-01,config,False,349.56,3.0,1.0,349.56,05-28,526.3033333333334,3.0,"2024,2025,2026",False,5,Peak
2026-05-29,Double Queen,True,2024-01-01,config,False,612.71,4.0,4.0,612.71,05-29,689.9783333333334,3.0,"2024,2025,2026",False,5,Peak
2026-05-30,Double Queen,True,2024-01-01,config,False,147.48,1.0,0.0,147.48,05-30,647.8816666666667,3.0,"2024,2025,2026",False,5,Peak
2026-05-31,Double Queen,True,2024-01-01,config,False,1189.1333333333334,7.0,7.0,1189.1333333333334,05-31,1034.0211111111112,3.0,"2024,2025,2026",False,4,High
2026-06-01,Double Queen,True,2024-01-01,config,False,1073.8083333333334,7.0,5.0,1073.8083333333334,06-01,975.1611111111112,3.0,"2024,2025,2026",False,4,High
2026-06-02,Double Queen,True,2024-01-01,config,False,992.5533333333333,7.0,4.0,992.5533333333333,06-02,863.0761111111111,3.0,"2024,2025,2026",False,4,High
2026-06-03,Double Queen,True,2024-01-01,config,False,1069.245,7.0,3.0,1069.245,06-03,1023.1933333333333,3.0,"2024,2025,2026",False,4,High
2026-06-04,Double Queen,True,2024-01-01,config,False,607.15,3.0,1.0,607.15,06-04,681.5283333333333,3.0,"2024,2025,2026",False,4,High
2026-06-05,Double Queen,True,2024-01-01,config,False,652.65,4.0,2.0,652.65,06-05,798.8277777777777,3.0,"2024,2025,2026",False,5,Peak
2026-06-06,Double Queen,True,2024-01-01,config,False,933.25,5.0,3.0,933.25,06-06,883.9944444444444,3.0,"2024,2025,2026",False,5,Peak
2026-06-07,Double Queen,True,2024-01-01,config,False,213.75,1.0,0.0,213.75,06-07,755.1538888888889,3.0,"2024,2025,2026",False,5,Peak
2026-06-08,Double Queen,True,2024-01-01,config,False,1002.4275,7.0,7.0,1002.4275,06-08,1029.3341666666668,3.0,"2024,2025,2026",False,5,Peak
2026-06-09,Double Queen,True,2024-01-01,config,False,434.1675,3.0,0.0,434.1675,06-09,810.2558333333333,3.0,"2024,2025,2026",False,5,Peak
2026-06-10,Double Queen,True,2024-01-01,config,False,1177.1725000000001,7.0,6.0,1177.1725000000001,06-10,919.8563888888889,3.0,"2024,2025,2026",False,5,Peak
2026-06-11,Double Queen,True,2024-01-01,config,False,884.0970454545454,4.0,2.0,884.0970454545454,06-11,963.2026262626263,3.0,"2024,2025,2026",False,5,Peak
2026-06-12,Double Queen,True,2024-01-01,config,False,1231.9795454545454,6.0,4.0,1231.9795454545454,06-12,1013.246792929293,3.0,"2024,2025,2026",False,5,Peak
2026-06-13,Double Queen,True,2024-01-01,config,False,1322.2233333333334,8.0,5.0,1322.2233333333334,06-13,1175.0558333333333,3.0,"2024,2025,2026",False,5,Peak
2026-06-14,Double Queen,True,2024-01-01,config,False,1281.4983333333334,7.0,3.0,1281.4983333333334,06-14,1165.3697222222224,3.0,"2024,2025,2026",False,5,Peak
2026-06-15,Double Queen,True,2024-01-01,config,False,1311.8383333333334,7.0,4.0,1311.8383333333334,06-15,1176.1322222222223,3.0,"2024,2025,2026",False,5,Peak
2026-06-16,Double Queen,True,2024-01-01,config,False,1087.355,6.0,5.0,1087.355,06-16,997.6933333333333,3.0,"2024,2025,2026",False,5,Peak
2026-06-17,Double Queen,True,2024-01-01,config,False,1140.56,7.0,6.0,1140.56,06-17,1065.57,3.0,"2024,2025,2026",False,5,Peak
2026-06-18,Double Queen,True,2024-01-01,config,False,976.96,6.0,6.0,976.96,06-18,1081.72,3.0,"2024,2025,2026",False,5,Peak
2026-06-19,Double Queen,True,2024-01-01,config,False,1019.5666666666667,5.0,4.0,1019.5666666666667,06-19,1168.158888888889,3.0,"2024,2025,2026",False,5,Peak
2026-06-20,Double Queen,True,2024-01-01,config,False,721.525,3.0,2.0,721.525,06-20,1088.8083333333334,3.0,"2024,2025,2026",False,5,Peak
2026-06-21,Double Queen,True,2024-01-01,config,False,437.475,2.0,0.0,437.475,06-21,971.7805555555556,3.0,"2024,2025,2026",False,5,Peak
2026-06-22,Double Queen,True,2024-01-01,config,False,1062.74,7.0,7.0,1062.74,06-22,1072.7272222222223,3.0,"2024,2025,2026",False,5,Peak
2026-06-23,Double Queen,True,2024-01-01,config,False,1318.905,7.0,7.0,1318.905,06-23,1050.5655555555556,3.0,"2024,2025,2026",False,5,Peak
2026-06-24,Double Queen,True,2024-01-01,config,False,1563.4850000000001,7.0,3.0,1563.4850000000001,06-24,1222.8033333333333,3.0,"2024,2025,2026",False,5,Peak
2026-06-25,Double Queen,True,2024-01-01,config,False,1490.405,7.0,6.0,1490.405,06-25,1218.11,3.0,"2024,2025,2026",False,5,Peak
2026-06-26,Double Queen,True,2024-01-01,config,False,1575.055,7.0,4.0,1575.055,06-26,1151.035,3.0,"2024,2025,2026",False,5,Peak
2026-06-27,Double Queen,True,2024-01-01,config,False,988.86,5.0,4.0,988.86,06-27,1048.2749999999999,3.0,"2024,2025,2026",False,5,Peak
2026-06-28,Double Queen,True,2024-01-01,config,False,905.8100000000001,6.0,5.0,905.8100000000001,06-28,960.5416666666666,3.0,"2024,2025,2026",False,5,Peak
2026-06-29,Double Queen,True,2024-01-01,config,False,1261.04,7.0,5.0,1261.04,06-29,943.3466666666667,3.0,"2024,2025,2026",False,5,Peak
2026-06-30,Double Queen,True,2024-01-01,config,False,1243.76,7.0,5.0,1243.76,06-30,876.5033333333334,3.0,"2024,2025,2026",False,5,Peak
2026-07-01,Double Queen,True,2024-01-01,config,False,1475.065,7.0,5.0,1475.065,07-01,1218.5608333333332,3.0,"2024,2025,2026",False,5,Peak
2026-07-02,Double Queen,True,2024-01-01,config,False,1561.925,7.0,5.0,1561.925,07-02,1284.0275,3.0,"2024,2025,2026",False,5,Peak
2026-07-03,Double Queen,True,2024-01-01,config,False,1665.82,7.0,3.0,1665.82,07-03,1354.983611111111,3.0,"2024,2025,2026",False,5,Peak
2026-07-04,Double Queen,True,2024-01-01,config,False,1703.6,7.0,2.0,1703.6,07-04,1464.4408333333333,3.0,"2024,2025,2026",False,5,Peak
2026-07-05,Double Queen,True,2024-01-01,config,False,1455.5333333333333,7.0,3.0,1455.5333333333333,07-05,1398.5583333333334,3.0,"2024,2025,2026",False,5,Peak
2026-07-06,Double Queen,True,2024-01-01,config,False,1153.29,7.0,5.0,1153.29,07-06,1249.8572222222222,3.0,"2024,2025,2026",False,5,Peak
2026-07-07,Double Queen,True,2024-01-01,config,False,1008.45,7.0,4.0,1008.45,07-07,1170.68,3.0,"2024,2025,2026",False,5,Peak
2026-07-08,Double Queen,True,2024-01-01,config,False,1043.1566666666668,7.0,4.0,1043.1566666666668,07-08,1059.7716666666665,3.0,"2024,2025,2026",False,5,Peak
2026-07-09,Double Queen,True,2024-01-01,config,False,1147.0066666666667,7.0,7.0,1147.0066666666667,07-09,1078.0355555555554,3.0,"2024,2025,2026",False,5,Peak
2026-07-10,Double Queen,True,2024-01-01,config,False,1546.7166666666667,7.0,5.0,1546.7166666666667,07-10,1281.6427777777778,3.0,"2024,2025,2026",False,5,Peak
2026-07-11,Double Queen,True,2024-01-01,config,False,1263.4891666666667,7.0,5.0,1263.4891666666667,07-11,1101.0580555555555,3.0,"2024,2025,2026",False,5,Peak
2026-07-12,Double Queen,True,2024-01-01,config,False,1278.9325,7.0,3.0,1278.9325,07-12,1188.7852777777778,3.0,"2024,2025,2026",False,5,Peak
2026-07-13,Double Queen,True,2024-01-01,config,False,1163.7975000000001,7.0,5.0,1163.7975000000001,07-13,1157.4269444444444,3.0,"2024,2025,2026",False,5,Peak
2026-07-14,Double Queen,True,2024-01-01,config,False,1419.8375,7.0,4.0,1419.8375,07-14,1167.9569444444444,3.0,"2024,2025,2026",False,5,Peak
2026-07-15,Double Queen,True,2024-01-01,config,False,1290.665,7.0,6.0,1290.665,07-15,1182.405,3.0,"2024,2025,2026",False,5,Peak
2026-07-16,Double Queen,True,2024-01-01,config,False,1452.065,7.0,6.0,1452.065,07-16,1307.04,3.0,"2024,2025,2026",False,5,Peak
2026-07-17,Double Queen,True,2024-01-01,config,False,1078.8875,6.0,4.0,1078.8875,07-17,1123.3841666666667,3.0,"2024,2025,2026",False,5,Peak
2026-07-18,Double Queen,True,2024-01-01,config,False,1166.2775,7.0,4.0,1166.2775,07-18,1308.6241666666667,3.0,"2024,2025,2026",False,5,Peak
2026-07-19,Double Queen,True,2024-01-01,config,False,1020.4125,6.0,4.0,1020.4125,07-19,1152.4058333333335,3.0,"2024,2025,2026",False,5,Peak
2026-07-20,Double Queen,True,2024-01-01,config,False,1212.8875,7.0,6.0,1212.8875,07-20,1120.7791666666665,3.0,"2024,2025,2026",False,5,Peak
2026-07-21,Double Queen,True,2024-01-01,config,False,921.25,5.0,4.0,921.25,07-21,1156.0433333333333,3.0,"2024,2025,2026",False,5,Peak
2026-07-22,Double Queen,True,2024-01-01,config,False,122.73,1.0,1.0,122.73,07-22,857.7066666666666,3.0,"2024,2025,2026",False,5,Peak
2026-07-23,Double Queen,True,2024-01-01,config,False,478.9083333333333,3.0,3.0,478.9083333333333,07-23,962.1527777777777,3.0,"2024,2025,2026",False,5,Peak
2026-07-24,Double Queen,True,2024-01-01,config,False,792.3333333333333,5.0,3.0,792.3333333333333,07-24,1028.5027777777777,3.0,"2024,2025,2026",False,5,Peak
2026-07-25,Double Queen,True,2024-01-01,config,False,1040.3508333333334,6.0,3.0,1040.3508333333334,07-25,1132.8836111111111,3.0,"2024,2025,2026",False,5,Peak
2026-07-26,Double Queen,True,2024-01-01,config,False,516.5625,3.0,2.0,516.5625,07-26,922.2091666666665,3.0,"2024,2025,2026",False,5,Peak
2026-07-27,Double Queen,True,2024-01-01,config,False,454.0975,3.0,2.0,454.0975,07-27,893.7991666666667,3.0,"2024,2025,2026",False,5,Peak
2026-07-28,Double Queen,True,2024-01-01,config,False,953.8575,6.0,3.0,953.8575,07-28,1020.6908333333332,3.0,"2024,2025,2026",False,5,Peak
2026-07-29,Double Queen,True,2024-01-01,config,False,702.8133333333333,4.0,2.0,702.8133333333333,07-29,957.6544444444444,3.0,"2024,2025,2026",False,4,High
2026-07-30,Double Queen,True,2024-01-01,config,False,700.2683333333333,4.0,2.0,700.2683333333333,07-30,886.4877777777778,3.0,"2024,2025,2026",False,4,High
2026-07-31,Double Queen,True,2024-01-01,config,False,693.6783333333333,4.0,2.0,693.6783333333333,07-31,683.7011111111111,3.0,"2024,2025,2026",False,4,High
2026-08-01,Double Queen,True,2024-01-01,config,False,131.555,1.0,1.0,131.555,08-01,818.555,3.0,"2024,2025,2026",False,4,High
2026-08-02,Double Queen,True,2024-01-01,config,False,131.555,1.0,0.0,131.555,08-02,842.1133333333333,3.0,"2024,2025,2026",False,4,High
2026-08-03,Double Queen,True,2024-01-01,config,False,166.71,1.0,1.0,166.71,08-03,866.5533333333333,3.0,"2024,2025,2026",False,4,High
2026-08-04,Double Queen,True,2024-01-01,config,False,109.15,1.0,1.0,109.15,08-04,561.68,3.0,"2024,2025,2026",False,4,High
2026-08-05,Double Queen,True,2024-01-01,config,False,214.28,2.0,2.0,214.28,08-05,605.1766666666666,3.0,"2024,2025,2026",False,4,High
2026-08-06,Double Queen,True,2024-01-01,config,False,344.20000000000005,2.0,2.0,344.20000000000005,08-06,863.1366666666667,3.0,"2024,2025,2026",False,4,High
2026-08-07,Double Queen,True,2024-01-01,config,False,546.195,3.0,1.0,546.195,08-07,870.5427777777778,3.0,"2024,2025,2026",False,4,High
2026-08-08,Double Queen,True,2024-01-01,config,False,846.635,5.0,2.0,846.635,08-08,1072.6761111111111,3.0,"2024,2025,2026",False,4,High
2026-08-09,Double Queen,True,2024-01-01,config,False,146.23,1.0,0.0,146.23,08-09,922.521111111111,3.0,"2024,2025,2026",False,4,High
2026-08-10,Double Queen,True,2024-01-01,config,False,173.0,1.0,1.0,173.0,08-10,794.6266666666667,3.0,"2024,2025,2026",False,4,High
2026-08-11,Double Queen,True,2024-01-01,config,False,531.0,3.0,3.0,531.0,08-11,757.5666666666666,3.0,"2024,2025,2026",False,4,High
2026-08-12,Double Queen,True,2024-01-01,config,False,382.0,2.0,2.0,382.0,08-12,709.5333333333333,3.0,"2024,2025,2026",False,4,High
2026-08-13,Double Queen,True,2024-01-01,config,False,0.0,0.0,0.0,0.0,08-13,531.4,3.0,"2024,2025,2026",False,4,High
2026-08-14,Double Queen,True,2024-01-01,config,False,0.0,0.0,0.0,0.0,08-14,729.1744444444445,3.0,"2024,2025,2026",False,4,High
2026-08-15,Double Queen,True,2024-01-01,config,False,539.72,3.0,3.0,539.72,08-15,772.4900000000001,3.0,"2024,2025,2026",False,4,High
2026-08-16,Double Queen,True,2024-01-01,config,False,707.2033333333334,4.0,3.0,707.2033333333334,08-16,696.551111111111,3.0,"2024,2025,2026",False,4,High
2026-08-17,Double Queen,True,2024-01-01,config,False,567.5833333333334,3.0,2.0,567.5833333333334,08-17,637.5083333333333,3.0,"2024,2025,2026",False,4,High
2026-08-18,Double Queen,True,2024-01-01,config,False,249.33333333333334,1.0,0.0,249.33333333333334,08-18,617.2527777777777,3.0,"2024,2025,2026",False,4,High
2026-08-19,Double Queen,True,2024-01-01,config,False,191.66666666666666,1.0,1.0,191.66666666666666,08-19,704.3222222222222,3.0,"2024,2025,2026",False,4,High
2026-08-20,Double Queen,True,2024-01-01,config,False,191.66666666666666,1.0,0.0,191.66666666666666,08-20,782.6755555555555,3.0,"2024,2025,2026",False,4,High
2026-08-21,Double Queen,True,2024-01-01,config,False,191.66666666666666,1.0,0.0,191.66666666666666,08-21,880.0055555555555,3.0,"2024,2025,2026",False,4,High
2026-08-22,Double Queen,True,2024-01-01,config,False,0.0,0.0,0.0,0.0,08-22,874.5833333333334,3.0,"2024,2025,2026",False,4,High
2026-08-23,Double Queen,True,2024-01-01,config,False,0.0,0.0,0.0,0.0,08-23,852.4333333333334,3.0,"2024,2025,2026",False,4,High
2026-08-24,Double Queen,True,2024-01-01,config,False,0.0,0.0,0.0,0.0,08-24,554.3833333333333,3.0,"2024,2025,2026",False,4,High
2026-08-25,Double Queen,True,2024-01-01,config,False,115.385,1.0,1.0,115.385,08-25,491.34833333333336,3.0,"2024,2025,2026",False,4,High
2026-08-26,Double Queen,True,2024-01-01,config,False,686.885,5.0,4.0,686.885,08-26,617.6427777777777,3.0,"2024,2025,2026",False,4,High
2026-08-27,Double Queen,True,2024-01-01,config,False,0.0,0.0,0.0,0.0,08-27,427.8311111111111,3.0,"2024,2025,2026",False,4,High
2026-08-28,Double Queen,True,2024-01-01,config,False,0.0,0.0,0.0,0.0,08-28,537.5644444444445,3.0,"2024,2025,2026",False,4,High
2026-08-29,Double Queen,True,2024-01-01,config,False,0.0,0.0,0.0,0.0,08-29,1014.0111111111111,3.0,"2024,2025,2026",False,4,High
2026-08-30,Double Queen,True,2024-01-01,config,False,0.0,0.0,0.0,0.0,08-30,1027.5833333333333,3.0,"2024,2025,2026",False,4,High
2026-08-31,Double Queen,True,2024-01-01,config,False,152.0,1.0,1.0,152.0,08-31,894.0055555555555,3.0,"2024,2025,2026",False,4,High
2026-09-01,Double Queen,True,2024-01-01,config,False,0.0,0.0,0.0,0.0,09-01,633.3444444444444,3.0,"2024,2025,2026",False,4,High
2026-09-02,Double Queen,True,2024-01-01,config,False,224.0,1.0,1.0,224.0,09-02,414.88388888888886,3.0,"2024,2025,2026",False,4,High
2026-09-03,Double Queen,True,2024-01-01,config,False,0.0,0.0,0.0,0.0,09-03,569.2583333333333,3.0,"2024,2025,2026",False,4,High
2026-09-04,Double Queen,True,2024-01-01,config,False,304.5,1.0,1.0,304.5,09-04,773.2533333333334,3.0,"2024,2025,2026",False,4,High
2026-09-05,Double Queen,True,2024-01-01,config,False,572.5,2.0,1.0,572.5,09-05,857.3866666666667,3.0,"2024,2025,2026",False,4,High
2026-09-06,Double Queen,True,2024-01-01,config,False,0.0,0.0,0.0,0.0,09-06,712.2533333333334,3.0,"2024,2025,2026",False,4,High
2026-09-07,Double Queen,True,2024-01-01,config,False,0.0,0.0,0.0,0.0,09-07,682.3033333333334,3.0,"2024,2025,2026",False,4,High
2026-09-08,Double Queen,True,2024-01-01,config,False,0.0,0.0,0.0,0.0,09-08,615.4133333333333,3.0,"2024,2025,2026",False,4,High
2026-09-09,Double Queen,True,2024-01-01,config,False,0.0,0.0,0.0,0.0,09-09,641.0,3.0,"2024,2025,2026",False,4,High
2026-09-10,Double Queen,True,2024-01-01,config,False,0.0,0.0,0.0,0.0,09-10,646.2900000000001,3.0,"2024,2025,2026",False,4,High
2026-09-11,Double Queen,True,2024-01-01,config,False,0.0,0.0,0.0,0.0,09-11,729.3977777777778,3.0,"2024,2025,2026",False,4,High
2026-09-12,Double Queen,True,2024-01-01,config,False,206.98,1.0,1.0,206.98,09-12,878.4572222222222,3.0,"2024,2025,2026",False,4,High
2026-09-13,Double Queen,True,2024-01-01,config,False,206.98,1.0,0.0,206.98,09-13,802.2488888888888,3.0,"2024,2025,2026",False,4,High
2026-09-14,Double Queen,True,2024-01-01,config,False,0.0,0.0,0.0,0.0,09-14,434.11111111111114,3.0,"2024,2025,2026",False,4,High
2026-09-15,Double Queen,True,2024-01-01,config,False,0.0,0.0,0.0,0.0,09-15,773.5111111111111,3.0,"2024,2025,2026",False,4,High
2026-09-16,Double Queen,True,2024-01-01,config,False,158.27,1.0,1.0,158.27,09-16,754.4511111111111,3.0,"2024,2025,2026",False,4,High
2026-09-17,Double Queen,True,2024-01-01,config,False,0.0,0.0,0.0,0.0,09-17,740.8369444444444,3.0,"2024,2025,2026",False,4,High
2026-09-18,Double Queen,True,2024-01-01,config,False,0.0,0.0,0.0,0.0,09-18,578.2308333333334,3.0,"2024,2025,2026",False,4,High
2026-09-19,Double Queen,True,2024-01-01,config,False,0.0,0.0,0.0,0.0,09-19,881.1791666666668,3.0,"2024,2025,2026",False,4,High
2026-09-20,Double Queen,True,2024-01-01,config,False,0.0,0.0,0.0,0.0,09-20,842.6158333333333,3.0,"2024,2025,2026",False,4,High
2026-09-21,Double Queen,True,2024-01-01,config,False,0.0,0.0,0.0,0.0,09-21,461.93333333333334,3.0,"2024,2025,2026",False,4,High
2026-09-22,Double Queen,True,2024-01-01,config,False,335.115,2.0,2.0,335.115,09-22,691.2383333333333,3.0,"2024,2025,2026",False,4,High
2026-09-23,Double Queen,True,2024-01-01,config,False,510.615,3.0,1.0,510.615,09-23,801.8216666666667,3.0,"2024,2025,2026",False,4,High
2026-09-24,Double Queen,True,2024-01-01,config,False,175.5,1.0,0.0,175.5,09-24,757.6433333333334,3.0,"2024,2025,2026",False,4,High
2026-09-25,Double Queen,True,2024-01-01,config,False,0.0,0.0,0.0,0.0,09-25,816.9933333333333,3.0,"2024,2025,2026",False,4,High
2026-09-26,Double Queen,True,2024-01-01,config,False,0.0,0.0,0.0,0.0,09-26,752.6333333333333,3.0,"2024,2025,2026",False,4,High
2026-09-27,Double Queen,True,2024-01-01,config,False,0.0,0.0,0.0,0.0,09-27,827.46,3.0,"2024,2025,2026",False,4,High
2026-09-28,Double Queen,True,2024-01-01,config,False,0.0,0.0,0.0,0.0,09-28,549.2444444444445,3.0,"2024,2025,2026",False,4,High
2026-09-29,Double Queen,True,2024-01-01,config,False,0.0,0.0,0.0,0.0,09-29,501.04111111111115,3.0,"2024,2025,2026",False,4,High
2026-09-30,Double Queen,True,2024-01-01,config,False,0.0,0.0,0.0,0.0,09-30,336.09777777777776,3.0,"2024,2025,2026",False,4,High
2026-10-01,Double Queen,True,2024-01-01,config,False,0.0,0.0,0.0,0.0,10-01,546.2833333333333,3.0,"2024,2025,2026",False,4,High
2026-10-02,Double Queen,True,2024-01-01,config,False,172.26,1.0,1.0,172.26,10-02,749.2199999999999,3.0,"2024,2025,2026",False,4,High
2026-10-03,Double Queen,True,2024-01-01,config,False,296.91333333333336,2.0,2.0,296.91333333333336,10-03,775.0877777777778,3.0,"2024,2025,2026",False,4,High
2026-10-04,Double Queen,True,2024-01-01,config,False,296.91333333333336,2.0,0.0,296.91333333333336,10-04,906.8044444444445,3.0,"2024,2025,2026",False,4,High
2026-10-05,Double Queen,True,2024-01-01,config,False,296.91333333333336,2.0,0.0,296.91333333333336,10-05,479.8711111111111,3.0,"2024,2025,2026",False,4,High
2026-10-06,Double Queen,True,2024-01-01,config,False,0.0,0.0,0.0,0.0,10-06,358.41375,3.0,"2024,2025,2026",False,4,High
2026-10-07,Double Queen,True,2024-01-01,config,False,190.0,1.0,1.0,190.0,10-07,542.7304166666667,3.0,"2024,2025,2026",False,4,High
2026-10-08,Double Queen,True,2024-01-01,config,False,0.0,0.0,0.0,0.0,10-08,581.7304166666667,3.0,"2024,2025,2026",False,4,High
2026-10-09,Double Queen,True,2024-01-01,config,False,0.0,0.0,0.0,0.0,10-09,508.7304166666667,3.0,"2024,2025,2026",False,3,Shoulder
2026-10-10,Double Queen,True,2024-01-01,config,False,0.0,0.0,0.0,0.0,10-10,764.3583333333332,3.0,"2024,2025,2026",False,3,Shoulder
2026-10-11,Double Queen,True,2024-01-01,config,False,0.0,0.0,0.0,0.0,10-11,844.7694444444445,3.0,"2024,2025,2026",False,3,Shoulder
2026-10-12,Double Queen,True,2024-01-01,config,False,136.38,1.0,1.0,136.38,10-12,481.8155555555556,3.0,"2024,2025,2026",False,3,Shoulder
2026-10-13,Double Queen,True,2024-01-01,config,False,648.0,6.0,6.0,648.0,10-13,692.9222222222223,3.0,"2024,2025,2026",False,3,Shoulder
2026-10-14,Double Queen,True,2024-01-01,config,False,0.0,0.0,0.0,0.0,10-14,336.8672222222222,3.0,"2024,2025,2026",False,3,Shoulder
2026-10-15,Double Queen,True,2024-01-01,config,False,0.0,0.0,0.0,0.0,10-15,253.27833333333334,3.0,"2024,2025,2026",False,3,Shoulder
2026-10-16,Double Queen,True,2024-01-01,config,False,0.0,0.0,0.0,0.0,10-16,401.1388888888889,3.0,"2024,2025,2026",False,3,Shoulder
2026-10-17,Double Queen,True,2024-01-01,config,False,0.0,0.0,0.0,0.0,10-17,373.60555555555555,3.0,"2024,2025,2026",False,3,Shoulder
2026-10-18,Double Queen,True,2024-01-01,config,False,0.0,0.0,0.0,0.0,10-18,434.5566666666667,3.0,"2024,2025,2026",False,3,Shoulder
2026-10-19,Double Queen,True,2024-01-01,config,False,702.0,6.0,6.0,702.0,10-19,703.1677777777777,3.0,"2024,2025,2026",False,3,Shoulder
2026-10-20,Double Queen,True,2024-01-01,config,False,0.0,0.0,0.0,0.0,10-20,163.96444444444444,3.0,"2024,2025,2026",False,3,Shoulder
2026-10-21,Double Queen,True,2024-01-01,config,False,0.0,0.0,0.0,0.0,10-21,118.94444444444444,3.0,"2024,2025,2026",False,3,Shoulder
2026-10-22,Double Queen,True,2024-01-01,config,False,0.0,0.0,0.0,0.0,10-22,110.86111111111113,3.0,"2024,2025,2026",False,3,Shoulder
2026-10-23,Double Queen,True,2024-01-01,config,False,0.0,0.0,0.0,0.0,10-23,204.16111111111113,3.0,"2024,2025,2026",False,3,Shoulder
2026-10-24,Double Queen,True,2024-01-01,config,False,0.0,0.0,0.0,0.0,10-24,277.1383333333333,3.0,"2024,2025,2026",False,3,Shoulder
2026-10-25,Double Queen,True,2024-01-01,config,False,0.0,0.0,0.0,0.0,10-25,317.22499999999997,3.0,"2024,2025,2026",False,2,Low
2026-10-26,Double Queen,True,2024-01-01,config,False,0.0,0.0,0.0,0.0,10-26,198.4,3.0,"2024,2025,2026",False,2,Low
2026-10-27,Double Queen,True,2024-01-01,config,False,0.0,0.0,0.0,0.0,10-27,45.416666666666664,3.0,"2024,2025,2026",False,2,Low
2026-10-28,Double Queen,True,2024-01-01,config,False,0.0,0.0,0.0,0.0,10-28,48.71666666666667,3.0,"2024,2025,2026",False,2,Low
2026-10-29,Double Queen,True,2024-01-01,config,False,0.0,0.0,0.0,0.0,10-29,63.85,3.0,"2024,2025,2026",False,2,Low
2026-10-30,Double Queen,True,2024-01-01,config,False,0.0,0.0,0.0,0.0,10-30,72.39166666666667,3.0,"2024,2025,2026",False,2,Low
2026-10-31,Double Queen,True,2024-01-01,config,False,0.0,0.0,0.0,0.0,10-31,228.65833333333333,3.0,"2024,2025,2026",False,1,Soft
2026-11-01,Double Queen,True,2024-01-01,config,False,0.0,0.0,0.0,0.0,11-01,219.975,3.0,"2024,2025,2026",False,1,Soft
2026-11-02,Double Queen,True,2024-01-01,config,False,0.0,0.0,0.0,0.0,11-02,129.50833333333333,3.0,"2024,2025,2026",False,1,Soft
2026-11-03,Double Queen,True,2024-01-01,config,False,0.0,0.0,0.0,0.0,11-03,214.3166666666667,3.0,"2024,2025,2026",False,1,Soft
2026-11-04,Double Queen,True,2024-01-01,config,False,0.0,0.0,0.0,0.0,11-04,161.81666666666666,3.0,"2024,2025,2026",False,1,Soft
2026-11-05,Double Queen,True,2024-01-01,config,False,0.0,0.0,0.0,0.0,11-05,129.54999999999998,3.0,"2024,2025,2026",False,1,Soft
2026-11-06,Double Queen,True,2024-01-01,config,False,0.0,0.0,0.0,0.0,11-06,89.0,3.0,"2024,2025,2026",False,1,Soft
2026-11-07,Double Queen,True,2024-01-01,config,False,0.0,0.0,0.0,0.0,11-07,335.3533333333333,3.0,"2024,2025,2026",False,1,Soft
2026-11-08,Double Queen,True,2024-01-01,config,False,0.0,0.0,0.0,0.0,11-08,292.56,3.0,"2024,2025,2026",False,1,Soft
2026-11-09,Double Queen,True,2024-01-01,config,False,0.0,0.0,0.0,0.0,11-09,266.97,3.0,"2024,2025,2026",False,1,Soft
2026-11-10,Double Queen,True,2024-01-01,config,False,0.0,0.0,0.0,0.0,11-10,163.8811111111111,3.0,"2024,2025,2026",False,1,Soft
2026-11-11,Double Queen,True,2024-01-01,config,False,0.0,0.0,0.0,0.0,11-11,129.44444444444443,3.0,"2024,2025,2026",False,1,Soft
2026-11-12,Double Queen,True,2024-01-01,config,False,0.0,0.0,0.0,0.0,11-12,103.1111111111111,3.0,"2024,2025,2026",False,1,Soft
2026-11-13,Double Queen,True,2024-01-01,config,False,0.0,0.0,0.0,0.0,11-13,33.0,3.0,"2024,2025,2026",False,1,Soft
2026-11-14,Double Queen,True,2024-01-01,config,False,0.0,0.0,0.0,0.0,11-14,0.0,3.0,"2024,2025,2026",False,1,Soft
2026-11-15,Double Queen,True,2024-01-01,config,False,0.0,0.0,0.0,0.0,11-15,135.62083333333334,3.0,"2024,2025,2026",False,1,Soft
2026-11-16,Double Queen,True,2024-01-01,config,False,0.0,0.0,0.0,0.0,11-16,35.30833333333333,3.0,"2024,2025,2026",False,1,Soft
2026-11-17,Double Queen,True,2024-01-01,config,False,0.0,0.0,0.0,0.0,11-17,71.56666666666666,3.0,"2024,2025,2026",False,1,Soft
2026-11-18,Double Queen,True,2024-01-01,config,False,0.0,0.0,0.0,0.0,11-18,0.0,3.0,"2024,2025,2026",False,1,Soft
2026-11-19,Double Queen,True,2024-01-01,config,False,0.0,0.0,0.0,0.0,11-19,0.0,3.0,"2024,2025,2026",False,1,Soft
2026-11-20,Double Queen,True,2024-01-01,config,False,0.0,0.0,0.0,0.0,11-20,80.37333333333333,3.0,"2024,2025,2026",False,1,Soft
2026-11-21,Double Queen,True,2024-01-01,config,False,0.0,0.0,0.0,0.0,11-21,226.78666666666666,3.0,"2024,2025,2026",False,1,Soft
2026-11-22,Double Queen,True,2024-01-01,config,False,0.0,0.0,0.0,0.0,11-22,295.67777777777775,3.0,"2024,2025,2026",False,1,Soft
2026-11-23,Double Queen,True,2024-01-01,config,False,0.0,0.0,0.0,0.0,11-23,83.28111111111112,3.0,"2024,2025,2026",False,1,Soft
2026-11-24,Double Queen,True,2024-01-01,config,False,0.0,0.0,0.0,0.0,11-24,362.49444444444447,3.0,"2024,2025,2026",False,1,Soft
2026-11-25,Double Queen,True,2024-01-01,config,False,0.0,0.0,0.0,0.0,11-25,204.27777777777774,3.0,"2024,2025,2026",False,1,Soft
2026-11-26,Double Queen,True,2024-01-01,config,False,0.0,0.0,0.0,0.0,11-26,287.8072222222222,3.0,"2024,2025,2026",False,1,Soft
2026-11-27,Double Queen,True,2024-01-01,config,False,0.0,0.0,0.0,0.0,11-27,155.1022222222222,3.0,"2024,2025,2026",False,1,Soft
2026-11-28,Double Queen,True,2024-01-01,config,False,0.0,0.0,0.0,0.0,11-28,163.42111111111112,3.0,"2024,2025,2026",False,1,Soft
2026-11-29,Double Queen,True,2024-01-01,config,False,0.0,0.0,0.0,0.0,11-29,304.1816666666667,3.0,"2024,2025,2026",False,1,Soft
2026-11-30,Double Queen,True,2024-01-01,config,False,0.0,0.0,0.0,0.0,11-30,233.97,3.0,"2024,2025,2026",False,1,Soft
2026-12-01,Double Queen,True,2024-01-01,config,False,0.0,0.0,0.0,0.0,12-01,45.333333333333336,3.0,"2024,2025,2026",False,1,Soft
2026-12-02,Double Queen,True,2024-01-01,config,False,0.0,0.0,0.0,0.0,12-02,47.43666666666667,3.0,"2024,2025,2026",False,1,Soft
2026-12-03,Double Queen,True,2024-01-01,config,False,0.0,0.0,0.0,0.0,12-03,106.91933333333334,3.0,"2024,2025,2026",False,1,Soft
2026-12-04,Double Queen,True,2024-01-01,config,False,141.5,1.0,1.0,141.5,12-04,124.45766666666667,3.0,"2024,2025,2026",False,1,Soft
2026-12-05,Double Queen,True,2024-01-01,config,False,141.5,1.0,0.0,141.5,12-05,124.45766666666667,3.0,"2024,2025,2026",False,1,Soft
2026-12-06,Double Queen,True,2024-01-01,config,False,0.0,0.0,0.0,0.0,12-06,165.61933333333332,3.0,"2024,2025,2026",False,1,Soft
2026-12-07,Double Queen,True,2024-01-01,config,False,0.0,0.0,0.0,0.0,12-07,228.71599999999998,3.0,"2024,2025,2026",False,1,Soft
2026-12-08,Double Queen,True,2024-01-01,config,False,0.0,0.0,0.0,0.0,12-08,125.93,3.0,"2024,2025,2026",False,1,Soft
2026-12-09,Double Queen,True,2024-01-01,config,False,0.0,0.0,0.0,0.0,12-09,125.93,3.0,"2024,2025,2026",False,1,Soft
2026-12-10,Double Queen,True,2024-01-01,config,False,0.0,0.0,0.0,0.0,12-10,85.08,3.0,"2024,2025,2026",False,1,Soft
2026-12-11,Double Queen,True,2024-01-01,config,False,0.0,0.0,0.0,0.0,12-11,225.14666666666665,3.0,"2024,2025,2026",False,1,Soft
2026-12-12,Double Queen,True,2024-01-01,config,False,0.0,0.0,0.0,0.0,12-12,230.23333333333335,3.0,"2024,2025,2026",False,1,Soft
2026-12-13,Double Queen,True,2024-01-01,config,False,0.0,0.0,0.0,0.0,12-13,322.76,3.0,"2024,2025,2026",False,1,Soft
2026-12-14,Double Queen,True,2024-01-01,config,False,0.0,0.0,0.0,0.0,12-14,268.12000000000006,3.0,"2024,2025,2026",False,1,Soft
2026-12-15,Double Queen,True,2024-01-01,config,False,0.0,0.0,0.0,0.0,12-15,138.77666666666667,3.0,"2024,2025,2026",False,1,Soft
2026-12-16,Double Queen,True,2024-01-01,config,False,0.0,0.0,0.0,0.0,12-16,131.62222222222223,3.0,"2024,2025,2026",False,1,Soft
2026-12-17,Double Queen,True,2024-01-01,config,False,0.0,0.0,0.0,0.0,12-17,165.33888888888887,3.0,"2024,2025,2026",False,2,Low
2026-12-18,Double Queen,True,2024-01-01,config,False,0.0,0.0,0.0,0.0,12-18,221.54888888888888,3.0,"2024,2025,2026",False,2,Low
2026-12-19,Double Queen,True,2024-01-01,config,False,0.0,0.0,0.0,0.0,12-19,203.54999999999998,3.0,"2024,2025,2026",False,2,Low
2026-12-20,Double Queen,True,2024-01-01,config,False,0.0,0.0,0.0,0.0,12-20,319.6225,3.0,"2024,2025,2026",False,2,Low
2026-12-21,Double Queen,True,2024-01-01,config,False,0.0,0.0,0.0,0.0,12-21,353.3858333333333,3.0,"2024,2025,2026",False,2,Low
2026-12-22,Double Queen,True,2024-01-01,config,False,0.0,0.0,0.0,0.0,12-22,148.48999999999998,3.0,"2024,2025,2026",False,2,Low
2026-12-23,Double Queen,True,2024-01-01,config,False,0.0,0.0,0.0,0.0,12-23,344.82,3.0,"2024,2025,2026",False,3,Shoulder
2026-12-24,Double Queen,True,2024-01-01,config,False,0.0,0.0,0.0,0.0,12-24,218.14333333333335,3.0,"2024,2025,2026",False,3,Shoulder
2026-12-25,Double Queen,True,2024-01-01,config,False,0.0,0.0,0.0,0.0,12-25,469.5788888888889,3.0,"2024,2025,2026",False,3,Shoulder
2026-12-26,Double Queen,True,2024-01-01,config,False,152.0,1.0,1.0,152.0,12-26,723.888888888889,3.0,"2024,2025,2026",False,3,Shoulder
2026-12-27,Double Queen,True,2024-01-01,config,False,152.0,1.0,0.0,152.0,12-27,667.4988888888889,3.0,"2024,2025,2026",False,3,Shoulder
2026-12-28,Double Queen,True,2024-01-01,config,False,285.5,2.0,1.0,285.5,12-28,610.7555555555556,3.0,"2024,2025,2026",False,3,Shoulder
2026-12-29,Double Queen,True,2024-01-01,config,False,133.5,1.0,0.0,133.5,12-29,633.4722222222222,3.0,"2024,2025,2026",False,3,Shoulder
2026-12-30,Double Queen,True,2024-01-01,config,False,0.0,0.0,0.0,0.0,12-30,570.9388888888889,3.0,"2024,2025,2026",False,3,Shoulder
2026-12-31,Double Queen,True,2024-01-01,config,False,0.0,0.0,0.0,0.0,12-31,594.3777777777777,3.0,"2024,2025,2026",False,3,Shoulder
2024-01-01,Small Queen,True,2024-01-01,config,False,0.0,0.0,0.0,0.0,01-01,138.0611111111111,3.0,"2024,2025,2026",False,3,Shoulder
2024-01-02,Small Queen,True,2024-01-01,config,False,72.0,1.0,1.0,72.0,01-02,107.16055555555556,3.0,"2024,2025,2026",False,2,Low
2024-01-03,Small Queen,True,2024-01-01,config,False,0.0,0.0,0.0,0.0,01-03,95.82166666666667,3.0,"2024,2025,2026",False,2,Low
2024-01-04,Small Queen,True,2024-01-01,config,False,0.0,0.0,0.0,0.0,01-04,65.43333333333334,3.0,"2024,2025,2026",False,2,Low
2024-01-05,Small Queen,True,2024-01-01,config,False,0.0,0.0,0.0,0.0,01-05,38.85,3.0,"2024,2025,2026",False,2,Low
2024-01-06,Small Queen,True,2024-01-01,config,False,0.0,0.0,0.0,0.0,01-06,81.85000000000001,3.0,"2024,2025,2026",False,2,Low
2024-01-07,Small Queen,True,2024-01-01,config,False,0.0,0.0,0.0,0.0,01-07,37.68333333333334,3.0,"2024,2025,2026",False,2,Low
2024-01-08,Small Queen,True,2024-01-01,config,False,0.0,0.0,0.0,0.0,01-08,37.68333333333334,3.0,"2024,2025,2026",False,2,Low
2024-01-09,Small Queen,True,2024-01-01,config,False,0.0,0.0,0.0,0.0,01-09,73.96666666666667,3.0,"2024,2025,2026",False,2,Low
2024-01-10,Small Queen,True,2024-01-01,config,False,67.0,1.0,1.0,67.0,01-10,71.73,3.0,"2024,2025,2026",False,2,Low
2024-01-11,Small Queen,True,2024-01-01,config,False,0.0,0.0,0.0,0.0,01-11,51.123333333333335,3.0,"2024,2025,2026",False,2,Low
2024-01-12,Small Queen,True,2024-01-01,config,False,62.1,1.0,1.0,62.1,01-12,78.75777777777778,3.0,"2024,2025,2026",False,2,Low
2024-01-13,Small Queen,True,2024-01-01,config,False,129.76666666666668,2.0,2.0,129.76666666666668,01-13,69.03333333333335,3.0,"2024,2025,2026",False,2,Low
2024-01-14,Small Queen,True,2024-01-01,config,False,67.66666666666667,1.0,0.0,67.66666666666667,01-14,69.33333333333333,3.0,"2024,2025,2026",False,2,Low
2024-01-15,Small Queen,True,2024-01-01,config,False,134.66666666666669,2.0,1.0,134.66666666666669,01-15,88.8888888888889,3.0,"2024,2025,2026",False,2,Low
2024-01-16,Small Queen,True,2024-01-01,config,False,0.0,0.0,0.0,0.0,01-16,71.15333333333334,3.0,"2024,2025,2026",False,2,Low
2024-01-17,Small Queen,True,2024-01-01,config,False,126.45,2.0,2.0,126.45,01-17,86.64999999999999,3.0,"2024,2025,2026",False,2,Low
2024-01-18,Small Queen,True,2024-01-01,config,False,66.15,1.0,0.0,66.15,01-18,61.669999999999995,3.0,"2024,2025,2026",False,2,Low
2024-01-19,Small Queen,True,2024-01-01,config,False,66.15,1.0,0.0,66.15,01-19,66.38333333333334,3.0,"2024,2025,2026",False,2,Low
2024-01-20,Small Queen,True,2024-01-01,config,False,128.25,2.0,1.0,128.25,01-20,72.63333333333334,3.0,"2024,2025,2026",False,2,Low
2024-01-21,Small Queen,True,2024-01-01,config,False,0.0,0.0,0.0,0.0,01-21,49.71666666666667,3.0,"2024,2025,2026",False,1,Soft
2024-01-22,Small Queen,True,2024-01-01,config,False,0.0,0.0,0.0,0.0,01-22,46.15555555555556,3.0,"2024,2025,2026",False,1,Soft
2024-01-23,Small Queen,True,2024-01-01,config,False,0.0,0.0,0.0,0.0,01-23,46.15555555555556,3.0,"2024,2025,2026",False,1,Soft
2024-01-24,Small Queen,True,2024-01-01,config,False,65.1,1.0,1.0,65.1,01-24,88.85555555555555,3.0,"2024,2025,2026",False,1,Soft
2024-01-25,Small Queen,True,2024-01-01,config,False,127.1,2.0,2.0,127.1,01-25,108.7,3.0,"2024,2025,2026",False,1,Soft
2024-01-26,Small Queen,True,2024-01-01,config,False,124.2,2.0,2.0,124.2,01-26,61.23333333333333,3.0,"2024,2025,2026",False,1,Soft
2024-01-27,Small Queen,True,2024-01-01,config,False,127.1,2.0,1.0,127.1,01-27,63.949999999999996,3.0,"2024,2025,2026",False,1,Soft
2024-01-28,Small Queen,True,2024-01-01,config,False,0.0,0.0,0.0,0.0,01-28,21.583333333333332,3.0,"2024,2025,2026",False,1,Soft
2024-01-29,Small Queen,True,2024-01-01,config,False,63.0,1.0,1.0,63.0,01-29,42.449999999999996,3.0,"2024,2025,2026",False,1,Soft
2024-01-30,Small Queen,True,2024-01-01,config,False,65.33333333333333,1.0,1.0,65.33333333333333,01-30,64.88944444444444,3.0,"2024,2025,2026",False,1,Soft
2024-01-31,Small Queen,True,2024-01-01,config,False,125.63333333333333,2.0,1.0,125.63333333333333,01-31,82.9161111111111,3.0,"2024,2025,2026",False,1,Soft
2024-02-01,Small Queen,True,2024-01-01,config,False,65.33333333333333,1.0,0.0,65.33333333333333,02-01,67.15444444444444,3.0,"2024,2025,2026",False,1,Soft
2024-02-02,Small Queen,True,2024-01-01,config,False,62.1,1.0,1.0,62.1,02-02,62.28333333333333,3.0,"2024,2025,2026",False,1,Soft
2024-02-03,Small Queen,True,2024-01-01,config,False,128.0,2.0,2.0,128.0,02-03,90.5,3.0,"2024,2025,2026",False,1,Soft
2024-02-04,Small Queen,True,2024-01-01,config,False,127.0,2.0,1.0,127.0,02-04,91.16666666666667,3.0,"2024,2025,2026",False,1,Soft
2024-02-05,Small Queen,True,2024-01-01,config,False,0.0,0.0,0.0,0.0,02-05,24.5,3.0,"2024,2025,2026",False,1,Soft
2024-02-06,Small Queen,True,2024-01-01,config,False,0.0,0.0,0.0,0.0,02-06,46.88333333333333,3.0,"2024,2025,2026",False,1,Soft
2024-02-07,Small Queen,True,2024-01-01,config,False,0.0,0.0,0.0,0.0,02-07,45.9,3.0,"2024,2025,2026",False,1,Soft
2024-02-08,Small Queen,True,2024-01-01,config,False,0.0,0.0,0.0,0.0,02-08,26.0,3.0,"2024,2025,2026",False,1,Soft
2024-02-09,Small Queen,True,2024-01-01,config,False,69.0,1.0,1.0,69.0,02-09,73.33333333333333,3.0,"2024,2025,2026",False,1,Soft
2024-02-10,Small Queen,True,2024-01-01,config,False,126.1,2.0,2.0,126.1,02-10,63.633333333333326,3.0,"2024,2025,2026",False,2,Low
2024-02-11,Small Queen,True,2024-01-01,config,False,0.0,0.0,0.0,0.0,02-11,20.683333333333334,3.0,"2024,2025,2026",False,2,Low
2024-02-12,Small Queen,True,2024-01-01,config,False,0.0,0.0,0.0,0.0,02-12,24.383333333333336,3.0,"2024,2025,2026",False,2,Low
2024-02-13,Small Queen,True,2024-01-01,config,False,0.0,0.0,0.0,0.0,02-13,30.916666666666668,3.0,"2024,2025,2026",False,2,Low
2024-02-14,Small Queen,True,2024-01-01,config,False,0.0,0.0,0.0,0.0,02-14,30.916666666666668,3.0,"2024,2025,2026",False,2,Low
2024-02-15,Small Queen,True,2024-01-01,config,False,0.0,0.0,0.0,0.0,02-15,30.916666666666668,3.0,"2024,2025,2026",False,2,Low
2024-02-16,Small Queen,True,2024-01-01,config,False,124.2,2.0,2.0,124.2,02-16,72.31666666666666,3.0,"2024,2025,2026",False,2,Low
2024-02-17,Small Queen,True,2024-01-01,config,False,123.30000000000001,2.0,1.0,123.30000000000001,02-17,61.18000000000001,3.0,"2024,2025,2026",False,2,Low
2024-02-18,Small Queen,True,2024-01-01,config,False,61.2,1.0,0.0,61.2,02-18,42.20333333333333,3.0,"2024,2025,2026",False,2,Low
2024-02-19,Small Queen,True,2024-01-01,config,False,65.1,1.0,1.0,65.1,02-19,43.50333333333333,3.0,"2024,2025,2026",False,2,Low
2024-02-20,Small Queen,True,2024-01-01,config,False,0.0,0.0,0.0,0.0,02-20,21.599999999999998,3.0,"2024,2025,2026",False,2,Low
2024-02-21,Small Queen,True,2024-01-01,config,False,0.0,0.0,0.0,0.0,02-21,28.0,3.0,"2024,2025,2026",False,2,Low
2024-02-22,Small Queen,True,2024-01-01,config,False,0.0,0.0,0.0,0.0,02-22,22.95,3.0,"2024,2025,2026",False,2,Low
2024-02-23,Small Queen,True,2024-01-01,config,False,0.0,0.0,0.0,0.0,02-23,22.95,3.0,"2024,2025,2026",False,2,Low
2024-02-24,Small Queen,True,2024-01-01,config,False,123.30000000000001,2.0,2.0,123.30000000000001,02-24,41.1,3.0,"2024,2025,2026",False,1,Soft
2024-02-25,Small Queen,True,2024-01-01,config,False,121.5,2.0,1.0,121.5,02-25,60.580000000000005,3.0,"2024,2025,2026",False,1,Soft
2024-02-26,Small Queen,True,2024-01-01,config,False,127.3,2.0,2.0,127.3,02-26,62.51333333333333,3.0,"2024,2025,2026",False,1,Soft
2024-02-27,Small Queen,True,2024-01-01,config,False,68.25,1.0,1.0,68.25,02-27,45.083333333333336,3.0,"2024,2025,2026",False,1,Soft
2024-02-28,Small Queen,True,2024-01-01,config,False,68.25,1.0,0.0,68.25,02-28,45.083333333333336,3.0,"2024,2025,2026",False,1,Soft
2024-02-29,Small Queen,True,2024-01-01,config,False,68.25,1.0,0.0,68.25,02-29,68.25,1.0,2024,False,1,Soft
2024-03-01,Small Queen,True,2024-01-01,config,False,68.25,1.0,0.0,68.25,03-01,22.75,3.0,"2024,2025,2026",False,1,Soft
2024-03-02,Small Queen,True,2024-01-01,config,False,66.5,1.0,1.0,66.5,03-02,22.166666666666668,3.0,"2024,2025,2026",False,1,Soft
2024-03-03,Small Queen,True,2024-01-01,config,False,66.5,1.0,0.0,66.5,03-03,22.166666666666668,3.0,"2024,2025,2026",False,1,Soft
2024-03-04,Small Queen,True,2024-01-01,config,False,62.1,1.0,1.0,62.1,03-04,43.65,3.0,"2024,2025,2026",False,1,Soft
2024-03-05,Small Queen,True,2024-01-01,config,False,62.1,1.0,0.0,62.1,03-05,45.63333333333333,3.0,"2024,2025,2026",False,1,Soft
2024-03-06,Small Queen,True,2024-01-01,config,False,62.1,1.0,0.0,62.1,03-06,50.01333333333333,3.0,"2024,2025,2026",False,2,Low
2024-03-07,Small Queen,True,2024-01-01,config,False,131.1,2.0,2.0,131.1,03-07,73.01333333333334,3.0,"2024,2025,2026",False,2,Low
2024-03-08,Small Queen,True,2024-01-01,config,False,132.8,2.0,2.0,132.8,03-08,44.26666666666667,3.0,"2024,2025,2026",False,2,Low
2024-03-09,Small Queen,True,2024-01-01,config,False,129.6,2.0,2.0,129.6,03-09,96.55,3.0,"2024,2025,2026",False,2,Low
2024-03-10,Small Queen,True,2024-01-01,config,False,133.825,2.0,2.0,133.825,03-10,44.60833333333333,3.0,"2024,2025,2026",False,2,Low
2024-03-11,Small Queen,True,2024-01-01,config,False,136.425,2.0,1.0,136.425,03-11,114.14166666666667,3.0,"2024,2025,2026",False,2,Low
2024-03-12,Small Queen,True,2024-01-01,config,False,139.05,2.0,2.0,139.05,03-12,113.28555555555556,3.0,"2024,2025,2026",False,3,Shoulder
2024-03-13,Small Queen,True,2024-01-01,config,False,141.45,2.0,2.0,141.45,03-13,111.7622222222222,3.0,"2024,2025,2026",False,3,Shoulder
2024-03-14,Small Queen,True,2024-01-01,config,False,135.0,2.0,2.0,135.0,03-14,93.86555555555556,3.0,"2024,2025,2026",False,3,Shoulder
2024-03-15,Small Queen,True,2024-01-01,config,False,146.4,2.0,1.0,146.4,03-15,98.8,3.0,"2024,2025,2026",False,3,Shoulder
2024-03-16,Small Queen,True,2024-01-01,config,False,152.0,2.0,1.0,152.0,03-16,103.66666666666667,3.0,"2024,2025,2026",False,3,Shoulder
2024-03-17,Small Queen,True,2024-01-01,config,False,66.6,1.0,1.0,66.6,03-17,66.82666666666667,3.0,"2024,2025,2026",False,3,Shoulder
2024-03-18,Small Queen,True,2024-01-01,config,False,133.2,2.0,2.0,133.2,03-18,89.02666666666666,3.0,"2024,2025,2026",False,3,Shoulder
2024-03-19,Small Queen,True,2024-01-01,config,False,143.0,2.0,2.0,143.0,03-19,98.91666666666667,3.0,"2024,2025,2026",False,3,Shoulder
2024-03-20,Small Queen,True,2024-01-01,config,False,67.2,1.0,1.0,67.2,03-20,78.39999999999999,3.0,"2024,2025,2026",False,3,Shoulder
2024-03-21,Small Queen,True,2024-01-01,config,False,62.1,1.0,1.0,62.1,03-21,73.7,3.0,"2024,2025,2026",False,3,Shoulder
2024-03-22,Small Queen,True,2024-01-01,config,False,72.0,1.0,1.0,72.0,03-22,74.625,3.0,"2024,2025,2026",False,3,Shoulder
2024-03-23,Small Queen,True,2024-01-01,config,False,70.35,1.0,1.0,70.35,03-23,74.075,3.0,"2024,2025,2026",False,3,Shoulder
2024-03-24,Small Queen,True,2024-01-01,config,False,65.0,1.0,1.0,65.0,03-24,64.66333333333334,3.0,"2024,2025,2026",False,3,Shoulder
2024-03-25,Small Queen,True,2024-01-01,config,False,65.0,1.0,0.0,65.0,03-25,67.60333333333334,3.0,"2024,2025,2026",False,3,Shoulder
2024-03-26,Small Queen,True,2024-01-01,config,False,65.0,1.0,0.0,65.0,03-26,49.666666666666664,3.0,"2024,2025,2026",False,2,Low
2024-03-27,Small Queen,True,2024-01-01,config,False,67.2,1.0,1.0,67.2,03-27,67.31333333333333,3.0,"2024,2025,2026",False,2,Low
2024-03-28,Small Queen,True,2024-01-01,config,False,67.2,1.0,1.0,67.2,03-28,70.73,3.0,"2024,2025,2026",False,2,Low
2024-03-29,Small Queen,True,2024-01-01,config,False,64.8,1.0,1.0,64.8,03-29,66.25333333333333,3.0,"2024,2025,2026",False,2,Low
2024-03-30,Small Queen,True,2024-01-01,config,False,72.0,1.0,1.0,72.0,03-30,77.0,3.0,"2024,2025,2026",False,2,Low
2024-03-31,Small Queen,True,2024-01-01,config,False,67.2,1.0,1.0,67.2,03-31,67.03333333333335,3.0,"2024,2025,2026",False,2,Low
2024-04-01,Small Queen,True,2024-01-01,config,False,56.7,1.0,1.0,56.7,04-01,53.9152380952381,3.0,"2024,2025,2026",False,3,Shoulder
2024-04-02,Small Queen,True,2024-01-01,config,False,59.0,1.0,1.0,59.0,04-02,56.371904761904766,3.0,"2024,2025,2026",False,3,Shoulder
2024-04-03,Small Queen,True,2024-01-01,config,False,60.9,1.0,1.0,60.9,04-03,87.33857142857143,3.0,"2024,2025,2026",False,2,Low
2024-04-04,Small Queen,True,2024-01-01,config,False,60.9,1.0,0.0,60.9,04-04,66.8052380952381,3.0,"2024,2025,2026",False,2,Low
2024-04-05,Small Queen,True,2024-01-01,config,False,84.0,1.0,1.0,84.0,04-05,80.43857142857144,3.0,"2024,2025,2026",False,2,Low
2024-04-06,Small Queen,True,2024-01-01,config,False,84.0,1.0,0.0,84.0,04-06,86.97190476190478,3.0,"2024,2025,2026",False,2,Low
2024-04-07,Small Queen,True,2024-01-01,config,False,0.0,0.0,0.0,0.0,04-07,47.195238095238096,3.0,"2024,2025,2026",False,2,Low
2024-04-08,Small Queen,True,2024-01-01,config,False,0.0,0.0,0.0,0.0,04-08,52.78333333333333,3.0,"2024,2025,2026",False,2,Low
2024-04-09,Small Queen,True,2024-01-01,config,False,124.2,2.0,2.0,124.2,04-09,98.14166666666667,3.0,"2024,2025,2026",False,2,Low
2024-04-10,Small Queen,True,2024-01-01,config,False,61.2,1.0,0.0,61.2,04-10,80.74166666666667,3.0,"2024,2025,2026",False,2,Low
2024-04-11,Small Queen,True,2024-01-01,config,False,0.0,0.0,0.0,0.0,04-11,93.34166666666665,3.0,"2024,2025,2026",False,2,Low
2024-04-12,Small Queen,True,2024-01-01,config,False,129.6,2.0,2.0,129.6,04-12,104.75833333333333,3.0,"2024,2025,2026",False,2,Low
2024-04-13,Small Queen,True,2024-01-01,config,False,129.6,2.0,0.0,129.6,04-13,122.24416666666666,3.0,"2024,2025,2026",False,2,Low
2024-04-14,Small Queen,True,2024-01-01,config,False,68.0,1.0,1.0,68.0,04-14,91.03416666666665,3.0,"2024,2025,2026",False,2,Low
2024-04-15,Small Queen,True,2024-01-01,config,False,63.0,1.0,1.0,63.0,04-15,114.17750000000001,3.0,"2024,2025,2026",False,2,Low
2024-04-16,Small Queen,True,2024-01-01,config,False,126.0,2.0,1.0,126.0,04-16,87.79416666666667,3.0,"2024,2025,2026",False,2,Low
2024-04-17,Small Queen,True,2024-01-01,config,False,63.0,1.0,1.0,63.0,04-17,104.13333333333333,3.0,"2024,2025,2026",False,3,Shoulder
2024-04-18,Small Queen,True,2024-01-01,config,False,124.2,2.0,2.0,124.2,04-18,140.66,3.0,"2024,2025,2026",False,3,Shoulder
2024-04-19,Small Queen,True,2024-01-01,config,False,126.9,2.0,1.0,126.9,04-19,110.86333333333334,3.0,"2024,2025,2026",False,3,Shoulder
2024-04-20,Small Queen,True,2024-01-01,config,False,123.3,2.0,1.0,123.3,04-20,108.54,3.0,"2024,2025,2026",False,3,Shoulder
2024-04-21,Small Queen,True,2024-01-01,config,False,136.15,2.0,2.0,136.15,04-21,107.19444444444444,3.0,"2024,2025,2026",False,3,Shoulder
2024-04-22,Small Queen,True,2024-01-01,config,False,139.65,2.0,1.0,139.65,04-22,96.44777777777779,3.0,"2024,2025,2026",False,3,Shoulder
2024-04-23,Small Queen,True,2024-01-01,config,False,70.0,1.0,1.0,70.0,04-23,99.71111111111111,3.0,"2024,2025,2026",False,3,Shoulder
2024-04-24,Small Queen,True,2024-01-01,config,False,115.7,2.0,2.0,115.7,04-24,87.89999999999999,3.0,"2024,2025,2026",False,3,Shoulder
2024-04-25,Small Queen,True,2024-01-01,config,False,129.0,2.0,2.0,129.0,04-25,127.51666666666667,3.0,"2024,2025,2026",False,3,Shoulder
2024-04-26,Small Queen,True,2024-01-01,config,False,141.65,2.0,1.0,141.65,04-26,105.86000000000001,3.0,"2024,2025,2026",False,3,Shoulder
2024-04-27,Small Queen,True,2024-01-01,config,False,143.65,2.0,2.0,143.65,04-27,116.48333333333333,3.0,"2024,2025,2026",False,3,Shoulder
2024-04-28,Small Queen,True,2024-01-01,config,False,73.5,1.0,1.0,73.5,04-28,92.01666666666667,3.0,"2024,2025,2026",False,3,Shoulder
2024-04-29,Small Queen,True,2024-01-01,config,False,137.5,2.0,2.0,137.5,04-29,98.95,3.0,"2024,2025,2026",False,3,Shoulder
2024-04-30,Small Queen,True,2024-01-01,config,False,140.0,2.0,2.0,140.0,04-30,120.0,3.0,"2024,2025,2026",False,3,Shoulder
2024-05-01,Small Queen,True,2024-01-01,config,False,167.4,2.0,2.0,167.4,05-01,163.19666666666666,3.0,"2024,2025,2026",False,3,Shoulder
2024-05-02,Small Queen,True,2024-01-01,config,False,178.36,2.0,2.0,178.36,05-02,171.16333333333333,3.0,"2024,2025,2026",False,3,Shoulder
2024-05-03,Small Queen,True,2024-01-01,config,False,216.25,2.0,2.0,216.25,05-03,152.54333333333332,3.0,"2024,2025,2026",False,3,Shoulder
2024-05-04,Small Queen,True,2024-01-01,config,False,202.75,2.0,2.0,202.75,05-04,173.41666666666666,3.0,"2024,2025,2026",False,3,Shoulder
2024-05-05,Small Queen,True,2024-01-01,config,False,96.75,1.0,0.0,96.75,05-05,133.73222222222225,3.0,"2024,2025,2026",False,3,Shoulder
2024-05-06,Small Queen,True,2024-01-01,config,False,0.0,0.0,0.0,0.0,05-06,101.19333333333334,3.0,"2024,2025,2026",False,3,Shoulder
2024-05-07,Small Queen,True,2024-01-01,config,False,176.0,2.0,2.0,176.0,05-07,178.72333333333333,3.0,"2024,2025,2026",False,3,Shoulder
2024-05-08,Small Queen,True,2024-01-01,config,False,0.0,0.0,0.0,0.0,05-08,142.7111111111111,3.0,"2024,2025,2026",False,3,Shoulder
2024-05-09,Small Queen,True,2024-01-01,config,False,200.03333333333333,2.0,2.0,200.03333333333333,05-09,237.24444444444444,3.0,"2024,2025,2026",False,3,Shoulder
2024-05-10,Small Queen,True,2024-01-01,config,False,231.53333333333333,2.0,1.0,231.53333333333333,05-10,203.04444444444445,3.0,"2024,2025,2026",False,3,Shoulder
2024-05-11,Small Queen,True,2024-01-01,config,False,244.33333333333331,2.0,1.0,244.33333333333331,05-11,190.98444444444445,3.0,"2024,2025,2026",False,3,Shoulder
2024-05-12,Small Queen,True,2024-01-01,config,False,175.5,2.0,2.0,175.5,05-12,169.0533333333333,3.0,"2024,2025,2026",False,3,Shoulder
2024-05-13,Small Queen,True,2024-01-01,config,False,167.4,2.0,2.0,167.4,05-13,176.2266666666667,3.0,"2024,2025,2026",False,3,Shoulder
2024-05-14,Small Queen,True,2024-01-01,config,False,167.4,2.0,1.0,167.4,05-14,116.46333333333332,3.0,"2024,2025,2026",False,3,Shoulder
2024-05-15,Small Queen,True,2024-01-01,config,False,176.7,2.0,2.0,176.7,05-15,192.16,3.0,"2024,2025,2026",False,3,Shoulder
2024-05-16,Small Queen,True,2024-01-01,config,False,176.7,2.0,1.0,176.7,05-16,199.32666666666668,3.0,"2024,2025,2026",False,3,Shoulder
2024-05-17,Small Queen,True,2024-01-01,config,False,182.15,2.0,2.0,182.15,05-17,145.34,3.0,"2024,2025,2026",False,4,High
2024-05-18,Small Queen,True,2024-01-01,config,False,192.15,2.0,1.0,192.15,05-18,169.8133333333333,3.0,"2024,2025,2026",False,4,High
2024-05-19,Small Queen,True,2024-01-01,config,False,176.10000000000002,2.0,2.0,176.10000000000002,05-19,160.46333333333334,3.0,"2024,2025,2026",False,4,High
2024-05-20,Small Queen,True,2024-01-01,config,False,176.10000000000002,2.0,1.0,176.10000000000002,05-20,160.37333333333333,3.0,"2024,2025,2026",False,4,High
2024-05-21,Small Queen,True,2024-01-01,config,False,176.7,2.0,1.0,176.7,05-21,186.80666666666664,3.0,"2024,2025,2026",False,4,High
2024-05-22,Small Queen,True,2024-01-01,config,False,176.7,2.0,2.0,176.7,05-22,230.2733333333333,3.0,"2024,2025,2026",False,4,High
2024-05-23,Small Queen,True,2024-01-01,config,False,257.4,2.0,2.0,257.4,05-23,323.655,3.0,"2024,2025,2026",False,4,High
2024-05-24,Small Queen,True,2024-01-01,config,False,274.6,2.0,1.0,274.6,05-24,307.33166666666665,3.0,"2024,2025,2026",False,4,High
2024-05-25,Small Queen,True,2024-01-01,config,False,260.1,2.0,1.0,260.1,05-25,193.52333333333334,3.0,"2024,2025,2026",False,4,High
2024-05-26,Small Queen,True,2024-01-01,config,False,258.3,2.0,1.0,258.3,05-26,151.6,3.0,"2024,2025,2026",False,5,Peak
2024-05-27,Small Queen,True,2024-01-01,config,False,88.2,1.0,1.0,88.2,05-27,123.45,3.0,"2024,2025,2026",False,5,Peak
2024-05-28,Small Queen,True,2024-01-01,config,False,182.2,2.0,2.0,182.2,05-28,187.76,3.0,"2024,2025,2026",False,5,Peak
2024-05-29,Small Queen,True,2024-01-01,config,False,196.2,2.0,2.0,196.2,05-29,198.48833333333334,3.0,"2024,2025,2026",False,5,Peak
2024-05-30,Small Queen,True,2024-01-01,config,False,208.2,2.0,2.0,208.2,05-30,204.51166666666666,3.0,"2024,2025,2026",False,5,Peak
2024-05-31,Small Queen,True,2024-01-01,config,False,225.0,2.0,1.0,225.0,05-31,249.02999999999997,3.0,"2024,2025,2026",False,5,Peak
2024-06-01,Small Queen,True,2024-01-01,config,False,204.0,2.0,1.0,204.0,06-01,230.60500000000002,3.0,"2024,2025,2026",False,5,Peak
2024-06-02,Small Queen,True,2024-01-01,config,False,217.5,2.0,1.0,217.5,06-02,248.04166666666666,3.0,"2024,2025,2026",False,5,Peak
2024-06-03,Small Queen,True,2024-01-01,config,False,225.0,2.0,1.0,225.0,06-03,207.5,3.0,"2024,2025,2026",False,5,Peak
2024-06-04,Small Queen,True,2024-01-01,config,False,225.0,2.0,0.0,225.0,06-04,221.19999999999996,3.0,"2024,2025,2026",False,5,Peak
2024-06-05,Small Queen,True,2024-01-01,config,False,229.5,2.0,2.0,229.5,06-05,225.64000000000001,3.0,"2024,2025,2026",False,5,Peak
2024-06-06,Small Queen,True,2024-01-01,config,False,237.5,2.0,1.0,237.5,06-06,287.1766666666667,3.0,"2024,2025,2026",False,5,Peak
2024-06-07,Small Queen,True,2024-01-01,config,False,246.0,2.0,1.0,246.0,06-07,242.1833333333333,3.0,"2024,2025,2026",False,5,Peak
2024-06-08,Small Queen,True,2024-01-01,config,False,268.0,2.0,1.0,268.0,06-08,236.5775,3.0,"2024,2025,2026",False,5,Peak
2024-06-09,Small Queen,True,2024-01-01,config,False,250.0,2.0,2.0,250.0,06-09,235.3086111111111,3.0,"2024,2025,2026",False,5,Peak
2024-06-10,Small Queen,True,2024-01-01,config,False,255.8,2.0,2.0,255.8,06-10,247.43527777777777,3.0,"2024,2025,2026",False,5,Peak
2024-06-11,Small Queen,True,2024-01-01,config,False,251.5,2.0,2.0,251.5,06-11,198.90194444444444,3.0,"2024,2025,2026",False,5,Peak
2024-06-12,Small Queen,True,2024-01-01,config,False,271.5,2.0,2.0,271.5,06-12,285.94,3.0,"2024,2025,2026",False,5,Peak
2024-06-13,Small Queen,True,2024-01-01,config,False,247.75,2.0,2.0,247.75,06-13,255.79,3.0,"2024,2025,2026",False,5,Peak
2024-06-14,Small Queen,True,2024-01-01,config,False,247.75,2.0,0.0,247.75,06-14,257.695,3.0,"2024,2025,2026",False,5,Peak
2024-06-15,Small Queen,True,2024-01-01,config,False,257.4,2.0,2.0,257.4,06-15,298.245,3.0,"2024,2025,2026",False,5,Peak
2024-06-16,Small Queen,True,2024-01-01,config,False,234.0,2.0,2.0,234.0,06-16,291.65333333333336,3.0,"2024,2025,2026",False,5,Peak
2024-06-17,Small Queen,True,2024-01-01,config,False,237.5,2.0,2.0,237.5,06-17,282.25,3.0,"2024,2025,2026",False,5,Peak
2024-06-18,Small Queen,True,2024-01-01,config,False,257.5,2.0,1.0,257.5,06-18,268.76666666666665,3.0,"2024,2025,2026",False,5,Peak
2024-06-19,Small Queen,True,2024-01-01,config,False,243.0,2.0,1.0,243.0,06-19,294.0133333333333,3.0,"2024,2025,2026",False,5,Peak
2024-06-20,Small Queen,True,2024-01-01,config,False,243.0,2.0,1.0,243.0,06-20,336.43333333333334,3.0,"2024,2025,2026",False,5,Peak
2024-06-21,Small Queen,True,2024-01-01,config,False,244.8,2.0,1.0,244.8,06-21,290.4266666666667,3.0,"2024,2025,2026",False,5,Peak
2024-06-22,Small Queen,True,2024-01-01,config,False,264.6,2.0,1.0,264.6,06-22,254.80166666666665,3.0,"2024,2025,2026",False,5,Peak
2024-06-23,Small Queen,True,2024-01-01,config,False,240.0,2.0,2.0,240.0,06-23,265.7183333333333,3.0,"2024,2025,2026",False,5,Peak
2024-06-24,Small Queen,True,2024-01-01,config,False,240.0,2.0,1.0,240.0,06-24,233.41333333333333,3.0,"2024,2025,2026",False,5,Peak
2024-06-25,Small Queen,True,2024-01-01,config,False,240.0,2.0,0.0,240.0,06-25,281.1405555555555,3.0,"2024,2025,2026",False,5,Peak
2024-06-26,Small Queen,True,2024-01-01,config,False,246.0,2.0,1.0,246.0,06-26,283.1405555555555,3.0,"2024,2025,2026",False,5,Peak
2024-06-27,Small Queen,True,2024-01-01,config,False,141.0,1.0,1.0,141.0,06-27,239.15555555555554,3.0,"2024,2025,2026",False,5,Peak
2024-06-28,Small Queen,True,2024-01-01,config,False,251.9,2.0,2.0,251.9,06-28,200.10333333333332,3.0,"2024,2025,2026",False,5,Peak
2024-06-29,Small Queen,True,2024-01-01,config,False,239.4,2.0,1.0,239.4,06-29,187.24444444444444,3.0,"2024,2025,2026",False,5,Peak
2024-06-30,Small Queen,True,2024-01-01,config,False,130.5,1.0,1.0,130.5,06-30,238.45111111111112,3.0,"2024,2025,2026",False,5,Peak
2024-07-01,Small Queen,True,2024-01-01,config,False,261.5,2.0,1.0,261.5,07-01,263.76944444444445,3.0,"2024,2025,2026",False,5,Peak
2024-07-02,Small Queen,True,2024-01-01,config,False,270.8,2.0,2.0,270.8,07-02,195.0916666666667,3.0,"2024,2025,2026",False,5,Peak
2024-07-03,Small Queen,True,2024-01-01,config,False,266.0,2.0,1.0,266.0,07-03,271.9916666666667,3.0,"2024,2025,2026",False,5,Peak
2024-07-04,Small Queen,True,2024-01-01,config,False,262.0,2.0,2.0,262.0,07-04,313.50333333333333,3.0,"2024,2025,2026",False,5,Peak
2024-07-05,Small Queen,True,2024-01-01,config,False,280.0,2.0,2.0,280.0,07-05,304.46166666666664,3.0,"2024,2025,2026",False,5,Peak
2024-07-06,Small Queen,True,2024-01-01,config,False,262.66666666666663,2.0,2.0,262.66666666666663,07-06,282.55,3.0,"2024,2025,2026",False,5,Peak
2024-07-07,Small Queen,True,2024-01-01,config,False,263.1166666666667,2.0,1.0,263.1166666666667,07-07,268.28333333333336,3.0,"2024,2025,2026",False,5,Peak
2024-07-08,Small Queen,True,2024-01-01,config,False,263.1166666666667,2.0,0.0,263.1166666666667,07-08,243.4,3.0,"2024,2025,2026",False,5,Peak
2024-07-09,Small Queen,True,2024-01-01,config,False,264.4,2.0,2.0,264.4,07-09,224.69999999999996,3.0,"2024,2025,2026",False,5,Peak
2024-07-10,Small Queen,True,2024-01-01,config,False,279.66666666666663,2.0,2.0,279.66666666666663,07-10,255.88888888888889,3.0,"2024,2025,2026",False,5,Peak
2024-07-11,Small Queen,True,2024-01-01,config,False,261.4,2.0,2.0,261.4,07-11,313.4533333333333,3.0,"2024,2025,2026",False,5,Peak
2024-07-12,Small Queen,True,2024-01-01,config,False,264.6,2.0,2.0,264.6,07-12,281.1333333333334,3.0,"2024,2025,2026",False,5,Peak
2024-07-13,Small Queen,True,2024-01-01,config,False,129.6,1.0,1.0,129.6,07-13,267.1333333333334,3.0,"2024,2025,2026",False,5,Peak
2024-07-14,Small Queen,True,2024-01-01,config,False,270.0,2.0,2.0,270.0,07-14,322.77666666666664,3.0,"2024,2025,2026",False,5,Peak
2024-07-15,Small Queen,True,2024-01-01,config,False,252.9,2.0,2.0,252.9,07-15,290.32,3.0,"2024,2025,2026",False,5,Peak
2024-07-16,Small Queen,True,2024-01-01,config,False,270.0,2.0,2.0,270.0,07-16,284.815,3.0,"2024,2025,2026",False,5,Peak
2024-07-17,Small Queen,True,2024-01-01,config,False,135.0,1.0,1.0,135.0,07-17,252.62333333333333,3.0,"2024,2025,2026",False,5,Peak
2024-07-18,Small Queen,True,2024-01-01,config,False,137.25,1.0,1.0,137.25,07-18,268.41833333333335,3.0,"2024,2025,2026",False,5,Peak
2024-07-19,Small Queen,True,2024-01-01,config,False,279.3,2.0,2.0,279.3,07-19,255.18999999999997,3.0,"2024,2025,2026",False,5,Peak
2024-07-20,Small Queen,True,2024-01-01,config,False,269.6,2.0,2.0,269.6,07-20,218.44333333333336,3.0,"2024,2025,2026",False,5,Peak
2024-07-21,Small Queen,True,2024-01-01,config,False,263.5,2.0,2.0,263.5,07-21,174.24666666666667,3.0,"2024,2025,2026",False,5,Peak
2024-07-22,Small Queen,True,2024-01-01,config,False,267.5,2.0,1.0,267.5,07-22,185.26666666666665,3.0,"2024,2025,2026",False,5,Peak
2024-07-23,Small Queen,True,2024-01-01,config,False,263.5,2.0,2.0,263.5,07-23,189.96666666666667,3.0,"2024,2025,2026",False,5,Peak
2024-07-24,Small Queen,True,2024-01-01,config,False,248.3,2.0,2.0,248.3,07-24,248.5,3.0,"2024,2025,2026",False,5,Peak
2024-07-25,Small Queen,True,2024-01-01,config,False,268.4,2.0,2.0,268.4,07-25,309.55,3.0,"2024,2025,2026",False,5,Peak
2024-07-26,Small Queen,True,2024-01-01,config,False,271.3,2.0,2.0,271.3,07-26,286.18666666666667,3.0,"2024,2025,2026",False,5,Peak
2024-07-27,Small Queen,True,2024-01-01,config,False,286.0,2.0,1.0,286.0,07-27,297.07,3.0,"2024,2025,2026",False,5,Peak
2024-07-28,Small Queen,True,2024-01-01,config,False,270.5,2.0,2.0,270.5,07-28,227.72,3.0,"2024,2025,2026",False,5,Peak
2024-07-29,Small Queen,True,2024-01-01,config,False,261.0,2.0,2.0,261.0,07-29,226.08666666666667,3.0,"2024,2025,2026",False,5,Peak
2024-07-30,Small Queen,True,2024-01-01,config,False,135.0,2.0,1.0,135.0,07-30,184.24333333333334,3.0,"2024,2025,2026",False,5,Peak
2024-07-31,Small Queen,True,2024-01-01,config,False,0.0,2.0,1.0,0.0,07-31,191.465,3.0,"2024,2025,2026",False,5,Peak
2024-08-01,Small Queen,True,2024-01-01,config,False,243.89999999999998,2.0,2.0,243.89999999999998,08-01,259.2083333333333,3.0,"2024,2025,2026",False,5,Peak
2024-08-02,Small Queen,True,2024-01-01,config,False,263.0,2.0,2.0,263.0,08-02,266.475,3.0,"2024,2025,2026",False,5,Peak
2024-08-03,Small Queen,True,2024-01-01,config,False,260.0,2.0,2.0,260.0,08-03,224.78166666666667,3.0,"2024,2025,2026",False,5,Peak
2024-08-04,Small Queen,True,2024-01-01,config,False,257.0,2.0,2.0,257.0,08-04,265.27500000000003,3.0,"2024,2025,2026",False,5,Peak
2024-08-05,Small Queen,True,2024-01-01,config,False,241.3,2.0,2.0,241.3,08-05,239.17833333333337,3.0,"2024,2025,2026",False,4,High
2024-08-06,Small Queen,True,2024-01-01,config,False,560.9,2.0,2.0,560.9,08-06,315.80333333333334,3.0,"2024,2025,2026",False,4,High
2024-08-07,Small Queen,True,2024-01-01,config,False,298.0,2.0,2.0,298.0,08-07,316.865,3.0,"2024,2025,2026",False,4,High
2024-08-08,Small Queen,True,2024-01-01,config,False,274.0,2.0,1.0,274.0,08-08,329.91833333333335,3.0,"2024,2025,2026",False,4,High
2024-08-09,Small Queen,True,2024-01-01,config,False,303.0,2.0,2.0,303.0,08-09,260.63888888888886,3.0,"2024,2025,2026",False,4,High
2024-08-10,Small Queen,True,2024-01-01,config,False,284.0,2.0,2.0,284.0,08-10,278.52777777777777,3.0,"2024,2025,2026",False,4,High
2024-08-11,Small Queen,True,2024-01-01,config,False,245.0,2.0,2.0,245.0,08-11,265.52777777777777,3.0,"2024,2025,2026",False,4,High
2024-08-12,Small Queen,True,2024-01-01,config,False,129.0,1.0,0.0,129.0,08-12,219.5672222222222,3.0,"2024,2025,2026",False,4,High
2024-08-13,Small Queen,True,2024-01-01,config,False,258.0,2.0,1.0,258.0,08-13,264.4783333333333,3.0,"2024,2025,2026",False,4,High
2024-08-14,Small Queen,True,2024-01-01,config,False,249.6,2.0,1.0,249.6,08-14,214.795,3.0,"2024,2025,2026",False,4,High
2024-08-15,Small Queen,True,2024-01-01,config,False,249.6,2.0,0.0,249.6,08-15,237.73166666666668,3.0,"2024,2025,2026",False,4,High
2024-08-16,Small Queen,True,2024-01-01,config,False,263.0,2.0,1.0,263.0,08-16,279.2416666666667,3.0,"2024,2025,2026",False,4,High
2024-08-17,Small Queen,True,2024-01-01,config,False,298.0,2.0,1.0,298.0,08-17,297.9916666666667,3.0,"2024,2025,2026",False,4,High
2024-08-18,Small Queen,True,2024-01-01,config,False,268.5,2.0,1.0,268.5,08-18,291.0833333333333,3.0,"2024,2025,2026",False,4,High
2024-08-19,Small Queen,True,2024-01-01,config,False,135.0,2.0,2.0,135.0,08-19,195.0666666666667,3.0,"2024,2025,2026",False,4,High
2024-08-20,Small Queen,True,2024-01-01,config,False,279.3,2.0,2.0,279.3,08-20,188.5,3.0,"2024,2025,2026",False,4,High
2024-08-21,Small Queen,True,2024-01-01,config,False,259.2,2.0,2.0,259.2,08-21,282.28749999999997,3.0,"2024,2025,2026",False,4,High
2024-08-22,Small Queen,True,2024-01-01,config,False,307.1,2.0,1.0,307.1,08-22,247.80416666666667,3.0,"2024,2025,2026",False,4,High
2024-08-23,Small Queen,True,2024-01-01,config,False,344.0,2.0,1.0,344.0,08-23,252.3166666666667,3.0,"2024,2025,2026",False,4,High
2024-08-24,Small Queen,True,2024-01-01,config,False,349.5,2.0,1.0,349.5,08-24,264.6516666666667,3.0,"2024,2025,2026",False,4,High
2024-08-25,Small Queen,True,2024-01-01,config,False,218.0,2.0,2.0,218.0,08-25,233.885,3.0,"2024,2025,2026",False,4,High
2024-08-26,Small Queen,True,2024-01-01,config,False,231.0,2.0,1.0,231.0,08-26,154.0,3.0,"2024,2025,2026",False,5,Peak
2024-08-27,Small Queen,True,2024-01-01,config,False,212.0,2.0,2.0,212.0,08-27,189.58666666666667,3.0,"2024,2025,2026",False,4,High
2024-08-28,Small Queen,True,2024-01-01,config,False,234.0,2.0,1.0,234.0,08-28,166.66666666666666,3.0,"2024,2025,2026",False,4,High
2024-08-29,Small Queen,True,2024-01-01,config,False,224.0,2.0,1.0,224.0,08-29,227.19444444444446,3.0,"2024,2025,2026",False,4,High
2024-08-30,Small Queen,True,2024-01-01,config,False,289.0,2.0,1.0,289.0,08-30,306.1717777777778,3.0,"2024,2025,2026",False,4,High
2024-08-31,Small Queen,True,2024-01-01,config,False,261.1,2.0,1.0,261.1,08-31,347.53844444444445,3.0,"2024,2025,2026",False,4,High
2024-09-01,Small Queen,True,2024-01-01,config,False,233.0,2.0,1.0,233.0,09-01,227.26066666666668,3.0,"2024,2025,2026",False,4,High
2024-09-02,Small Queen,True,2024-01-01,config,False,209.0,2.0,1.0,209.0,09-02,193.26066666666668,3.0,"2024,2025,2026",False,4,High
2024-09-03,Small Queen,True,2024-01-01,config,False,223.0,2.0,2.0,223.0,09-03,285.6551111111111,3.0,"2024,2025,2026",False,4,High
2024-09-04,Small Queen,True,2024-01-01,config,False,223.1,2.0,2.0,223.1,09-04,242.14444444444447,3.0,"2024,2025,2026",False,5,Peak
2024-09-05,Small Queen,True,2024-01-01,config,False,258.0,2.0,1.0,258.0,09-05,349.1611111111111,3.0,"2024,2025,2026",False,5,Peak
2024-09-06,Small Queen,True,2024-01-01,config,False,254.0,2.0,2.0,254.0,09-06,186.28333333333333,3.0,"2024,2025,2026",False,5,Peak
2024-09-07,Small Queen,True,2024-01-01,config,False,262.0,2.0,1.0,262.0,09-07,180.79666666666665,3.0,"2024,2025,2026",False,4,High
2024-09-08,Small Queen,True,2024-01-01,config,False,245.7,2.0,2.0,245.7,09-08,276.29333333333335,3.0,"2024,2025,2026",False,4,High
2024-09-09,Small Queen,True,2024-01-01,config,False,271.0,2.0,2.0,271.0,09-09,219.61666666666667,3.0,"2024,2025,2026",False,4,High
2024-09-10,Small Queen,True,2024-01-01,config,False,252.0,2.0,2.0,252.0,09-10,311.0,3.0,"2024,2025,2026",False,4,High
2024-09-11,Small Queen,True,2024-01-01,config,False,296.0,2.0,2.0,296.0,09-11,316.02444444444444,3.0,"2024,2025,2026",False,4,High
2024-09-12,Small Queen,True,2024-01-01,config,False,264.5,2.0,2.0,264.5,09-12,265.28277777777777,3.0,"2024,2025,2026",False,4,High
2024-09-13,Small Queen,True,2024-01-01,config,False,265.5,2.0,1.0,265.5,09-13,265.61611111111114,3.0,"2024,2025,2026",False,4,High
2024-09-14,Small Queen,True,2024-01-01,config,False,267.0,2.0,2.0,267.0,09-14,201.28333333333333,3.0,"2024,2025,2026",False,5,Peak
2024-09-15,Small Queen,True,2024-01-01,config,False,261.8,2.0,2.0,261.8,09-15,207.1833333333333,3.0,"2024,2025,2026",False,5,Peak
2024-09-16,Small Queen,True,2024-01-01,config,False,309.65,2.0,2.0,309.65,09-16,245.64666666666665,3.0,"2024,2025,2026",False,4,High
2024-09-17,Small Queen,True,2024-01-01,config,False,286.35,2.0,1.0,286.35,09-17,200.29999999999998,3.0,"2024,2025,2026",False,5,Peak
2024-09-18,Small Queen,True,2024-01-01,config,False,251.5,2.0,2.0,251.5,09-18,264.31666666666666,3.0,"2024,2025,2026",False,5,Peak
2024-09-19,Small Queen,True,2024-01-01,config,False,161.0,1.0,1.0,161.0,09-19,257.8433333333333,3.0,"2024,2025,2026",False,5,Peak
2024-09-20,Small Queen,True,2024-01-01,config,False,276.4,2.0,2.0,276.4,09-20,243.37666666666667,3.0,"2024,2025,2026",False,4,High
2024-09-21,Small Queen,True,2024-01-01,config,False,289.8,2.0,1.0,289.8,09-21,226.98333333333335,3.0,"2024,2025,2026",False,4,High
2024-09-22,Small Queen,True,2024-01-01,config,False,0.0,0.0,0.0,0.0,09-22,177.0566666666667,3.0,"2024,2025,2026",False,5,Peak
2024-09-23,Small Queen,True,2024-01-01,config,False,262.0,2.0,2.0,262.0,09-23,292.66833333333335,3.0,"2024,2025,2026",False,4,High
2024-09-24,Small Queen,True,2024-01-01,config,False,256.0,2.0,2.0,256.0,09-24,241.31833333333336,3.0,"2024,2025,2026",False,4,High
2024-09-25,Small Queen,True,2024-01-01,config,False,340.0,2.0,2.0,340.0,09-25,312.155,3.0,"2024,2025,2026",False,4,High
2024-09-26,Small Queen,True,2024-01-01,config,False,340.0,2.0,2.0,340.0,09-26,326.245,3.0,"2024,2025,2026",False,4,High
2024-09-27,Small Queen,True,2024-01-01,config,False,275.6666666666667,2.0,2.0,275.6666666666667,09-27,300.03555555555556,3.0,"2024,2025,2026",False,4,High
2024-09-28,Small Queen,True,2024-01-01,config,False,275.6666666666667,2.0,0.0,275.6666666666667,09-28,167.72222222222223,3.0,"2024,2025,2026",False,4,High
2024-09-29,Small Queen,True,2024-01-01,config,False,261.6666666666667,2.0,1.0,261.6666666666667,09-29,205.00555555555556,3.0,"2024,2025,2026",False,4,High
2024-09-30,Small Queen,True,2024-01-01,config,False,226.66666666666669,2.0,1.0,226.66666666666669,09-30,204.2888888888889,3.0,"2024,2025,2026",False,4,High
2024-10-01,Small Queen,True,2024-01-01,config,False,266.6666666666667,2.0,1.0,266.6666666666667,10-01,277.42055555555555,3.0,"2024,2025,2026",False,4,High
2024-10-02,Small Queen,True,2024-01-01,config,False,284.6666666666667,2.0,1.0,284.6666666666667,10-02,243.08722222222227,3.0,"2024,2025,2026",False,4,High
2024-10-03,Small Queen,True,2024-01-01,config,False,253.5,2.0,2.0,253.5,10-03,215.20000000000002,3.0,"2024,2025,2026",False,4,High
2024-10-04,Small Queen,True,2024-01-01,config,False,101.5,2.0,1.0,101.5,10-04,208.23,3.0,"2024,2025,2026",False,4,High
2024-10-05,Small Queen,True,2024-01-01,config,False,272.2,2.0,2.0,272.2,10-05,134.33666666666667,3.0,"2024,2025,2026",False,4,High
2024-10-06,Small Queen,True,2024-01-01,config,False,103.0,1.0,1.0,103.0,10-06,82.5,3.0,"2024,2025,2026",False,4,High
2024-10-07,Small Queen,True,2024-01-01,config,False,241.64999999999998,2.0,2.0,241.64999999999998,10-07,175.21666666666667,3.0,"2024,2025,2026",False,4,High
2024-10-08,Small Queen,True,2024-01-01,config,False,216.0,2.0,1.0,216.0,10-08,219.32000000000002,3.0,"2024,2025,2026",False,4,High
2024-10-09,Small Queen,True,2024-01-01,config,False,260.1,2.0,2.0,260.1,10-09,234.02,3.0,"2024,2025,2026",False,4,High
2024-10-10,Small Queen,True,2024-01-01,config,False,195.7,2.0,2.0,195.7,10-10,153.38333333333333,3.0,"2024,2025,2026",False,4,High
2024-10-11,Small Queen,True,2024-01-01,config,False,161.66666666666666,2.0,2.0,161.66666666666666,10-11,231.9522222222222,3.0,"2024,2025,2026",False,3,Shoulder
2024-10-12,Small Queen,True,2024-01-01,config,False,189.9,2.0,2.0,189.9,10-12,98.63333333333333,3.0,"2024,2025,2026",False,3,Shoulder
2024-10-13,Small Queen,True,2024-01-01,config,False,189.9,2.0,0.0,189.9,10-13,132.29999999999998,3.0,"2024,2025,2026",False,3,Shoulder
2024-10-14,Small Queen,True,2024-01-01,config,False,215.05,2.0,2.0,215.05,10-14,174.9333333333333,3.0,"2024,2025,2026",False,3,Shoulder
2024-10-15,Small Queen,True,2024-01-01,config,False,199.35,2.0,1.0,199.35,10-15,95.45,3.0,"2024,2025,2026",False,3,Shoulder
2024-10-16,Small Queen,True,2024-01-01,config,False,243.0,2.0,2.0,243.0,10-16,179.59083333333334,3.0,"2024,2025,2026",False,3,Shoulder
2024-10-17,Small Queen,True,2024-01-01,config,False,233.0,2.0,1.0,233.0,10-17,182.44583333333333,3.0,"2024,2025,2026",False,3,Shoulder
2024-10-18,Small Queen,True,2024-01-01,config,False,236.0,2.0,1.0,236.0,10-18,147.61249999999998,3.0,"2024,2025,2026",False,3,Shoulder
2024-10-19,Small Queen,True,2024-01-01,config,False,210.05,2.0,2.0,210.05,10-19,123.28750000000001,3.0,"2024,2025,2026",False,3,Shoulder
2024-10-20,Small Queen,True,2024-01-01,config,False,208.5,2.0,1.0,208.5,10-20,104.3,3.0,"2024,2025,2026",False,3,Shoulder
2024-10-21,Small Queen,True,2024-01-01,config,False,184.3,2.0,2.0,184.3,10-21,120.10000000000001,3.0,"2024,2025,2026",False,3,Shoulder
2024-10-22,Small Queen,True,2024-01-01,config,False,184.3,2.0,0.0,184.3,10-22,161.83888888888887,3.0,"2024,2025,2026",False,3,Shoulder
2024-10-23,Small Queen,True,2024-01-01,config,False,87.3,1.0,0.0,87.3,10-23,136.44222222222223,3.0,"2024,2025,2026",False,3,Shoulder
2024-10-24,Small Queen,True,2024-01-01,config,False,184.3,2.0,1.0,184.3,10-24,173.76722222222222,3.0,"2024,2025,2026",False,3,Shoulder
2024-10-25,Small Queen,True,2024-01-01,config,False,179.45,2.0,2.0,179.45,10-25,101.14166666666665,3.0,"2024,2025,2026",False,3,Shoulder
2024-10-26,Small Queen,True,2024-01-01,config,False,187.9,2.0,1.0,187.9,10-26,86.96666666666665,3.0,"2024,2025,2026",False,2,Low
2024-10-27,Small Queen,True,2024-01-01,config,False,0.0,0.0,0.0,0.0,10-27,24.333333333333332,3.0,"2024,2025,2026",False,2,Low
2024-10-28,Small Queen,True,2024-01-01,config,False,0.0,0.0,0.0,0.0,10-28,24.333333333333332,3.0,"2024,2025,2026",False,2,Low
2024-10-29,Small Queen,True,2024-01-01,config,False,97.0,1.0,1.0,97.0,10-29,65.07583333333334,3.0,"2024,2025,2026",False,2,Low
2024-10-30,Small Queen,True,2024-01-01,config,False,0.0,0.0,0.0,0.0,10-30,34.8425,3.0,"2024,2025,2026",False,2,Low
2024-10-31,Small Queen,True,2024-01-01,config,False,0.0,0.0,0.0,0.0,10-31,111.56472222222222,3.0,"2024,2025,2026",False,2,Low
2024-11-01,Small Queen,True,2024-01-01,config,False,0.0,0.0,0.0,0.0,11-01,90.23138888888889,3.0,"2024,2025,2026",False,1,Soft
2024-11-02,Small Queen,True,2024-01-01,config,False,59.2,1.0,1.0,59.2,11-02,91.28888888888889,3.0,"2024,2025,2026",False,1,Soft
2024-11-03,Small Queen,True,2024-01-01,config,False,66.6,1.0,1.0,66.6,11-03,43.199999999999996,3.0,"2024,2025,2026",False,1,Soft
2024-11-04,Small Queen,True,2024-01-01,config,False,0.0,0.0,0.0,0.0,11-04,40.949999999999996,3.0,"2024,2025,2026",False,1,Soft
2024-11-05,Small Queen,True,2024-01-01,config,False,74.0,1.0,1.0,74.0,11-05,73.22222222222223,3.0,"2024,2025,2026",False,1,Soft
2024-11-06,Small Queen,True,2024-01-01,config,False,74.0,1.0,1.0,74.0,11-06,82.55555555555556,3.0,"2024,2025,2026",False,1,Soft
2024-11-07,Small Queen,True,2024-01-01,config,False,74.0,1.0,0.0,74.0,11-07,82.55555555555556,3.0,"2024,2025,2026",False,1,Soft
2024-11-08,Small Queen,True,2024-01-01,config,False,0.0,1.0,1.0,0.0,11-08,58.444444444444436,3.0,"2024,2025,2026",False,1,Soft
2024-11-09,Small Queen,True,2024-01-01,config,False,0.0,0.0,0.0,0.0,11-09,48.81111111111111,3.0,"2024,2025,2026",False,1,Soft
2024-11-10,Small Queen,True,2024-01-01,config,False,60.0,1.0,1.0,60.0,11-10,65.84444444444445,3.0,"2024,2025,2026",False,1,Soft
2024-11-11,Small Queen,True,2024-01-01,config,False,0.0,0.0,0.0,0.0,11-11,42.95333333333334,3.0,"2024,2025,2026",False,1,Soft
2024-11-12,Small Queen,True,2024-01-01,config,False,74.0,1.0,1.0,74.0,11-12,65.23333333333333,3.0,"2024,2025,2026",False,1,Soft
2024-11-13,Small Queen,True,2024-01-01,config,False,0.0,1.0,1.0,0.0,11-13,46.43888888888889,3.0,"2024,2025,2026",False,1,Soft
2024-11-14,Small Queen,True,2024-01-01,config,False,67.5,1.0,1.0,67.5,11-14,73.72222222222223,3.0,"2024,2025,2026",False,1,Soft
2024-11-15,Small Queen,True,2024-01-01,config,False,67.5,1.0,0.0,67.5,11-15,73.47222222222223,3.0,"2024,2025,2026",False,1,Soft
2024-11-16,Small Queen,True,2024-01-01,config,False,67.5,1.0,0.0,67.5,11-16,39.833333333333336,3.0,"2024,2025,2026",False,1,Soft
2024-11-17,Small Queen,True,2024-01-01,config,False,67.5,1.0,0.0,67.5,11-17,45.833333333333336,3.0,"2024,2025,2026",False,1,Soft
2024-11-18,Small Queen,True,2024-01-01,config,False,0.0,0.0,0.0,0.0,11-18,17.333333333333332,3.0,"2024,2025,2026",False,1,Soft
2024-11-19,Small Queen,True,2024-01-01,config,False,56.61,1.0,1.0,56.61,11-19,45.20333333333334,3.0,"2024,2025,2026",False,1,Soft
2024-11-20,Small Queen,True,2024-01-01,config,False,0.0,0.0,0.0,0.0,11-20,0.0,3.0,"2024,2025,2026",False,1,Soft
2024-11-21,Small Queen,True,2024-01-01,config,False,0.0,0.0,0.0,0.0,11-21,61.116666666666674,3.0,"2024,2025,2026",False,1,Soft
2024-11-22,Small Queen,True,2024-01-01,config,False,0.0,0.0,0.0,0.0,11-22,58.666666666666664,3.0,"2024,2025,2026",False,1,Soft
2024-11-23,Small Queen,True,2024-01-01,config,False,51.8,1.0,1.0,51.8,11-23,67.11333333333334,3.0,"2024,2025,2026",False,1,Soft
2024-11-24,Small Queen,True,2024-01-01,config,False,0.0,0.0,0.0,0.0,11-24,41.65,3.0,"2024,2025,2026",False,1,Soft
2024-11-25,Small Queen,True,2024-01-01,config,False,0.0,0.0,0.0,0.0,11-25,48.833333333333336,3.0,"2024,2025,2026",False,1,Soft
2024-11-26,Small Queen,True,2024-01-01,config,False,74.0,1.0,1.0,74.0,11-26,81.0,3.0,"2024,2025,2026",False,1,Soft
2024-11-27,Small Queen,True,2024-01-01,config,False,63.8,1.0,1.0,63.8,11-27,98.60000000000001,3.0,"2024,2025,2026",False,1,Soft
2024-11-28,Small Queen,True,2024-01-01,config,False,0.0,1.0,1.0,0.0,11-28,38.666666666666664,3.0,"2024,2025,2026",False,2,Low
2024-11-29,Small Queen,True,2024-01-01,config,False,0.0,1.0,0.0,0.0,11-29,38.666666666666664,3.0,"2024,2025,2026",False,2,Low
2024-11-30,Small Queen,True,2024-01-01,config,False,0.0,1.0,0.0,0.0,11-30,0.0,3.0,"2024,2025,2026",False,1,Soft
2024-12-01,Small Queen,True,2024-01-01,config,False,74.0,1.0,1.0,74.0,12-01,24.666666666666668,3.0,"2024,2025,2026",False,1,Soft
2024-12-02,Small Queen,True,2024-01-01,config,False,74.0,1.0,0.0,74.0,12-02,40.70666666666667,3.0,"2024,2025,2026",False,1,Soft
2024-12-03,Small Queen,True,2024-01-01,config,False,0.0,0.0,0.0,0.0,12-03,16.04,3.0,"2024,2025,2026",False,1,Soft
2024-12-04,Small Queen,True,2024-01-01,config,False,0.0,0.0,0.0,0.0,12-04,24.7,3.0,"2024,2025,2026",False,1,Soft
2024-12-05,Small Queen,True,2024-01-01,config,False,0.0,1.0,1.0,0.0,12-05,30.75,3.0,"2024,2025,2026",False,1,Soft
2024-12-06,Small Queen,True,2024-01-01,config,False,0.0,1.0,0.0,0.0,12-06,50.02,3.0,"2024,2025,2026",False,1,Soft
2024-12-07,Small Queen,True,2024-01-01,config,False,46.2,1.0,1.0,46.2,12-07,47.56666666666666,3.0,"2024,2025,2026",False,1,Soft
2024-12-08,Small Queen,True,2024-01-01,config,False,55.8,1.0,1.0,55.8,12-08,18.599999999999998,3.0,"2024,2025,2026",False,1,Soft
2024-12-09,Small Queen,True,2024-01-01,config,False,54.9,1.0,1.0,54.9,12-09,67.80666666666666,3.0,"2024,2025,2026",False,1,Soft
2024-12-10,Small Queen,True,2024-01-01,config,False,0.0,0.0,0.0,0.0,12-10,0.0,3.0,"2024,2025,2026",False,1,Soft
2024-12-11,Small Queen,True,2024-01-01,config,False,51.8,1.0,1.0,51.8,12-11,63.6,3.0,"2024,2025,2026",False,1,Soft
2024-12-12,Small Queen,True,2024-01-01,config,False,0.0,0.0,0.0,0.0,12-12,52.333333333333336,3.0,"2024,2025,2026",False,1,Soft
2024-12-13,Small Queen,True,2024-01-01,config,False,0.0,0.0,0.0,0.0,12-13,50.873333333333335,3.0,"2024,2025,2026",False,1,Soft
2024-12-14,Small Queen,True,2024-01-01,config,False,124.77000000000001,2.0,2.0,124.77000000000001,12-14,98.92333333333333,3.0,"2024,2025,2026",False,1,Soft
2024-12-15,Small Queen,True,2024-01-01,config,False,123.975,2.0,2.0,123.975,12-15,66.325,3.0,"2024,2025,2026",False,2,Low
2024-12-16,Small Queen,True,2024-01-01,config,False,123.975,2.0,0.0,123.975,12-16,133.06055555555557,3.0,"2024,2025,2026",False,2,Low
2024-12-17,Small Queen,True,2024-01-01,config,False,123.975,2.0,0.0,123.975,12-17,73.21388888888889,3.0,"2024,2025,2026",False,2,Low
2024-12-18,Small Queen,True,2024-01-01,config,False,63.675,1.0,0.0,63.675,12-18,53.11388888888889,3.0,"2024,2025,2026",False,2,Low
2024-12-19,Small Queen,True,2024-01-01,config,False,89.0,1.0,1.0,89.0,12-19,94.05,3.0,"2024,2025,2026",False,2,Low
2024-12-20,Small Queen,True,2024-01-01,config,False,0.0,0.0,0.0,0.0,12-20,47.31666666666666,3.0,"2024,2025,2026",False,2,Low
2024-12-21,Small Queen,True,2024-01-01,config,False,0.0,0.0,0.0,0.0,12-21,18.666666666666668,3.0,"2024,2025,2026",False,2,Low
2024-12-22,Small Queen,True,2024-01-01,config,False,0.0,0.0,0.0,0.0,12-22,41.666666666666664,3.0,"2024,2025,2026",False,3,Shoulder
2024-12-23,Small Queen,True,2024-01-01,config,False,0.0,0.0,0.0,0.0,12-23,26.9875,3.0,"2024,2025,2026",False,3,Shoulder
2024-12-24,Small Queen,True,2024-01-01,config,False,183.0,2.0,2.0,183.0,12-24,87.9875,3.0,"2024,2025,2026",False,3,Shoulder
2024-12-25,Small Queen,True,2024-01-01,config,False,60.3,1.0,1.0,60.3,12-25,47.0875,3.0,"2024,2025,2026",False,3,Shoulder
2024-12-26,Small Queen,True,2024-01-01,config,False,185.60000000000002,2.0,2.0,185.60000000000002,12-26,129.65416666666667,3.0,"2024,2025,2026",False,3,Shoulder
2024-12-27,Small Queen,True,2024-01-01,config,False,185.60000000000002,2.0,1.0,185.60000000000002,12-27,141.45000000000002,3.0,"2024,2025,2026",False,3,Shoulder
2024-12-28,Small Queen,True,2024-01-01,config,False,213.3,2.0,2.0,213.3,12-28,153.83333333333334,3.0,"2024,2025,2026",False,3,Shoulder
2024-12-29,Small Queen,True,2024-01-01,config,False,93.96,1.0,1.0,93.96,12-29,99.71999999999998,3.0,"2024,2025,2026",False,3,Shoulder
2024-12-30,Small Queen,True,2024-01-01,config,False,226.0,2.0,2.0,226.0,12-30,157.62222222222223,3.0,"2024,2025,2026",False,3,Shoulder
2024-12-31,Small Queen,True,2024-01-01,config,False,0.0,1.0,1.0,0.0,12-31,76.72777777777777,3.0,"2024,2025,2026",False,3,Shoulder
2025-01-01,Small Queen,True,2024-01-01,config,False,184.0,3.0,2.0,184.0,01-01,138.0611111111111,3.0,"2024,2025,2026",False,3,Shoulder
2025-01-02,Small Queen,True,2024-01-01,config,False,79.5,3.0,2.0,79.5,01-02,107.16055555555556,3.0,"2024,2025,2026",False,3,Shoulder
2025-01-03,Small Queen,True,2024-01-01,config,False,156.5,3.0,1.0,156.5,01-03,95.82166666666667,3.0,"2024,2025,2026",False,3,Shoulder
2025-01-04,Small Queen,True,2024-01-01,config,False,136.8,3.0,2.0,136.8,01-04,65.43333333333334,3.0,"2024,2025,2026",False,3,Shoulder
2025-01-05,Small Queen,True,2024-01-01,config,False,53.55,2.0,1.0,53.55,01-05,38.85,3.0,"2024,2025,2026",False,3,Shoulder
2025-01-06,Small Queen,True,2024-01-01,config,False,118.55000000000001,2.0,2.0,118.55000000000001,01-06,81.85000000000001,3.0,"2024,2025,2026",False,3,Shoulder
2025-01-07,Small Queen,True,2024-01-01,config,False,53.550000000000004,1.0,0.0,53.550000000000004,01-07,37.68333333333334,3.0,"2024,2025,2026",False,2,Low
2025-01-08,Small Queen,True,2024-01-01,config,False,53.550000000000004,1.0,0.0,53.550000000000004,01-08,37.68333333333334,3.0,"2024,2025,2026",False,2,Low
2025-01-09,Small Queen,True,2024-01-01,config,False,113.4,2.0,2.0,113.4,01-09,73.96666666666667,3.0,"2024,2025,2026",False,2,Low
2025-01-10,Small Queen,True,2024-01-01,config,False,39.69,1.0,1.0,39.69,01-10,71.73,3.0,"2024,2025,2026",False,2,Low
2025-01-11,Small Queen,True,2024-01-01,config,False,96.84,2.0,1.0,96.84,01-11,51.123333333333335,3.0,"2024,2025,2026",False,2,Low
2025-01-12,Small Queen,True,2024-01-01,config,False,96.84,2.0,0.0,96.84,01-12,78.75777777777778,3.0,"2024,2025,2026",False,2,Low
2025-01-13,Small Queen,True,2024-01-01,config,False,0.0,1.0,1.0,0.0,01-13,69.03333333333335,3.0,"2024,2025,2026",False,2,Low
2025-01-14,Small Queen,True,2024-01-01,config,False,63.0,1.0,1.0,63.0,01-14,69.33333333333333,3.0,"2024,2025,2026",False,2,Low
2025-01-15,Small Queen,True,2024-01-01,config,False,63.0,1.0,1.0,63.0,01-15,88.8888888888889,3.0,"2024,2025,2026",False,2,Low
2025-01-16,Small Queen,True,2024-01-01,config,False,122.46000000000001,2.0,2.0,122.46000000000001,01-16,71.15333333333334,3.0,"2024,2025,2026",False,2,Low
2025-01-17,Small Queen,True,2024-01-01,config,False,64.5,1.0,0.0,64.5,01-17,86.64999999999999,3.0,"2024,2025,2026",False,2,Low
2025-01-18,Small Queen,True,2024-01-01,config,False,63.0,1.0,1.0,63.0,01-18,61.669999999999995,3.0,"2024,2025,2026",False,2,Low
2025-01-19,Small Queen,True,2024-01-01,config,False,63.0,1.0,0.0,63.0,01-19,66.38333333333334,3.0,"2024,2025,2026",False,2,Low
2025-01-20,Small Queen,True,2024-01-01,config,False,63.0,1.0,1.0,63.0,01-20,72.63333333333334,3.0,"2024,2025,2026",False,2,Low
2025-01-21,Small Queen,True,2024-01-01,config,False,63.0,1.0,0.0,63.0,01-21,49.71666666666667,3.0,"2024,2025,2026",False,1,Soft
2025-01-22,Small Queen,True,2024-01-01,config,False,63.0,1.0,1.0,63.0,01-22,46.15555555555556,3.0,"2024,2025,2026",False,1,Soft
2025-01-23,Small Queen,True,2024-01-01,config,False,63.0,1.0,0.0,63.0,01-23,46.15555555555556,3.0,"2024,2025,2026",False,1,Soft
2025-01-24,Small Queen,True,2024-01-01,config,False,126.0,2.0,1.0,126.0,01-24,88.85555555555555,3.0,"2024,2025,2026",False,1,Soft
2025-01-25,Small Queen,True,2024-01-01,config,False,126.0,2.0,2.0,126.0,01-25,108.7,3.0,"2024,2025,2026",False,1,Soft
2025-01-26,Small Queen,True,2024-01-01,config,False,0.0,0.0,0.0,0.0,01-26,61.23333333333333,3.0,"2024,2025,2026",False,1,Soft
2025-01-27,Small Queen,True,2024-01-01,config,False,0.0,0.0,0.0,0.0,01-27,63.949999999999996,3.0,"2024,2025,2026",False,1,Soft
2025-01-28,Small Queen,True,2024-01-01,config,False,0.0,0.0,0.0,0.0,01-28,21.583333333333332,3.0,"2024,2025,2026",False,1,Soft
2025-01-29,Small Queen,True,2024-01-01,config,False,0.0,0.0,0.0,0.0,01-29,42.449999999999996,3.0,"2024,2025,2026",False,1,Soft
2025-01-30,Small Queen,True,2024-01-01,config,False,0.0,0.0,0.0,0.0,01-30,64.88944444444444,3.0,"2024,2025,2026",False,1,Soft
2025-01-31,Small Queen,True,2024-01-01,config,False,0.0,0.0,0.0,0.0,01-31,82.9161111111111,3.0,"2024,2025,2026",False,1,Soft
2025-02-01,Small Queen,True,2024-01-01,config,False,0.0,0.0,0.0,0.0,02-01,67.15444444444444,3.0,"2024,2025,2026",False,1,Soft
2025-02-02,Small Queen,True,2024-01-01,config,False,0.0,0.0,0.0,0.0,02-02,62.28333333333333,3.0,"2024,2025,2026",False,1,Soft
2025-02-03,Small Queen,True,2024-01-01,config,False,0.0,0.0,0.0,0.0,02-03,90.5,3.0,"2024,2025,2026",False,1,Soft
2025-02-04,Small Queen,True,2024-01-01,config,False,0.0,0.0,0.0,0.0,02-04,91.16666666666667,3.0,"2024,2025,2026",False,1,Soft
2025-02-05,Small Queen,True,2024-01-01,config,False,0.0,0.0,0.0,0.0,02-05,24.5,3.0,"2024,2025,2026",False,1,Soft
2025-02-06,Small Queen,True,2024-01-01,config,False,0.0,0.0,0.0,0.0,02-06,46.88333333333333,3.0,"2024,2025,2026",False,1,Soft
2025-02-07,Small Queen,True,2024-01-01,config,False,0.0,0.0,0.0,0.0,02-07,45.9,3.0,"2024,2025,2026",False,1,Soft
2025-02-08,Small Queen,True,2024-01-01,config,False,0.0,0.0,0.0,0.0,02-08,26.0,3.0,"2024,2025,2026",False,1,Soft
2025-02-09,Small Queen,True,2024-01-01,config,False,0.0,0.0,0.0,0.0,02-09,73.33333333333333,3.0,"2024,2025,2026",False,1,Soft
2025-02-10,Small Queen,True,2024-01-01,config,False,0.0,0.0,0.0,0.0,02-10,63.633333333333326,3.0,"2024,2025,2026",False,2,Low
2025-02-11,Small Queen,True,2024-01-01,config,False,0.0,0.0,0.0,0.0,02-11,20.683333333333334,3.0,"2024,2025,2026",False,2,Low
2025-02-12,Small Queen,True,2024-01-01,config,False,0.0,0.0,0.0,0.0,02-12,24.383333333333336,3.0,"2024,2025,2026",False,2,Low
2025-02-13,Small Queen,True,2024-01-01,config,False,0.0,0.0,0.0,0.0,02-13,30.916666666666668,3.0,"2024,2025,2026",False,2,Low
2025-02-14,Small Queen,True,2024-01-01,config,False,0.0,0.0,0.0,0.0,02-14,30.916666666666668,3.0,"2024,2025,2026",False,2,Low
2025-02-15,Small Queen,True,2024-01-01,config,False,0.0,0.0,0.0,0.0,02-15,30.916666666666668,3.0,"2024,2025,2026",False,2,Low
2025-02-16,Small Queen,True,2024-01-01,config,False,0.0,0.0,0.0,0.0,02-16,72.31666666666666,3.0,"2024,2025,2026",False,2,Low
2025-02-17,Small Queen,True,2024-01-01,config,False,0.0,0.0,0.0,0.0,02-17,61.18000000000001,3.0,"2024,2025,2026",False,2,Low
2025-02-18,Small Queen,True,2024-01-01,config,False,0.0,0.0,0.0,0.0,02-18,42.20333333333333,3.0,"2024,2025,2026",False,2,Low
2025-02-19,Small Queen,True,2024-01-01,config,False,0.0,0.0,0.0,0.0,02-19,43.50333333333333,3.0,"2024,2025,2026",False,2,Low
2025-02-20,Small Queen,True,2024-01-01,config,False,0.0,0.0,0.0,0.0,02-20,21.599999999999998,3.0,"2024,2025,2026",False,2,Low
2025-02-21,Small Queen,True,2024-01-01,config,False,0.0,0.0,0.0,0.0,02-21,28.0,3.0,"2024,2025,2026",False,2,Low
2025-02-22,Small Queen,True,2024-01-01,config,False,0.0,0.0,0.0,0.0,02-22,22.95,3.0,"2024,2025,2026",False,2,Low
2025-02-23,Small Queen,True,2024-01-01,config,False,0.0,0.0,0.0,0.0,02-23,22.95,3.0,"2024,2025,2026",False,2,Low
2025-02-24,Small Queen,True,2024-01-01,config,False,0.0,0.0,0.0,0.0,02-24,41.1,3.0,"2024,2025,2026",False,2,Low
2025-02-25,Small Queen,True,2024-01-01,config,False,0.0,0.0,0.0,0.0,02-25,60.580000000000005,3.0,"2024,2025,2026",False,1,Soft
2025-02-26,Small Queen,True,2024-01-01,config,False,0.0,0.0,0.0,0.0,02-26,62.51333333333333,3.0,"2024,2025,2026",False,1,Soft
2025-02-27,Small Queen,True,2024-01-01,config,False,0.0,0.0,0.0,0.0,02-27,45.083333333333336,3.0,"2024,2025,2026",False,1,Soft
2025-02-28,Small Queen,True,2024-01-01,config,False,0.0,0.0,0.0,0.0,02-28,45.083333333333336,3.0,"2024,2025,2026",False,1,Soft
2025-03-01,Small Queen,True,2024-01-01,config,False,0.0,0.0,0.0,0.0,03-01,22.75,3.0,"2024,2025,2026",False,1,Soft
2025-03-02,Small Queen,True,2024-01-01,config,False,0.0,0.0,0.0,0.0,03-02,22.166666666666668,3.0,"2024,2025,2026",False,1,Soft
2025-03-03,Small Queen,True,2024-01-01,config,False,0.0,0.0,0.0,0.0,03-03,22.166666666666668,3.0,"2024,2025,2026",False,1,Soft
2025-03-04,Small Queen,True,2024-01-01,config,False,0.0,0.0,0.0,0.0,03-04,43.65,3.0,"2024,2025,2026",False,1,Soft
2025-03-05,Small Queen,True,2024-01-01,config,False,0.0,0.0,0.0,0.0,03-05,45.63333333333333,3.0,"2024,2025,2026",False,1,Soft
2025-03-06,Small Queen,True,2024-01-01,config,False,0.0,0.0,0.0,0.0,03-06,50.01333333333333,3.0,"2024,2025,2026",False,2,Low
2025-03-07,Small Queen,True,2024-01-01,config,False,0.0,0.0,0.0,0.0,03-07,73.01333333333334,3.0,"2024,2025,2026",False,2,Low
2025-03-08,Small Queen,True,2024-01-01,config,False,0.0,0.0,0.0,0.0,03-08,44.26666666666667,3.0,"2024,2025,2026",False,2,Low
2025-03-09,Small Queen,True,2024-01-01,config,False,0.0,0.0,0.0,0.0,03-09,96.55,3.0,"2024,2025,2026",False,2,Low
2025-03-10,Small Queen,True,2024-01-01,config,False,0.0,0.0,0.0,0.0,03-10,44.60833333333333,3.0,"2024,2025,2026",False,2,Low
2025-03-11,Small Queen,True,2024-01-01,config,False,0.0,0.0,0.0,0.0,03-11,114.14166666666667,3.0,"2024,2025,2026",False,2,Low
2025-03-12,Small Queen,True,2024-01-01,config,False,0.0,0.0,0.0,0.0,03-12,113.28555555555556,3.0,"2024,2025,2026",False,2,Low
2025-03-13,Small Queen,True,2024-01-01,config,False,0.0,0.0,0.0,0.0,03-13,111.7622222222222,3.0,"2024,2025,2026",False,3,Shoulder
2025-03-14,Small Queen,True,2024-01-01,config,False,0.0,0.0,0.0,0.0,03-14,93.86555555555556,3.0,"2024,2025,2026",False,3,Shoulder
2025-03-15,Small Queen,True,2024-01-01,config,False,0.0,0.0,0.0,0.0,03-15,98.8,3.0,"2024,2025,2026",False,3,Shoulder
2025-03-16,Small Queen,True,2024-01-01,config,False,0.0,0.0,0.0,0.0,03-16,103.66666666666667,3.0,"2024,2025,2026",False,3,Shoulder
2025-03-17,Small Queen,True,2024-01-01,config,False,0.0,0.0,0.0,0.0,03-17,66.82666666666667,3.0,"2024,2025,2026",False,3,Shoulder
2025-03-18,Small Queen,True,2024-01-01,config,False,0.0,0.0,0.0,0.0,03-18,89.02666666666666,3.0,"2024,2025,2026",False,3,Shoulder
2025-03-19,Small Queen,True,2024-01-01,config,False,0.0,0.0,0.0,0.0,03-19,98.91666666666667,3.0,"2024,2025,2026",False,3,Shoulder
2025-03-20,Small Queen,True,2024-01-01,config,False,0.0,0.0,0.0,0.0,03-20,78.39999999999999,3.0,"2024,2025,2026",False,3,Shoulder
2025-03-21,Small Queen,True,2024-01-01,config,False,0.0,0.0,0.0,0.0,03-21,73.7,3.0,"2024,2025,2026",False,3,Shoulder
2025-03-22,Small Queen,True,2024-01-01,config,False,0.0,0.0,0.0,0.0,03-22,74.625,3.0,"2024,2025,2026",False,3,Shoulder
2025-03-23,Small Queen,True,2024-01-01,config,False,0.0,0.0,0.0,0.0,03-23,74.075,3.0,"2024,2025,2026",False,3,Shoulder
2025-03-24,Small Queen,True,2024-01-01,config,False,0.0,0.0,0.0,0.0,03-24,64.66333333333334,3.0,"2024,2025,2026",False,3,Shoulder
2025-03-25,Small Queen,True,2024-01-01,config,False,0.0,0.0,0.0,0.0,03-25,67.60333333333334,3.0,"2024,2025,2026",False,3,Shoulder
2025-03-26,Small Queen,True,2024-01-01,config,False,0.0,0.0,0.0,0.0,03-26,49.666666666666664,3.0,"2024,2025,2026",False,2,Low
2025-03-27,Small Queen,True,2024-01-01,config,False,0.0,0.0,0.0,0.0,03-27,67.31333333333333,3.0,"2024,2025,2026",False,2,Low
2025-03-28,Small Queen,True,2024-01-01,config,False,0.0,0.0,0.0,0.0,03-28,70.73,3.0,"2024,2025,2026",False,2,Low
2025-03-29,Small Queen,True,2024-01-01,config,False,0.0,0.0,0.0,0.0,03-29,66.25333333333333,3.0,"2024,2025,2026",False,2,Low
2025-03-30,Small Queen,True,2024-01-01,config,False,0.0,0.0,0.0,0.0,03-30,77.0,3.0,"2024,2025,2026",False,2,Low
2025-03-31,Small Queen,True,2024-01-01,config,False,0.0,0.0,0.0,0.0,03-31,67.03333333333335,3.0,"2024,2025,2026",False,2,Low
2025-04-01,Small Queen,True,2024-01-01,config,False,0.0,0.0,0.0,0.0,04-01,53.9152380952381,3.0,"2024,2025,2026",False,3,Shoulder
2025-04-02,Small Queen,True,2024-01-01,config,False,0.0,0.0,0.0,0.0,04-02,56.371904761904766,3.0,"2024,2025,2026",False,3,Shoulder
2025-04-03,Small Queen,True,2024-01-01,config,False,91.0,1.0,1.0,91.0,04-03,87.33857142857143,3.0,"2024,2025,2026",False,2,Low
2025-04-04,Small Queen,True,2024-01-01,config,False,91.0,1.0,0.0,91.0,04-04,66.8052380952381,3.0,"2024,2025,2026",False,2,Low
2025-04-05,Small Queen,True,2024-01-01,config,False,52.8,1.0,1.0,52.8,04-05,80.43857142857144,3.0,"2024,2025,2026",False,2,Low
2025-04-06,Small Queen,True,2024-01-01,config,False,57.0,1.0,1.0,57.0,04-06,86.97190476190478,3.0,"2024,2025,2026",False,2,Low
2025-04-07,Small Queen,True,2024-01-01,config,False,46.35,1.0,1.0,46.35,04-07,47.195238095238096,3.0,"2024,2025,2026",False,2,Low
2025-04-08,Small Queen,True,2024-01-01,config,False,46.35,1.0,0.0,46.35,04-08,52.78333333333333,3.0,"2024,2025,2026",False,2,Low
2025-04-09,Small Queen,True,2024-01-01,config,False,100.225,2.0,2.0,100.225,04-09,98.14166666666667,3.0,"2024,2025,2026",False,2,Low
2025-04-10,Small Queen,True,2024-01-01,config,False,109.825,2.0,1.0,109.825,04-10,80.74166666666667,3.0,"2024,2025,2026",False,2,Low
2025-04-11,Small Queen,True,2024-01-01,config,False,123.825,2.0,1.0,123.825,04-11,93.34166666666665,3.0,"2024,2025,2026",False,2,Low
2025-04-12,Small Queen,True,2024-01-01,config,False,109.67500000000001,2.0,1.0,109.67500000000001,04-12,104.75833333333333,3.0,"2024,2025,2026",False,2,Low
2025-04-13,Small Queen,True,2024-01-01,config,False,106.0,2.0,2.0,106.0,04-13,122.24416666666666,3.0,"2024,2025,2026",False,2,Low
2025-04-14,Small Queen,True,2024-01-01,config,False,106.0,2.0,0.0,106.0,04-14,91.03416666666665,3.0,"2024,2025,2026",False,2,Low
2025-04-15,Small Queen,True,2024-01-01,config,False,155.9,2.0,2.0,155.9,04-15,114.17750000000001,3.0,"2024,2025,2026",False,2,Low
2025-04-16,Small Queen,True,2024-01-01,config,False,85.0,2.0,2.0,85.0,04-16,87.79416666666667,3.0,"2024,2025,2026",False,2,Low
2025-04-17,Small Queen,True,2024-01-01,config,False,81.0,1.0,1.0,81.0,04-17,104.13333333333333,3.0,"2024,2025,2026",False,3,Shoulder
2025-04-18,Small Queen,True,2024-01-01,config,False,112.7,2.0,2.0,112.7,04-18,140.66,3.0,"2024,2025,2026",False,3,Shoulder
2025-04-19,Small Queen,True,2024-01-01,config,False,112.7,2.0,0.0,112.7,04-19,110.86333333333334,3.0,"2024,2025,2026",False,3,Shoulder
2025-04-20,Small Queen,True,2024-01-01,config,False,106.1,2.0,2.0,106.1,04-20,108.54,3.0,"2024,2025,2026",False,3,Shoulder
2025-04-21,Small Queen,True,2024-01-01,config,False,69.3,1.0,1.0,69.3,04-21,107.19444444444444,3.0,"2024,2025,2026",False,3,Shoulder
2025-04-22,Small Queen,True,2024-01-01,config,False,50.0,1.0,1.0,50.0,04-22,96.44777777777779,3.0,"2024,2025,2026",False,3,Shoulder
2025-04-23,Small Queen,True,2024-01-01,config,False,90.0,1.0,1.0,90.0,04-23,99.71111111111111,3.0,"2024,2025,2026",False,3,Shoulder
2025-04-24,Small Queen,True,2024-01-01,config,False,73.0,1.0,1.0,73.0,04-24,87.89999999999999,3.0,"2024,2025,2026",False,3,Shoulder
2025-04-25,Small Queen,True,2024-01-01,config,False,83.0,1.0,1.0,83.0,04-25,127.51666666666667,3.0,"2024,2025,2026",False,3,Shoulder
2025-04-26,Small Queen,True,2024-01-01,config,False,50.0,1.0,1.0,50.0,04-26,105.86000000000001,3.0,"2024,2025,2026",False,3,Shoulder
2025-04-27,Small Queen,True,2024-01-01,config,False,56.8,1.0,1.0,56.8,04-27,116.48333333333333,3.0,"2024,2025,2026",False,3,Shoulder
2025-04-28,Small Queen,True,2024-01-01,config,False,60.8,1.0,1.0,60.8,04-28,92.01666666666667,3.0,"2024,2025,2026",False,3,Shoulder
2025-04-29,Small Queen,True,2024-01-01,config,False,48.6,1.0,1.0,48.6,04-29,98.95,3.0,"2024,2025,2026",False,3,Shoulder
2025-04-30,Small Queen,True,2024-01-01,config,False,60.0,1.0,1.0,60.0,04-30,120.0,3.0,"2024,2025,2026",False,3,Shoulder
2025-05-01,Small Queen,True,2024-01-01,config,False,87.55,1.0,1.0,87.55,05-01,163.19666666666666,3.0,"2024,2025,2026",False,3,Shoulder
2025-05-02,Small Queen,True,2024-01-01,config,False,88.49,1.0,1.0,88.49,05-02,171.16333333333333,3.0,"2024,2025,2026",False,3,Shoulder
2025-05-03,Small Queen,True,2024-01-01,config,False,173.13,2.0,1.0,173.13,05-03,152.54333333333332,3.0,"2024,2025,2026",False,3,Shoulder
2025-05-04,Small Queen,True,2024-01-01,config,False,161.85,2.0,2.0,161.85,05-04,173.41666666666666,3.0,"2024,2025,2026",False,3,Shoulder
2025-05-05,Small Queen,True,2024-01-01,config,False,129.96,2.0,2.0,129.96,05-05,133.73222222222225,3.0,"2024,2025,2026",False,3,Shoulder
2025-05-06,Small Queen,True,2024-01-01,config,False,129.09333333333333,2.0,1.0,129.09333333333333,05-06,101.19333333333334,3.0,"2024,2025,2026",False,3,Shoulder
2025-05-07,Small Queen,True,2024-01-01,config,False,151.33333333333331,2.0,1.0,151.33333333333331,05-07,178.72333333333333,3.0,"2024,2025,2026",False,3,Shoulder
2025-05-08,Small Queen,True,2024-01-01,config,False,194.83333333333331,2.0,1.0,194.83333333333331,05-08,142.7111111111111,3.0,"2024,2025,2026",False,3,Shoulder
2025-05-09,Small Queen,True,2024-01-01,config,False,229.7,2.0,1.0,229.7,05-09,237.24444444444444,3.0,"2024,2025,2026",False,3,Shoulder
2025-05-10,Small Queen,True,2024-01-01,config,False,257.6,2.0,1.0,257.6,05-10,203.04444444444445,3.0,"2024,2025,2026",False,3,Shoulder
2025-05-11,Small Queen,True,2024-01-01,config,False,202.5,2.0,1.0,202.5,05-11,190.98444444444445,3.0,"2024,2025,2026",False,3,Shoulder
2025-05-12,Small Queen,True,2024-01-01,config,False,239.66,2.0,1.0,239.66,05-12,169.0533333333333,3.0,"2024,2025,2026",False,3,Shoulder
2025-05-13,Small Queen,True,2024-01-01,config,False,205.16,2.0,1.0,205.16,05-13,176.2266666666667,3.0,"2024,2025,2026",False,3,Shoulder
2025-05-14,Small Queen,True,2024-01-01,config,False,181.99,2.0,1.0,181.99,05-14,116.46333333333332,3.0,"2024,2025,2026",False,3,Shoulder
2025-05-15,Small Queen,True,2024-01-01,config,False,202.01,2.0,1.0,202.01,05-15,192.16,3.0,"2024,2025,2026",False,3,Shoulder
2025-05-16,Small Queen,True,2024-01-01,config,False,208.88,2.0,1.0,208.88,05-16,199.32666666666668,3.0,"2024,2025,2026",False,3,Shoulder
2025-05-17,Small Queen,True,2024-01-01,config,False,180.72,2.0,1.0,180.72,05-17,145.34,3.0,"2024,2025,2026",False,4,High
2025-05-18,Small Queen,True,2024-01-01,config,False,160.2,2.0,1.0,160.2,05-18,169.8133333333333,3.0,"2024,2025,2026",False,4,High
2025-05-19,Small Queen,True,2024-01-01,config,False,148.2,2.0,1.0,148.2,05-19,160.46333333333334,3.0,"2024,2025,2026",False,4,High
2025-05-20,Small Queen,True,2024-01-01,config,False,164.16,2.0,2.0,164.16,05-20,160.37333333333333,3.0,"2024,2025,2026",False,4,High
2025-05-21,Small Queen,True,2024-01-01,config,False,180.56,2.0,2.0,180.56,05-21,186.80666666666664,3.0,"2024,2025,2026",False,4,High
2025-05-22,Small Queen,True,2024-01-01,config,False,262.82,2.0,2.0,262.82,05-22,230.2733333333333,3.0,"2024,2025,2026",False,4,High
2025-05-23,Small Queen,True,2024-01-01,config,False,381.945,2.0,1.0,381.945,05-23,323.655,3.0,"2024,2025,2026",False,4,High
2025-05-24,Small Queen,True,2024-01-01,config,False,412.225,2.0,1.0,412.225,05-24,307.33166666666665,3.0,"2024,2025,2026",False,4,High
2025-05-25,Small Queen,True,2024-01-01,config,False,123.97,2.0,2.0,123.97,05-25,193.52333333333334,3.0,"2024,2025,2026",False,4,High
2025-05-26,Small Queen,True,2024-01-01,config,False,0.0,0.0,0.0,0.0,05-26,151.6,3.0,"2024,2025,2026",False,5,Peak
2025-05-27,Small Queen,True,2024-01-01,config,False,90.4,1.0,1.0,90.4,05-27,123.45,3.0,"2024,2025,2026",False,5,Peak
2025-05-28,Small Queen,True,2024-01-01,config,False,170.0,2.0,2.0,170.0,05-28,187.76,3.0,"2024,2025,2026",False,5,Peak
2025-05-29,Small Queen,True,2024-01-01,config,False,210.685,2.0,2.0,210.685,05-29,198.48833333333334,3.0,"2024,2025,2026",False,5,Peak
2025-05-30,Small Queen,True,2024-01-01,config,False,215.385,2.0,1.0,215.385,05-30,204.51166666666666,3.0,"2024,2025,2026",False,5,Peak
2025-05-31,Small Queen,True,2024-01-01,config,False,260.03,2.0,1.0,260.03,05-31,249.02999999999997,3.0,"2024,2025,2026",False,5,Peak
2025-06-01,Small Queen,True,2024-01-01,config,False,236.6,2.0,2.0,236.6,06-01,230.60500000000002,3.0,"2024,2025,2026",False,5,Peak
2025-06-02,Small Queen,True,2024-01-01,config,False,236.6,2.0,0.0,236.6,06-02,248.04166666666666,3.0,"2024,2025,2026",False,5,Peak
2025-06-03,Small Queen,True,2024-01-01,config,False,223.0,2.0,2.0,223.0,06-03,207.5,3.0,"2024,2025,2026",False,5,Peak
2025-06-04,Small Queen,True,2024-01-01,config,False,188.89999999999998,2.0,2.0,188.89999999999998,06-04,221.19999999999996,3.0,"2024,2025,2026",False,5,Peak
2025-06-05,Small Queen,True,2024-01-01,config,False,272.92,2.0,2.0,272.92,06-05,225.64000000000001,3.0,"2024,2025,2026",False,5,Peak
2025-06-06,Small Queen,True,2024-01-01,config,False,310.53999999999996,2.0,1.0,310.53999999999996,06-06,287.1766666666667,3.0,"2024,2025,2026",False,5,Peak
2025-06-07,Small Queen,True,2024-01-01,config,False,227.42000000000002,2.0,2.0,227.42000000000002,06-07,242.1833333333333,3.0,"2024,2025,2026",False,5,Peak
2025-06-08,Small Queen,True,2024-01-01,config,False,241.0725,2.0,2.0,241.0725,06-08,236.5775,3.0,"2024,2025,2026",False,5,Peak
2025-06-09,Small Queen,True,2024-01-01,config,False,235.47250000000003,2.0,1.0,235.47250000000003,06-09,235.3086111111111,3.0,"2024,2025,2026",False,5,Peak
2025-06-10,Small Queen,True,2024-01-01,config,False,231.0725,2.0,1.0,231.0725,06-10,247.43527777777777,3.0,"2024,2025,2026",False,5,Peak
2025-06-11,Small Queen,True,2024-01-01,config,False,231.0725,2.0,0.0,231.0725,06-11,198.90194444444444,3.0,"2024,2025,2026",False,5,Peak
2025-06-12,Small Queen,True,2024-01-01,config,False,264.03999999999996,2.0,2.0,264.03999999999996,06-12,285.94,3.0,"2024,2025,2026",False,5,Peak
2025-06-13,Small Queen,True,2024-01-01,config,False,261.62,2.0,2.0,261.62,06-13,255.79,3.0,"2024,2025,2026",False,5,Peak
2025-06-14,Small Queen,True,2024-01-01,config,False,330.45,2.0,2.0,330.45,06-14,257.695,3.0,"2024,2025,2026",False,5,Peak
2025-06-15,Small Queen,True,2024-01-01,config,False,369.3,2.0,2.0,369.3,06-15,298.245,3.0,"2024,2025,2026",False,5,Peak
2025-06-16,Small Queen,True,2024-01-01,config,False,385.20000000000005,2.0,1.0,385.20000000000005,06-16,291.65333333333336,3.0,"2024,2025,2026",False,5,Peak
2025-06-17,Small Queen,True,2024-01-01,config,False,388.0,2.0,1.0,388.0,06-17,282.25,3.0,"2024,2025,2026",False,5,Peak
2025-06-18,Small Queen,True,2024-01-01,config,False,287.0,2.0,2.0,287.0,06-18,268.76666666666665,3.0,"2024,2025,2026",False,5,Peak
2025-06-19,Small Queen,True,2024-01-01,config,False,331.56,2.0,2.0,331.56,06-19,294.0133333333333,3.0,"2024,2025,2026",False,5,Peak
2025-06-20,Small Queen,True,2024-01-01,config,False,383.55,2.0,2.0,383.55,06-20,336.43333333333334,3.0,"2024,2025,2026",False,5,Peak
2025-06-21,Small Queen,True,2024-01-01,config,False,331.85,2.0,1.0,331.85,06-21,290.4266666666667,3.0,"2024,2025,2026",False,5,Peak
2025-06-22,Small Queen,True,2024-01-01,config,False,235.8,2.0,2.0,235.8,06-22,254.80166666666665,3.0,"2024,2025,2026",False,5,Peak
2025-06-23,Small Queen,True,2024-01-01,config,False,301.15,2.0,2.0,301.15,06-23,265.7183333333333,3.0,"2024,2025,2026",False,5,Peak
2025-06-24,Small Queen,True,2024-01-01,config,False,210.9,2.0,2.0,210.9,06-24,233.41333333333333,3.0,"2024,2025,2026",False,5,Peak
2025-06-25,Small Queen,True,2024-01-01,config,False,312.125,2.0,2.0,312.125,06-25,281.1405555555555,3.0,"2024,2025,2026",False,5,Peak
2025-06-26,Small Queen,True,2024-01-01,config,False,312.125,2.0,0.0,312.125,06-26,283.1405555555555,3.0,"2024,2025,2026",False,5,Peak
2025-06-27,Small Queen,True,2024-01-01,config,False,276.29999999999995,2.0,2.0,276.29999999999995,06-27,239.15555555555554,3.0,"2024,2025,2026",False,5,Peak
2025-06-28,Small Queen,True,2024-01-01,config,False,141.31,1.0,1.0,141.31,06-28,200.10333333333332,3.0,"2024,2025,2026",False,5,Peak
2025-06-29,Small Queen,True,2024-01-01,config,False,322.33333333333337,2.0,2.0,322.33333333333337,06-29,187.24444444444444,3.0,"2024,2025,2026",False,5,Peak
2025-06-30,Small Queen,True,2024-01-01,config,False,341.33333333333337,2.0,1.0,341.33333333333337,06-30,238.45111111111112,3.0,"2024,2025,2026",False,5,Peak
2025-07-01,Small Queen,True,2024-01-01,config,False,366.80833333333334,2.0,1.0,366.80833333333334,07-01,263.76944444444445,3.0,"2024,2025,2026",False,5,Peak
2025-07-02,Small Queen,True,2024-01-01,config,False,314.475,2.0,1.0,314.475,07-02,195.0916666666667,3.0,"2024,2025,2026",False,5,Peak
2025-07-03,Small Queen,True,2024-01-01,config,False,336.975,2.0,2.0,336.975,07-03,271.9916666666667,3.0,"2024,2025,2026",False,5,Peak
2025-07-04,Small Queen,True,2024-01-01,config,False,347.225,2.0,1.0,347.225,07-04,313.50333333333333,3.0,"2024,2025,2026",False,5,Peak
2025-07-05,Small Queen,True,2024-01-01,config,False,302.1,2.0,1.0,302.1,07-05,304.46166666666664,3.0,"2024,2025,2026",False,5,Peak
2025-07-06,Small Queen,True,2024-01-01,config,False,269.48333333333335,2.0,1.0,269.48333333333335,07-06,282.55,3.0,"2024,2025,2026",False,5,Peak
2025-07-07,Small Queen,True,2024-01-01,config,False,267.93333333333334,2.0,1.0,267.93333333333334,07-07,268.28333333333336,3.0,"2024,2025,2026",False,5,Peak
2025-07-08,Small Queen,True,2024-01-01,config,False,278.98333333333335,2.0,1.0,278.98333333333335,07-08,243.4,3.0,"2024,2025,2026",False,5,Peak
2025-07-09,Small Queen,True,2024-01-01,config,False,221.6,2.0,2.0,221.6,07-09,224.69999999999996,3.0,"2024,2025,2026",False,5,Peak
2025-07-10,Small Queen,True,2024-01-01,config,False,299.9,2.0,2.0,299.9,07-10,255.88888888888889,3.0,"2024,2025,2026",False,5,Peak
2025-07-11,Small Queen,True,2024-01-01,config,False,340.9,2.0,1.0,340.9,07-11,313.4533333333333,3.0,"2024,2025,2026",False,5,Peak
2025-07-12,Small Queen,True,2024-01-01,config,False,379.1,2.0,2.0,379.1,07-12,281.1333333333334,3.0,"2024,2025,2026",False,5,Peak
2025-07-13,Small Queen,True,2024-01-01,config,False,334.8,2.0,2.0,334.8,07-13,267.1333333333334,3.0,"2024,2025,2026",False,5,Peak
2025-07-14,Small Queen,True,2024-01-01,config,False,236.82999999999998,2.0,2.0,236.82999999999998,07-14,322.77666666666664,3.0,"2024,2025,2026",False,5,Peak
2025-07-15,Small Queen,True,2024-01-01,config,False,325.85,2.0,2.0,325.85,07-15,290.32,3.0,"2024,2025,2026",False,5,Peak
2025-07-16,Small Queen,True,2024-01-01,config,False,281.32000000000005,2.0,2.0,281.32000000000005,07-16,284.815,3.0,"2024,2025,2026",False,5,Peak
2025-07-17,Small Queen,True,2024-01-01,config,False,304.0,2.0,2.0,304.0,07-17,252.62333333333333,3.0,"2024,2025,2026",False,5,Peak
2025-07-18,Small Queen,True,2024-01-01,config,False,362.51,2.0,2.0,362.51,07-18,268.41833333333335,3.0,"2024,2025,2026",False,5,Peak
2025-07-19,Small Queen,True,2024-01-01,config,False,224.0,1.0,0.0,224.0,07-19,255.18999999999997,3.0,"2024,2025,2026",False,5,Peak
2025-07-20,Small Queen,True,2024-01-01,config,False,292.4,2.0,2.0,292.4,07-20,218.44333333333336,3.0,"2024,2025,2026",False,5,Peak
2025-07-21,Small Queen,True,2024-01-01,config,False,162.45,1.0,1.0,162.45,07-21,174.24666666666667,3.0,"2024,2025,2026",False,5,Peak
2025-07-22,Small Queen,True,2024-01-01,config,False,288.29999999999995,2.0,2.0,288.29999999999995,07-22,185.26666666666665,3.0,"2024,2025,2026",False,5,Peak
2025-07-23,Small Queen,True,2024-01-01,config,False,306.4,2.0,2.0,306.4,07-23,189.96666666666667,3.0,"2024,2025,2026",False,5,Peak
2025-07-24,Small Queen,True,2024-01-01,config,False,335.70000000000005,2.0,2.0,335.70000000000005,07-24,248.5,3.0,"2024,2025,2026",False,5,Peak
2025-07-25,Small Queen,True,2024-01-01,config,False,315.85,2.0,2.0,315.85,07-25,309.55,3.0,"2024,2025,2026",False,5,Peak
2025-07-26,Small Queen,True,2024-01-01,config,False,315.85,2.0,0.0,315.85,07-26,286.18666666666667,3.0,"2024,2025,2026",False,5,Peak
2025-07-27,Small Queen,True,2024-01-01,config,False,333.8,2.0,1.0,333.8,07-27,297.07,3.0,"2024,2025,2026",False,5,Peak
2025-07-28,Small Queen,True,2024-01-01,config,False,282.25,2.0,2.0,282.25,07-28,227.72,3.0,"2024,2025,2026",False,5,Peak
2025-07-29,Small Queen,True,2024-01-01,config,False,241.67,2.0,1.0,241.67,07-29,226.08666666666667,3.0,"2024,2025,2026",False,5,Peak
2025-07-30,Small Queen,True,2024-01-01,config,False,246.66,2.0,1.0,246.66,07-30,184.24333333333334,3.0,"2024,2025,2026",False,5,Peak
2025-07-31,Small Queen,True,2024-01-01,config,False,233.325,2.0,2.0,233.325,07-31,191.465,3.0,"2024,2025,2026",False,5,Peak
2025-08-01,Small Queen,True,2024-01-01,config,False,284.825,2.0,1.0,284.825,08-01,259.2083333333333,3.0,"2024,2025,2026",False,5,Peak
2025-08-02,Small Queen,True,2024-01-01,config,False,258.225,2.0,1.0,258.225,08-02,266.475,3.0,"2024,2025,2026",False,5,Peak
2025-08-03,Small Queen,True,2024-01-01,config,False,241.775,2.0,1.0,241.775,08-03,224.78166666666667,3.0,"2024,2025,2026",False,5,Peak
2025-08-04,Small Queen,True,2024-01-01,config,False,304.5,2.0,2.0,304.5,08-04,265.27500000000003,3.0,"2024,2025,2026",False,5,Peak
2025-08-05,Small Queen,True,2024-01-01,config,False,256.3,2.0,2.0,256.3,08-05,239.17833333333337,3.0,"2024,2025,2026",False,4,High
2025-08-06,Small Queen,True,2024-01-01,config,False,264.9,2.0,2.0,264.9,08-06,315.80333333333334,3.0,"2024,2025,2026",False,4,High
2025-08-07,Small Queen,True,2024-01-01,config,False,297.53999999999996,2.0,2.0,297.53999999999996,08-07,316.865,3.0,"2024,2025,2026",False,4,High
2025-08-08,Small Queen,True,2024-01-01,config,False,370.7,2.0,2.0,370.7,08-08,329.91833333333335,3.0,"2024,2025,2026",False,4,High
2025-08-09,Small Queen,True,2024-01-01,config,False,325.66666666666663,2.0,1.0,325.66666666666663,08-09,260.63888888888886,3.0,"2024,2025,2026",False,4,High
2025-08-10,Small Queen,True,2024-01-01,config,False,262.3333333333333,2.0,1.0,262.3333333333333,08-10,278.52777777777777,3.0,"2024,2025,2026",False,4,High
2025-08-11,Small Queen,True,2024-01-01,config,False,262.3333333333333,2.0,0.0,262.3333333333333,08-11,265.52777777777777,3.0,"2024,2025,2026",False,4,High
2025-08-12,Small Queen,True,2024-01-01,config,False,238.37666666666667,2.0,1.0,238.37666666666667,08-12,219.5672222222222,3.0,"2024,2025,2026",False,4,High
2025-08-13,Small Queen,True,2024-01-01,config,False,274.0,2.0,2.0,274.0,08-13,264.4783333333333,3.0,"2024,2025,2026",False,4,High
2025-08-14,Small Queen,True,2024-01-01,config,False,271.425,2.0,2.0,271.425,08-14,214.795,3.0,"2024,2025,2026",False,4,High
2025-08-15,Small Queen,True,2024-01-01,config,False,311.595,2.0,1.0,311.595,08-15,237.73166666666668,3.0,"2024,2025,2026",False,4,High
2025-08-16,Small Queen,True,2024-01-01,config,False,329.225,3.0,2.0,329.225,08-16,279.2416666666667,3.0,"2024,2025,2026",False,4,High
2025-08-17,Small Queen,True,2024-01-01,config,False,329.225,3.0,0.0,329.225,08-17,297.9916666666667,3.0,"2024,2025,2026",False,4,High
2025-08-18,Small Queen,True,2024-01-01,config,False,338.0,2.0,2.0,338.0,08-18,291.0833333333333,3.0,"2024,2025,2026",False,4,High
2025-08-19,Small Queen,True,2024-01-01,config,False,306.5,3.0,3.0,306.5,08-19,195.0666666666667,3.0,"2024,2025,2026",False,4,High
2025-08-20,Small Queen,True,2024-01-01,config,False,142.5,2.0,0.0,142.5,08-20,188.5,3.0,"2024,2025,2026",False,4,High
2025-08-21,Small Queen,True,2024-01-01,config,False,273.6,2.0,2.0,273.6,08-21,282.28749999999997,3.0,"2024,2025,2026",False,4,High
2025-08-22,Small Queen,True,2024-01-01,config,False,265.95,2.0,1.0,265.95,08-22,247.80416666666667,3.0,"2024,2025,2026",False,4,High
2025-08-23,Small Queen,True,2024-01-01,config,False,265.95,2.0,0.0,265.95,08-23,252.3166666666667,3.0,"2024,2025,2026",False,4,High
2025-08-24,Small Queen,True,2024-01-01,config,False,252.72500000000002,2.0,2.0,252.72500000000002,08-24,264.6516666666667,3.0,"2024,2025,2026",False,4,High
2025-08-25,Small Queen,True,2024-01-01,config,False,291.925,2.0,1.0,291.925,08-25,233.885,3.0,"2024,2025,2026",False,4,High
2025-08-26,Small Queen,True,2024-01-01,config,False,231.0,2.0,2.0,231.0,08-26,154.0,3.0,"2024,2025,2026",False,5,Peak
2025-08-27,Small Queen,True,2024-01-01,config,False,261.51,2.0,1.0,261.51,08-27,189.58666666666667,3.0,"2024,2025,2026",False,4,High
2025-08-28,Small Queen,True,2024-01-01,config,False,266.0,2.0,2.0,266.0,08-28,166.66666666666666,3.0,"2024,2025,2026",False,4,High
2025-08-29,Small Queen,True,2024-01-01,config,False,457.58333333333337,2.0,2.0,457.58333333333337,08-29,227.19444444444446,3.0,"2024,2025,2026",False,4,High
2025-08-30,Small Queen,True,2024-01-01,config,False,511.73333333333335,2.0,1.0,511.73333333333335,08-30,306.1717777777778,3.0,"2024,2025,2026",False,4,High
2025-08-31,Small Queen,True,2024-01-01,config,False,511.73333333333335,2.0,0.0,511.73333333333335,08-31,347.53844444444445,3.0,"2024,2025,2026",False,4,High
2025-09-01,Small Queen,True,2024-01-01,config,False,331.0,2.0,2.0,331.0,09-01,227.26066666666668,3.0,"2024,2025,2026",False,4,High
2025-09-02,Small Queen,True,2024-01-01,config,False,253.0,2.0,1.0,253.0,09-02,193.26066666666668,3.0,"2024,2025,2026",False,4,High
2025-09-03,Small Queen,True,2024-01-01,config,False,287.85,2.0,2.0,287.85,09-03,285.6551111111111,3.0,"2024,2025,2026",False,4,High
2025-09-04,Small Queen,True,2024-01-01,config,False,275.0,2.0,1.0,275.0,09-04,242.14444444444447,3.0,"2024,2025,2026",False,5,Peak
2025-09-05,Small Queen,True,2024-01-01,config,False,271.15,2.0,2.0,271.15,09-05,349.1611111111111,3.0,"2024,2025,2026",False,5,Peak
2025-09-06,Small Queen,True,2024-01-01,config,False,304.85,2.0,1.0,304.85,09-06,186.28333333333333,3.0,"2024,2025,2026",False,5,Peak
2025-09-07,Small Queen,True,2024-01-01,config,False,280.39,2.0,2.0,280.39,09-07,180.79666666666665,3.0,"2024,2025,2026",False,4,High
2025-09-08,Small Queen,True,2024-01-01,config,False,285.3,2.0,1.0,285.3,09-08,276.29333333333335,3.0,"2024,2025,2026",False,4,High
2025-09-09,Small Queen,True,2024-01-01,config,False,223.0,2.0,2.0,223.0,09-09,219.61666666666667,3.0,"2024,2025,2026",False,4,High
2025-09-10,Small Queen,True,2024-01-01,config,False,333.0,2.0,2.0,333.0,09-10,311.0,3.0,"2024,2025,2026",False,4,High
2025-09-11,Small Queen,True,2024-01-01,config,False,321.1,2.0,2.0,321.1,09-11,316.02444444444444,3.0,"2024,2025,2026",False,4,High
2025-09-12,Small Queen,True,2024-01-01,config,False,388.375,2.0,2.0,388.375,09-12,265.28277777777777,3.0,"2024,2025,2026",False,4,High
2025-09-13,Small Queen,True,2024-01-01,config,False,388.375,2.0,0.0,388.375,09-13,265.61611111111114,3.0,"2024,2025,2026",False,4,High
2025-09-14,Small Queen,True,2024-01-01,config,False,336.85,2.0,1.0,336.85,09-14,201.28333333333333,3.0,"2024,2025,2026",False,5,Peak
2025-09-15,Small Queen,True,2024-01-01,config,False,359.75,2.0,1.0,359.75,09-15,207.1833333333333,3.0,"2024,2025,2026",False,5,Peak
2025-09-16,Small Queen,True,2024-01-01,config,False,293.25,2.0,2.0,293.25,09-16,245.64666666666665,3.0,"2024,2025,2026",False,4,High
2025-09-17,Small Queen,True,2024-01-01,config,False,314.54999999999995,2.0,2.0,314.54999999999995,09-17,200.29999999999998,3.0,"2024,2025,2026",False,5,Peak
2025-09-18,Small Queen,True,2024-01-01,config,False,373.45,2.0,1.0,373.45,09-18,264.31666666666666,3.0,"2024,2025,2026",False,5,Peak
2025-09-19,Small Queen,True,2024-01-01,config,False,348.83000000000004,2.0,2.0,348.83000000000004,09-19,257.8433333333333,3.0,"2024,2025,2026",False,5,Peak
2025-09-20,Small Queen,True,2024-01-01,config,False,348.83000000000004,2.0,0.0,348.83000000000004,09-20,243.37666666666667,3.0,"2024,2025,2026",False,4,High
2025-09-21,Small Queen,True,2024-01-01,config,False,286.25,2.0,2.0,286.25,09-21,226.98333333333335,3.0,"2024,2025,2026",False,4,High
2025-09-22,Small Queen,True,2024-01-01,config,False,286.25,2.0,0.0,286.25,09-22,177.0566666666667,3.0,"2024,2025,2026",False,5,Peak
2025-09-23,Small Queen,True,2024-01-01,config,False,310.45500000000004,2.0,2.0,310.45500000000004,09-23,292.66833333333335,3.0,"2024,2025,2026",False,4,High
2025-09-24,Small Queen,True,2024-01-01,config,False,310.45500000000004,2.0,0.0,310.45500000000004,09-24,241.31833333333336,3.0,"2024,2025,2026",False,4,High
2025-09-25,Small Queen,True,2024-01-01,config,False,274.83,2.0,2.0,274.83,09-25,312.155,3.0,"2024,2025,2026",False,4,High
2025-09-26,Small Queen,True,2024-01-01,config,False,317.1,2.0,2.0,317.1,09-26,326.245,3.0,"2024,2025,2026",False,4,High
2025-09-27,Small Queen,True,2024-01-01,config,False,368.95,2.0,1.0,368.95,09-27,300.03555555555556,3.0,"2024,2025,2026",False,4,High
2025-09-28,Small Queen,True,2024-01-01,config,False,227.5,2.0,2.0,227.5,09-28,167.72222222222223,3.0,"2024,2025,2026",False,4,High
2025-09-29,Small Queen,True,2024-01-01,config,False,257.65,2.0,2.0,257.65,09-29,205.00555555555556,3.0,"2024,2025,2026",False,4,High
2025-09-30,Small Queen,True,2024-01-01,config,False,283.13,2.0,2.0,283.13,09-30,204.2888888888889,3.0,"2024,2025,2026",False,4,High
2025-10-01,Small Queen,True,2024-01-01,config,False,310.525,2.0,2.0,310.525,10-01,277.42055555555555,3.0,"2024,2025,2026",False,4,High
2025-10-02,Small Queen,True,2024-01-01,config,False,292.595,2.0,1.0,292.595,10-02,243.08722222222227,3.0,"2024,2025,2026",False,4,High
2025-10-03,Small Queen,True,2024-01-01,config,False,392.1,2.0,2.0,392.1,10-03,215.20000000000002,3.0,"2024,2025,2026",False,4,High
2025-10-04,Small Queen,True,2024-01-01,config,False,414.7,2.0,2.0,414.7,10-04,208.23,3.0,"2024,2025,2026",False,4,High
2025-10-05,Small Queen,True,2024-01-01,config,False,130.81,1.0,1.0,130.81,10-05,134.33666666666667,3.0,"2024,2025,2026",False,4,High
2025-10-06,Small Queen,True,2024-01-01,config,False,144.5,1.0,1.0,144.5,10-06,82.5,3.0,"2024,2025,2026",False,4,High
2025-10-07,Small Queen,True,2024-01-01,config,False,284.0,2.0,1.0,284.0,10-07,175.21666666666667,3.0,"2024,2025,2026",False,4,High
2025-10-08,Small Queen,True,2024-01-01,config,False,285.3,2.0,1.0,285.3,10-08,219.32000000000002,3.0,"2024,2025,2026",False,4,High
2025-10-09,Small Queen,True,2024-01-01,config,False,285.3,2.0,0.0,285.3,10-09,234.02,3.0,"2024,2025,2026",False,4,High
2025-10-10,Small Queen,True,2024-01-01,config,False,157.7,1.0,1.0,157.7,10-10,153.38333333333333,3.0,"2024,2025,2026",False,4,High
2025-10-11,Small Queen,True,2024-01-01,config,False,320.7,2.0,1.0,320.7,10-11,231.9522222222222,3.0,"2024,2025,2026",False,3,Shoulder
2025-10-12,Small Queen,True,2024-01-01,config,False,106.0,1.0,1.0,106.0,10-12,98.63333333333333,3.0,"2024,2025,2026",False,3,Shoulder
2025-10-13,Small Queen,True,2024-01-01,config,False,108.0,1.0,1.0,108.0,10-13,132.29999999999998,3.0,"2024,2025,2026",False,3,Shoulder
2025-10-14,Small Queen,True,2024-01-01,config,False,111.0,1.0,1.0,111.0,10-14,174.9333333333333,3.0,"2024,2025,2026",False,3,Shoulder
2025-10-15,Small Queen,True,2024-01-01,config,False,87.0,1.0,1.0,87.0,10-15,95.45,3.0,"2024,2025,2026",False,3,Shoulder
2025-10-16,Small Queen,True,2024-01-01,config,False,96.0,1.0,1.0,96.0,10-16,179.59083333333334,3.0,"2024,2025,2026",False,3,Shoulder
2025-10-17,Small Queen,True,2024-01-01,config,False,114.565,1.0,1.0,114.565,10-17,182.44583333333333,3.0,"2024,2025,2026",False,3,Shoulder
2025-10-18,Small Queen,True,2024-01-01,config,False,114.565,1.0,0.0,114.565,10-18,147.61249999999998,3.0,"2024,2025,2026",False,3,Shoulder
2025-10-19,Small Queen,True,2024-01-01,config,False,67.54,1.0,1.0,67.54,10-19,123.28750000000001,3.0,"2024,2025,2026",False,3,Shoulder
2025-10-20,Small Queen,True,2024-01-01,config,False,104.4,1.0,1.0,104.4,10-20,104.3,3.0,"2024,2025,2026",False,3,Shoulder
2025-10-21,Small Queen,True,2024-01-01,config,False,76.0,1.0,1.0,76.0,10-21,120.10000000000001,3.0,"2024,2025,2026",False,3,Shoulder
2025-10-22,Small Queen,True,2024-01-01,config,False,106.0,1.0,1.0,106.0,10-22,161.83888888888887,3.0,"2024,2025,2026",False,3,Shoulder
2025-10-23,Small Queen,True,2024-01-01,config,False,109.0,1.0,1.0,109.0,10-23,136.44222222222223,3.0,"2024,2025,2026",False,3,Shoulder
2025-10-24,Small Queen,True,2024-01-01,config,False,123.975,1.0,1.0,123.975,10-24,173.76722222222222,3.0,"2024,2025,2026",False,3,Shoulder
2025-10-25,Small Queen,True,2024-01-01,config,False,123.975,1.0,0.0,123.975,10-25,101.14166666666665,3.0,"2024,2025,2026",False,3,Shoulder
2025-10-26,Small Queen,True,2024-01-01,config,False,73.0,1.0,1.0,73.0,10-26,86.96666666666665,3.0,"2024,2025,2026",False,2,Low
2025-10-27,Small Queen,True,2024-01-01,config,False,73.0,1.0,0.0,73.0,10-27,24.333333333333332,3.0,"2024,2025,2026",False,2,Low
2025-10-28,Small Queen,True,2024-01-01,config,False,73.0,1.0,1.0,73.0,10-28,24.333333333333332,3.0,"2024,2025,2026",False,2,Low
2025-10-29,Small Queen,True,2024-01-01,config,False,98.2275,2.0,2.0,98.2275,10-29,65.07583333333334,3.0,"2024,2025,2026",False,2,Low
2025-10-30,Small Queen,True,2024-01-01,config,False,104.5275,2.0,1.0,104.5275,10-30,34.8425,3.0,"2024,2025,2026",False,2,Low
2025-10-31,Small Queen,True,2024-01-01,config,False,126.0275,2.0,1.0,126.0275,10-31,111.56472222222222,3.0,"2024,2025,2026",False,2,Low
2025-11-01,Small Queen,True,2024-01-01,config,False,182.0275,3.0,1.0,182.0275,11-01,90.23138888888889,3.0,"2024,2025,2026",False,1,Soft
2025-11-02,Small Queen,True,2024-01-01,config,False,126.0,2.0,2.0,126.0,11-02,91.28888888888889,3.0,"2024,2025,2026",False,1,Soft
2025-11-03,Small Queen,True,2024-01-01,config,False,63.0,1.0,1.0,63.0,11-03,43.199999999999996,3.0,"2024,2025,2026",False,1,Soft
2025-11-04,Small Queen,True,2024-01-01,config,False,122.85,2.0,2.0,122.85,11-04,40.949999999999996,3.0,"2024,2025,2026",False,1,Soft
2025-11-05,Small Queen,True,2024-01-01,config,False,145.66666666666669,2.0,2.0,145.66666666666669,11-05,73.22222222222223,3.0,"2024,2025,2026",False,1,Soft
2025-11-06,Small Queen,True,2024-01-01,config,False,173.66666666666669,2.0,1.0,173.66666666666669,11-06,82.55555555555556,3.0,"2024,2025,2026",False,1,Soft
2025-11-07,Small Queen,True,2024-01-01,config,False,173.66666666666669,2.0,0.0,173.66666666666669,11-07,82.55555555555556,3.0,"2024,2025,2026",False,1,Soft
2025-11-08,Small Queen,True,2024-01-01,config,False,175.33333333333331,2.0,1.0,175.33333333333331,11-08,58.444444444444436,3.0,"2024,2025,2026",False,1,Soft
2025-11-09,Small Queen,True,2024-01-01,config,False,146.43333333333334,2.0,1.0,146.43333333333334,11-09,48.81111111111111,3.0,"2024,2025,2026",False,1,Soft
2025-11-10,Small Queen,True,2024-01-01,config,False,137.53333333333333,2.0,1.0,137.53333333333333,11-10,65.84444444444445,3.0,"2024,2025,2026",False,1,Soft
2025-11-11,Small Queen,True,2024-01-01,config,False,128.86,2.0,2.0,128.86,11-11,42.95333333333334,3.0,"2024,2025,2026",False,1,Soft
2025-11-12,Small Queen,True,2024-01-01,config,False,121.7,2.0,2.0,121.7,11-12,65.23333333333333,3.0,"2024,2025,2026",False,1,Soft
2025-11-13,Small Queen,True,2024-01-01,config,False,139.31666666666666,2.0,2.0,139.31666666666666,11-13,46.43888888888889,3.0,"2024,2025,2026",False,1,Soft
2025-11-14,Small Queen,True,2024-01-01,config,False,153.66666666666669,2.0,1.0,153.66666666666669,11-14,73.72222222222223,3.0,"2024,2025,2026",False,1,Soft
2025-11-15,Small Queen,True,2024-01-01,config,False,152.91666666666669,2.0,1.0,152.91666666666669,11-15,73.47222222222223,3.0,"2024,2025,2026",False,1,Soft
2025-11-16,Small Queen,True,2024-01-01,config,False,52.0,1.0,1.0,52.0,11-16,39.833333333333336,3.0,"2024,2025,2026",False,1,Soft
2025-11-17,Small Queen,True,2024-01-01,config,False,70.0,1.0,1.0,70.0,11-17,45.833333333333336,3.0,"2024,2025,2026",False,1,Soft
2025-11-18,Small Queen,True,2024-01-01,config,False,52.0,1.0,1.0,52.0,11-18,17.333333333333332,3.0,"2024,2025,2026",False,1,Soft
2025-11-19,Small Queen,True,2024-01-01,config,False,79.0,1.0,1.0,79.0,11-19,45.20333333333334,3.0,"2024,2025,2026",False,1,Soft
2025-11-20,Small Queen,True,2024-01-01,config,False,0.0,0.0,0.0,0.0,11-20,0.0,3.0,"2024,2025,2026",False,1,Soft
2025-11-21,Small Queen,True,2024-01-01,config,False,183.35000000000002,2.0,2.0,183.35000000000002,11-21,61.116666666666674,3.0,"2024,2025,2026",False,1,Soft
2025-11-22,Small Queen,True,2024-01-01,config,False,176.0,2.0,2.0,176.0,11-22,58.666666666666664,3.0,"2024,2025,2026",False,1,Soft
2025-11-23,Small Queen,True,2024-01-01,config,False,149.54000000000002,2.0,1.0,149.54000000000002,11-23,67.11333333333334,3.0,"2024,2025,2026",False,1,Soft
2025-11-24,Small Queen,True,2024-01-01,config,False,124.95,2.0,2.0,124.95,11-24,41.65,3.0,"2024,2025,2026",False,1,Soft
2025-11-25,Small Queen,True,2024-01-01,config,False,146.5,2.0,2.0,146.5,11-25,48.833333333333336,3.0,"2024,2025,2026",False,1,Soft
2025-11-26,Small Queen,True,2024-01-01,config,False,70.0,1.0,1.0,70.0,11-26,81.0,3.0,"2024,2025,2026",False,1,Soft
2025-11-27,Small Queen,True,2024-01-01,config,False,133.0,2.0,1.0,133.0,11-27,98.60000000000001,3.0,"2024,2025,2026",False,1,Soft
2025-11-28,Small Queen,True,2024-01-01,config,False,116.0,1.0,1.0,116.0,11-28,38.666666666666664,3.0,"2024,2025,2026",False,2,Low
2025-11-29,Small Queen,True,2024-01-01,config,False,116.0,1.0,0.0,116.0,11-29,38.666666666666664,3.0,"2024,2025,2026",False,2,Low
2025-11-30,Small Queen,True,2024-01-01,config,False,0.0,0.0,0.0,0.0,11-30,0.0,3.0,"2024,2025,2026",False,1,Soft
2025-12-01,Small Queen,True,2024-01-01,config,False,0.0,0.0,0.0,0.0,12-01,24.666666666666668,3.0,"2024,2025,2026",False,1,Soft
2025-12-02,Small Queen,True,2024-01-01,config,False,48.12,1.0,1.0,48.12,12-02,40.70666666666667,3.0,"2024,2025,2026",False,1,Soft
2025-12-03,Small Queen,True,2024-01-01,config,False,48.12,1.0,0.0,48.12,12-03,16.04,3.0,"2024,2025,2026",False,1,Soft
2025-12-04,Small Queen,True,2024-01-01,config,False,74.1,1.0,1.0,74.1,12-04,24.7,3.0,"2024,2025,2026",False,1,Soft
2025-12-05,Small Queen,True,2024-01-01,config,False,92.25,1.0,1.0,92.25,12-05,30.75,3.0,"2024,2025,2026",False,1,Soft
2025-12-06,Small Queen,True,2024-01-01,config,False,150.06,2.0,2.0,150.06,12-06,50.02,3.0,"2024,2025,2026",False,1,Soft
2025-12-07,Small Queen,True,2024-01-01,config,False,96.5,1.0,0.0,96.5,12-07,47.56666666666666,3.0,"2024,2025,2026",False,1,Soft
2025-12-08,Small Queen,True,2024-01-01,config,False,0.0,0.0,0.0,0.0,12-08,18.599999999999998,3.0,"2024,2025,2026",False,1,Soft
2025-12-09,Small Queen,True,2024-01-01,config,False,148.51999999999998,2.0,2.0,148.51999999999998,12-09,67.80666666666666,3.0,"2024,2025,2026",False,1,Soft
2025-12-10,Small Queen,True,2024-01-01,config,False,0.0,0.0,0.0,0.0,12-10,0.0,3.0,"2024,2025,2026",False,1,Soft
2025-12-11,Small Queen,True,2024-01-01,config,False,139.0,1.0,1.0,139.0,12-11,63.6,3.0,"2024,2025,2026",False,1,Soft
2025-12-12,Small Queen,True,2024-01-01,config,False,157.0,1.0,1.0,157.0,12-12,52.333333333333336,3.0,"2024,2025,2026",False,1,Soft
2025-12-13,Small Queen,True,2024-01-01,config,False,152.62,2.0,2.0,152.62,12-13,50.873333333333335,3.0,"2024,2025,2026",False,1,Soft
2025-12-14,Small Queen,True,2024-01-01,config,False,172.0,2.0,2.0,172.0,12-14,98.92333333333333,3.0,"2024,2025,2026",False,1,Soft
2025-12-15,Small Queen,True,2024-01-01,config,False,75.0,1.0,0.0,75.0,12-15,66.325,3.0,"2024,2025,2026",False,2,Low
2025-12-16,Small Queen,True,2024-01-01,config,False,95.66666666666667,1.0,1.0,95.66666666666667,12-16,133.06055555555557,3.0,"2024,2025,2026",False,2,Low
2025-12-17,Small Queen,True,2024-01-01,config,False,95.66666666666667,1.0,0.0,95.66666666666667,12-17,73.21388888888889,3.0,"2024,2025,2026",False,2,Low
2025-12-18,Small Queen,True,2024-01-01,config,False,95.66666666666667,1.0,0.0,95.66666666666667,12-18,53.11388888888889,3.0,"2024,2025,2026",False,2,Low
2025-12-19,Small Queen,True,2024-01-01,config,False,193.15,2.0,2.0,193.15,12-19,94.05,3.0,"2024,2025,2026",False,2,Low
2025-12-20,Small Queen,True,2024-01-01,config,False,141.95,2.0,2.0,141.95,12-20,47.31666666666666,3.0,"2024,2025,2026",False,2,Low
2025-12-21,Small Queen,True,2024-01-01,config,False,56.0,1.0,1.0,56.0,12-21,18.666666666666668,3.0,"2024,2025,2026",False,2,Low
2025-12-22,Small Queen,True,2024-01-01,config,False,125.0,1.0,1.0,125.0,12-22,41.666666666666664,3.0,"2024,2025,2026",False,3,Shoulder
2025-12-23,Small Queen,True,2024-01-01,config,False,80.9625,1.0,1.0,80.9625,12-23,26.9875,3.0,"2024,2025,2026",False,3,Shoulder
2025-12-24,Small Queen,True,2024-01-01,config,False,80.9625,1.0,0.0,80.9625,12-24,87.9875,3.0,"2024,2025,2026",False,3,Shoulder
2025-12-25,Small Queen,True,2024-01-01,config,False,80.9625,1.0,0.0,80.9625,12-25,47.0875,3.0,"2024,2025,2026",False,3,Shoulder
2025-12-26,Small Queen,True,2024-01-01,config,False,203.3625,2.0,1.0,203.3625,12-26,129.65416666666667,3.0,"2024,2025,2026",False,3,Shoulder
2025-12-27,Small Queen,True,2024-01-01,config,False,238.75,2.0,2.0,238.75,12-27,141.45000000000002,3.0,"2024,2025,2026",False,3,Shoulder
2025-12-28,Small Queen,True,2024-01-01,config,False,248.2,2.0,1.0,248.2,12-28,153.83333333333334,3.0,"2024,2025,2026",False,3,Shoulder
2025-12-29,Small Queen,True,2024-01-01,config,False,205.2,2.0,1.0,205.2,12-29,99.71999999999998,3.0,"2024,2025,2026",False,3,Shoulder
2025-12-30,Small Queen,True,2024-01-01,config,False,246.86666666666667,2.0,1.0,246.86666666666667,12-30,157.62222222222223,3.0,"2024,2025,2026",False,3,Shoulder
2025-12-31,Small Queen,True,2024-01-01,config,False,230.18333333333334,2.0,1.0,230.18333333333334,12-31,76.72777777777777,3.0,"2024,2025,2026",False,3,Shoulder
2026-01-01,Small Queen,True,2024-01-01,config,False,230.18333333333334,2.0,0.0,230.18333333333334,01-01,138.0611111111111,3.0,"2024,2025,2026",False,3,Shoulder
2026-01-02,Small Queen,True,2024-01-01,config,False,169.98166666666668,2.0,1.0,169.98166666666668,01-02,107.16055555555556,3.0,"2024,2025,2026",False,3,Shoulder
2026-01-03,Small Queen,True,2024-01-01,config,False,130.965,2.0,1.0,130.965,01-03,95.82166666666667,3.0,"2024,2025,2026",False,3,Shoulder
2026-01-04,Small Queen,True,2024-01-01,config,False,59.5,1.0,1.0,59.5,01-04,65.43333333333334,3.0,"2024,2025,2026",False,3,Shoulder
2026-01-05,Small Queen,True,2024-01-01,config,False,63.0,1.0,1.0,63.0,01-05,38.85,3.0,"2024,2025,2026",False,3,Shoulder
2026-01-06,Small Queen,True,2024-01-01,config,False,127.0,2.0,2.0,127.0,01-06,81.85000000000001,3.0,"2024,2025,2026",False,3,Shoulder
2026-01-07,Small Queen,True,2024-01-01,config,False,59.5,1.0,1.0,59.5,01-07,37.68333333333334,3.0,"2024,2025,2026",False,2,Low
2026-01-08,Small Queen,True,2024-01-01,config,False,59.5,1.0,0.0,59.5,01-08,37.68333333333334,3.0,"2024,2025,2026",False,2,Low
2026-01-09,Small Queen,True,2024-01-01,config,False,108.5,1.0,1.0,108.5,01-09,73.96666666666667,3.0,"2024,2025,2026",False,2,Low
2026-01-10,Small Queen,True,2024-01-01,config,False,108.5,1.0,0.0,108.5,01-10,71.73,3.0,"2024,2025,2026",False,2,Low
2026-01-11,Small Queen,True,2024-01-01,config,False,56.53,1.0,1.0,56.53,01-11,51.123333333333335,3.0,"2024,2025,2026",False,2,Low
2026-01-12,Small Queen,True,2024-01-01,config,False,77.33333333333333,1.0,1.0,77.33333333333333,01-12,78.75777777777778,3.0,"2024,2025,2026",False,2,Low
2026-01-13,Small Queen,True,2024-01-01,config,False,77.33333333333333,1.0,0.0,77.33333333333333,01-13,69.03333333333335,3.0,"2024,2025,2026",False,2,Low
2026-01-14,Small Queen,True,2024-01-01,config,False,77.33333333333333,1.0,0.0,77.33333333333333,01-14,69.33333333333333,3.0,"2024,2025,2026",False,2,Low
2026-01-15,Small Queen,True,2024-01-01,config,False,69.0,1.0,1.0,69.0,01-15,88.8888888888889,3.0,"2024,2025,2026",False,2,Low
2026-01-16,Small Queen,True,2024-01-01,config,False,91.0,1.0,1.0,91.0,01-16,71.15333333333334,3.0,"2024,2025,2026",False,2,Low
2026-01-17,Small Queen,True,2024-01-01,config,False,69.0,1.0,1.0,69.0,01-17,86.64999999999999,3.0,"2024,2025,2026",False,2,Low
2026-01-18,Small Queen,True,2024-01-01,config,False,55.86,1.0,1.0,55.86,01-18,61.669999999999995,3.0,"2024,2025,2026",False,2,Low
2026-01-19,Small Queen,True,2024-01-01,config,False,70.0,1.0,1.0,70.0,01-19,66.38333333333334,3.0,"2024,2025,2026",False,2,Low
2026-01-20,Small Queen,True,2024-01-01,config,False,26.65,1.0,1.0,26.65,01-20,72.63333333333334,3.0,"2024,2025,2026",False,2,Low
2026-01-21,Small Queen,True,2024-01-01,config,False,86.15,2.0,1.0,86.15,01-21,49.71666666666667,3.0,"2024,2025,2026",False,1,Soft
2026-01-22,Small Queen,True,2024-01-01,config,False,75.46666666666667,1.0,1.0,75.46666666666667,01-22,46.15555555555556,3.0,"2024,2025,2026",False,1,Soft
2026-01-23,Small Queen,True,2024-01-01,config,False,75.46666666666667,1.0,0.0,75.46666666666667,01-23,46.15555555555556,3.0,"2024,2025,2026",False,1,Soft
2026-01-24,Small Queen,True,2024-01-01,config,False,75.46666666666667,1.0,0.0,75.46666666666667,01-24,88.85555555555555,3.0,"2024,2025,2026",False,1,Soft
2026-01-25,Small Queen,True,2024-01-01,config,False,73.0,1.0,1.0,73.0,01-25,108.7,3.0,"2024,2025,2026",False,1,Soft
2026-01-26,Small Queen,True,2024-01-01,config,False,59.5,1.0,1.0,59.5,01-26,61.23333333333333,3.0,"2024,2025,2026",False,1,Soft
2026-01-27,Small Queen,True,2024-01-01,config,False,64.75,1.0,1.0,64.75,01-27,63.949999999999996,3.0,"2024,2025,2026",False,1,Soft
2026-01-28,Small Queen,True,2024-01-01,config,False,64.75,1.0,0.0,64.75,01-28,21.583333333333332,3.0,"2024,2025,2026",False,1,Soft
2026-01-29,Small Queen,True,2024-01-01,config,False,64.35,1.0,1.0,64.35,01-29,42.449999999999996,3.0,"2024,2025,2026",False,1,Soft
2026-01-30,Small Queen,True,2024-01-01,config,False,129.33499999999998,2.0,1.0,129.33499999999998,01-30,64.88944444444444,3.0,"2024,2025,2026",False,1,Soft
2026-01-31,Small Queen,True,2024-01-01,config,False,123.11500000000001,2.0,1.0,123.11500000000001,01-31,82.9161111111111,3.0,"2024,2025,2026",False,1,Soft
2026-02-01,Small Queen,True,2024-01-01,config,False,136.13,2.0,1.0,136.13,02-01,67.15444444444444,3.0,"2024,2025,2026",False,1,Soft
2026-02-02,Small Queen,True,2024-01-01,config,False,124.75,2.0,2.0,124.75,02-02,62.28333333333333,3.0,"2024,2025,2026",False,1,Soft
2026-02-03,Small Queen,True,2024-01-01,config,False,143.5,2.0,2.0,143.5,02-03,90.5,3.0,"2024,2025,2026",False,1,Soft
2026-02-04,Small Queen,True,2024-01-01,config,False,146.5,2.0,1.0,146.5,02-04,91.16666666666667,3.0,"2024,2025,2026",False,1,Soft
2026-02-05,Small Queen,True,2024-01-01,config,False,73.5,1.0,0.0,73.5,02-05,24.5,3.0,"2024,2025,2026",False,1,Soft
2026-02-06,Small Queen,True,2024-01-01,config,False,140.65,2.0,1.0,140.65,02-06,46.88333333333333,3.0,"2024,2025,2026",False,1,Soft
2026-02-07,Small Queen,True,2024-01-01,config,False,137.7,2.0,2.0,137.7,02-07,45.9,3.0,"2024,2025,2026",False,1,Soft
2026-02-08,Small Queen,True,2024-01-01,config,False,78.0,1.0,1.0,78.0,02-08,26.0,3.0,"2024,2025,2026",False,1,Soft
2026-02-09,Small Queen,True,2024-01-01,config,False,151.0,2.0,1.0,151.0,02-09,73.33333333333333,3.0,"2024,2025,2026",False,1,Soft
2026-02-10,Small Queen,True,2024-01-01,config,False,64.8,1.0,1.0,64.8,02-10,63.633333333333326,3.0,"2024,2025,2026",False,2,Low
2026-02-11,Small Queen,True,2024-01-01,config,False,62.05,1.0,1.0,62.05,02-11,20.683333333333334,3.0,"2024,2025,2026",False,2,Low
2026-02-12,Small Queen,True,2024-01-01,config,False,73.15,1.0,1.0,73.15,02-12,24.383333333333336,3.0,"2024,2025,2026",False,2,Low
2026-02-13,Small Queen,True,2024-01-01,config,False,92.75,1.0,1.0,92.75,02-13,30.916666666666668,3.0,"2024,2025,2026",False,2,Low
2026-02-14,Small Queen,True,2024-01-01,config,False,92.75,1.0,0.0,92.75,02-14,30.916666666666668,3.0,"2024,2025,2026",False,2,Low
2026-02-15,Small Queen,True,2024-01-01,config,False,92.75,1.0,0.0,92.75,02-15,30.916666666666668,3.0,"2024,2025,2026",False,2,Low
2026-02-16,Small Queen,True,2024-01-01,config,False,92.75,1.0,0.0,92.75,02-16,72.31666666666666,3.0,"2024,2025,2026",False,2,Low
2026-02-17,Small Queen,True,2024-01-01,config,False,60.24,1.0,1.0,60.24,02-17,61.18000000000001,3.0,"2024,2025,2026",False,2,Low
2026-02-18,Small Queen,True,2024-01-01,config,False,65.41,1.0,1.0,65.41,02-18,42.20333333333333,3.0,"2024,2025,2026",False,2,Low
2026-02-19,Small Queen,True,2024-01-01,config,False,65.41,1.0,0.0,65.41,02-19,43.50333333333333,3.0,"2024,2025,2026",False,2,Low
2026-02-20,Small Queen,True,2024-01-01,config,False,64.8,1.0,1.0,64.8,02-20,21.599999999999998,3.0,"2024,2025,2026",False,2,Low
2026-02-21,Small Queen,True,2024-01-01,config,False,84.0,1.0,1.0,84.0,02-21,28.0,3.0,"2024,2025,2026",False,2,Low
2026-02-22,Small Queen,True,2024-01-01,config,False,68.85,1.0,1.0,68.85,02-22,22.95,3.0,"2024,2025,2026",False,2,Low
2026-02-23,Small Queen,True,2024-01-01,config,False,68.85,1.0,0.0,68.85,02-23,22.95,3.0,"2024,2025,2026",False,2,Low
2026-02-24,Small Queen,True,2024-01-01,config,False,0.0,0.0,0.0,0.0,02-24,41.1,3.0,"2024,2025,2026",False,2,Low
2026-02-25,Small Queen,True,2024-01-01,config,False,60.24,1.0,1.0,60.24,02-25,60.580000000000005,3.0,"2024,2025,2026",False,1,Soft
2026-02-26,Small Queen,True,2024-01-01,config,False,60.24,1.0,1.0,60.24,02-26,62.51333333333333,3.0,"2024,2025,2026",False,1,Soft
2026-02-27,Small Queen,True,2024-01-01,config,False,67.0,1.0,1.0,67.0,02-27,45.083333333333336,3.0,"2024,2025,2026",False,1,Soft
2026-02-28,Small Queen,True,2024-01-01,config,False,67.0,1.0,0.0,67.0,02-28,45.083333333333336,3.0,"2024,2025,2026",False,1,Soft
2026-03-01,Small Queen,True,2024-01-01,config,False,0.0,0.0,0.0,0.0,03-01,22.75,3.0,"2024,2025,2026",False,1,Soft
2026-03-02,Small Queen,True,2024-01-01,config,False,0.0,0.0,0.0,0.0,03-02,22.166666666666668,3.0,"2024,2025,2026",False,1,Soft
2026-03-03,Small Queen,True,2024-01-01,config,False,0.0,0.0,0.0,0.0,03-03,22.166666666666668,3.0,"2024,2025,2026",False,1,Soft
2026-03-04,Small Queen,True,2024-01-01,config,False,68.85,1.0,1.0,68.85,03-04,43.65,3.0,"2024,2025,2026",False,1,Soft
2026-03-05,Small Queen,True,2024-01-01,config,False,74.8,1.0,1.0,74.8,03-05,45.63333333333333,3.0,"2024,2025,2026",False,1,Soft
2026-03-06,Small Queen,True,2024-01-01,config,False,87.94,1.0,1.0,87.94,03-06,50.01333333333333,3.0,"2024,2025,2026",False,2,Low
2026-03-07,Small Queen,True,2024-01-01,config,False,87.94,1.0,0.0,87.94,03-07,73.01333333333334,3.0,"2024,2025,2026",False,2,Low
2026-03-08,Small Queen,True,2024-01-01,config,False,0.0,0.0,0.0,0.0,03-08,44.26666666666667,3.0,"2024,2025,2026",False,2,Low
2026-03-09,Small Queen,True,2024-01-01,config,False,160.05,2.0,2.0,160.05,03-09,96.55,3.0,"2024,2025,2026",False,2,Low
2026-03-10,Small Queen,True,2024-01-01,config,False,0.0,0.0,0.0,0.0,03-10,44.60833333333333,3.0,"2024,2025,2026",False,2,Low
2026-03-11,Small Queen,True,2024-01-01,config,False,206.0,2.0,2.0,206.0,03-11,114.14166666666667,3.0,"2024,2025,2026",False,2,Low
2026-03-12,Small Queen,True,2024-01-01,config,False,200.80666666666667,2.0,1.0,200.80666666666667,03-12,113.28555555555556,3.0,"2024,2025,2026",False,2,Low
2026-03-13,Small Queen,True,2024-01-01,config,False,193.83666666666664,2.0,1.0,193.83666666666664,03-13,111.7622222222222,3.0,"2024,2025,2026",False,3,Shoulder
2026-03-14,Small Queen,True,2024-01-01,config,False,146.59666666666666,2.0,1.0,146.59666666666666,03-14,93.86555555555556,3.0,"2024,2025,2026",False,3,Shoulder
2026-03-15,Small Queen,True,2024-01-01,config,False,150.0,2.0,2.0,150.0,03-15,98.8,3.0,"2024,2025,2026",False,3,Shoulder
2026-03-16,Small Queen,True,2024-01-01,config,False,159.0,2.0,1.0,159.0,03-16,103.66666666666667,3.0,"2024,2025,2026",False,3,Shoulder
2026-03-17,Small Queen,True,2024-01-01,config,False,133.88,2.0,2.0,133.88,03-17,66.82666666666667,3.0,"2024,2025,2026",False,3,Shoulder
2026-03-18,Small Queen,True,2024-01-01,config,False,133.88,2.0,1.0,133.88,03-18,89.02666666666666,3.0,"2024,2025,2026",False,3,Shoulder
2026-03-19,Small Queen,True,2024-01-01,config,False,153.75,2.0,2.0,153.75,03-19,98.91666666666667,3.0,"2024,2025,2026",False,3,Shoulder
2026-03-20,Small Queen,True,2024-01-01,config,False,168.0,2.0,2.0,168.0,03-20,78.39999999999999,3.0,"2024,2025,2026",False,3,Shoulder
2026-03-21,Small Queen,True,2024-01-01,config,False,159.0,2.0,1.0,159.0,03-21,73.7,3.0,"2024,2025,2026",False,3,Shoulder
2026-03-22,Small Queen,True,2024-01-01,config,False,151.875,2.0,2.0,151.875,03-22,74.625,3.0,"2024,2025,2026",False,3,Shoulder
2026-03-23,Small Queen,True,2024-01-01,config,False,151.875,2.0,1.0,151.875,03-23,74.075,3.0,"2024,2025,2026",False,3,Shoulder
2026-03-24,Small Queen,True,2024-01-01,config,False,128.99,2.0,2.0,128.99,03-24,64.66333333333334,3.0,"2024,2025,2026",False,3,Shoulder
2026-03-25,Small Queen,True,2024-01-01,config,False,137.81,2.0,1.0,137.81,03-25,67.60333333333334,3.0,"2024,2025,2026",False,3,Shoulder
2026-03-26,Small Queen,True,2024-01-01,config,False,84.0,1.0,1.0,84.0,03-26,49.666666666666664,3.0,"2024,2025,2026",False,2,Low
2026-03-27,Small Queen,True,2024-01-01,config,False,134.74,2.0,2.0,134.74,03-27,67.31333333333333,3.0,"2024,2025,2026",False,2,Low
2026-03-28,Small Queen,True,2024-01-01,config,False,144.99,2.0,1.0,144.99,03-28,70.73,3.0,"2024,2025,2026",False,2,Low
2026-03-29,Small Queen,True,2024-01-01,config,False,133.96,2.0,2.0,133.96,03-29,66.25333333333333,3.0,"2024,2025,2026",False,2,Low
2026-03-30,Small Queen,True,2024-01-01,config,False,159.0,2.0,2.0,159.0,03-30,77.0,3.0,"2024,2025,2026",False,2,Low
2026-03-31,Small Queen,True,2024-01-01,config,False,133.9,2.0,1.0,133.9,03-31,67.03333333333335,3.0,"2024,2025,2026",False,2,Low
2026-04-01,Small Queen,True,2024-01-01,config,False,105.0457142857143,2.0,2.0,105.0457142857143,04-01,53.9152380952381,3.0,"2024,2025,2026",False,2,Low
2026-04-02,Small Queen,True,2024-01-01,config,False,110.11571428571429,2.0,1.0,110.11571428571429,04-02,56.371904761904766,3.0,"2024,2025,2026",False,2,Low
2026-04-03,Small Queen,True,2024-01-01,config,False,110.11571428571429,2.0,0.0,110.11571428571429,04-03,87.33857142857143,3.0,"2024,2025,2026",False,2,Low
2026-04-04,Small Queen,True,2024-01-01,config,False,48.51571428571429,1.0,0.0,48.51571428571429,04-04,66.8052380952381,3.0,"2024,2025,2026",False,2,Low
2026-04-05,Small Queen,True,2024-01-01,config,False,104.5157142857143,2.0,1.0,104.5157142857143,04-05,80.43857142857144,3.0,"2024,2025,2026",False,2,Low
2026-04-06,Small Queen,True,2024-01-01,config,False,119.9157142857143,2.0,1.0,119.9157142857143,04-06,86.97190476190478,3.0,"2024,2025,2026",False,2,Low
2026-04-07,Small Queen,True,2024-01-01,config,False,95.2357142857143,2.0,1.0,95.2357142857143,04-07,47.195238095238096,3.0,"2024,2025,2026",False,2,Low
2026-04-08,Small Queen,True,2024-01-01,config,False,112.0,2.0,2.0,112.0,04-08,52.78333333333333,3.0,"2024,2025,2026",False,2,Low
2026-04-09,Small Queen,True,2024-01-01,config,False,70.0,1.0,1.0,70.0,04-09,98.14166666666667,3.0,"2024,2025,2026",False,2,Low
2026-04-10,Small Queen,True,2024-01-01,config,False,71.2,1.0,1.0,71.2,04-10,80.74166666666667,3.0,"2024,2025,2026",False,2,Low
2026-04-11,Small Queen,True,2024-01-01,config,False,156.2,2.0,1.0,156.2,04-11,93.34166666666665,3.0,"2024,2025,2026",False,2,Low
2026-04-12,Small Queen,True,2024-01-01,config,False,75.0,1.0,1.0,75.0,04-12,104.75833333333333,3.0,"2024,2025,2026",False,2,Low
2026-04-13,Small Queen,True,2024-01-01,config,False,131.1325,2.0,2.0,131.1325,04-13,122.24416666666666,3.0,"2024,2025,2026",False,2,Low
2026-04-14,Small Queen,True,2024-01-01,config,False,99.10249999999999,2.0,1.0,99.10249999999999,04-14,91.03416666666665,3.0,"2024,2025,2026",False,2,Low
2026-04-15,Small Queen,True,2024-01-01,config,False,123.6325,2.0,1.0,123.6325,04-15,114.17750000000001,3.0,"2024,2025,2026",False,2,Low
2026-04-16,Small Queen,True,2024-01-01,config,False,52.3825,1.0,0.0,52.3825,04-16,87.79416666666667,3.0,"2024,2025,2026",False,2,Low
2026-04-17,Small Queen,True,2024-01-01,config,False,168.39999999999998,2.0,2.0,168.39999999999998,04-17,104.13333333333333,3.0,"2024,2025,2026",False,2,Low
2026-04-18,Small Queen,True,2024-01-01,config,False,185.07999999999998,2.0,1.0,185.07999999999998,04-18,140.66,3.0,"2024,2025,2026",False,2,Low
2026-04-19,Small Queen,True,2024-01-01,config,False,92.99,2.0,2.0,92.99,04-19,110.86333333333334,3.0,"2024,2025,2026",False,2,Low
2026-04-20,Small Queen,True,2024-01-01,config,False,96.22,2.0,2.0,96.22,04-20,108.54,3.0,"2024,2025,2026",False,2,Low
2026-04-21,Small Queen,True,2024-01-01,config,False,116.13333333333333,2.0,2.0,116.13333333333333,04-21,107.19444444444444,3.0,"2024,2025,2026",False,2,Low
2026-04-22,Small Queen,True,2024-01-01,config,False,99.69333333333333,2.0,1.0,99.69333333333333,04-22,96.44777777777779,3.0,"2024,2025,2026",False,3,Shoulder
2026-04-23,Small Queen,True,2024-01-01,config,False,139.13333333333333,2.0,1.0,139.13333333333333,04-23,99.71111111111111,3.0,"2024,2025,2026",False,3,Shoulder
2026-04-24,Small Queen,True,2024-01-01,config,False,75.0,1.0,1.0,75.0,04-24,87.89999999999999,3.0,"2024,2025,2026",False,3,Shoulder
2026-04-25,Small Queen,True,2024-01-01,config,False,170.55,2.0,1.0,170.55,04-25,127.51666666666667,3.0,"2024,2025,2026",False,3,Shoulder
2026-04-26,Small Queen,True,2024-01-01,config,False,125.93,2.0,2.0,125.93,04-26,105.86000000000001,3.0,"2024,2025,2026",False,3,Shoulder
2026-04-27,Small Queen,True,2024-01-01,config,False,149.0,2.0,2.0,149.0,04-27,116.48333333333333,3.0,"2024,2025,2026",False,3,Shoulder
2026-04-28,Small Queen,True,2024-01-01,config,False,141.75,2.0,1.0,141.75,04-28,92.01666666666667,3.0,"2024,2025,2026",False,3,Shoulder
2026-04-29,Small Queen,True,2024-01-01,config,False,110.75,2.0,1.0,110.75,04-29,98.95,3.0,"2024,2025,2026",False,3,Shoulder
2026-04-30,Small Queen,True,2024-01-01,config,False,160.0,2.0,2.0,160.0,04-30,120.0,3.0,"2024,2025,2026",False,3,Shoulder
2026-05-01,Small Queen,True,2024-01-01,config,False,234.64,2.0,2.0,234.64,05-01,163.19666666666666,3.0,"2024,2025,2026",False,3,Shoulder
2026-05-02,Small Queen,True,2024-01-01,config,False,246.64,2.0,1.0,246.64,05-02,171.16333333333333,3.0,"2024,2025,2026",False,3,Shoulder
2026-05-03,Small Queen,True,2024-01-01,config,False,68.25,1.0,1.0,68.25,05-03,152.54333333333332,3.0,"2024,2025,2026",False,3,Shoulder
2026-05-04,Small Queen,True,2024-01-01,config,False,155.65,2.0,1.0,155.65,05-04,173.41666666666666,3.0,"2024,2025,2026",False,3,Shoulder
2026-05-05,Small Queen,True,2024-01-01,config,False,174.48666666666668,2.0,2.0,174.48666666666668,05-05,133.73222222222225,3.0,"2024,2025,2026",False,3,Shoulder
2026-05-06,Small Queen,True,2024-01-01,config,False,174.48666666666668,2.0,0.0,174.48666666666668,05-06,101.19333333333334,3.0,"2024,2025,2026",False,3,Shoulder
2026-05-07,Small Queen,True,2024-01-01,config,False,208.83666666666664,2.0,1.0,208.83666666666664,05-07,178.72333333333333,3.0,"2024,2025,2026",False,3,Shoulder
2026-05-08,Small Queen,True,2024-01-01,config,False,233.3,2.0,2.0,233.3,05-08,142.7111111111111,3.0,"2024,2025,2026",False,3,Shoulder
2026-05-09,Small Queen,True,2024-01-01,config,False,282.0,2.0,2.0,282.0,05-09,237.24444444444444,3.0,"2024,2025,2026",False,3,Shoulder
2026-05-10,Small Queen,True,2024-01-01,config,False,120.0,1.0,1.0,120.0,05-10,203.04444444444445,3.0,"2024,2025,2026",False,3,Shoulder
2026-05-11,Small Queen,True,2024-01-01,config,False,126.12,2.0,2.0,126.12,05-11,190.98444444444445,3.0,"2024,2025,2026",False,3,Shoulder
2026-05-12,Small Queen,True,2024-01-01,config,False,92.0,1.0,1.0,92.0,05-12,169.0533333333333,3.0,"2024,2025,2026",False,3,Shoulder
2026-05-13,Small Queen,True,2024-01-01,config,False,156.12,2.0,2.0,156.12,05-13,176.2266666666667,3.0,"2024,2025,2026",False,3,Shoulder
2026-05-14,Small Queen,True,2024-01-01,config,False,0.0,0.0,0.0,0.0,05-14,116.46333333333332,3.0,"2024,2025,2026",False,3,Shoulder
2026-05-15,Small Queen,True,2024-01-01,config,False,197.77,2.0,2.0,197.77,05-15,192.16,3.0,"2024,2025,2026",False,3,Shoulder
2026-05-16,Small Queen,True,2024-01-01,config,False,212.4,2.0,1.0,212.4,05-16,199.32666666666668,3.0,"2024,2025,2026",False,3,Shoulder
2026-05-17,Small Queen,True,2024-01-01,config,False,73.14999999999999,1.0,1.0,73.14999999999999,05-17,145.34,3.0,"2024,2025,2026",False,3,Shoulder
2026-05-18,Small Queen,True,2024-01-01,config,False,157.08999999999997,2.0,1.0,157.08999999999997,05-18,169.8133333333333,3.0,"2024,2025,2026",False,4,High
2026-05-19,Small Queen,True,2024-01-01,config,False,157.08999999999997,2.0,0.0,157.08999999999997,05-19,160.46333333333334,3.0,"2024,2025,2026",False,4,High
2026-05-20,Small Queen,True,2024-01-01,config,False,140.86,2.0,2.0,140.86,05-20,160.37333333333333,3.0,"2024,2025,2026",False,4,High
2026-05-21,Small Queen,True,2024-01-01,config,False,203.16,2.0,1.0,203.16,05-21,186.80666666666664,3.0,"2024,2025,2026",False,4,High
2026-05-22,Small Queen,True,2024-01-01,config,False,251.3,2.0,1.0,251.3,05-22,230.2733333333333,3.0,"2024,2025,2026",False,4,High
2026-05-23,Small Queen,True,2024-01-01,config,False,331.62,2.0,1.0,331.62,05-23,323.655,3.0,"2024,2025,2026",False,4,High
2026-05-24,Small Queen,True,2024-01-01,config,False,235.17,2.0,2.0,235.17,05-24,307.33166666666665,3.0,"2024,2025,2026",False,4,High
2026-05-25,Small Queen,True,2024-01-01,config,False,196.5,2.0,2.0,196.5,05-25,193.52333333333334,3.0,"2024,2025,2026",False,4,High
2026-05-26,Small Queen,True,2024-01-01,config,False,196.5,2.0,1.0,196.5,05-26,151.6,3.0,"2024,2025,2026",False,4,High
2026-05-27,Small Queen,True,2024-01-01,config,False,191.75,2.0,2.0,191.75,05-27,123.45,3.0,"2024,2025,2026",False,4,High
2026-05-28,Small Queen,True,2024-01-01,config,False,211.07999999999998,2.0,2.0,211.07999999999998,05-28,187.76,3.0,"2024,2025,2026",False,5,Peak
2026-05-29,Small Queen,True,2024-01-01,config,False,188.58,2.0,2.0,188.58,05-29,198.48833333333334,3.0,"2024,2025,2026",False,5,Peak
2026-05-30,Small Queen,True,2024-01-01,config,False,189.95,2.0,1.0,189.95,05-30,204.51166666666666,3.0,"2024,2025,2026",False,5,Peak
2026-05-31,Small Queen,True,2024-01-01,config,False,262.06,2.0,2.0,262.06,05-31,249.02999999999997,3.0,"2024,2025,2026",False,4,High
2026-06-01,Small Queen,True,2024-01-01,config,False,251.215,2.0,1.0,251.215,06-01,230.60500000000002,3.0,"2024,2025,2026",False,4,High
2026-06-02,Small Queen,True,2024-01-01,config,False,290.025,2.0,1.0,290.025,06-02,248.04166666666666,3.0,"2024,2025,2026",False,4,High
2026-06-03,Small Queen,True,2024-01-01,config,False,174.5,2.0,2.0,174.5,06-03,207.5,3.0,"2024,2025,2026",False,4,High
2026-06-04,Small Queen,True,2024-01-01,config,False,249.7,2.0,2.0,249.7,06-04,221.19999999999996,3.0,"2024,2025,2026",False,4,High
2026-06-05,Small Queen,True,2024-01-01,config,False,174.5,1.0,1.0,174.5,06-05,225.64000000000001,3.0,"2024,2025,2026",False,5,Peak
2026-06-06,Small Queen,True,2024-01-01,config,False,313.49,2.0,1.0,313.49,06-06,287.1766666666667,3.0,"2024,2025,2026",False,5,Peak
2026-06-07,Small Queen,True,2024-01-01,config,False,253.13,2.0,1.0,253.13,06-07,242.1833333333333,3.0,"2024,2025,2026",False,5,Peak
2026-06-08,Small Queen,True,2024-01-01,config,False,200.66,2.0,2.0,200.66,06-08,236.5775,3.0,"2024,2025,2026",False,5,Peak
2026-06-09,Small Queen,True,2024-01-01,config,False,220.45333333333332,2.0,2.0,220.45333333333332,06-09,235.3086111111111,3.0,"2024,2025,2026",False,5,Peak
2026-06-10,Small Queen,True,2024-01-01,config,False,255.43333333333334,2.0,1.0,255.43333333333334,06-10,247.43527777777777,3.0,"2024,2025,2026",False,5,Peak
2026-06-11,Small Queen,True,2024-01-01,config,False,114.13333333333333,1.0,0.0,114.13333333333333,06-11,198.90194444444444,3.0,"2024,2025,2026",False,5,Peak
2026-06-12,Small Queen,True,2024-01-01,config,False,322.28,2.0,2.0,322.28,06-12,285.94,3.0,"2024,2025,2026",False,5,Peak
2026-06-13,Small Queen,True,2024-01-01,config,False,258.0,2.0,2.0,258.0,06-13,255.79,3.0,"2024,2025,2026",False,5,Peak
2026-06-14,Small Queen,True,2024-01-01,config,False,194.885,2.0,2.0,194.885,06-14,257.695,3.0,"2024,2025,2026",False,5,Peak
2026-06-15,Small Queen,True,2024-01-01,config,False,268.035,2.0,1.0,268.035,06-15,298.245,3.0,"2024,2025,2026",False,5,Peak
2026-06-16,Small Queen,True,2024-01-01,config,False,255.76,2.0,1.0,255.76,06-16,291.65333333333336,3.0,"2024,2025,2026",False,5,Peak
2026-06-17,Small Queen,True,2024-01-01,config,False,221.25,2.0,2.0,221.25,06-17,282.25,3.0,"2024,2025,2026",False,5,Peak
2026-06-18,Small Queen,True,2024-01-01,config,False,261.8,2.0,1.0,261.8,06-18,268.76666666666665,3.0,"2024,2025,2026",False,5,Peak
2026-06-19,Small Queen,True,2024-01-01,config,False,307.48,2.0,2.0,307.48,06-19,294.0133333333333,3.0,"2024,2025,2026",False,5,Peak
2026-06-20,Small Queen,True,2024-01-01,config,False,382.75,2.0,2.0,382.75,06-20,336.43333333333334,3.0,"2024,2025,2026",False,5,Peak
2026-06-21,Small Queen,True,2024-01-01,config,False,294.63,2.0,2.0,294.63,06-21,290.4266666666667,3.0,"2024,2025,2026",False,5,Peak
2026-06-22,Small Queen,True,2024-01-01,config,False,264.005,2.0,1.0,264.005,06-22,254.80166666666665,3.0,"2024,2025,2026",False,5,Peak
2026-06-23,Small Queen,True,2024-01-01,config,False,256.005,2.0,1.0,256.005,06-23,265.7183333333333,3.0,"2024,2025,2026",False,5,Peak
2026-06-24,Small Queen,True,2024-01-01,config,False,249.33999999999997,2.0,2.0,249.33999999999997,06-24,233.41333333333333,3.0,"2024,2025,2026",False,5,Peak
2026-06-25,Small Queen,True,2024-01-01,config,False,291.2966666666666,2.0,2.0,291.2966666666666,06-25,281.1405555555555,3.0,"2024,2025,2026",False,5,Peak
2026-06-26,Small Queen,True,2024-01-01,config,False,291.2966666666666,2.0,0.0,291.2966666666666,06-26,283.1405555555555,3.0,"2024,2025,2026",False,5,Peak
2026-06-27,Small Queen,True,2024-01-01,config,False,300.16666666666663,2.0,1.0,300.16666666666663,06-27,239.15555555555554,3.0,"2024,2025,2026",False,5,Peak
2026-06-28,Small Queen,True,2024-01-01,config,False,207.1,2.0,2.0,207.1,06-28,200.10333333333332,3.0,"2024,2025,2026",False,5,Peak
2026-06-29,Small Queen,True,2024-01-01,config,False,0.0,0.0,0.0,0.0,06-29,187.24444444444444,3.0,"2024,2025,2026",False,5,Peak
2026-06-30,Small Queen,True,2024-01-01,config,False,243.51999999999998,2.0,2.0,243.51999999999998,06-30,238.45111111111112,3.0,"2024,2025,2026",False,5,Peak
2026-07-01,Small Queen,True,2024-01-01,config,False,163.0,1.0,0.0,163.0,07-01,263.76944444444445,3.0,"2024,2025,2026",False,5,Peak
2026-07-02,Small Queen,True,2024-01-01,config,False,0.0,0.0,0.0,0.0,07-02,195.0916666666667,3.0,"2024,2025,2026",False,5,Peak
2026-07-03,Small Queen,True,2024-01-01,config,False,213.0,1.0,1.0,213.0,07-03,271.9916666666667,3.0,"2024,2025,2026",False,5,Peak
2026-07-04,Small Queen,True,2024-01-01,config,False,331.28499999999997,3.0,3.0,331.28499999999997,07-04,313.50333333333333,3.0,"2024,2025,2026",False,5,Peak
2026-07-05,Small Queen,True,2024-01-01,config,False,331.28499999999997,3.0,0.0,331.28499999999997,07-05,304.46166666666664,3.0,"2024,2025,2026",False,5,Peak
2026-07-06,Small Queen,True,2024-01-01,config,False,315.5,2.0,2.0,315.5,07-06,282.55,3.0,"2024,2025,2026",False,5,Peak
2026-07-07,Small Queen,True,2024-01-01,config,False,273.8,2.0,1.0,273.8,07-07,268.28333333333336,3.0,"2024,2025,2026",False,5,Peak
2026-07-08,Small Queen,True,2024-01-01,config,False,188.1,1.0,1.0,188.1,07-08,243.4,3.0,"2024,2025,2026",False,5,Peak
2026-07-09,Small Queen,True,2024-01-01,config,False,188.1,1.0,0.0,188.1,07-09,224.69999999999996,3.0,"2024,2025,2026",False,5,Peak
2026-07-10,Small Queen,True,2024-01-01,config,False,188.1,1.0,0.0,188.1,07-10,255.88888888888889,3.0,"2024,2025,2026",False,5,Peak
2026-07-11,Small Queen,True,2024-01-01,config,False,338.06,2.0,1.0,338.06,07-11,313.4533333333333,3.0,"2024,2025,2026",False,5,Peak
2026-07-12,Small Queen,True,2024-01-01,config,False,199.7,2.0,2.0,199.7,07-12,281.1333333333334,3.0,"2024,2025,2026",False,5,Peak
2026-07-13,Small Queen,True,2024-01-01,config,False,337.0,2.0,2.0,337.0,07-13,267.1333333333334,3.0,"2024,2025,2026",False,5,Peak
2026-07-14,Small Queen,True,2024-01-01,config,False,461.5,2.0,1.0,461.5,07-14,322.77666666666664,3.0,"2024,2025,2026",False,5,Peak
2026-07-15,Small Queen,True,2024-01-01,config,False,292.21,2.0,1.0,292.21,07-15,290.32,3.0,"2024,2025,2026",False,5,Peak
2026-07-16,Small Queen,True,2024-01-01,config,False,303.125,2.0,2.0,303.125,07-16,284.815,3.0,"2024,2025,2026",False,5,Peak
2026-07-17,Small Queen,True,2024-01-01,config,False,318.87,2.0,1.0,318.87,07-17,252.62333333333333,3.0,"2024,2025,2026",False,5,Peak
2026-07-18,Small Queen,True,2024-01-01,config,False,305.495,2.0,1.0,305.495,07-18,268.41833333333335,3.0,"2024,2025,2026",False,5,Peak
2026-07-19,Small Queen,True,2024-01-01,config,False,262.27,2.0,2.0,262.27,07-19,255.18999999999997,3.0,"2024,2025,2026",False,5,Peak
2026-07-20,Small Queen,True,2024-01-01,config,False,93.33,1.0,1.0,93.33,07-20,218.44333333333336,3.0,"2024,2025,2026",False,5,Peak
2026-07-21,Small Queen,True,2024-01-01,config,False,96.79,1.0,1.0,96.79,07-21,174.24666666666667,3.0,"2024,2025,2026",False,5,Peak
2026-07-22,Small Queen,True,2024-01-01,config,False,0.0,0.0,0.0,0.0,07-22,185.26666666666665,3.0,"2024,2025,2026",False,5,Peak
2026-07-23,Small Queen,True,2024-01-01,config,False,0.0,0.0,0.0,0.0,07-23,189.96666666666667,3.0,"2024,2025,2026",False,5,Peak
2026-07-24,Small Queen,True,2024-01-01,config,False,161.5,1.0,1.0,161.5,07-24,248.5,3.0,"2024,2025,2026",False,5,Peak
2026-07-25,Small Queen,True,2024-01-01,config,False,344.4,2.0,2.0,344.4,07-25,309.55,3.0,"2024,2025,2026",False,5,Peak
2026-07-26,Small Queen,True,2024-01-01,config,False,271.40999999999997,2.0,2.0,271.40999999999997,07-26,286.18666666666667,3.0,"2024,2025,2026",False,5,Peak
2026-07-27,Small Queen,True,2024-01-01,config,False,271.40999999999997,2.0,0.0,271.40999999999997,07-27,297.07,3.0,"2024,2025,2026",False,5,Peak
2026-07-28,Small Queen,True,2024-01-01,config,False,130.41,1.0,0.0,130.41,07-28,227.72,3.0,"2024,2025,2026",False,5,Peak
2026-07-29,Small Queen,True,2024-01-01,config,False,175.59,2.0,2.0,175.59,07-29,226.08666666666667,3.0,"2024,2025,2026",False,4,High
2026-07-30,Small Queen,True,2024-01-01,config,False,171.07,1.0,1.0,171.07,07-30,184.24333333333334,3.0,"2024,2025,2026",False,4,High
2026-07-31,Small Queen,True,2024-01-01,config,False,341.07,2.0,1.0,341.07,07-31,191.465,3.0,"2024,2025,2026",False,4,High
2026-08-01,Small Queen,True,2024-01-01,config,False,248.9,2.0,2.0,248.9,08-01,259.2083333333333,3.0,"2024,2025,2026",False,4,High
2026-08-02,Small Queen,True,2024-01-01,config,False,278.20000000000005,2.0,1.0,278.20000000000005,08-02,266.475,3.0,"2024,2025,2026",False,4,High
2026-08-03,Small Queen,True,2024-01-01,config,False,172.57,1.0,1.0,172.57,08-03,224.78166666666667,3.0,"2024,2025,2026",False,4,High
2026-08-04,Small Queen,True,2024-01-01,config,False,234.325,2.0,2.0,234.325,08-04,265.27500000000003,3.0,"2024,2025,2026",False,4,High
2026-08-05,Small Queen,True,2024-01-01,config,False,219.935,2.0,1.0,219.935,08-05,239.17833333333337,3.0,"2024,2025,2026",False,4,High
2026-08-06,Small Queen,True,2024-01-01,config,False,121.61,1.0,0.0,121.61,08-06,315.80333333333334,3.0,"2024,2025,2026",False,4,High
2026-08-07,Small Queen,True,2024-01-01,config,False,355.055,2.0,2.0,355.055,08-07,316.865,3.0,"2024,2025,2026",False,4,High
2026-08-08,Small Queen,True,2024-01-01,config,False,345.055,2.0,1.0,345.055,08-08,329.91833333333335,3.0,"2024,2025,2026",False,4,High
2026-08-09,Small Queen,True,2024-01-01,config,False,153.25,1.0,1.0,153.25,08-09,260.63888888888886,3.0,"2024,2025,2026",False,4,High
2026-08-10,Small Queen,True,2024-01-01,config,False,289.25,2.0,1.0,289.25,08-10,278.52777777777777,3.0,"2024,2025,2026",False,4,High
2026-08-11,Small Queen,True,2024-01-01,config,False,289.25,2.0,0.0,289.25,08-11,265.52777777777777,3.0,"2024,2025,2026",False,4,High
2026-08-12,Small Queen,True,2024-01-01,config,False,291.325,2.0,1.0,291.325,08-12,219.5672222222222,3.0,"2024,2025,2026",False,4,High
2026-08-13,Small Queen,True,2024-01-01,config,False,261.435,2.0,1.0,261.435,08-13,264.4783333333333,3.0,"2024,2025,2026",False,4,High
2026-08-14,Small Queen,True,2024-01-01,config,False,123.36,1.0,0.0,123.36,08-14,214.795,3.0,"2024,2025,2026",False,4,High
2026-08-15,Small Queen,True,2024-01-01,config,False,152.0,1.0,1.0,152.0,08-15,237.73166666666668,3.0,"2024,2025,2026",False,4,High
2026-08-16,Small Queen,True,2024-01-01,config,False,245.5,2.0,2.0,245.5,08-16,279.2416666666667,3.0,"2024,2025,2026",False,4,High
2026-08-17,Small Queen,True,2024-01-01,config,False,266.75,2.0,2.0,266.75,08-17,297.9916666666667,3.0,"2024,2025,2026",False,4,High
2026-08-18,Small Queen,True,2024-01-01,config,False,266.75,2.0,0.0,266.75,08-18,291.0833333333333,3.0,"2024,2025,2026",False,4,High
2026-08-19,Small Queen,True,2024-01-01,config,False,143.70000000000002,1.0,1.0,143.70000000000002,08-19,195.0666666666667,3.0,"2024,2025,2026",False,4,High
2026-08-20,Small Queen,True,2024-01-01,config,False,143.70000000000002,1.0,0.0,143.70000000000002,08-20,188.5,3.0,"2024,2025,2026",False,4,High
2026-08-21,Small Queen,True,2024-01-01,config,False,314.0625,2.0,1.0,314.0625,08-21,282.28749999999997,3.0,"2024,2025,2026",False,4,High
2026-08-22,Small Queen,True,2024-01-01,config,False,170.3625,1.0,0.0,170.3625,08-22,247.80416666666667,3.0,"2024,2025,2026",False,4,High
2026-08-23,Small Queen,True,2024-01-01,config,False,147.0,1.0,1.0,147.0,08-23,252.3166666666667,3.0,"2024,2025,2026",False,4,High
2026-08-24,Small Queen,True,2024-01-01,config,False,191.73,2.0,2.0,191.73,08-24,264.6516666666667,3.0,"2024,2025,2026",False,4,High
2026-08-25,Small Queen,True,2024-01-01,config,False,191.73,2.0,0.0,191.73,08-25,233.885,3.0,"2024,2025,2026",False,4,High
2026-08-26,Small Queen,True,2024-01-01,config,False,0.0,0.0,0.0,0.0,08-26,154.0,3.0,"2024,2025,2026",False,4,High
2026-08-27,Small Queen,True,2024-01-01,config,False,95.25,1.0,1.0,95.25,08-27,189.58666666666667,3.0,"2024,2025,2026",False,4,High
2026-08-28,Small Queen,True,2024-01-01,config,False,0.0,0.0,0.0,0.0,08-28,166.66666666666666,3.0,"2024,2025,2026",False,4,High
2026-08-29,Small Queen,True,2024-01-01,config,False,0.0,0.0,0.0,0.0,08-29,227.19444444444446,3.0,"2024,2025,2026",False,4,High
2026-08-30,Small Queen,True,2024-01-01,config,False,117.782,1.0,1.0,117.782,08-30,306.1717777777778,3.0,"2024,2025,2026",False,4,High
2026-08-31,Small Queen,True,2024-01-01,config,False,269.782,2.0,1.0,269.782,08-31,347.53844444444445,3.0,"2024,2025,2026",False,4,High
2026-09-01,Small Queen,True,2024-01-01,config,False,117.782,1.0,0.0,117.782,09-01,227.26066666666668,3.0,"2024,2025,2026",False,4,High
2026-09-02,Small Queen,True,2024-01-01,config,False,117.782,1.0,0.0,117.782,09-02,193.26066666666668,3.0,"2024,2025,2026",False,4,High
2026-09-03,Small Queen,True,2024-01-01,config,False,346.11533333333335,2.0,1.0,346.11533333333335,09-03,285.6551111111111,3.0,"2024,2025,2026",False,4,High
2026-09-04,Small Queen,True,2024-01-01,config,False,228.33333333333334,1.0,0.0,228.33333333333334,09-04,242.14444444444447,3.0,"2024,2025,2026",False,4,High
2026-09-05,Small Queen,True,2024-01-01,config,False,518.3333333333334,2.0,1.0,518.3333333333334,09-05,349.1611111111111,3.0,"2024,2025,2026",False,4,High
2026-09-06,Small Queen,True,2024-01-01,config,False,0.0,0.0,0.0,0.0,09-06,186.28333333333333,3.0,"2024,2025,2026",False,4,High
2026-09-07,Small Queen,True,2024-01-01,config,False,0.0,0.0,0.0,0.0,09-07,180.79666666666665,3.0,"2024,2025,2026",False,4,High
2026-09-08,Small Queen,True,2024-01-01,config,False,297.88,2.0,2.0,297.88,09-08,276.29333333333335,3.0,"2024,2025,2026",False,4,High
2026-09-09,Small Queen,True,2024-01-01,config,False,164.85,1.0,0.0,164.85,09-09,219.61666666666667,3.0,"2024,2025,2026",False,4,High
2026-09-10,Small Queen,True,2024-01-01,config,False,348.0,2.0,2.0,348.0,09-10,311.0,3.0,"2024,2025,2026",False,4,High
2026-09-11,Small Queen,True,2024-01-01,config,False,330.97333333333336,2.0,1.0,330.97333333333336,09-11,316.02444444444444,3.0,"2024,2025,2026",False,4,High
2026-09-12,Small Queen,True,2024-01-01,config,False,142.97333333333333,1.0,0.0,142.97333333333333,09-12,265.28277777777777,3.0,"2024,2025,2026",False,4,High
2026-09-13,Small Queen,True,2024-01-01,config,False,142.97333333333333,1.0,0.0,142.97333333333333,09-13,265.61611111111114,3.0,"2024,2025,2026",False,4,High
2026-09-14,Small Queen,True,2024-01-01,config,False,0.0,0.0,0.0,0.0,09-14,201.28333333333333,3.0,"2024,2025,2026",False,4,High
2026-09-15,Small Queen,True,2024-01-01,config,False,0.0,0.0,0.0,0.0,09-15,207.1833333333333,3.0,"2024,2025,2026",False,4,High
2026-09-16,Small Queen,True,2024-01-01,config,False,134.04,1.0,1.0,134.04,09-16,245.64666666666665,3.0,"2024,2025,2026",False,4,High
2026-09-17,Small Queen,True,2024-01-01,config,False,0.0,0.0,0.0,0.0,09-17,200.29999999999998,3.0,"2024,2025,2026",False,4,High
2026-09-18,Small Queen,True,2024-01-01,config,False,168.0,1.0,1.0,168.0,09-18,264.31666666666666,3.0,"2024,2025,2026",False,4,High
2026-09-19,Small Queen,True,2024-01-01,config,False,263.7,2.0,1.0,263.7,09-19,257.8433333333333,3.0,"2024,2025,2026",False,4,High
2026-09-20,Small Queen,True,2024-01-01,config,False,104.9,1.0,1.0,104.9,09-20,243.37666666666667,3.0,"2024,2025,2026",False,4,High
2026-09-21,Small Queen,True,2024-01-01,config,False,104.9,1.0,0.0,104.9,09-21,226.98333333333335,3.0,"2024,2025,2026",False,4,High
2026-09-22,Small Queen,True,2024-01-01,config,False,244.92000000000002,2.0,2.0,244.92000000000002,09-22,177.0566666666667,3.0,"2024,2025,2026",False,4,High
2026-09-23,Small Queen,True,2024-01-01,config,False,305.55,2.0,2.0,305.55,09-23,292.66833333333335,3.0,"2024,2025,2026",False,4,High
2026-09-24,Small Queen,True,2024-01-01,config,False,157.5,1.0,0.0,157.5,09-24,241.31833333333336,3.0,"2024,2025,2026",False,4,High
2026-09-25,Small Queen,True,2024-01-01,config,False,321.635,2.0,2.0,321.635,09-25,312.155,3.0,"2024,2025,2026",False,4,High
2026-09-26,Small Queen,True,2024-01-01,config,False,321.635,2.0,0.0,321.635,09-26,326.245,3.0,"2024,2025,2026",False,4,High
2026-09-27,Small Queen,True,2024-01-01,config,False,255.49,2.0,2.0,255.49,09-27,300.03555555555556,3.0,"2024,2025,2026",False,4,High
2026-09-28,Small Queen,True,2024-01-01,config,False,0.0,0.0,0.0,0.0,09-28,167.72222222222223,3.0,"2024,2025,2026",False,4,High
2026-09-29,Small Queen,True,2024-01-01,config,False,95.7,1.0,1.0,95.7,09-29,205.00555555555556,3.0,"2024,2025,2026",False,4,High
2026-09-30,Small Queen,True,2024-01-01,config,False,103.07,1.0,1.0,103.07,09-30,204.2888888888889,3.0,"2024,2025,2026",False,4,High
2026-10-01,Small Queen,True,2024-01-01,config,False,255.07,2.0,1.0,255.07,10-01,277.42055555555555,3.0,"2024,2025,2026",False,4,High
2026-10-02,Small Queen,True,2024-01-01,config,False,152.0,1.0,0.0,152.0,10-02,243.08722222222227,3.0,"2024,2025,2026",False,4,High
2026-10-03,Small Queen,True,2024-01-01,config,False,0.0,0.0,0.0,0.0,10-03,215.20000000000002,3.0,"2024,2025,2026",False,4,High
2026-10-04,Small Queen,True,2024-01-01,config,False,108.49,1.0,1.0,108.49,10-04,208.23,3.0,"2024,2025,2026",False,4,High
2026-10-05,Small Queen,True,2024-01-01,config,False,0.0,0.0,0.0,0.0,10-05,134.33666666666667,3.0,"2024,2025,2026",False,4,High
2026-10-06,Small Queen,True,2024-01-01,config,False,0.0,0.0,0.0,0.0,10-06,82.5,3.0,"2024,2025,2026",False,4,High
2026-10-07,Small Queen,True,2024-01-01,config,False,0.0,0.0,0.0,0.0,10-07,175.21666666666667,3.0,"2024,2025,2026",False,4,High
2026-10-08,Small Queen,True,2024-01-01,config,False,156.66,1.0,1.0,156.66,10-08,219.32000000000002,3.0,"2024,2025,2026",False,4,High
2026-10-09,Small Queen,True,2024-01-01,config,False,156.66,1.0,0.0,156.66,10-09,234.02,3.0,"2024,2025,2026",False,3,Shoulder
2026-10-10,Small Queen,True,2024-01-01,config,False,106.75,1.0,1.0,106.75,10-10,153.38333333333333,3.0,"2024,2025,2026",False,3,Shoulder
2026-10-11,Small Queen,True,2024-01-01,config,False,213.49,2.0,1.0,213.49,10-11,231.9522222222222,3.0,"2024,2025,2026",False,3,Shoulder
2026-10-12,Small Queen,True,2024-01-01,config,False,0.0,0.0,0.0,0.0,10-12,98.63333333333333,3.0,"2024,2025,2026",False,3,Shoulder
2026-10-13,Small Queen,True,2024-01-01,config,False,99.0,1.0,1.0,99.0,10-13,132.29999999999998,3.0,"2024,2025,2026",False,3,Shoulder
2026-10-14,Small Queen,True,2024-01-01,config,False,198.75,2.0,1.0,198.75,10-14,174.9333333333333,3.0,"2024,2025,2026",False,3,Shoulder
2026-10-15,Small Queen,True,2024-01-01,config,False,0.0,0.0,0.0,0.0,10-15,95.45,3.0,"2024,2025,2026",False,3,Shoulder
2026-10-16,Small Queen,True,2024-01-01,config,False,199.77249999999998,2.0,2.0,199.77249999999998,10-16,179.59083333333334,3.0,"2024,2025,2026",False,3,Shoulder
2026-10-17,Small Queen,True,2024-01-01,config,False,199.77249999999998,2.0,0.0,199.77249999999998,10-17,182.44583333333333,3.0,"2024,2025,2026",False,3,Shoulder
2026-10-18,Small Queen,True,2024-01-01,config,False,92.2725,1.0,0.0,92.2725,10-18,147.61249999999998,3.0,"2024,2025,2026",False,3,Shoulder
2026-10-19,Small Queen,True,2024-01-01,config,False,92.2725,1.0,0.0,92.2725,10-19,123.28750000000001,3.0,"2024,2025,2026",False,3,Shoulder
2026-10-20,Small Queen,True,2024-01-01,config,False,0.0,0.0,0.0,0.0,10-20,104.3,3.0,"2024,2025,2026",False,3,Shoulder
2026-10-21,Small Queen,True,2024-01-01,config,False,100.0,1.0,1.0,100.0,10-21,120.10000000000001,3.0,"2024,2025,2026",False,3,Shoulder
2026-10-22,Small Queen,True,2024-01-01,config,False,195.21666666666664,2.0,1.0,195.21666666666664,10-22,161.83888888888887,3.0,"2024,2025,2026",False,3,Shoulder
2026-10-23,Small Queen,True,2024-01-01,config,False,213.02666666666664,2.0,1.0,213.02666666666664,10-23,136.44222222222223,3.0,"2024,2025,2026",False,3,Shoulder
2026-10-24,Small Queen,True,2024-01-01,config,False,213.02666666666664,2.0,0.0,213.02666666666664,10-24,173.76722222222222,3.0,"2024,2025,2026",False,3,Shoulder
2026-10-25,Small Queen,True,2024-01-01,config,False,0.0,0.0,0.0,0.0,10-25,101.14166666666665,3.0,"2024,2025,2026",False,2,Low
2026-10-26,Small Queen,True,2024-01-01,config,False,0.0,0.0,0.0,0.0,10-26,86.96666666666665,3.0,"2024,2025,2026",False,2,Low
2026-10-27,Small Queen,True,2024-01-01,config,False,0.0,0.0,0.0,0.0,10-27,24.333333333333332,3.0,"2024,2025,2026",False,2,Low
2026-10-28,Small Queen,True,2024-01-01,config,False,0.0,0.0,0.0,0.0,10-28,24.333333333333332,3.0,"2024,2025,2026",False,2,Low
2026-10-29,Small Queen,True,2024-01-01,config,False,0.0,0.0,0.0,0.0,10-29,65.07583333333334,3.0,"2024,2025,2026",False,2,Low
2026-10-30,Small Queen,True,2024-01-01,config,False,0.0,0.0,0.0,0.0,10-30,34.8425,3.0,"2024,2025,2026",False,2,Low
2026-10-31,Small Queen,True,2024-01-01,config,False,208.66666666666669,2.0,2.0,208.66666666666669,10-31,111.56472222222222,3.0,"2024,2025,2026",False,1,Soft
2026-11-01,Small Queen,True,2024-01-01,config,False,88.66666666666667,1.0,0.0,88.66666666666667,11-01,90.23138888888889,3.0,"2024,2025,2026",False,1,Soft
2026-11-02,Small Queen,True,2024-01-01,config,False,88.66666666666667,1.0,0.0,88.66666666666667,11-02,91.28888888888889,3.0,"2024,2025,2026",False,1,Soft
2026-11-03,Small Queen,True,2024-01-01,config,False,0.0,0.0,0.0,0.0,11-03,43.199999999999996,3.0,"2024,2025,2026",False,1,Soft
2026-11-04,Small Queen,True,2024-01-01,config,False,0.0,0.0,0.0,0.0,11-04,40.949999999999996,3.0,"2024,2025,2026",False,1,Soft
2026-11-05,Small Queen,True,2024-01-01,config,False,0.0,0.0,0.0,0.0,11-05,73.22222222222223,3.0,"2024,2025,2026",False,1,Soft
2026-11-06,Small Queen,True,2024-01-01,config,False,0.0,0.0,0.0,0.0,11-06,82.55555555555556,3.0,"2024,2025,2026",False,1,Soft
2026-11-07,Small Queen,True,2024-01-01,config,False,0.0,0.0,0.0,0.0,11-07,82.55555555555556,3.0,"2024,2025,2026",False,1,Soft
2026-11-08,Small Queen,True,2024-01-01,config,False,0.0,0.0,0.0,0.0,11-08,58.444444444444436,3.0,"2024,2025,2026",False,1,Soft
2026-11-09,Small Queen,True,2024-01-01,config,False,0.0,0.0,0.0,0.0,11-09,48.81111111111111,3.0,"2024,2025,2026",False,1,Soft
2026-11-10,Small Queen,True,2024-01-01,config,False,0.0,0.0,0.0,0.0,11-10,65.84444444444445,3.0,"2024,2025,2026",False,1,Soft
2026-11-11,Small Queen,True,2024-01-01,config,False,0.0,0.0,0.0,0.0,11-11,42.95333333333334,3.0,"2024,2025,2026",False,1,Soft
2026-11-12,Small Queen,True,2024-01-01,config,False,0.0,0.0,0.0,0.0,11-12,65.23333333333333,3.0,"2024,2025,2026",False,1,Soft
2026-11-13,Small Queen,True,2024-01-01,config,False,0.0,0.0,0.0,0.0,11-13,46.43888888888889,3.0,"2024,2025,2026",False,1,Soft
2026-11-14,Small Queen,True,2024-01-01,config,False,0.0,0.0,0.0,0.0,11-14,73.72222222222223,3.0,"2024,2025,2026",False,1,Soft
2026-11-15,Small Queen,True,2024-01-01,config,False,0.0,0.0,0.0,0.0,11-15,73.47222222222223,3.0,"2024,2025,2026",False,1,Soft
2026-11-16,Small Queen,True,2024-01-01,config,False,0.0,0.0,0.0,0.0,11-16,39.833333333333336,3.0,"2024,2025,2026",False,1,Soft
2026-11-17,Small Queen,True,2024-01-01,config,False,0.0,0.0,0.0,0.0,11-17,45.833333333333336,3.0,"2024,2025,2026",False,1,Soft
2026-11-18,Small Queen,True,2024-01-01,config,False,0.0,0.0,0.0,0.0,11-18,17.333333333333332,3.0,"2024,2025,2026",False,1,Soft
2026-11-19,Small Queen,True,2024-01-01,config,False,0.0,0.0,0.0,0.0,11-19,45.20333333333334,3.0,"2024,2025,2026",False,1,Soft
2026-11-20,Small Queen,True,2024-01-01,config,False,0.0,0.0,0.0,0.0,11-20,0.0,3.0,"2024,2025,2026",False,1,Soft
2026-11-21,Small Queen,True,2024-01-01,config,False,0.0,0.0,0.0,0.0,11-21,61.116666666666674,3.0,"2024,2025,2026",False,1,Soft
2026-11-22,Small Queen,True,2024-01-01,config,False,0.0,0.0,0.0,0.0,11-22,58.666666666666664,3.0,"2024,2025,2026",False,1,Soft
2026-11-23,Small Queen,True,2024-01-01,config,False,0.0,0.0,0.0,0.0,11-23,67.11333333333334,3.0,"2024,2025,2026",False,1,Soft
2026-11-24,Small Queen,True,2024-01-01,config,False,0.0,0.0,0.0,0.0,11-24,41.65,3.0,"2024,2025,2026",False,1,Soft
2026-11-25,Small Queen,True,2024-01-01,config,False,0.0,0.0,0.0,0.0,11-25,48.833333333333336,3.0,"2024,2025,2026",False,1,Soft
2026-11-26,Small Queen,True,2024-01-01,config,False,99.0,1.0,1.0,99.0,11-26,81.0,3.0,"2024,2025,2026",False,1,Soft
2026-11-27,Small Queen,True,2024-01-01,config,False,99.0,1.0,0.0,99.0,11-27,98.60000000000001,3.0,"2024,2025,2026",False,1,Soft
2026-11-28,Small Queen,True,2024-01-01,config,False,0.0,0.0,0.0,0.0,11-28,38.666666666666664,3.0,"2024,2025,2026",False,1,Soft
2026-11-29,Small Queen,True,2024-01-01,config,False,0.0,0.0,0.0,0.0,11-29,38.666666666666664,3.0,"2024,2025,2026",False,1,Soft
2026-11-30,Small Queen,True,2024-01-01,config,False,0.0,0.0,0.0,0.0,11-30,0.0,3.0,"2024,2025,2026",False,1,Soft
2026-12-01,Small Queen,True,2024-01-01,config,False,0.0,0.0,0.0,0.0,12-01,24.666666666666668,3.0,"2024,2025,2026",False,1,Soft
2026-12-02,Small Queen,True,2024-01-01,config,False,0.0,0.0,0.0,0.0,12-02,40.70666666666667,3.0,"2024,2025,2026",False,1,Soft
2026-12-03,Small Queen,True,2024-01-01,config,False,0.0,0.0,0.0,0.0,12-03,16.04,3.0,"2024,2025,2026",False,1,Soft
2026-12-04,Small Queen,True,2024-01-01,config,False,0.0,0.0,0.0,0.0,12-04,24.7,3.0,"2024,2025,2026",False,1,Soft
2026-12-05,Small Queen,True,2024-01-01,config,False,0.0,0.0,0.0,0.0,12-05,30.75,3.0,"2024,2025,2026",False,1,Soft
2026-12-06,Small Queen,True,2024-01-01,config,False,0.0,0.0,0.0,0.0,12-06,50.02,3.0,"2024,2025,2026",False,1,Soft
2026-12-07,Small Queen,True,2024-01-01,config,False,0.0,0.0,0.0,0.0,12-07,47.56666666666666,3.0,"2024,2025,2026",False,1,Soft
2026-12-08,Small Queen,True,2024-01-01,config,False,0.0,0.0,0.0,0.0,12-08,18.599999999999998,3.0,"2024,2025,2026",False,1,Soft
2026-12-09,Small Queen,True,2024-01-01,config,False,0.0,0.0,0.0,0.0,12-09,67.80666666666666,3.0,"2024,2025,2026",False,1,Soft
2026-12-10,Small Queen,True,2024-01-01,config,False,0.0,0.0,0.0,0.0,12-10,0.0,3.0,"2024,2025,2026",False,1,Soft
2026-12-11,Small Queen,True,2024-01-01,config,False,0.0,0.0,0.0,0.0,12-11,63.6,3.0,"2024,2025,2026",False,1,Soft
2026-12-12,Small Queen,True,2024-01-01,config,False,0.0,0.0,0.0,0.0,12-12,52.333333333333336,3.0,"2024,2025,2026",False,1,Soft
2026-12-13,Small Queen,True,2024-01-01,config,False,0.0,0.0,0.0,0.0,12-13,50.873333333333335,3.0,"2024,2025,2026",False,1,Soft
2026-12-14,Small Queen,True,2024-01-01,config,False,0.0,0.0,0.0,0.0,12-14,98.92333333333333,3.0,"2024,2025,2026",False,1,Soft
2026-12-15,Small Queen,True,2024-01-01,config,False,0.0,0.0,0.0,0.0,12-15,66.325,3.0,"2024,2025,2026",False,1,Soft
2026-12-16,Small Queen,True,2024-01-01,config,False,179.54,2.0,2.0,179.54,12-16,133.06055555555557,3.0,"2024,2025,2026",False,1,Soft
2026-12-17,Small Queen,True,2024-01-01,config,False,0.0,0.0,0.0,0.0,12-17,73.21388888888889,3.0,"2024,2025,2026",False,2,Low
2026-12-18,Small Queen,True,2024-01-01,config,False,0.0,0.0,0.0,0.0,12-18,53.11388888888889,3.0,"2024,2025,2026",False,2,Low
2026-12-19,Small Queen,True,2024-01-01,config,False,0.0,0.0,0.0,0.0,12-19,94.05,3.0,"2024,2025,2026",False,2,Low
2026-12-20,Small Queen,True,2024-01-01,config,False,0.0,0.0,0.0,0.0,12-20,47.31666666666666,3.0,"2024,2025,2026",False,2,Low
2026-12-21,Small Queen,True,2024-01-01,config,False,0.0,0.0,0.0,0.0,12-21,18.666666666666668,3.0,"2024,2025,2026",False,2,Low
2026-12-22,Small Queen,True,2024-01-01,config,False,0.0,0.0,0.0,0.0,12-22,41.666666666666664,3.0,"2024,2025,2026",False,2,Low
2026-12-23,Small Queen,True,2024-01-01,config,False,0.0,0.0,0.0,0.0,12-23,26.9875,3.0,"2024,2025,2026",False,3,Shoulder
2026-12-24,Small Queen,True,2024-01-01,config,False,0.0,0.0,0.0,0.0,12-24,87.9875,3.0,"2024,2025,2026",False,3,Shoulder
2026-12-25,Small Queen,True,2024-01-01,config,False,0.0,0.0,0.0,0.0,12-25,47.0875,3.0,"2024,2025,2026",False,3,Shoulder
2026-12-26,Small Queen,True,2024-01-01,config,False,0.0,0.0,0.0,0.0,12-26,129.65416666666667,3.0,"2024,2025,2026",False,3,Shoulder
2026-12-27,Small Queen,True,2024-01-01,config,False,0.0,0.0,0.0,0.0,12-27,141.45000000000002,3.0,"2024,2025,2026",False,3,Shoulder
2026-12-28,Small Queen,True,2024-01-01,config,False,0.0,0.0,0.0,0.0,12-28,153.83333333333334,3.0,"2024,2025,2026",False,3,Shoulder
2026-12-29,Small Queen,True,2024-01-01,config,False,0.0,0.0,0.0,0.0,12-29,99.71999999999998,3.0,"2024,2025,2026",False,3,Shoulder
2026-12-30,Small Queen,True,2024-01-01,config,False,0.0,0.0,0.0,0.0,12-30,157.62222222222223,3.0,"2024,2025,2026",False,3,Shoulder
2026-12-31,Small Queen,True,2024-01-01,config,False,0.0,0.0,0.0,0.0,12-31,76.72777777777777,3.0,"2024,2025,2026",False,3,Shoulder
2024-01-01,Standard King,True,2024-01-01,config,False,200.0,2.0,2.0,200.0,01-01,558.5733333333334,3.0,"2024,2025,2026",False,3,Shoulder
2024-01-02,Standard King,True,2024-01-01,config,False,101.75,1.0,1.0,101.75,01-02,535.4777777777778,3.0,"2024,2025,2026",False,2,Low
2024-01-03,Standard King,True,2024-01-01,config,False,101.75,1.0,0.0,101.75,01-03,352.4511111111112,3.0,"2024,2025,2026",False,2,Low
2024-01-04,Standard King,True,2024-01-01,config,False,205.25,2.0,1.0,205.25,01-04,252.4311111111111,3.0,"2024,2025,2026",False,2,Low
2024-01-05,Standard King,True,2024-01-01,config,False,205.25,2.0,0.0,205.25,01-05,225.62,3.0,"2024,2025,2026",False,2,Low
2024-01-06,Standard King,True,2024-01-01,config,False,83.7,1.0,1.0,83.7,01-06,185.07111111111112,3.0,"2024,2025,2026",False,2,Low
2024-01-07,Standard King,True,2024-01-01,config,False,83.7,1.0,0.0,83.7,01-07,132.48777777777778,3.0,"2024,2025,2026",False,2,Low
2024-01-08,Standard King,True,2024-01-01,config,False,0.0,0.0,0.0,0.0,01-08,101.89611111111111,3.0,"2024,2025,2026",False,2,Low
2024-01-09,Standard King,True,2024-01-01,config,False,79.0,1.0,1.0,79.0,01-09,225.225,3.0,"2024,2025,2026",False,2,Low
2024-01-10,Standard King,True,2024-01-01,config,False,71.1,1.0,1.0,71.1,01-10,370.7383333333333,3.0,"2024,2025,2026",False,2,Low
2024-01-11,Standard King,True,2024-01-01,config,False,0.0,0.0,0.0,0.0,01-11,228.36166666666665,3.0,"2024,2025,2026",False,2,Low
2024-01-12,Standard King,True,2024-01-01,config,False,153.10000000000002,2.0,2.0,153.10000000000002,01-12,210.93833333333336,3.0,"2024,2025,2026",False,2,Low
2024-01-13,Standard King,True,2024-01-01,config,False,237.05,3.0,2.0,237.05,01-13,171.47166666666666,3.0,"2024,2025,2026",False,2,Low
2024-01-14,Standard King,True,2024-01-01,config,False,74.10000000000001,1.0,0.0,74.10000000000001,01-14,91.01333333333332,3.0,"2024,2025,2026",False,2,Low
2024-01-15,Standard King,True,2024-01-01,config,False,0.0,0.0,0.0,0.0,01-15,119.24111111111112,3.0,"2024,2025,2026",False,2,Low
2024-01-16,Standard King,True,2024-01-01,config,False,0.0,0.0,0.0,0.0,01-16,285.7522222222222,3.0,"2024,2025,2026",False,2,Low
2024-01-17,Standard King,True,2024-01-01,config,False,0.0,0.0,0.0,0.0,01-17,394.1088888888889,3.0,"2024,2025,2026",False,2,Low
2024-01-18,Standard King,True,2024-01-01,config,False,142.88,2.0,2.0,142.88,01-18,287.6044444444444,3.0,"2024,2025,2026",False,2,Low
2024-01-19,Standard King,True,2024-01-01,config,False,0.0,0.0,0.0,0.0,01-19,205.36444444444442,3.0,"2024,2025,2026",False,2,Low
2024-01-20,Standard King,True,2024-01-01,config,False,156.25,2.0,2.0,156.25,01-20,205.41111111111113,3.0,"2024,2025,2026",False,2,Low
2024-01-21,Standard King,True,2024-01-01,config,False,76.25,1.0,0.0,76.25,01-21,152.74444444444444,3.0,"2024,2025,2026",False,1,Soft
2024-01-22,Standard King,True,2024-01-01,config,False,76.25,1.0,0.0,76.25,01-22,121.98333333333333,3.0,"2024,2025,2026",False,1,Soft
2024-01-23,Standard King,True,2024-01-01,config,False,144.25,2.0,1.0,144.25,01-23,228.3166666666667,3.0,"2024,2025,2026",False,1,Soft
2024-01-24,Standard King,True,2024-01-01,config,False,0.0,0.0,0.0,0.0,01-24,166.56,3.0,"2024,2025,2026",False,1,Soft
2024-01-25,Standard King,True,2024-01-01,config,False,0.0,0.0,0.0,0.0,01-25,164.38,3.0,"2024,2025,2026",False,1,Soft
2024-01-26,Standard King,True,2024-01-01,config,False,161.95,2.0,2.0,161.95,01-26,123.48666666666666,3.0,"2024,2025,2026",False,1,Soft
2024-01-27,Standard King,True,2024-01-01,config,False,79.0,1.0,0.0,79.0,01-27,80.52499999999999,3.0,"2024,2025,2026",False,1,Soft
2024-01-28,Standard King,True,2024-01-01,config,False,0.0,0.0,0.0,0.0,01-28,141.70833333333334,3.0,"2024,2025,2026",False,1,Soft
2024-01-29,Standard King,True,2024-01-01,config,False,0.0,0.0,0.0,0.0,01-29,235.57333333333335,3.0,"2024,2025,2026",False,1,Soft
2024-01-30,Standard King,True,2024-01-01,config,False,77.45555555555556,1.0,1.0,77.45555555555556,01-30,236.92518518518514,3.0,"2024,2025,2026",False,1,Soft
2024-01-31,Standard King,True,2024-01-01,config,False,77.45555555555556,1.0,0.0,77.45555555555556,01-31,273.35851851851857,3.0,"2024,2025,2026",False,1,Soft
2024-02-01,Standard King,True,2024-01-01,config,False,348.35555555555555,5.0,4.0,348.35555555555555,02-01,214.86851851851853,3.0,"2024,2025,2026",False,1,Soft
2024-02-02,Standard King,True,2024-01-01,config,False,420.74126984126985,6.0,1.0,420.74126984126985,02-02,187.99708994708996,3.0,"2024,2025,2026",False,1,Soft
2024-02-03,Standard King,True,2024-01-01,config,False,421.74126984126985,6.0,2.0,421.74126984126985,02-03,163.5304232804233,3.0,"2024,2025,2026",False,1,Soft
2024-02-04,Standard King,True,2024-01-01,config,False,222.74126984126985,3.0,0.0,222.74126984126985,02-04,159.24708994708996,3.0,"2024,2025,2026",False,1,Soft
2024-02-05,Standard King,True,2024-01-01,config,False,297.74126984126985,4.0,1.0,297.74126984126985,02-05,205.16542328042328,3.0,"2024,2025,2026",False,1,Soft
2024-02-06,Standard King,True,2024-01-01,config,False,149.84126984126985,2.0,0.0,149.84126984126985,02-06,216.94208994708995,3.0,"2024,2025,2026",False,1,Soft
2024-02-07,Standard King,True,2024-01-01,config,False,149.84126984126985,2.0,0.0,149.84126984126985,02-07,185.13375661375662,3.0,"2024,2025,2026",False,1,Soft
2024-02-08,Standard King,True,2024-01-01,config,False,72.38571428571429,1.0,0.0,72.38571428571429,02-08,156.63857142857142,3.0,"2024,2025,2026",False,1,Soft
2024-02-09,Standard King,True,2024-01-01,config,False,236.26666666666665,3.0,3.0,236.26666666666665,02-09,209.67555555555555,3.0,"2024,2025,2026",False,1,Soft
2024-02-10,Standard King,True,2024-01-01,config,False,239.66666666666666,3.0,1.0,239.66666666666666,02-10,188.80888888888887,3.0,"2024,2025,2026",False,2,Low
2024-02-11,Standard King,True,2024-01-01,config,False,160.66666666666666,2.0,0.0,160.66666666666666,02-11,192.45666666666668,3.0,"2024,2025,2026",False,2,Low
2024-02-12,Standard King,True,2024-01-01,config,False,0.0,0.0,0.0,0.0,02-12,150.4611111111111,3.0,"2024,2025,2026",False,2,Low
2024-02-13,Standard King,True,2024-01-01,config,False,77.7,1.0,1.0,77.7,02-13,295.6022222222222,3.0,"2024,2025,2026",False,2,Low
2024-02-14,Standard King,True,2024-01-01,config,False,0.0,0.0,0.0,0.0,02-14,381.7977777777778,3.0,"2024,2025,2026",False,2,Low
2024-02-15,Standard King,True,2024-01-01,config,False,0.0,0.0,0.0,0.0,02-15,263.5444444444444,3.0,"2024,2025,2026",False,2,Low
2024-02-16,Standard King,True,2024-01-01,config,False,318.6,4.0,4.0,318.6,02-16,337.58666666666664,3.0,"2024,2025,2026",False,2,Low
2024-02-17,Standard King,True,2024-01-01,config,False,248.0,3.0,1.0,248.0,02-17,207.35999999999999,3.0,"2024,2025,2026",False,2,Low
2024-02-18,Standard King,True,2024-01-01,config,False,0.0,0.0,0.0,0.0,02-18,138.85333333333332,3.0,"2024,2025,2026",False,2,Low
2024-02-19,Standard King,True,2024-01-01,config,False,0.0,0.0,0.0,0.0,02-19,138.79833333333332,3.0,"2024,2025,2026",False,2,Low
2024-02-20,Standard King,True,2024-01-01,config,False,0.0,0.0,0.0,0.0,02-20,280.7583333333334,3.0,"2024,2025,2026",False,2,Low
2024-02-21,Standard King,True,2024-01-01,config,False,149.66666666666669,2.0,2.0,149.66666666666669,02-21,356.5655555555556,3.0,"2024,2025,2026",False,2,Low
2024-02-22,Standard King,True,2024-01-01,config,False,75.66666666666667,1.0,0.0,75.66666666666667,02-22,183.61222222222224,3.0,"2024,2025,2026",False,2,Low
2024-02-23,Standard King,True,2024-01-01,config,False,149.76666666666668,2.0,1.0,149.76666666666668,02-23,176.8322222222222,3.0,"2024,2025,2026",False,2,Low
2024-02-24,Standard King,True,2024-01-01,config,False,228.7,3.0,2.0,228.7,02-24,152.9,3.0,"2024,2025,2026",False,1,Soft
2024-02-25,Standard King,True,2024-01-01,config,False,74.10000000000001,1.0,0.0,74.10000000000001,02-25,146.86333333333334,3.0,"2024,2025,2026",False,1,Soft
2024-02-26,Standard King,True,2024-01-01,config,False,0.0,0.0,0.0,0.0,02-26,125.17333333333333,3.0,"2024,2025,2026",False,1,Soft
2024-02-27,Standard King,True,2024-01-01,config,False,77.7,1.0,1.0,77.7,02-27,86.61,3.0,"2024,2025,2026",False,1,Soft
2024-02-28,Standard King,True,2024-01-01,config,False,77.7,1.0,0.0,77.7,02-28,150.25666666666666,3.0,"2024,2025,2026",False,1,Soft
2024-02-29,Standard King,True,2024-01-01,config,False,76.5,1.0,1.0,76.5,02-29,76.5,1.0,2024,False,1,Soft
2024-03-01,Standard King,True,2024-01-01,config,False,164.5,2.0,1.0,164.5,03-01,229.62,3.0,"2024,2025,2026",False,1,Soft
2024-03-02,Standard King,True,2024-01-01,config,False,326.7,4.0,2.0,326.7,03-02,197.34333333333333,3.0,"2024,2025,2026",False,1,Soft
2024-03-03,Standard King,True,2024-01-01,config,False,80.0,1.0,1.0,80.0,03-03,85.5,3.0,"2024,2025,2026",False,1,Soft
2024-03-04,Standard King,True,2024-01-01,config,False,160.5,2.0,2.0,160.5,03-04,129.96333333333334,3.0,"2024,2025,2026",False,1,Soft
2024-03-05,Standard King,True,2024-01-01,config,False,76.5,1.0,0.0,76.5,03-05,179.84333333333333,3.0,"2024,2025,2026",False,1,Soft
2024-03-06,Standard King,True,2024-01-01,config,False,0.0,0.0,0.0,0.0,03-06,232.01,3.0,"2024,2025,2026",False,2,Low
2024-03-07,Standard King,True,2024-01-01,config,False,83.66666666666667,1.0,1.0,83.66666666666667,03-07,245.8022222222222,3.0,"2024,2025,2026",False,2,Low
2024-03-08,Standard King,True,2024-01-01,config,False,494.8666666666667,6.0,5.0,494.8666666666667,03-08,289.6977777777778,3.0,"2024,2025,2026",False,2,Low
2024-03-09,Standard King,True,2024-01-01,config,False,577.7166666666667,7.0,2.0,577.7166666666667,03-09,311.33833333333337,3.0,"2024,2025,2026",False,2,Low
2024-03-10,Standard King,True,2024-01-01,config,False,332.01666666666665,4.0,1.0,332.01666666666665,03-10,236.62833333333333,3.0,"2024,2025,2026",False,2,Low
2024-03-11,Standard King,True,2024-01-01,config,False,342.1666666666667,4.0,2.0,342.1666666666667,03-11,230.6011111111111,3.0,"2024,2025,2026",False,2,Low
2024-03-12,Standard King,True,2024-01-01,config,False,245.66666666666669,3.0,2.0,245.66666666666669,03-12,142.70888888888888,3.0,"2024,2025,2026",False,3,Shoulder
2024-03-13,Standard King,True,2024-01-01,config,False,162.0,2.0,1.0,162.0,03-13,126.63333333333333,3.0,"2024,2025,2026",False,3,Shoulder
2024-03-14,Standard King,True,2024-01-01,config,False,582.5,7.0,5.0,582.5,03-14,313.57666666666665,3.0,"2024,2025,2026",False,3,Shoulder
2024-03-15,Standard King,True,2024-01-01,config,False,612.9,7.0,6.0,612.9,03-15,310.1066666666666,3.0,"2024,2025,2026",False,3,Shoulder
2024-03-16,Standard King,True,2024-01-01,config,False,602.04,7.0,5.0,602.04,03-16,348.05777777777774,3.0,"2024,2025,2026",False,3,Shoulder
2024-03-17,Standard King,True,2024-01-01,config,False,155.64,2.0,1.0,155.64,03-17,294.2422222222222,3.0,"2024,2025,2026",False,3,Shoulder
2024-03-18,Standard King,True,2024-01-01,config,False,80.64,1.0,0.0,80.64,03-18,324.3566666666666,3.0,"2024,2025,2026",False,3,Shoulder
2024-03-19,Standard King,True,2024-01-01,config,False,80.64,1.0,0.0,80.64,03-19,308.99888888888887,3.0,"2024,2025,2026",False,3,Shoulder
2024-03-20,Standard King,True,2024-01-01,config,False,80.64,1.0,0.0,80.64,03-20,319.64972222222224,3.0,"2024,2025,2026",False,3,Shoulder
2024-03-21,Standard King,True,2024-01-01,config,False,83.0,1.0,1.0,83.0,03-21,321.97027777777777,3.0,"2024,2025,2026",False,3,Shoulder
2024-03-22,Standard King,True,2024-01-01,config,False,245.2,3.0,2.0,245.2,03-22,276.95722222222224,3.0,"2024,2025,2026",False,3,Shoulder
2024-03-23,Standard King,True,2024-01-01,config,False,569.3,7.0,5.0,569.3,03-23,346.3511111111111,3.0,"2024,2025,2026",False,3,Shoulder
2024-03-24,Standard King,True,2024-01-01,config,False,82.1,1.0,0.0,82.1,03-24,128.8031111111111,3.0,"2024,2025,2026",False,3,Shoulder
2024-03-25,Standard King,True,2024-01-01,config,False,219.0,3.0,3.0,219.0,03-25,244.8845,3.0,"2024,2025,2026",False,3,Shoulder
2024-03-26,Standard King,True,2024-01-01,config,False,230.0,3.0,3.0,230.0,03-26,271.4745,3.0,"2024,2025,2026",False,2,Low
2024-03-27,Standard King,True,2024-01-01,config,False,314.5,4.0,4.0,314.5,03-27,363.23116666666664,3.0,"2024,2025,2026",False,2,Low
2024-03-28,Standard King,True,2024-01-01,config,False,533.85,7.0,5.0,533.85,03-28,450.8345,3.0,"2024,2025,2026",False,2,Low
2024-03-29,Standard King,True,2024-01-01,config,False,576.65,7.0,4.0,576.65,03-29,309.3183333333333,3.0,"2024,2025,2026",False,2,Low
2024-03-30,Standard King,True,2024-01-01,config,False,493.8,6.0,3.0,493.8,03-30,283.355,3.0,"2024,2025,2026",False,2,Low
2024-03-31,Standard King,True,2024-01-01,config,False,156.5,2.0,2.0,156.5,03-31,167.36333333333334,3.0,"2024,2025,2026",False,2,Low
2024-04-01,Standard King,True,2024-01-01,config,False,123.7,2.0,2.0,123.7,04-01,41.233333333333334,3.0,"2024,2025,2026",False,3,Shoulder
2024-04-02,Standard King,True,2024-01-01,config,False,534.6285714285715,8.0,7.0,534.6285714285715,04-02,312.5395238095238,3.0,"2024,2025,2026",False,3,Shoulder
2024-04-03,Standard King,True,2024-01-01,config,False,420.62857142857143,6.0,3.0,420.62857142857143,04-03,244.33285714285716,3.0,"2024,2025,2026",False,2,Low
2024-04-04,Standard King,True,2024-01-01,config,False,438.92857142857144,6.0,3.0,438.92857142857144,04-04,337.8850793650794,3.0,"2024,2025,2026",False,2,Low
2024-04-05,Standard King,True,2024-01-01,config,False,579.5285714285715,7.0,3.0,579.5285714285715,04-05,285.97507936507935,3.0,"2024,2025,2026",False,2,Low
2024-04-06,Standard King,True,2024-01-01,config,False,500.6035714285714,6.0,2.0,500.6035714285714,04-06,227.966746031746,3.0,"2024,2025,2026",False,2,Low
2024-04-07,Standard King,True,2024-01-01,config,False,314.6035714285714,4.0,0.0,314.6035714285714,04-07,193.03119047619046,3.0,"2024,2025,2026",False,2,Low
2024-04-08,Standard King,True,2024-01-01,config,False,135.42857142857144,2.0,0.0,135.42857142857144,04-08,142.6595238095238,3.0,"2024,2025,2026",False,2,Low
2024-04-09,Standard King,True,2024-01-01,config,False,58.0,1.0,0.0,58.0,04-09,166.4,3.0,"2024,2025,2026",False,2,Low
2024-04-10,Standard King,True,2024-01-01,config,False,58.0,1.0,0.0,58.0,04-10,172.12833333333333,3.0,"2024,2025,2026",False,2,Low
2024-04-11,Standard King,True,2024-01-01,config,False,202.3,3.0,2.0,202.3,04-11,301.52500000000003,3.0,"2024,2025,2026",False,2,Low
2024-04-12,Standard King,True,2024-01-01,config,False,454.1,6.0,4.0,454.1,04-12,317.61111111111114,3.0,"2024,2025,2026",False,2,Low
2024-04-13,Standard King,True,2024-01-01,config,False,453.1,6.0,1.0,453.1,04-13,245.75444444444443,3.0,"2024,2025,2026",False,2,Low
2024-04-14,Standard King,True,2024-01-01,config,False,58.0,1.0,0.0,58.0,04-14,136.85111111111112,3.0,"2024,2025,2026",False,2,Low
2024-04-15,Standard King,True,2024-01-01,config,False,127.0,2.0,1.0,127.0,04-15,137.56666666666666,3.0,"2024,2025,2026",False,2,Low
2024-04-16,Standard King,True,2024-01-01,config,False,196.3,3.0,1.0,196.3,04-16,252.41666666666666,3.0,"2024,2025,2026",False,2,Low
2024-04-17,Standard King,True,2024-01-01,config,False,69.0,1.0,0.0,69.0,04-17,363.6922222222222,3.0,"2024,2025,2026",False,3,Shoulder
2024-04-18,Standard King,True,2024-01-01,config,False,0.0,0.0,0.0,0.0,04-18,375.0672222222222,3.0,"2024,2025,2026",False,3,Shoulder
2024-04-19,Standard King,True,2024-01-01,config,False,238.0,3.0,3.0,238.0,04-19,299.50555555555553,3.0,"2024,2025,2026",False,3,Shoulder
2024-04-20,Standard King,True,2024-01-01,config,False,461.4,6.0,5.0,461.4,04-20,250.00666666666666,3.0,"2024,2025,2026",False,3,Shoulder
2024-04-21,Standard King,True,2024-01-01,config,False,356.1,5.0,4.0,356.1,04-21,286.8775,3.0,"2024,2025,2026",False,3,Shoulder
2024-04-22,Standard King,True,2024-01-01,config,False,444.1714285714286,6.0,5.0,444.1714285714286,04-22,386.4013095238095,3.0,"2024,2025,2026",False,3,Shoulder
2024-04-23,Standard King,True,2024-01-01,config,False,434.57142857142856,6.0,4.0,434.57142857142856,04-23,350.94797619047614,3.0,"2024,2025,2026",False,3,Shoulder
2024-04-24,Standard King,True,2024-01-01,config,False,282.57142857142856,4.0,1.0,282.57142857142856,04-24,370.04464285714283,3.0,"2024,2025,2026",False,3,Shoulder
2024-04-25,Standard King,True,2024-01-01,config,False,528.7214285714285,7.0,5.0,528.7214285714285,04-25,549.6860317460317,3.0,"2024,2025,2026",False,3,Shoulder
2024-04-26,Standard King,True,2024-01-01,config,False,485.27142857142854,6.0,3.0,485.27142857142854,04-26,293.4793650793651,3.0,"2024,2025,2026",False,3,Shoulder
2024-04-27,Standard King,True,2024-01-01,config,False,473.5214285714286,6.0,3.0,473.5214285714286,04-27,262.3960317460317,3.0,"2024,2025,2026",False,3,Shoulder
2024-04-28,Standard King,True,2024-01-01,config,False,374.5214285714286,5.0,1.0,374.5214285714286,04-28,239.32047619047617,3.0,"2024,2025,2026",False,3,Shoulder
2024-04-29,Standard King,True,2024-01-01,config,False,238.7,3.0,2.0,238.7,04-29,240.60500000000002,3.0,"2024,2025,2026",False,3,Shoulder
2024-04-30,Standard King,True,2024-01-01,config,False,233.6,3.0,3.0,233.6,04-30,352.815,3.0,"2024,2025,2026",False,3,Shoulder
2024-05-01,Standard King,True,2024-01-01,config,False,0.0,0.0,0.0,0.0,05-01,341.08,3.0,"2024,2025,2026",False,3,Shoulder
2024-05-02,Standard King,True,2024-01-01,config,False,111.15,1.0,1.0,111.15,05-02,360.81571428571425,3.0,"2024,2025,2026",False,3,Shoulder
2024-05-03,Standard King,True,2024-01-01,config,False,604.35,5.0,4.0,604.35,05-03,478.0023809523809,3.0,"2024,2025,2026",False,3,Shoulder
2024-05-04,Standard King,True,2024-01-01,config,False,747.7,6.0,4.0,747.7,05-04,511.7807142857143,3.0,"2024,2025,2026",False,3,Shoulder
2024-05-05,Standard King,True,2024-01-01,config,False,249.5,2.0,1.0,249.5,05-05,170.49904761904762,3.0,"2024,2025,2026",False,3,Shoulder
2024-05-06,Standard King,True,2024-01-01,config,False,99.0,1.0,1.0,99.0,05-06,221.33404761904762,3.0,"2024,2025,2026",False,3,Shoulder
2024-05-07,Standard King,True,2024-01-01,config,False,309.0,3.0,3.0,309.0,05-07,383.9190476190476,3.0,"2024,2025,2026",False,3,Shoulder
2024-05-08,Standard King,True,2024-01-01,config,False,396.0,4.0,4.0,396.0,05-08,775.5657142857144,3.0,"2024,2025,2026",False,3,Shoulder
2024-05-09,Standard King,True,2024-01-01,config,False,99.0,1.0,0.0,99.0,05-09,797.4383333333334,3.0,"2024,2025,2026",False,3,Shoulder
2024-05-10,Standard King,True,2024-01-01,config,False,981.0,7.0,7.0,981.0,05-10,827.1333333333333,3.0,"2024,2025,2026",False,3,Shoulder
2024-05-11,Standard King,True,2024-01-01,config,False,1086.0,8.0,5.0,1086.0,05-11,754.5916666666667,3.0,"2024,2025,2026",False,3,Shoulder
2024-05-12,Standard King,True,2024-01-01,config,False,697.0,6.0,3.0,697.0,05-12,635.01,3.0,"2024,2025,2026",False,3,Shoulder
2024-05-13,Standard King,True,2024-01-01,config,False,334.0,3.0,2.0,334.0,05-13,563.4899999999999,3.0,"2024,2025,2026",False,3,Shoulder
2024-05-14,Standard King,True,2024-01-01,config,False,815.8,8.0,7.0,815.8,05-14,577.6750000000001,3.0,"2024,2025,2026",False,3,Shoulder
2024-05-15,Standard King,True,2024-01-01,config,False,691.8,7.0,4.0,691.8,05-15,726.3245238095238,3.0,"2024,2025,2026",False,3,Shoulder
2024-05-16,Standard King,True,2024-01-01,config,False,811.5,8.0,4.0,811.5,05-16,696.5078571428571,3.0,"2024,2025,2026",False,3,Shoulder
2024-05-17,Standard King,True,2024-01-01,config,False,884.2666666666667,8.0,6.0,884.2666666666667,05-17,693.3150793650793,3.0,"2024,2025,2026",False,4,High
2024-05-18,Standard King,True,2024-01-01,config,False,896.2166666666667,8.0,4.0,896.2166666666667,05-18,781.0800793650793,3.0,"2024,2025,2026",False,4,High
2024-05-19,Standard King,True,2024-01-01,config,False,442.6666666666667,4.0,1.0,442.6666666666667,05-19,572.7200793650794,3.0,"2024,2025,2026",False,4,High
2024-05-20,Standard King,True,2024-01-01,config,False,510.0,5.0,5.0,510.0,05-20,649.6778571428571,3.0,"2024,2025,2026",False,4,High
2024-05-21,Standard King,True,2024-01-01,config,False,838.85,8.0,7.0,838.85,05-21,737.1695238095239,3.0,"2024,2025,2026",False,4,High
2024-05-22,Standard King,True,2024-01-01,config,False,827.85,8.0,3.0,827.85,05-22,1132.0986111111113,3.0,"2024,2025,2026",False,4,High
2024-05-23,Standard King,True,2024-01-01,config,False,0.0,0.0,0.0,0.0,05-23,1020.2519444444443,3.0,"2024,2025,2026",False,4,High
2024-05-24,Standard King,True,2024-01-01,config,False,1243.2,8.0,8.0,1243.2,05-24,1388.7536111111112,3.0,"2024,2025,2026",False,4,High
2024-05-25,Standard King,True,2024-01-01,config,False,1263.3,8.0,4.0,1263.3,05-25,1159.3480555555554,3.0,"2024,2025,2026",False,4,High
2024-05-26,Standard King,True,2024-01-01,config,False,1256.3,8.0,1.0,1256.3,05-26,920.4488888888887,3.0,"2024,2025,2026",False,5,Peak
2024-05-27,Standard King,True,2024-01-01,config,False,573.0,4.0,2.0,573.0,05-27,816.7013888888888,3.0,"2024,2025,2026",False,5,Peak
2024-05-28,Standard King,True,2024-01-01,config,False,935.0,8.0,6.0,935.0,05-28,836.0897222222223,3.0,"2024,2025,2026",False,5,Peak
2024-05-29,Standard King,True,2024-01-01,config,False,811.2,7.0,6.0,811.2,05-29,902.381388888889,3.0,"2024,2025,2026",False,5,Peak
2024-05-30,Standard King,True,2024-01-01,config,False,925.0,8.0,5.0,925.0,05-30,949.1463888888889,3.0,"2024,2025,2026",False,5,Peak
2024-05-31,Standard King,True,2024-01-01,config,False,989.6,8.0,6.0,989.6,05-31,1032.858888888889,3.0,"2024,2025,2026",False,5,Peak
2024-06-01,Standard King,True,2024-01-01,config,False,1067.4,8.0,3.0,1067.4,06-01,887.3288888888889,3.0,"2024,2025,2026",False,5,Peak
2024-06-02,Standard King,True,2024-01-01,config,False,719.4,5.0,2.0,719.4,06-02,716.2144444444444,3.0,"2024,2025,2026",False,5,Peak
2024-06-03,Standard King,True,2024-01-01,config,False,764.4,6.0,2.0,764.4,06-03,890.0388888888889,3.0,"2024,2025,2026",False,5,Peak
2024-06-04,Standard King,True,2024-01-01,config,False,963.9,7.0,6.0,963.9,06-04,771.2155555555555,3.0,"2024,2025,2026",False,5,Peak
2024-06-05,Standard King,True,2024-01-01,config,False,831.6,7.0,6.0,831.6,06-05,971.3272222222222,3.0,"2024,2025,2026",False,5,Peak
2024-06-06,Standard King,True,2024-01-01,config,False,845.1,6.0,4.0,845.1,06-06,977.8622222222222,3.0,"2024,2025,2026",False,5,Peak
2024-06-07,Standard King,True,2024-01-01,config,False,1149.7,8.0,5.0,1149.7,06-07,1192.7072222222223,3.0,"2024,2025,2026",False,5,Peak
2024-06-08,Standard King,True,2024-01-01,config,False,1056.057142857143,8.0,4.0,1056.057142857143,06-08,778.782380952381,3.0,"2024,2025,2026",False,5,Peak
2024-06-09,Standard King,True,2024-01-01,config,False,718.0571428571428,5.0,0.0,718.0571428571428,06-09,718.8490476190476,3.0,"2024,2025,2026",False,5,Peak
2024-06-10,Standard King,True,2024-01-01,config,False,983.4571428571428,7.0,5.0,983.4571428571428,06-10,1004.6257142857143,3.0,"2024,2025,2026",False,5,Peak
2024-06-11,Standard King,True,2024-01-01,config,False,562.5571428571428,4.0,2.0,562.5571428571428,06-11,905.8971536796536,3.0,"2024,2025,2026",False,5,Peak
2024-06-12,Standard King,True,2024-01-01,config,False,1102.9571428571428,8.0,6.0,1102.9571428571428,06-12,1306.7943759018758,3.0,"2024,2025,2026",False,5,Peak
2024-06-13,Standard King,True,2024-01-01,config,False,1074.4071428571428,8.0,3.0,1074.4071428571428,06-13,1057.5404365079364,3.0,"2024,2025,2026",False,5,Peak
2024-06-14,Standard King,True,2024-01-01,config,False,1092.107142857143,8.0,1.0,1092.107142857143,06-14,1118.2079365079364,3.0,"2024,2025,2026",False,5,Peak
2024-06-15,Standard King,True,2024-01-01,config,False,944.8666666666667,6.0,6.0,944.8666666666667,06-15,878.0691666666667,3.0,"2024,2025,2026",False,5,Peak
2024-06-16,Standard King,True,2024-01-01,config,False,871.4666666666667,6.0,4.0,871.4666666666667,06-16,1043.0483333333334,3.0,"2024,2025,2026",False,5,Peak
2024-06-17,Standard King,True,2024-01-01,config,False,1140.6666666666667,8.0,5.0,1140.6666666666667,06-17,1222.9594444444444,3.0,"2024,2025,2026",False,5,Peak
2024-06-18,Standard King,True,2024-01-01,config,False,1000.1,7.0,3.0,1000.1,06-18,1214.0080555555558,3.0,"2024,2025,2026",False,5,Peak
2024-06-19,Standard King,True,2024-01-01,config,False,1289.95,9.0,6.0,1289.95,06-19,1408.460277777778,3.0,"2024,2025,2026",False,5,Peak
2024-06-20,Standard King,True,2024-01-01,config,False,1161.85,8.0,6.0,1161.85,06-20,1448.2,3.0,"2024,2025,2026",False,5,Peak
2024-06-21,Standard King,True,2024-01-01,config,False,1182.7,8.0,4.0,1182.7,06-21,1278.1947222222223,3.0,"2024,2025,2026",False,5,Peak
2024-06-22,Standard King,True,2024-01-01,config,False,1319.395,8.0,5.0,1319.395,06-22,1282.253611111111,3.0,"2024,2025,2026",False,5,Peak
2024-06-23,Standard King,True,2024-01-01,config,False,1278.395,8.0,5.0,1278.395,06-23,1252.7119444444445,3.0,"2024,2025,2026",False,5,Peak
2024-06-24,Standard King,True,2024-01-01,config,False,958.2,7.0,3.0,958.2,06-24,1202.5169444444446,3.0,"2024,2025,2026",False,5,Peak
2024-06-25,Standard King,True,2024-01-01,config,False,1166.4,8.0,5.0,1166.4,06-25,1208.651111111111,3.0,"2024,2025,2026",False,5,Peak
2024-06-26,Standard King,True,2024-01-01,config,False,996.3,7.0,6.0,996.3,06-26,1160.7077777777777,3.0,"2024,2025,2026",False,5,Peak
2024-06-27,Standard King,True,2024-01-01,config,False,1134.5,8.0,3.0,1134.5,06-27,1301.825,3.0,"2024,2025,2026",False,5,Peak
2024-06-28,Standard King,True,2024-01-01,config,False,1156.6,8.0,5.0,1156.6,06-28,1099.4522222222222,3.0,"2024,2025,2026",False,5,Peak
2024-06-29,Standard King,True,2024-01-01,config,False,1183.6499999999999,8.0,7.0,1183.6499999999999,06-29,1066.9016666666666,3.0,"2024,2025,2026",False,5,Peak
2024-06-30,Standard King,True,2024-01-01,config,False,893.2333333333333,6.0,3.0,893.2333333333333,06-30,1134.9105555555554,3.0,"2024,2025,2026",False,5,Peak
2024-07-01,Standard King,True,2024-01-01,config,False,1206.1333333333332,8.0,4.0,1206.1333333333332,07-01,1055.7188888888888,3.0,"2024,2025,2026",False,5,Peak
2024-07-02,Standard King,True,2024-01-01,config,False,1239.8333333333333,8.0,2.0,1239.8333333333333,07-02,1062.4222222222222,3.0,"2024,2025,2026",False,5,Peak
2024-07-03,Standard King,True,2024-01-01,config,False,1202.75,8.0,4.0,1202.75,07-03,1139.1616666666666,3.0,"2024,2025,2026",False,5,Peak
2024-07-04,Standard King,True,2024-01-01,config,False,1184.45,8.0,4.0,1184.45,07-04,1445.187222222222,3.0,"2024,2025,2026",False,5,Peak
2024-07-05,Standard King,True,2024-01-01,config,False,1111.2,7.0,5.0,1111.2,07-05,1318.5333333333333,3.0,"2024,2025,2026",False,5,Peak
2024-07-06,Standard King,True,2024-01-01,config,False,1305.25,8.0,6.0,1305.25,07-06,1280.4811111111112,3.0,"2024,2025,2026",False,5,Peak
2024-07-07,Standard King,True,2024-01-01,config,False,1241.7916666666667,8.0,5.0,1241.7916666666667,07-07,1148.753888888889,3.0,"2024,2025,2026",False,5,Peak
2024-07-08,Standard King,True,2024-01-01,config,False,1161.6916666666666,8.0,6.0,1161.6916666666666,07-08,1130.965,3.0,"2024,2025,2026",False,5,Peak
2024-07-09,Standard King,True,2024-01-01,config,False,1139.6416666666667,8.0,5.0,1139.6416666666667,07-09,1183.4294444444442,3.0,"2024,2025,2026",False,5,Peak
2024-07-10,Standard King,True,2024-01-01,config,False,1191.975,8.0,5.0,1191.975,07-10,1419.0394444444444,3.0,"2024,2025,2026",False,5,Peak
2024-07-11,Standard King,True,2024-01-01,config,False,1215.6,8.0,5.0,1215.6,07-11,1417.7144444444446,3.0,"2024,2025,2026",False,5,Peak
2024-07-12,Standard King,True,2024-01-01,config,False,1231.5,8.0,5.0,1231.5,07-12,1026.4733333333334,3.0,"2024,2025,2026",False,5,Peak
2024-07-13,Standard King,True,2024-01-01,config,False,1211.0,8.0,7.0,1211.0,07-13,1367.0625555555555,3.0,"2024,2025,2026",False,5,Peak
2024-07-14,Standard King,True,2024-01-01,config,False,1022.85,7.0,6.0,1022.85,07-14,1203.3786666666665,3.0,"2024,2025,2026",False,5,Peak
2024-07-15,Standard King,True,2024-01-01,config,False,1221.35,8.0,5.0,1221.35,07-15,1298.4486666666664,3.0,"2024,2025,2026",False,5,Peak
2024-07-16,Standard King,True,2024-01-01,config,False,1217.05,8.0,5.0,1217.05,07-16,1252.0481111111112,3.0,"2024,2025,2026",False,5,Peak
2024-07-17,Standard King,True,2024-01-01,config,False,1182.35,8.0,4.0,1182.35,07-17,1263.1175555555556,3.0,"2024,2025,2026",False,5,Peak
2024-07-18,Standard King,True,2024-01-01,config,False,1061.75,7.0,3.0,1061.75,07-18,1206.788888888889,3.0,"2024,2025,2026",False,5,Peak
2024-07-19,Standard King,True,2024-01-01,config,False,1274.3,8.0,6.0,1274.3,07-19,1349.6961111111111,3.0,"2024,2025,2026",False,5,Peak
2024-07-20,Standard King,True,2024-01-01,config,False,1300.5666666666666,8.0,4.0,1300.5666666666666,07-20,1023.7294444444445,3.0,"2024,2025,2026",False,5,Peak
2024-07-21,Standard King,True,2024-01-01,config,False,622.1666666666666,4.0,3.0,622.1666666666666,07-21,968.5861111111111,3.0,"2024,2025,2026",False,5,Peak
2024-07-22,Standard King,True,2024-01-01,config,False,1209.1666666666667,8.0,6.0,1209.1666666666667,07-22,1004.9138888888889,3.0,"2024,2025,2026",False,5,Peak
2024-07-23,Standard King,True,2024-01-01,config,False,1172.6666666666667,8.0,3.0,1172.6666666666667,07-23,1160.3661111111112,3.0,"2024,2025,2026",False,5,Peak
2024-07-24,Standard King,True,2024-01-01,config,False,1040.7866666666666,7.0,3.0,1040.7866666666666,07-24,1142.4644444444446,3.0,"2024,2025,2026",False,5,Peak
2024-07-25,Standard King,True,2024-01-01,config,False,1175.7866666666666,8.0,4.0,1175.7866666666666,07-25,1220.9411111111112,3.0,"2024,2025,2026",False,5,Peak
2024-07-26,Standard King,True,2024-01-01,config,False,1287.9866666666667,8.0,7.0,1287.9866666666667,07-26,1140.7844444444445,3.0,"2024,2025,2026",False,5,Peak
2024-07-27,Standard King,True,2024-01-01,config,False,1115.9666666666667,7.0,3.0,1115.9666666666667,07-27,1058.1805555555557,3.0,"2024,2025,2026",False,5,Peak
2024-07-28,Standard King,True,2024-01-01,config,False,868.2666666666667,7.0,6.0,868.2666666666667,07-28,832.3172222222223,3.0,"2024,2025,2026",False,5,Peak
2024-07-29,Standard King,True,2024-01-01,config,False,887.0,7.0,4.0,887.0,07-29,805.1444444444445,3.0,"2024,2025,2026",False,5,Peak
2024-07-30,Standard King,True,2024-01-01,config,False,458.0,6.0,5.0,458.0,07-30,651.3586111111111,3.0,"2024,2025,2026",False,5,Peak
2024-07-31,Standard King,True,2024-01-01,config,False,0.0,4.0,1.0,0.0,07-31,672.3952777777778,3.0,"2024,2025,2026",False,5,Peak
2024-08-01,Standard King,True,2024-01-01,config,False,453.65,3.0,3.0,453.65,08-01,865.1386111111111,3.0,"2024,2025,2026",False,5,Peak
2024-08-02,Standard King,True,2024-01-01,config,False,957.3166666666666,6.0,4.0,957.3166666666666,08-02,995.0180555555556,3.0,"2024,2025,2026",False,5,Peak
2024-08-03,Standard King,True,2024-01-01,config,False,1071.3166666666666,7.0,6.0,1071.3166666666666,08-03,903.7830555555556,3.0,"2024,2025,2026",False,5,Peak
2024-08-04,Standard King,True,2024-01-01,config,False,882.8166666666666,6.0,2.0,882.8166666666666,08-04,873.4338888888889,3.0,"2024,2025,2026",False,5,Peak
2024-08-05,Standard King,True,2024-01-01,config,False,1087.9,8.0,6.0,1087.9,08-05,950.6933333333333,3.0,"2024,2025,2026",False,4,High
2024-08-06,Standard King,True,2024-01-01,config,False,1174.2,8.0,7.0,1174.2,08-06,1040.5677777777778,3.0,"2024,2025,2026",False,4,High
2024-08-07,Standard King,True,2024-01-01,config,False,1220.5,8.0,5.0,1220.5,08-07,1082.683611111111,3.0,"2024,2025,2026",False,4,High
2024-08-08,Standard King,True,2024-01-01,config,False,1267.2916666666667,8.0,5.0,1267.2916666666667,08-08,1091.1783333333333,3.0,"2024,2025,2026",False,4,High
2024-08-09,Standard King,True,2024-01-01,config,False,1263.2916666666667,8.0,5.0,1263.2916666666667,08-09,995.9755555555556,3.0,"2024,2025,2026",False,4,High
2024-08-10,Standard King,True,2024-01-01,config,False,1245.85,8.0,6.0,1245.85,08-10,705.0616666666666,3.0,"2024,2025,2026",False,4,High
2024-08-11,Standard King,True,2024-01-01,config,False,892.1833333333334,7.0,5.0,892.1833333333334,08-11,791.9144444444445,3.0,"2024,2025,2026",False,4,High
2024-08-12,Standard King,True,2024-01-01,config,False,903.2833333333333,7.0,4.0,903.2833333333333,08-12,786.6727777777778,3.0,"2024,2025,2026",False,4,High
2024-08-13,Standard King,True,2024-01-01,config,False,540.95,4.0,3.0,540.95,08-13,620.0083333333333,3.0,"2024,2025,2026",False,4,High
2024-08-14,Standard King,True,2024-01-01,config,False,876.1999999999999,6.0,5.0,876.1999999999999,08-14,720.7416666666667,3.0,"2024,2025,2026",False,4,High
2024-08-15,Standard King,True,2024-01-01,config,False,916.1666666666666,6.0,3.0,916.1666666666666,08-15,719.9294444444445,3.0,"2024,2025,2026",False,4,High
2024-08-16,Standard King,True,2024-01-01,config,False,1044.4666666666667,6.0,4.0,1044.4666666666667,08-16,714.0211111111112,3.0,"2024,2025,2026",False,4,High
2024-08-17,Standard King,True,2024-01-01,config,False,904.0166666666667,7.0,6.0,904.0166666666667,08-17,769.1411111111111,3.0,"2024,2025,2026",False,4,High
2024-08-18,Standard King,True,2024-01-01,config,False,1166.75,8.0,4.0,1166.75,08-18,863.93,3.0,"2024,2025,2026",False,4,High
2024-08-19,Standard King,True,2024-01-01,config,False,1160.25,8.0,7.0,1160.25,08-19,806.2633333333333,3.0,"2024,2025,2026",False,4,High
2024-08-20,Standard King,True,2024-01-01,config,False,1163.05,8.0,6.0,1163.05,08-20,1079.4822222222222,3.0,"2024,2025,2026",False,4,High
2024-08-21,Standard King,True,2024-01-01,config,False,1113.95,8.0,7.0,1113.95,08-21,1016.8497222222222,3.0,"2024,2025,2026",False,4,High
2024-08-22,Standard King,True,2024-01-01,config,False,1264.1166666666666,8.0,5.0,1264.1166666666666,08-22,1169.520277777778,3.0,"2024,2025,2026",False,4,High
2024-08-23,Standard King,True,2024-01-01,config,False,1266.6166666666668,8.0,5.0,1266.6166666666668,08-23,897.4930555555557,3.0,"2024,2025,2026",False,4,High
2024-08-24,Standard King,True,2024-01-01,config,False,1214.9416666666666,8.0,5.0,1214.9416666666666,08-24,820.4347222222223,3.0,"2024,2025,2026",False,4,High
2024-08-25,Standard King,True,2024-01-01,config,False,724.625,5.0,1.0,724.625,08-25,612.4616666666667,3.0,"2024,2025,2026",False,4,High
2024-08-26,Standard King,True,2024-01-01,config,False,533.675,4.0,2.0,533.675,08-26,514.8594444444444,3.0,"2024,2025,2026",False,5,Peak
2024-08-27,Standard King,True,2024-01-01,config,False,1204.175,8.0,5.0,1204.175,08-27,763.0222222222222,3.0,"2024,2025,2026",False,4,High
2024-08-28,Standard King,True,2024-01-01,config,False,816.55,6.0,5.0,816.55,08-28,838.6938888888889,3.0,"2024,2025,2026",False,4,High
2024-08-29,Standard King,True,2024-01-01,config,False,1305.57,8.0,6.0,1305.57,08-29,1151.3572222222222,3.0,"2024,2025,2026",False,4,High
2024-08-30,Standard King,True,2024-01-01,config,False,1361.73,8.0,3.0,1361.73,08-30,1148.171111111111,3.0,"2024,2025,2026",False,4,High
2024-08-31,Standard King,True,2024-01-01,config,False,1361.73,8.0,0.0,1361.73,08-31,1094.3544444444444,3.0,"2024,2025,2026",False,4,High
2024-09-01,Standard King,True,2024-01-01,config,False,1217.82,7.0,3.0,1217.82,09-01,898.6383333333333,3.0,"2024,2025,2026",False,4,High
2024-09-02,Standard King,True,2024-01-01,config,False,996.4,8.0,6.0,996.4,09-02,838.8208333333333,3.0,"2024,2025,2026",False,4,High
2024-09-03,Standard King,True,2024-01-01,config,False,1058.4,8.0,6.0,1058.4,09-03,682.2941666666667,3.0,"2024,2025,2026",False,4,High
2024-09-04,Standard King,True,2024-01-01,config,False,992.65,8.0,5.0,992.65,09-04,769.0108333333333,3.0,"2024,2025,2026",False,5,Peak
2024-09-05,Standard King,True,2024-01-01,config,False,1072.45,8.0,5.0,1072.45,09-05,1130.2141666666666,3.0,"2024,2025,2026",False,5,Peak
2024-09-06,Standard King,True,2024-01-01,config,False,1207.1,8.0,5.0,1207.1,09-06,819.1861111111111,3.0,"2024,2025,2026",False,5,Peak
2024-09-07,Standard King,True,2024-01-01,config,False,1178.8916666666667,8.0,8.0,1178.8916666666667,09-07,897.4788888888888,3.0,"2024,2025,2026",False,4,High
2024-09-08,Standard King,True,2024-01-01,config,False,1109.8916666666667,8.0,5.0,1109.8916666666667,09-08,914.3327777777777,3.0,"2024,2025,2026",False,4,High
2024-09-09,Standard King,True,2024-01-01,config,False,1109.1083333333333,8.0,4.0,1109.1083333333333,09-09,800.785,3.0,"2024,2025,2026",False,4,High
2024-09-10,Standard King,True,2024-01-01,config,False,1119.6416666666667,8.0,5.0,1119.6416666666667,09-10,806.9055555555556,3.0,"2024,2025,2026",False,4,High
2024-09-11,Standard King,True,2024-01-01,config,False,1102.0666666666666,8.0,3.0,1102.0666666666666,09-11,736.6505555555556,3.0,"2024,2025,2026",False,4,High
2024-09-12,Standard King,True,2024-01-01,config,False,990.65,7.0,6.0,990.65,09-12,690.8166666666666,3.0,"2024,2025,2026",False,4,High
2024-09-13,Standard King,True,2024-01-01,config,False,1120.55,7.0,6.0,1120.55,09-13,859.8477777777777,3.0,"2024,2025,2026",False,4,High
2024-09-14,Standard King,True,2024-01-01,config,False,668.0,4.0,3.0,668.0,09-14,547.2611111111111,3.0,"2024,2025,2026",False,5,Peak
2024-09-15,Standard King,True,2024-01-01,config,False,1098.4,7.0,5.0,1098.4,09-15,801.0972222222223,3.0,"2024,2025,2026",False,5,Peak
2024-09-16,Standard King,True,2024-01-01,config,False,966.4,7.0,4.0,966.4,09-16,761.6194444444445,3.0,"2024,2025,2026",False,4,High
2024-09-17,Standard King,True,2024-01-01,config,False,1061.5,8.0,5.0,1061.5,09-17,809.9272222222222,3.0,"2024,2025,2026",False,5,Peak
2024-09-18,Standard King,True,2024-01-01,config,False,1178.15,8.0,6.0,1178.15,09-18,833.4105555555556,3.0,"2024,2025,2026",False,5,Peak
2024-09-19,Standard King,True,2024-01-01,config,False,1212.25,8.0,5.0,1212.25,09-19,1004.7172222222222,3.0,"2024,2025,2026",False,5,Peak
2024-09-20,Standard King,True,2024-01-01,config,False,1291.2666666666667,8.0,5.0,1291.2666666666667,09-20,948.5100000000001,3.0,"2024,2025,2026",False,4,High
2024-09-21,Standard King,True,2024-01-01,config,False,1206.1166666666666,8.0,6.0,1206.1166666666666,09-21,1010.0672222222221,3.0,"2024,2025,2026",False,4,High
2024-09-22,Standard King,True,2024-01-01,config,False,1109.2166666666667,8.0,5.0,1109.2166666666667,09-22,908.5572222222222,3.0,"2024,2025,2026",False,5,Peak
2024-09-23,Standard King,True,2024-01-01,config,False,1054.35,8.0,5.0,1054.35,09-23,845.3266666666667,3.0,"2024,2025,2026",False,4,High
2024-09-24,Standard King,True,2024-01-01,config,False,1193.1,8.0,5.0,1193.1,09-24,831.165,3.0,"2024,2025,2026",False,4,High
2024-09-25,Standard King,True,2024-01-01,config,False,1278.75,8.0,4.0,1278.75,09-25,888.5805555555556,3.0,"2024,2025,2026",False,4,High
2024-09-26,Standard King,True,2024-01-01,config,False,1270.35,8.0,5.0,1270.35,09-26,952.1555555555556,3.0,"2024,2025,2026",False,4,High
2024-09-27,Standard King,True,2024-01-01,config,False,1310.95,8.0,6.0,1310.95,09-27,956.6038888888888,3.0,"2024,2025,2026",False,4,High
2024-09-28,Standard King,True,2024-01-01,config,False,996.2,6.0,3.0,996.2,09-28,909.2916666666666,3.0,"2024,2025,2026",False,4,High
2024-09-29,Standard King,True,2024-01-01,config,False,1059.3666666666668,7.0,7.0,1059.3666666666668,09-29,862.9372222222223,3.0,"2024,2025,2026",False,4,High
2024-09-30,Standard King,True,2024-01-01,config,False,689.3666666666667,5.0,2.0,689.3666666666667,09-30,759.9505555555556,3.0,"2024,2025,2026",False,4,High
2024-10-01,Standard King,True,2024-01-01,config,False,1183.8666666666668,8.0,6.0,1183.8666666666668,10-01,818.9944444444445,3.0,"2024,2025,2026",False,4,High
2024-10-02,Standard King,True,2024-01-01,config,False,802.5799999999999,7.0,7.0,802.5799999999999,10-02,751.6527777777777,3.0,"2024,2025,2026",False,4,High
2024-10-03,Standard King,True,2024-01-01,config,False,1156.4,8.0,7.0,1156.4,10-03,856.3711111111112,3.0,"2024,2025,2026",False,4,High
2024-10-04,Standard King,True,2024-01-01,config,False,1128.8,8.0,3.0,1128.8,10-04,859.9699999999999,3.0,"2024,2025,2026",False,4,High
2024-10-05,Standard King,True,2024-01-01,config,False,1102.3,8.0,4.0,1102.3,10-05,675.6144444444444,3.0,"2024,2025,2026",False,4,High
2024-10-06,Standard King,True,2024-01-01,config,False,994.5,7.0,4.0,994.5,10-06,744.0531944444446,3.0,"2024,2025,2026",False,4,High
2024-10-07,Standard King,True,2024-01-01,config,False,612.65,5.0,3.0,612.65,10-07,759.3304166666667,3.0,"2024,2025,2026",False,4,High
2024-10-08,Standard King,True,2024-01-01,config,False,1078.05,8.0,5.0,1078.05,10-08,861.0887499999999,3.0,"2024,2025,2026",False,4,High
2024-10-09,Standard King,True,2024-01-01,config,False,1087.4,8.0,8.0,1087.4,10-09,870.9404166666667,3.0,"2024,2025,2026",False,4,High
2024-10-10,Standard King,True,2024-01-01,config,False,980.8,8.0,7.0,980.8,10-10,876.0472222222223,3.0,"2024,2025,2026",False,4,High
2024-10-11,Standard King,True,2024-01-01,config,False,1159.0,8.0,6.0,1159.0,10-11,847.6705555555556,3.0,"2024,2025,2026",False,3,Shoulder
2024-10-12,Standard King,True,2024-01-01,config,False,1265.1,8.0,7.0,1265.1,10-12,752.9388888888889,3.0,"2024,2025,2026",False,3,Shoulder
2024-10-13,Standard King,True,2024-01-01,config,False,703.1,5.0,2.0,703.1,10-13,452.5333333333333,3.0,"2024,2025,2026",False,3,Shoulder
2024-10-14,Standard King,True,2024-01-01,config,False,835.85,7.0,5.0,835.85,10-14,451.6000000000001,3.0,"2024,2025,2026",False,3,Shoulder
2024-10-15,Standard King,True,2024-01-01,config,False,867.05,8.0,4.0,867.05,10-15,557.4033333333333,3.0,"2024,2025,2026",False,3,Shoulder
2024-10-16,Standard King,True,2024-01-01,config,False,765.7,7.0,6.0,765.7,10-16,537.8066666666667,3.0,"2024,2025,2026",False,3,Shoulder
2024-10-17,Standard King,True,2024-01-01,config,False,870.0,7.0,7.0,870.0,10-17,659.0316666666666,3.0,"2024,2025,2026",False,3,Shoulder
2024-10-18,Standard King,True,2024-01-01,config,False,841.2,7.0,1.0,841.2,10-18,700.2783333333333,3.0,"2024,2025,2026",False,3,Shoulder
2024-10-19,Standard King,True,2024-01-01,config,False,439.8,4.0,4.0,439.8,10-19,271.2,3.0,"2024,2025,2026",False,3,Shoulder
2024-10-20,Standard King,True,2024-01-01,config,False,463.0,4.0,2.0,463.0,10-20,336.55833333333334,3.0,"2024,2025,2026",False,3,Shoulder
2024-10-21,Standard King,True,2024-01-01,config,False,302.05,3.0,3.0,302.05,10-21,349.075,3.0,"2024,2025,2026",False,3,Shoulder
2024-10-22,Standard King,True,2024-01-01,config,False,311.05,3.0,1.0,311.05,10-22,190.61666666666667,3.0,"2024,2025,2026",False,3,Shoulder
2024-10-23,Standard King,True,2024-01-01,config,False,684.6,6.0,5.0,684.6,10-23,436.5,3.0,"2024,2025,2026",False,3,Shoulder
2024-10-24,Standard King,True,2024-01-01,config,False,285.6,3.0,2.0,285.6,10-24,318.0166666666667,3.0,"2024,2025,2026",False,3,Shoulder
2024-10-25,Standard King,True,2024-01-01,config,False,330.9,3.0,2.0,330.9,10-25,368.55,3.0,"2024,2025,2026",False,3,Shoulder
2024-10-26,Standard King,True,2024-01-01,config,False,241.3,2.0,0.0,241.3,10-26,195.68999999999997,3.0,"2024,2025,2026",False,2,Low
2024-10-27,Standard King,True,2024-01-01,config,False,0.0,0.0,0.0,0.0,10-27,0.0,3.0,"2024,2025,2026",False,2,Low
2024-10-28,Standard King,True,2024-01-01,config,False,0.0,0.0,0.0,0.0,10-28,81.26666666666667,3.0,"2024,2025,2026",False,2,Low
2024-10-29,Standard King,True,2024-01-01,config,False,112.0,1.0,1.0,112.0,10-29,200.15611111111107,3.0,"2024,2025,2026",False,2,Low
2024-10-30,Standard King,True,2024-01-01,config,False,0.0,0.0,0.0,0.0,10-30,177.96444444444444,3.0,"2024,2025,2026",False,2,Low
2024-10-31,Standard King,True,2024-01-01,config,False,100.8,1.0,1.0,100.8,10-31,280.61944444444447,3.0,"2024,2025,2026",False,2,Low
2024-11-01,Standard King,True,2024-01-01,config,False,172.0,2.0,2.0,172.0,11-01,279.825,3.0,"2024,2025,2026",False,1,Soft
2024-11-02,Standard King,True,2024-01-01,config,False,86.0,1.0,0.0,86.0,11-02,97.29166666666667,3.0,"2024,2025,2026",False,1,Soft
2024-11-03,Standard King,True,2024-01-01,config,False,86.0,1.0,0.0,86.0,11-03,126.39999999999999,3.0,"2024,2025,2026",False,1,Soft
2024-11-04,Standard King,True,2024-01-01,config,False,0.0,0.0,0.0,0.0,11-04,76.73333333333333,3.0,"2024,2025,2026",False,1,Soft
2024-11-05,Standard King,True,2024-01-01,config,False,0.0,0.0,0.0,0.0,11-05,161.58333333333334,3.0,"2024,2025,2026",False,1,Soft
2024-11-06,Standard King,True,2024-01-01,config,False,0.0,0.0,0.0,0.0,11-06,75.66666666666667,3.0,"2024,2025,2026",False,1,Soft
2024-11-07,Standard King,True,2024-01-01,config,False,68.8,1.0,1.0,68.8,11-07,225.09375,3.0,"2024,2025,2026",False,1,Soft
2024-11-08,Standard King,True,2024-01-01,config,False,154.8,2.0,2.0,154.8,11-08,262.5104166666667,3.0,"2024,2025,2026",False,1,Soft
2024-11-09,Standard King,True,2024-01-01,config,False,86.0,1.0,0.0,86.0,11-09,203.84375,3.0,"2024,2025,2026",False,1,Soft
2024-11-10,Standard King,True,2024-01-01,config,False,86.0,1.0,1.0,86.0,11-10,220.01375,3.0,"2024,2025,2026",False,1,Soft
2024-11-11,Standard King,True,2024-01-01,config,False,156.0,2.0,1.0,156.0,11-11,185.1604166666667,3.0,"2024,2025,2026",False,1,Soft
2024-11-12,Standard King,True,2024-01-01,config,False,156.0,2.0,1.0,156.0,11-12,146.22708333333333,3.0,"2024,2025,2026",False,1,Soft
2024-11-13,Standard King,True,2024-01-01,config,False,138.8,2.0,1.0,138.8,11-13,148.37152777777777,3.0,"2024,2025,2026",False,1,Soft
2024-11-14,Standard King,True,2024-01-01,config,False,77.4,1.0,1.0,77.4,11-14,213.66819444444445,3.0,"2024,2025,2026",False,1,Soft
2024-11-15,Standard King,True,2024-01-01,config,False,86.0,1.0,1.0,86.0,11-15,268.80861111111113,3.0,"2024,2025,2026",False,1,Soft
2024-11-16,Standard King,True,2024-01-01,config,False,0.0,0.0,0.0,0.0,11-16,81.28333333333333,3.0,"2024,2025,2026",False,1,Soft
2024-11-17,Standard King,True,2024-01-01,config,False,0.0,0.0,0.0,0.0,11-17,33.166666666666664,3.0,"2024,2025,2026",False,1,Soft
2024-11-18,Standard King,True,2024-01-01,config,False,0.0,0.0,0.0,0.0,11-18,0.0,3.0,"2024,2025,2026",False,1,Soft
2024-11-19,Standard King,True,2024-01-01,config,False,0.0,0.0,0.0,0.0,11-19,20.683333333333334,3.0,"2024,2025,2026",False,1,Soft
2024-11-20,Standard King,True,2024-01-01,config,False,0.0,0.0,0.0,0.0,11-20,56.77777777777777,3.0,"2024,2025,2026",False,1,Soft
2024-11-21,Standard King,True,2024-01-01,config,False,66.6,1.0,1.0,66.6,11-21,161.3661111111111,3.0,"2024,2025,2026",False,1,Soft
2024-11-22,Standard King,True,2024-01-01,config,False,144.0,2.0,1.0,144.0,11-22,221.24944444444444,3.0,"2024,2025,2026",False,1,Soft
2024-11-23,Standard King,True,2024-01-01,config,False,318.2,4.0,4.0,318.2,11-23,298.94,3.0,"2024,2025,2026",False,1,Soft
2024-11-24,Standard King,True,2024-01-01,config,False,310.9,5.0,3.0,310.9,11-24,223.88,3.0,"2024,2025,2026",False,1,Soft
2024-11-25,Standard King,True,2024-01-01,config,False,322.8,7.0,6.0,322.8,11-25,239.775,3.0,"2024,2025,2026",False,1,Soft
2024-11-26,Standard King,True,2024-01-01,config,False,383.7,6.0,6.0,383.7,11-26,188.1916666666667,3.0,"2024,2025,2026",False,1,Soft
2024-11-27,Standard King,True,2024-01-01,config,False,183.2,3.0,2.0,183.2,11-27,170.38555555555556,3.0,"2024,2025,2026",False,1,Soft
2024-11-28,Standard King,True,2024-01-01,config,False,435.55,6.0,5.0,435.55,11-28,293.43888888888887,3.0,"2024,2025,2026",False,2,Low
2024-11-29,Standard King,True,2024-01-01,config,False,621.775,8.0,5.0,621.775,11-29,400.7855555555555,3.0,"2024,2025,2026",False,2,Low
2024-11-30,Standard King,True,2024-01-01,config,False,534.525,7.0,4.0,534.525,11-30,285.42333333333335,3.0,"2024,2025,2026",False,1,Soft
2024-12-01,Standard King,True,2024-01-01,config,False,291.4,5.0,5.0,291.4,12-01,201.90666666666667,3.0,"2024,2025,2026",False,1,Soft
2024-12-02,Standard King,True,2024-01-01,config,False,41.65,1.0,1.0,41.65,12-02,93.17333333333333,3.0,"2024,2025,2026",False,1,Soft
2024-12-03,Standard King,True,2024-01-01,config,False,220.8,5.0,4.0,220.8,12-03,145.98333333333335,3.0,"2024,2025,2026",False,1,Soft
2024-12-04,Standard King,True,2024-01-01,config,False,412.65999999999997,8.0,6.0,412.65999999999997,12-04,156.71,3.0,"2024,2025,2026",False,1,Soft
2024-12-05,Standard King,True,2024-01-01,config,False,238.20999999999998,4.0,1.0,238.20999999999998,12-05,158.495,3.0,"2024,2025,2026",False,1,Soft
2024-12-06,Standard King,True,2024-01-01,config,False,307.51,5.0,2.0,307.51,12-06,157.07500000000002,3.0,"2024,2025,2026",False,1,Soft
2024-12-07,Standard King,True,2024-01-01,config,False,152.79,3.0,1.0,152.79,12-07,125.38666666666666,3.0,"2024,2025,2026",False,1,Soft
2024-12-08,Standard King,True,2024-01-01,config,False,45.99,3.0,2.0,45.99,12-08,69.16333333333334,3.0,"2024,2025,2026",False,1,Soft
2024-12-09,Standard King,True,2024-01-01,config,False,95.99000000000001,3.0,1.0,95.99000000000001,12-09,31.99666666666667,3.0,"2024,2025,2026",False,1,Soft
2024-12-10,Standard King,True,2024-01-01,config,False,212.44,5.0,3.0,212.44,12-10,102.64666666666666,3.0,"2024,2025,2026",False,1,Soft
2024-12-11,Standard King,True,2024-01-01,config,False,196.49,6.0,3.0,196.49,12-11,279.085,3.0,"2024,2025,2026",False,1,Soft
2024-12-12,Standard King,True,2024-01-01,config,False,238.54,4.0,2.0,238.54,12-12,303.2683333333333,3.0,"2024,2025,2026",False,1,Soft
2024-12-13,Standard King,True,2024-01-01,config,False,277.84000000000003,4.0,1.0,277.84000000000003,12-13,277.61,3.0,"2024,2025,2026",False,1,Soft
2024-12-14,Standard King,True,2024-01-01,config,False,426.26,6.0,3.0,426.26,12-14,142.08666666666667,3.0,"2024,2025,2026",False,1,Soft
2024-12-15,Standard King,True,2024-01-01,config,False,355.61,5.0,1.0,355.61,12-15,181.29,3.0,"2024,2025,2026",False,2,Low
2024-12-16,Standard King,True,2024-01-01,config,False,114.99000000000001,2.0,0.0,114.99000000000001,12-16,133.18555555555557,3.0,"2024,2025,2026",False,2,Low
2024-12-17,Standard King,True,2024-01-01,config,False,178.74,3.0,1.0,178.74,12-17,173.33555555555554,3.0,"2024,2025,2026",False,2,Low
2024-12-18,Standard King,True,2024-01-01,config,False,114.99000000000001,2.0,0.0,114.99000000000001,12-18,71.55222222222223,3.0,"2024,2025,2026",False,2,Low
2024-12-19,Standard King,True,2024-01-01,config,False,295.19,4.0,3.0,295.19,12-19,370.96333333333337,3.0,"2024,2025,2026",False,2,Low
2024-12-20,Standard King,True,2024-01-01,config,False,298.8333333333333,3.0,3.0,298.8333333333333,12-20,391.45194444444445,3.0,"2024,2025,2026",False,2,Low
2024-12-21,Standard King,True,2024-01-01,config,False,369.5733333333333,4.0,2.0,369.5733333333333,12-21,323.12083333333334,3.0,"2024,2025,2026",False,2,Low
2024-12-22,Standard King,True,2024-01-01,config,False,380.15583333333336,4.0,2.0,380.15583333333336,12-22,285.69083333333333,3.0,"2024,2025,2026",False,3,Shoulder
2024-12-23,Standard King,True,2024-01-01,config,False,297.2225,3.0,2.0,297.2225,12-23,334.19472222222225,3.0,"2024,2025,2026",False,3,Shoulder
2024-12-24,Standard King,True,2024-01-01,config,False,171.85250000000002,2.0,1.0,171.85250000000002,12-24,337.00083333333333,3.0,"2024,2025,2026",False,3,Shoulder
2024-12-25,Standard King,True,2024-01-01,config,False,251.85250000000002,3.0,1.0,251.85250000000002,12-25,345.6619444444444,3.0,"2024,2025,2026",False,3,Shoulder
2024-12-26,Standard King,True,2024-01-01,config,False,575.0,5.0,5.0,575.0,12-26,490.12361111111113,3.0,"2024,2025,2026",False,3,Shoulder
2024-12-27,Standard King,True,2024-01-01,config,False,722.0,8.0,8.0,722.0,12-27,621.9986111111111,3.0,"2024,2025,2026",False,3,Shoulder
2024-12-28,Standard King,True,2024-01-01,config,False,757.15,8.0,5.0,757.15,12-28,548.9333333333334,3.0,"2024,2025,2026",False,3,Shoulder
2024-12-29,Standard King,True,2024-01-01,config,False,747.4333333333333,7.0,7.0,747.4333333333333,12-29,611.0466666666667,3.0,"2024,2025,2026",False,3,Shoulder
2024-12-30,Standard King,True,2024-01-01,config,False,523.2033333333334,5.0,4.0,523.2033333333334,12-30,508.40333333333336,3.0,"2024,2025,2026",False,3,Shoulder
2024-12-31,Standard King,True,2024-01-01,config,False,776.7033333333334,8.0,4.0,776.7033333333334,12-31,595.7133333333333,3.0,"2024,2025,2026",False,3,Shoulder
2025-01-01,Standard King,True,2024-01-01,config,False,626.82,8.0,4.0,626.82,01-01,558.5733333333334,3.0,"2024,2025,2026",False,3,Shoulder
2025-01-02,Standard King,True,2024-01-01,config,False,641.3033333333333,8.0,3.0,641.3033333333333,01-02,535.4777777777778,3.0,"2024,2025,2026",False,3,Shoulder
2025-01-03,Standard King,True,2024-01-01,config,False,486.25333333333333,8.0,4.0,486.25333333333333,01-03,352.4511111111112,3.0,"2024,2025,2026",False,3,Shoulder
2025-01-04,Standard King,True,2024-01-01,config,False,451.5333333333333,8.0,3.0,451.5333333333333,01-04,252.4311111111111,3.0,"2024,2025,2026",False,3,Shoulder
2025-01-05,Standard King,True,2024-01-01,config,False,276.1,4.0,2.0,276.1,01-05,225.62,3.0,"2024,2025,2026",False,3,Shoulder
2025-01-06,Standard King,True,2024-01-01,config,False,318.56333333333333,5.0,4.0,318.56333333333333,01-06,185.07111111111112,3.0,"2024,2025,2026",False,3,Shoulder
2025-01-07,Standard King,True,2024-01-01,config,False,241.56333333333333,4.0,2.0,241.56333333333333,01-07,132.48777777777778,3.0,"2024,2025,2026",False,2,Low
2025-01-08,Standard King,True,2024-01-01,config,False,305.68833333333333,5.0,1.0,305.68833333333333,01-08,101.89611111111111,3.0,"2024,2025,2026",False,2,Low
2025-01-09,Standard King,True,2024-01-01,config,False,184.22500000000002,3.0,0.0,184.22500000000002,01-09,225.225,3.0,"2024,2025,2026",False,2,Low
2025-01-10,Standard King,True,2024-01-01,config,False,392.565,6.0,5.0,392.565,01-10,370.7383333333333,3.0,"2024,2025,2026",False,2,Low
2025-01-11,Standard King,True,2024-01-01,config,False,536.045,8.0,4.0,536.045,01-11,228.36166666666665,3.0,"2024,2025,2026",False,2,Low
2025-01-12,Standard King,True,2024-01-01,config,False,337.3,5.0,3.0,337.3,01-12,210.93833333333336,3.0,"2024,2025,2026",False,2,Low
2025-01-13,Standard King,True,2024-01-01,config,False,62.050000000000004,1.0,0.0,62.050000000000004,01-13,171.47166666666666,3.0,"2024,2025,2026",False,2,Low
2025-01-14,Standard King,True,2024-01-01,config,False,62.050000000000004,1.0,0.0,62.050000000000004,01-14,91.01333333333332,3.0,"2024,2025,2026",False,2,Low
2025-01-15,Standard King,True,2024-01-01,config,False,54.75,1.0,1.0,54.75,01-15,119.24111111111112,3.0,"2024,2025,2026",False,2,Low
2025-01-16,Standard King,True,2024-01-01,config,False,193.45,3.0,2.0,193.45,01-16,285.7522222222222,3.0,"2024,2025,2026",False,2,Low
2025-01-17,Standard King,True,2024-01-01,config,False,521.06,8.0,5.0,521.06,01-17,394.1088888888889,3.0,"2024,2025,2026",False,2,Low
2025-01-18,Standard King,True,2024-01-01,config,False,473.75,7.0,3.0,473.75,01-18,287.6044444444444,3.0,"2024,2025,2026",False,2,Low
2025-01-19,Standard King,True,2024-01-01,config,False,397.8333333333333,7.0,5.0,397.8333333333333,01-19,205.36444444444442,3.0,"2024,2025,2026",False,2,Low
2025-01-20,Standard King,True,2024-01-01,config,False,200.73333333333332,4.0,0.0,200.73333333333332,01-20,205.41111111111113,3.0,"2024,2025,2026",False,2,Low
2025-01-21,Standard King,True,2024-01-01,config,False,127.73333333333332,3.0,0.0,127.73333333333332,01-21,152.74444444444444,3.0,"2024,2025,2026",False,1,Soft
2025-01-22,Standard King,True,2024-01-01,config,False,73.0,1.0,0.0,73.0,01-22,121.98333333333333,3.0,"2024,2025,2026",False,1,Soft
2025-01-23,Standard King,True,2024-01-01,config,False,146.0,2.0,1.0,146.0,01-23,228.3166666666667,3.0,"2024,2025,2026",False,1,Soft
2025-01-24,Standard King,True,2024-01-01,config,False,193.45,3.0,2.0,193.45,01-24,166.56,3.0,"2024,2025,2026",False,1,Soft
2025-01-25,Standard King,True,2024-01-01,config,False,340.45,5.0,2.0,340.45,01-25,164.38,3.0,"2024,2025,2026",False,1,Soft
2025-01-26,Standard King,True,2024-01-01,config,False,0.0,0.0,0.0,0.0,01-26,123.48666666666666,3.0,"2024,2025,2026",False,1,Soft
2025-01-27,Standard King,True,2024-01-01,config,False,0.0,0.0,0.0,0.0,01-27,80.52499999999999,3.0,"2024,2025,2026",False,1,Soft
2025-01-28,Standard King,True,2024-01-01,config,False,0.0,0.0,0.0,0.0,01-28,141.70833333333334,3.0,"2024,2025,2026",False,1,Soft
2025-01-29,Standard King,True,2024-01-01,config,False,0.0,0.0,0.0,0.0,01-29,235.57333333333335,3.0,"2024,2025,2026",False,1,Soft
2025-01-30,Standard King,True,2024-01-01,config,False,0.0,0.0,0.0,0.0,01-30,236.92518518518514,3.0,"2024,2025,2026",False,1,Soft
2025-01-31,Standard King,True,2024-01-01,config,False,274.55,4.0,4.0,274.55,01-31,273.35851851851857,3.0,"2024,2025,2026",False,1,Soft
2025-02-01,Standard King,True,2024-01-01,config,False,296.25,4.0,3.0,296.25,02-01,214.86851851851853,3.0,"2024,2025,2026",False,1,Soft
2025-02-02,Standard King,True,2024-01-01,config,False,143.25,2.0,1.0,143.25,02-02,187.99708994708996,3.0,"2024,2025,2026",False,1,Soft
2025-02-03,Standard King,True,2024-01-01,config,False,0.0,0.0,0.0,0.0,02-03,163.5304232804233,3.0,"2024,2025,2026",False,1,Soft
2025-02-04,Standard King,True,2024-01-01,config,False,0.0,0.0,0.0,0.0,02-04,159.24708994708996,3.0,"2024,2025,2026",False,1,Soft
2025-02-05,Standard King,True,2024-01-01,config,False,73.0,1.0,1.0,73.0,02-05,205.16542328042328,3.0,"2024,2025,2026",False,1,Soft
2025-02-06,Standard King,True,2024-01-01,config,False,256.23,4.0,4.0,256.23,02-06,216.94208994708995,3.0,"2024,2025,2026",False,1,Soft
2025-02-07,Standard King,True,2024-01-01,config,False,247.93,4.0,2.0,247.93,02-07,185.13375661375662,3.0,"2024,2025,2026",False,1,Soft
2025-02-08,Standard King,True,2024-01-01,config,False,397.53,6.0,3.0,397.53,02-08,156.63857142857142,3.0,"2024,2025,2026",False,1,Soft
2025-02-09,Standard King,True,2024-01-01,config,False,300.76,5.0,5.0,300.76,02-09,209.67555555555555,3.0,"2024,2025,2026",False,1,Soft
2025-02-10,Standard King,True,2024-01-01,config,False,154.76,3.0,0.0,154.76,02-10,188.80888888888887,3.0,"2024,2025,2026",False,2,Low
2025-02-11,Standard King,True,2024-01-01,config,False,167.2,3.0,1.0,167.2,02-11,192.45666666666668,3.0,"2024,2025,2026",False,2,Low
2025-02-12,Standard King,True,2024-01-01,config,False,167.2,3.0,0.0,167.2,02-12,150.4611111111111,3.0,"2024,2025,2026",False,2,Low
2025-02-13,Standard King,True,2024-01-01,config,False,399.43333333333334,6.0,4.0,399.43333333333334,02-13,295.6022222222222,3.0,"2024,2025,2026",False,2,Low
2025-02-14,Standard King,True,2024-01-01,config,False,407.43333333333334,6.0,3.0,407.43333333333334,02-14,381.7977777777778,3.0,"2024,2025,2026",False,2,Low
2025-02-15,Standard King,True,2024-01-01,config,False,407.43333333333334,6.0,0.0,407.43333333333334,02-15,263.5444444444444,3.0,"2024,2025,2026",False,2,Low
2025-02-16,Standard King,True,2024-01-01,config,False,205.7,3.0,2.0,205.7,02-16,337.58666666666664,3.0,"2024,2025,2026",False,2,Low
2025-02-17,Standard King,True,2024-01-01,config,False,219.0,3.0,3.0,219.0,02-17,207.35999999999999,3.0,"2024,2025,2026",False,2,Low
2025-02-18,Standard King,True,2024-01-01,config,False,73.0,1.0,0.0,73.0,02-18,138.85333333333332,3.0,"2024,2025,2026",False,2,Low
2025-02-19,Standard King,True,2024-01-01,config,False,0.0,0.0,0.0,0.0,02-19,138.79833333333332,3.0,"2024,2025,2026",False,2,Low
2025-02-20,Standard King,True,2024-01-01,config,False,138.7,2.0,2.0,138.7,02-20,280.7583333333334,3.0,"2024,2025,2026",False,2,Low
2025-02-21,Standard King,True,2024-01-01,config,False,280.7,4.0,2.0,280.7,02-21,356.5655555555556,3.0,"2024,2025,2026",False,2,Low
2025-02-22,Standard King,True,2024-01-01,config,False,400.20000000000005,6.0,4.0,400.20000000000005,02-22,183.61222222222224,3.0,"2024,2025,2026",False,2,Low
2025-02-23,Standard King,True,2024-01-01,config,False,73.0,1.0,1.0,73.0,02-23,176.8322222222222,3.0,"2024,2025,2026",False,2,Low
2025-02-24,Standard King,True,2024-01-01,config,False,146.0,2.0,1.0,146.0,02-24,152.9,3.0,"2024,2025,2026",False,2,Low
2025-02-25,Standard King,True,2024-01-01,config,False,219.0,3.0,3.0,219.0,02-25,146.86333333333334,3.0,"2024,2025,2026",False,1,Soft
2025-02-26,Standard King,True,2024-01-01,config,False,146.0,2.0,1.0,146.0,02-26,125.17333333333333,3.0,"2024,2025,2026",False,1,Soft
2025-02-27,Standard King,True,2024-01-01,config,False,0.0,0.0,0.0,0.0,02-27,86.61,3.0,"2024,2025,2026",False,1,Soft
2025-02-28,Standard King,True,2024-01-01,config,False,155.07,2.0,2.0,155.07,02-28,150.25666666666666,3.0,"2024,2025,2026",False,1,Soft
2025-03-01,Standard King,True,2024-01-01,config,False,155.07,2.0,0.0,155.07,03-01,229.62,3.0,"2024,2025,2026",False,1,Soft
2025-03-02,Standard King,True,2024-01-01,config,False,0.0,0.0,0.0,0.0,03-02,197.34333333333333,3.0,"2024,2025,2026",False,1,Soft
2025-03-03,Standard King,True,2024-01-01,config,False,0.0,0.0,0.0,0.0,03-03,85.5,3.0,"2024,2025,2026",False,1,Soft
2025-03-04,Standard King,True,2024-01-01,config,False,0.0,0.0,0.0,0.0,03-04,129.96333333333334,3.0,"2024,2025,2026",False,1,Soft
2025-03-05,Standard King,True,2024-01-01,config,False,96.75,1.0,1.0,96.75,03-05,179.84333333333333,3.0,"2024,2025,2026",False,1,Soft
2025-03-06,Standard King,True,2024-01-01,config,False,193.05,2.0,1.0,193.05,03-06,232.01,3.0,"2024,2025,2026",False,2,Low
2025-03-07,Standard King,True,2024-01-01,config,False,199.35,2.0,1.0,199.35,03-07,245.8022222222222,3.0,"2024,2025,2026",False,2,Low
2025-03-08,Standard King,True,2024-01-01,config,False,202.05,2.0,1.0,202.05,03-08,289.6977777777778,3.0,"2024,2025,2026",False,2,Low
2025-03-09,Standard King,True,2024-01-01,config,False,0.0,0.0,0.0,0.0,03-09,311.33833333333337,3.0,"2024,2025,2026",False,2,Low
2025-03-10,Standard King,True,2024-01-01,config,False,0.0,0.0,0.0,0.0,03-10,236.62833333333333,3.0,"2024,2025,2026",False,2,Low
2025-03-11,Standard King,True,2024-01-01,config,False,106.0,1.0,1.0,106.0,03-11,230.6011111111111,3.0,"2024,2025,2026",False,2,Low
2025-03-12,Standard King,True,2024-01-01,config,False,0.0,0.0,0.0,0.0,03-12,142.70888888888888,3.0,"2024,2025,2026",False,2,Low
2025-03-13,Standard King,True,2024-01-01,config,False,109.0,1.0,1.0,109.0,03-13,126.63333333333333,3.0,"2024,2025,2026",False,3,Shoulder
2025-03-14,Standard King,True,2024-01-01,config,False,0.0,0.0,0.0,0.0,03-14,313.57666666666665,3.0,"2024,2025,2026",False,3,Shoulder
2025-03-15,Standard King,True,2024-01-01,config,False,0.0,0.0,0.0,0.0,03-15,310.1066666666666,3.0,"2024,2025,2026",False,3,Shoulder
2025-03-16,Standard King,True,2024-01-01,config,False,69.7,1.0,1.0,69.7,03-16,348.05777777777774,3.0,"2024,2025,2026",False,3,Shoulder
2025-03-17,Standard King,True,2024-01-01,config,False,82.5,1.0,1.0,82.5,03-17,294.2422222222222,3.0,"2024,2025,2026",False,3,Shoulder
2025-03-18,Standard King,True,2024-01-01,config,False,150.63333333333333,2.0,1.0,150.63333333333333,03-18,324.3566666666666,3.0,"2024,2025,2026",False,3,Shoulder
2025-03-19,Standard King,True,2024-01-01,config,False,154.13333333333333,2.0,1.0,154.13333333333333,03-19,308.99888888888887,3.0,"2024,2025,2026",False,3,Shoulder
2025-03-20,Standard King,True,2024-01-01,config,False,151.33333333333334,2.0,1.0,151.33333333333334,03-20,319.64972222222224,3.0,"2024,2025,2026",False,3,Shoulder
2025-03-21,Standard King,True,2024-01-01,config,False,151.95,2.0,2.0,151.95,03-21,321.97027777777777,3.0,"2024,2025,2026",False,3,Shoulder
2025-03-22,Standard King,True,2024-01-01,config,False,113.63333333333333,2.0,2.0,113.63333333333333,03-22,276.95722222222224,3.0,"2024,2025,2026",False,3,Shoulder
2025-03-23,Standard King,True,2024-01-01,config,False,54.13333333333333,1.0,0.0,54.13333333333333,03-23,346.3511111111111,3.0,"2024,2025,2026",False,3,Shoulder
2025-03-24,Standard King,True,2024-01-01,config,False,54.13333333333333,1.0,0.0,54.13333333333333,03-24,128.8031111111111,3.0,"2024,2025,2026",False,3,Shoulder
2025-03-25,Standard King,True,2024-01-01,config,False,108.8,2.0,2.0,108.8,03-25,244.8845,3.0,"2024,2025,2026",False,3,Shoulder
2025-03-26,Standard King,True,2024-01-01,config,False,124.8,2.0,1.0,124.8,03-26,271.4745,3.0,"2024,2025,2026",False,2,Low
2025-03-27,Standard King,True,2024-01-01,config,False,165.4,2.0,2.0,165.4,03-27,363.23116666666664,3.0,"2024,2025,2026",False,2,Low
2025-03-28,Standard King,True,2024-01-01,config,False,113.9,2.0,2.0,113.9,03-28,450.8345,3.0,"2024,2025,2026",False,2,Low
2025-03-29,Standard King,True,2024-01-01,config,False,118.8,2.0,2.0,118.8,03-29,309.3183333333333,3.0,"2024,2025,2026",False,2,Low
2025-03-30,Standard King,True,2024-01-01,config,False,119.4,2.0,2.0,119.4,03-30,283.355,3.0,"2024,2025,2026",False,2,Low
2025-03-31,Standard King,True,2024-01-01,config,False,138.7,2.0,2.0,138.7,03-31,167.36333333333334,3.0,"2024,2025,2026",False,2,Low
2025-04-01,Standard King,True,2024-01-01,config,False,0.0,0.0,0.0,0.0,04-01,41.233333333333334,3.0,"2024,2025,2026",False,3,Shoulder
2025-04-02,Standard King,True,2024-01-01,config,False,0.0,0.0,0.0,0.0,04-02,312.5395238095238,3.0,"2024,2025,2026",False,3,Shoulder
2025-04-03,Standard King,True,2024-01-01,config,False,50.4,1.0,1.0,50.4,04-03,244.33285714285716,3.0,"2024,2025,2026",False,2,Low
2025-04-04,Standard King,True,2024-01-01,config,False,60.0,1.0,1.0,60.0,04-04,337.8850793650794,3.0,"2024,2025,2026",False,2,Low
2025-04-05,Standard King,True,2024-01-01,config,False,56.7,1.0,1.0,56.7,04-05,285.97507936507935,3.0,"2024,2025,2026",False,2,Low
2025-04-06,Standard King,True,2024-01-01,config,False,46.4,1.0,1.0,46.4,04-06,227.966746031746,3.0,"2024,2025,2026",False,2,Low
2025-04-07,Standard King,True,2024-01-01,config,False,127.25,2.0,2.0,127.25,04-07,193.03119047619046,3.0,"2024,2025,2026",False,2,Low
2025-04-08,Standard King,True,2024-01-01,config,False,125.85,2.0,1.0,125.85,04-08,142.6595238095238,3.0,"2024,2025,2026",False,2,Low
2025-04-09,Standard King,True,2024-01-01,config,False,124.25,2.0,1.0,124.25,04-09,166.4,3.0,"2024,2025,2026",False,2,Low
2025-04-10,Standard King,True,2024-01-01,config,False,137.25,2.0,1.0,137.25,04-10,172.12833333333333,3.0,"2024,2025,2026",False,2,Low
2025-04-11,Standard King,True,2024-01-01,config,False,201.36,3.0,3.0,201.36,04-11,301.52500000000003,3.0,"2024,2025,2026",False,2,Low
2025-04-12,Standard King,True,2024-01-01,config,False,259.33333333333337,4.0,3.0,259.33333333333337,04-12,317.61111111111114,3.0,"2024,2025,2026",False,2,Low
2025-04-13,Standard King,True,2024-01-01,config,False,57.333333333333336,1.0,0.0,57.333333333333336,04-13,245.75444444444443,3.0,"2024,2025,2026",False,2,Low
2025-04-14,Standard King,True,2024-01-01,config,False,109.58333333333334,2.0,1.0,109.58333333333334,04-14,136.85111111111112,3.0,"2024,2025,2026",False,2,Low
2025-04-15,Standard King,True,2024-01-01,config,False,117.7,2.0,1.0,117.7,04-15,137.56666666666666,3.0,"2024,2025,2026",False,2,Low
2025-04-16,Standard King,True,2024-01-01,config,False,138.45,2.0,1.0,138.45,04-16,252.41666666666666,3.0,"2024,2025,2026",False,2,Low
2025-04-17,Standard King,True,2024-01-01,config,False,65.45,1.0,0.0,65.45,04-17,363.6922222222222,3.0,"2024,2025,2026",False,3,Shoulder
2025-04-18,Standard King,True,2024-01-01,config,False,175.975,2.0,2.0,175.975,04-18,375.0672222222222,3.0,"2024,2025,2026",False,3,Shoulder
2025-04-19,Standard King,True,2024-01-01,config,False,134.75,2.0,2.0,134.75,04-19,299.50555555555553,3.0,"2024,2025,2026",False,3,Shoulder
2025-04-20,Standard King,True,2024-01-01,config,False,142.5,2.0,2.0,142.5,04-20,250.00666666666666,3.0,"2024,2025,2026",False,3,Shoulder
2025-04-21,Standard King,True,2024-01-01,config,False,126.5,1.0,1.0,126.5,04-21,286.8775,3.0,"2024,2025,2026",False,3,Shoulder
2025-04-22,Standard King,True,2024-01-01,config,False,321.95,4.0,3.0,321.95,04-22,386.4013095238095,3.0,"2024,2025,2026",False,3,Shoulder
2025-04-23,Standard King,True,2024-01-01,config,False,204.73,4.0,2.0,204.73,04-23,350.94797619047614,3.0,"2024,2025,2026",False,3,Shoulder
2025-04-24,Standard King,True,2024-01-01,config,False,286.25,5.0,2.0,286.25,04-24,370.04464285714283,3.0,"2024,2025,2026",False,3,Shoulder
2025-04-25,Standard King,True,2024-01-01,config,False,411.2366666666667,6.0,5.0,411.2366666666667,04-25,549.6860317460317,3.0,"2024,2025,2026",False,3,Shoulder
2025-04-26,Standard King,True,2024-01-01,config,False,330.6666666666667,4.0,3.0,330.6666666666667,04-26,293.4793650793651,3.0,"2024,2025,2026",False,3,Shoulder
2025-04-27,Standard King,True,2024-01-01,config,False,218.66666666666669,3.0,2.0,218.66666666666669,04-27,262.3960317460317,3.0,"2024,2025,2026",False,3,Shoulder
2025-04-28,Standard King,True,2024-01-01,config,False,55.0,1.0,1.0,55.0,04-28,239.32047619047617,3.0,"2024,2025,2026",False,3,Shoulder
2025-04-29,Standard King,True,2024-01-01,config,False,381.875,5.0,5.0,381.875,04-29,240.60500000000002,3.0,"2024,2025,2026",False,3,Shoulder
2025-04-30,Standard King,True,2024-01-01,config,False,175.675,3.0,2.0,175.675,04-30,352.815,3.0,"2024,2025,2026",False,3,Shoulder
2025-05-01,Standard King,True,2024-01-01,config,False,488.0,4.0,4.0,488.0,05-01,341.08,3.0,"2024,2025,2026",False,3,Shoulder
2025-05-02,Standard King,True,2024-01-01,config,False,411.7,3.0,3.0,411.7,05-02,360.81571428571425,3.0,"2024,2025,2026",False,3,Shoulder
2025-05-03,Standard King,True,2024-01-01,config,False,394.5,3.0,2.0,394.5,05-03,478.0023809523809,3.0,"2024,2025,2026",False,3,Shoulder
2025-05-04,Standard King,True,2024-01-01,config,False,196.0,2.0,1.0,196.0,05-04,511.7807142857143,3.0,"2024,2025,2026",False,3,Shoulder
2025-05-05,Standard King,True,2024-01-01,config,False,0.0,0.0,0.0,0.0,05-05,170.49904761904762,3.0,"2024,2025,2026",False,3,Shoulder
2025-05-06,Standard King,True,2024-01-01,config,False,255.0,3.0,3.0,255.0,05-06,221.33404761904762,3.0,"2024,2025,2026",False,3,Shoulder
2025-05-07,Standard King,True,2024-01-01,config,False,437.9,5.0,5.0,437.9,05-07,383.9190476190476,3.0,"2024,2025,2026",False,3,Shoulder
2025-05-08,Standard King,True,2024-01-01,config,False,262.7,3.0,2.0,262.7,05-08,775.5657142857144,3.0,"2024,2025,2026",False,3,Shoulder
2025-05-09,Standard King,True,2024-01-01,config,False,585.175,4.0,4.0,585.175,05-09,797.4383333333334,3.0,"2024,2025,2026",False,3,Shoulder
2025-05-10,Standard King,True,2024-01-01,config,False,914.0,6.0,3.0,914.0,05-10,827.1333333333333,3.0,"2024,2025,2026",False,3,Shoulder
2025-05-11,Standard King,True,2024-01-01,config,False,615.025,5.0,3.0,615.025,05-11,754.5916666666667,3.0,"2024,2025,2026",False,3,Shoulder
2025-05-12,Standard King,True,2024-01-01,config,False,487.35,4.0,2.0,487.35,05-12,635.01,3.0,"2024,2025,2026",False,3,Shoulder
2025-05-13,Standard King,True,2024-01-01,config,False,564.05,6.0,4.0,564.05,05-13,563.4899999999999,3.0,"2024,2025,2026",False,3,Shoulder
2025-05-14,Standard King,True,2024-01-01,config,False,600.225,6.0,3.0,600.225,05-14,577.6750000000001,3.0,"2024,2025,2026",False,3,Shoulder
2025-05-15,Standard King,True,2024-01-01,config,False,673.425,6.0,3.0,673.425,05-15,726.3245238095238,3.0,"2024,2025,2026",False,3,Shoulder
2025-05-16,Standard King,True,2024-01-01,config,False,684.99,6.0,4.0,684.99,05-16,696.5078571428571,3.0,"2024,2025,2026",False,3,Shoulder
2025-05-17,Standard King,True,2024-01-01,config,False,626.145,6.0,3.0,626.145,05-17,693.3150793650793,3.0,"2024,2025,2026",False,4,High
2025-05-18,Standard King,True,2024-01-01,config,False,551.655,6.0,4.0,551.655,05-18,781.0800793650793,3.0,"2024,2025,2026",False,4,High
2025-05-19,Standard King,True,2024-01-01,config,False,603.775,6.0,4.0,603.775,05-19,572.7200793650794,3.0,"2024,2025,2026",False,4,High
2025-05-20,Standard King,True,2024-01-01,config,False,502.825,5.0,4.0,502.825,05-20,649.6778571428571,3.0,"2024,2025,2026",False,4,High
2025-05-21,Standard King,True,2024-01-01,config,False,535.0,5.0,4.0,535.0,05-21,737.1695238095239,3.0,"2024,2025,2026",False,4,High
2025-05-22,Standard King,True,2024-01-01,config,False,865.0208333333334,6.0,5.0,865.0208333333334,05-22,1132.0986111111113,3.0,"2024,2025,2026",False,4,High
2025-05-23,Standard King,True,2024-01-01,config,False,1411.9908333333333,7.0,4.0,1411.9908333333333,05-23,1020.2519444444443,3.0,"2024,2025,2026",False,4,High
2025-05-24,Standard King,True,2024-01-01,config,False,1601.7208333333333,8.0,4.0,1601.7208333333333,05-24,1388.7536111111112,3.0,"2024,2025,2026",False,4,High
2025-05-25,Standard King,True,2024-01-01,config,False,1389.3875,8.0,3.0,1389.3875,05-25,1159.3480555555554,3.0,"2024,2025,2026",False,4,High
2025-05-26,Standard King,True,2024-01-01,config,False,647.4,5.0,4.0,647.4,05-26,920.4488888888887,3.0,"2024,2025,2026",False,5,Peak
2025-05-27,Standard King,True,2024-01-01,config,False,1091.8,9.0,6.0,1091.8,05-27,816.7013888888888,3.0,"2024,2025,2026",False,5,Peak
2025-05-28,Standard King,True,2024-01-01,config,False,723.9816666666667,6.0,6.0,723.9816666666667,05-28,836.0897222222223,3.0,"2024,2025,2026",False,5,Peak
2025-05-29,Standard King,True,2024-01-01,config,False,1093.0516666666667,8.0,7.0,1093.0516666666667,05-29,902.381388888889,3.0,"2024,2025,2026",False,5,Peak
2025-05-30,Standard King,True,2024-01-01,config,False,1132.4966666666667,8.0,5.0,1132.4966666666667,05-30,949.1463888888889,3.0,"2024,2025,2026",False,5,Peak
2025-05-31,Standard King,True,2024-01-01,config,False,1065.2466666666667,8.0,4.0,1065.2466666666667,05-31,1032.858888888889,3.0,"2024,2025,2026",False,5,Peak
2025-06-01,Standard King,True,2024-01-01,config,False,494.0716666666667,4.0,1.0,494.0716666666667,06-01,887.3288888888889,3.0,"2024,2025,2026",False,5,Peak
2025-06-02,Standard King,True,2024-01-01,config,False,617.7216666666667,6.0,4.0,617.7216666666667,06-02,716.2144444444444,3.0,"2024,2025,2026",False,5,Peak
2025-06-03,Standard King,True,2024-01-01,config,False,995.18,9.0,6.0,995.18,06-03,890.0388888888889,3.0,"2024,2025,2026",False,5,Peak
2025-06-04,Standard King,True,2024-01-01,config,False,994.13,8.0,6.0,994.13,06-04,771.2155555555555,3.0,"2024,2025,2026",False,5,Peak
2025-06-05,Standard King,True,2024-01-01,config,False,896.5400000000001,7.0,2.0,896.5400000000001,06-05,971.3272222222222,3.0,"2024,2025,2026",False,5,Peak
2025-06-06,Standard King,True,2024-01-01,config,False,1238.725,8.0,7.0,1238.725,06-06,977.8622222222222,3.0,"2024,2025,2026",False,5,Peak
2025-06-07,Standard King,True,2024-01-01,config,False,1241.65,8.0,6.0,1241.65,06-07,1192.7072222222223,3.0,"2024,2025,2026",False,5,Peak
2025-06-08,Standard King,True,2024-01-01,config,False,510.345,4.0,3.0,510.345,06-08,778.782380952381,3.0,"2024,2025,2026",False,5,Peak
2025-06-09,Standard King,True,2024-01-01,config,False,730.0,6.0,6.0,730.0,06-09,718.8490476190476,3.0,"2024,2025,2026",False,5,Peak
2025-06-10,Standard King,True,2024-01-01,config,False,1090.2,8.0,8.0,1090.2,06-10,1004.6257142857143,3.0,"2024,2025,2026",False,5,Peak
2025-06-11,Standard King,True,2024-01-01,config,False,714.1525,5.0,4.0,714.1525,06-11,905.8971536796536,3.0,"2024,2025,2026",False,5,Peak
2025-06-12,Standard King,True,2024-01-01,config,False,1270.0441666666666,8.0,5.0,1270.0441666666666,06-12,1306.7943759018758,3.0,"2024,2025,2026",False,5,Peak
2025-06-13,Standard King,True,2024-01-01,config,False,1085.1741666666667,7.0,3.0,1085.1741666666667,06-13,1057.5404365079364,3.0,"2024,2025,2026",False,5,Peak
2025-06-14,Standard King,True,2024-01-01,config,False,1239.9841666666666,8.0,2.0,1239.9841666666666,06-14,1118.2079365079364,3.0,"2024,2025,2026",False,5,Peak
2025-06-15,Standard King,True,2024-01-01,config,False,759.0583333333334,5.0,4.0,759.0583333333334,06-15,878.0691666666667,3.0,"2024,2025,2026",False,5,Peak
2025-06-16,Standard King,True,2024-01-01,config,False,1171.6283333333333,8.0,6.0,1171.6283333333333,06-16,1043.0483333333334,3.0,"2024,2025,2026",False,5,Peak
2025-06-17,Standard King,True,2024-01-01,config,False,1180.7416666666668,8.0,5.0,1180.7416666666668,06-17,1222.9594444444444,3.0,"2024,2025,2026",False,5,Peak
2025-06-18,Standard King,True,2024-01-01,config,False,1271.7716666666668,8.0,3.0,1271.7716666666668,06-18,1214.0080555555558,3.0,"2024,2025,2026",False,5,Peak
2025-06-19,Standard King,True,2024-01-01,config,False,1335.205,8.0,3.0,1335.205,06-19,1408.460277777778,3.0,"2024,2025,2026",False,5,Peak
2025-06-20,Standard King,True,2024-01-01,config,False,1522.0166666666667,8.0,5.0,1522.0166666666667,06-20,1448.2,3.0,"2024,2025,2026",False,5,Peak
2025-06-21,Standard King,True,2024-01-01,config,False,1441.4508333333333,8.0,5.0,1441.4508333333333,06-21,1278.1947222222223,3.0,"2024,2025,2026",False,5,Peak
2025-06-22,Standard King,True,2024-01-01,config,False,1137.0674999999999,8.0,7.0,1137.0674999999999,06-22,1282.253611111111,3.0,"2024,2025,2026",False,5,Peak
2025-06-23,Standard King,True,2024-01-01,config,False,1005.8675,8.0,6.0,1005.8675,06-23,1252.7119444444445,3.0,"2024,2025,2026",False,5,Peak
2025-06-24,Standard King,True,2024-01-01,config,False,1061.0125,9.0,5.0,1061.0125,06-24,1202.5169444444446,3.0,"2024,2025,2026",False,5,Peak
2025-06-25,Standard King,True,2024-01-01,config,False,1208.3933333333332,8.0,6.0,1208.3933333333332,06-25,1208.651111111111,3.0,"2024,2025,2026",False,5,Peak
2025-06-26,Standard King,True,2024-01-01,config,False,1242.2783333333332,8.0,4.0,1242.2783333333332,06-26,1160.7077777777777,3.0,"2024,2025,2026",False,5,Peak
2025-06-27,Standard King,True,2024-01-01,config,False,1331.4933333333333,8.0,4.0,1331.4933333333333,06-27,1301.825,3.0,"2024,2025,2026",False,5,Peak
2025-06-28,Standard King,True,2024-01-01,config,False,1376.05,8.0,4.0,1376.05,06-28,1099.4522222222222,3.0,"2024,2025,2026",False,5,Peak
2025-06-29,Standard King,True,2024-01-01,config,False,730.295,5.0,4.0,730.295,06-29,1066.9016666666666,3.0,"2024,2025,2026",False,5,Peak
2025-06-30,Standard King,True,2024-01-01,config,False,1248.345,8.0,6.0,1248.345,06-30,1134.9105555555554,3.0,"2024,2025,2026",False,5,Peak
2025-07-01,Standard King,True,2024-01-01,config,False,1280.3,8.0,5.0,1280.3,07-01,1055.7188888888888,3.0,"2024,2025,2026",False,5,Peak
2025-07-02,Standard King,True,2024-01-01,config,False,1235.3999999999999,8.0,4.0,1235.3999999999999,07-02,1062.4222222222222,3.0,"2024,2025,2026",False,5,Peak
2025-07-03,Standard King,True,2024-01-01,config,False,1506.7016666666666,8.0,6.0,1506.7016666666666,07-03,1139.1616666666666,3.0,"2024,2025,2026",False,5,Peak
2025-07-04,Standard King,True,2024-01-01,config,False,1697.2416666666668,8.0,4.0,1697.2416666666668,07-04,1445.187222222222,3.0,"2024,2025,2026",False,5,Peak
2025-07-05,Standard King,True,2024-01-01,config,False,1584.3333333333333,8.0,4.0,1584.3333333333333,07-05,1318.5333333333333,3.0,"2024,2025,2026",False,5,Peak
2025-07-06,Standard King,True,2024-01-01,config,False,1469.1666666666667,8.0,4.0,1469.1666666666667,07-06,1280.4811111111112,3.0,"2024,2025,2026",False,5,Peak
2025-07-07,Standard King,True,2024-01-01,config,False,1426.3,9.0,5.0,1426.3,07-07,1148.753888888889,3.0,"2024,2025,2026",False,5,Peak
2025-07-08,Standard King,True,2024-01-01,config,False,1083.3333333333335,8.0,5.0,1083.3333333333335,07-08,1130.965,3.0,"2024,2025,2026",False,5,Peak
2025-07-09,Standard King,True,2024-01-01,config,False,1149.7833333333333,7.0,6.0,1149.7833333333333,07-09,1183.4294444444442,3.0,"2024,2025,2026",False,5,Peak
2025-07-10,Standard King,True,2024-01-01,config,False,1528.56,8.0,6.0,1528.56,07-10,1419.0394444444444,3.0,"2024,2025,2026",False,5,Peak
2025-07-11,Standard King,True,2024-01-01,config,False,1473.45,8.0,4.0,1473.45,07-11,1417.7144444444446,3.0,"2024,2025,2026",False,5,Peak
2025-07-12,Standard King,True,2024-01-01,config,False,1385.92,8.0,3.0,1385.92,07-12,1026.4733333333334,3.0,"2024,2025,2026",False,5,Peak
2025-07-13,Standard King,True,2024-01-01,config,False,1458.735,8.0,4.0,1458.735,07-13,1367.0625555555555,3.0,"2024,2025,2026",False,5,Peak
2025-07-14,Standard King,True,2024-01-01,config,False,1327.7783333333332,8.0,6.0,1327.7783333333332,07-14,1203.3786666666665,3.0,"2024,2025,2026",False,5,Peak
2025-07-15,Standard King,True,2024-01-01,config,False,1292.7633333333333,8.0,4.0,1292.7633333333333,07-15,1298.4486666666664,3.0,"2024,2025,2026",False,5,Peak
2025-07-16,Standard King,True,2024-01-01,config,False,1367.2133333333334,8.0,6.0,1367.2133333333334,07-16,1252.0481111111112,3.0,"2024,2025,2026",False,5,Peak
2025-07-17,Standard King,True,2024-01-01,config,False,1513.0833333333335,8.0,7.0,1513.0833333333335,07-17,1263.1175555555556,3.0,"2024,2025,2026",False,5,Peak
2025-07-18,Standard King,True,2024-01-01,config,False,1488.6883333333333,8.0,5.0,1488.6883333333333,07-18,1206.788888888889,3.0,"2024,2025,2026",False,5,Peak
2025-07-19,Standard King,True,2024-01-01,config,False,1626.6883333333333,8.0,3.0,1626.6883333333333,07-19,1349.6961111111111,3.0,"2024,2025,2026",False,5,Peak
2025-07-20,Standard King,True,2024-01-01,config,False,1001.115,6.0,4.0,1001.115,07-20,1023.7294444444445,3.0,"2024,2025,2026",False,5,Peak
2025-07-21,Standard King,True,2024-01-01,config,False,1324.025,9.0,7.0,1324.025,07-21,968.5861111111111,3.0,"2024,2025,2026",False,5,Peak
2025-07-22,Standard King,True,2024-01-01,config,False,1327.825,9.0,6.0,1327.825,07-22,1004.9138888888889,3.0,"2024,2025,2026",False,5,Peak
2025-07-23,Standard King,True,2024-01-01,config,False,1321.6283333333333,9.0,4.0,1321.6283333333333,07-23,1160.3661111111112,3.0,"2024,2025,2026",False,5,Peak
2025-07-24,Standard King,True,2024-01-01,config,False,1342.6083333333333,9.0,3.0,1342.6083333333333,07-24,1142.4644444444446,3.0,"2024,2025,2026",False,5,Peak
2025-07-25,Standard King,True,2024-01-01,config,False,1501.9916666666668,8.0,4.0,1501.9916666666668,07-25,1220.9411111111112,3.0,"2024,2025,2026",False,5,Peak
2025-07-26,Standard King,True,2024-01-01,config,False,1486.2333333333333,8.0,6.0,1486.2333333333333,07-26,1140.7844444444445,3.0,"2024,2025,2026",False,5,Peak
2025-07-27,Standard King,True,2024-01-01,config,False,1387.5716666666667,8.0,4.0,1387.5716666666667,07-27,1058.1805555555557,3.0,"2024,2025,2026",False,5,Peak
2025-07-28,Standard King,True,2024-01-01,config,False,1351.4183333333333,8.0,3.0,1351.4183333333333,07-28,832.3172222222223,3.0,"2024,2025,2026",False,5,Peak
2025-07-29,Standard King,True,2024-01-01,config,False,1408.0433333333333,8.0,4.0,1408.0433333333333,07-29,805.1444444444445,3.0,"2024,2025,2026",False,5,Peak
2025-07-30,Standard King,True,2024-01-01,config,False,1301.5758333333333,8.0,4.0,1301.5758333333333,07-30,651.3586111111111,3.0,"2024,2025,2026",False,5,Peak
2025-07-31,Standard King,True,2024-01-01,config,False,1344.5258333333334,8.0,2.0,1344.5258333333334,07-31,672.3952777777778,3.0,"2024,2025,2026",False,5,Peak
2025-08-01,Standard King,True,2024-01-01,config,False,1400.5258333333334,8.0,4.0,1400.5258333333334,08-01,865.1386111111111,3.0,"2024,2025,2026",False,5,Peak
2025-08-02,Standard King,True,2024-01-01,config,False,1493.7525,8.0,4.0,1493.7525,08-02,995.0180555555556,3.0,"2024,2025,2026",False,5,Peak
2025-08-03,Standard King,True,2024-01-01,config,False,1192.14,8.0,5.0,1192.14,08-03,903.7830555555556,3.0,"2024,2025,2026",False,5,Peak
2025-08-04,Standard King,True,2024-01-01,config,False,1249.1075,8.0,6.0,1249.1075,08-04,873.4338888888889,3.0,"2024,2025,2026",False,5,Peak
2025-08-05,Standard King,True,2024-01-01,config,False,1209.5725,8.0,5.0,1209.5725,08-05,950.6933333333333,3.0,"2024,2025,2026",False,4,High
2025-08-06,Standard King,True,2024-01-01,config,False,1361.2525,8.0,4.0,1361.2525,08-06,1040.5677777777778,3.0,"2024,2025,2026",False,4,High
2025-08-07,Standard King,True,2024-01-01,config,False,1380.5974999999999,8.0,4.0,1380.5974999999999,08-07,1082.683611111111,3.0,"2024,2025,2026",False,4,High
2025-08-08,Standard King,True,2024-01-01,config,False,1523.6399999999999,8.0,6.0,1523.6399999999999,08-08,1091.1783333333333,3.0,"2024,2025,2026",False,4,High
2025-08-09,Standard King,True,2024-01-01,config,False,1505.83,8.0,5.0,1505.83,08-09,995.9755555555556,3.0,"2024,2025,2026",False,4,High
2025-08-10,Standard King,True,2024-01-01,config,False,635.36,4.0,2.0,635.36,08-10,705.0616666666666,3.0,"2024,2025,2026",False,4,High
2025-08-11,Standard King,True,2024-01-01,config,False,1137.86,7.0,3.0,1137.86,08-11,791.9144444444445,3.0,"2024,2025,2026",False,4,High
2025-08-12,Standard King,True,2024-01-01,config,False,1341.26,8.0,3.0,1341.26,08-12,786.6727777777778,3.0,"2024,2025,2026",False,4,High
2025-08-13,Standard King,True,2024-01-01,config,False,1203.6,8.0,8.0,1203.6,08-13,620.0083333333333,3.0,"2024,2025,2026",False,4,High
2025-08-14,Standard King,True,2024-01-01,config,False,1170.55,8.0,7.0,1170.55,08-14,720.7416666666667,3.0,"2024,2025,2026",False,4,High
2025-08-15,Standard King,True,2024-01-01,config,False,1128.1466666666668,6.0,5.0,1128.1466666666668,08-15,719.9294444444445,3.0,"2024,2025,2026",False,4,High
2025-08-16,Standard King,True,2024-01-01,config,False,1097.5966666666666,6.0,2.0,1097.5966666666666,08-16,714.0211111111112,3.0,"2024,2025,2026",False,4,High
2025-08-17,Standard King,True,2024-01-01,config,False,1403.4066666666668,7.0,4.0,1403.4066666666668,08-17,769.1411111111111,3.0,"2024,2025,2026",False,4,High
2025-08-18,Standard King,True,2024-01-01,config,False,1124.765,6.0,3.0,1124.765,08-18,863.93,3.0,"2024,2025,2026",False,4,High
2025-08-19,Standard King,True,2024-01-01,config,False,895.765,5.0,0.0,895.765,08-19,806.2633333333333,3.0,"2024,2025,2026",False,4,High
2025-08-20,Standard King,True,2024-01-01,config,False,1382.9,8.0,6.0,1382.9,08-20,1079.4822222222222,3.0,"2024,2025,2026",False,4,High
2025-08-21,Standard King,True,2024-01-01,config,False,1464.6025,9.0,5.0,1464.6025,08-21,1016.8497222222222,3.0,"2024,2025,2026",False,4,High
2025-08-22,Standard King,True,2024-01-01,config,False,2126.4175,9.0,6.0,2126.4175,08-22,1169.520277777778,3.0,"2024,2025,2026",False,4,High
2025-08-23,Standard King,True,2024-01-01,config,False,1425.8625,9.0,5.0,1425.8625,08-23,897.4930555555557,3.0,"2024,2025,2026",False,4,High
2025-08-24,Standard King,True,2024-01-01,config,False,1104.3625,9.0,3.0,1104.3625,08-24,820.4347222222223,3.0,"2024,2025,2026",False,4,High
2025-08-25,Standard King,True,2024-01-01,config,False,1112.76,8.0,7.0,1112.76,08-25,612.4616666666667,3.0,"2024,2025,2026",False,4,High
2025-08-26,Standard King,True,2024-01-01,config,False,1010.9033333333333,6.0,5.0,1010.9033333333333,08-26,514.8594444444444,3.0,"2024,2025,2026",False,5,Peak
2025-08-27,Standard King,True,2024-01-01,config,False,756.9083333333333,5.0,2.0,756.9083333333333,08-27,763.0222222222222,3.0,"2024,2025,2026",False,4,High
2025-08-28,Standard King,True,2024-01-01,config,False,1569.3483333333334,8.0,7.0,1569.3483333333334,08-28,838.6938888888889,3.0,"2024,2025,2026",False,4,High
2025-08-29,Standard King,True,2024-01-01,config,False,1890.4583333333335,8.0,4.0,1890.4583333333335,08-29,1151.3572222222222,3.0,"2024,2025,2026",False,4,High
2025-08-30,Standard King,True,2024-01-01,config,False,2082.7833333333333,8.0,6.0,2082.7833333333333,08-30,1148.171111111111,3.0,"2024,2025,2026",False,4,High
2025-08-31,Standard King,True,2024-01-01,config,False,1617.3333333333333,8.0,6.0,1617.3333333333333,08-31,1094.3544444444444,3.0,"2024,2025,2026",False,4,High
2025-09-01,Standard King,True,2024-01-01,config,False,1219.335,8.0,6.0,1219.335,09-01,898.6383333333333,3.0,"2024,2025,2026",False,4,High
2025-09-02,Standard King,True,2024-01-01,config,False,1261.3025,8.0,5.0,1261.3025,09-02,838.8208333333333,3.0,"2024,2025,2026",False,4,High
2025-09-03,Standard King,True,2024-01-01,config,False,779.9825,5.0,2.0,779.9825,09-03,682.2941666666667,3.0,"2024,2025,2026",False,4,High
2025-09-04,Standard King,True,2024-01-01,config,False,542.6324999999999,4.0,1.0,542.6324999999999,09-04,769.0108333333333,3.0,"2024,2025,2026",False,5,Peak
2025-09-05,Standard King,True,2024-01-01,config,False,1546.4425,8.0,7.0,1546.4425,09-05,1130.2141666666666,3.0,"2024,2025,2026",False,5,Peak
2025-09-06,Standard King,True,2024-01-01,config,False,1250.4583333333333,8.0,7.0,1250.4583333333333,09-06,819.1861111111111,3.0,"2024,2025,2026",False,5,Peak
2025-09-07,Standard King,True,2024-01-01,config,False,1392.225,9.0,4.0,1392.225,09-07,897.4788888888888,3.0,"2024,2025,2026",False,4,High
2025-09-08,Standard King,True,2024-01-01,config,False,1310.8166666666666,8.0,6.0,1310.8166666666666,09-08,914.3327777777777,3.0,"2024,2025,2026",False,4,High
2025-09-09,Standard King,True,2024-01-01,config,False,1293.2466666666667,8.0,5.0,1293.2466666666667,09-09,800.785,3.0,"2024,2025,2026",False,4,High
2025-09-10,Standard King,True,2024-01-01,config,False,1301.075,7.0,5.0,1301.075,09-10,806.9055555555556,3.0,"2024,2025,2026",False,4,High
2025-09-11,Standard King,True,2024-01-01,config,False,1107.885,6.0,4.0,1107.885,09-11,736.6505555555556,3.0,"2024,2025,2026",False,4,High
2025-09-12,Standard King,True,2024-01-01,config,False,1081.8,6.0,2.0,1081.8,09-12,690.8166666666666,3.0,"2024,2025,2026",False,4,High
2025-09-13,Standard King,True,2024-01-01,config,False,1264.9933333333333,7.0,4.0,1264.9933333333333,09-13,859.8477777777777,3.0,"2024,2025,2026",False,4,High
2025-09-14,Standard King,True,2024-01-01,config,False,973.7833333333333,6.0,3.0,973.7833333333333,09-14,547.2611111111111,3.0,"2024,2025,2026",False,5,Peak
2025-09-15,Standard King,True,2024-01-01,config,False,1304.8916666666667,7.0,4.0,1304.8916666666667,09-15,801.0972222222223,3.0,"2024,2025,2026",False,5,Peak
2025-09-16,Standard King,True,2024-01-01,config,False,1318.4583333333335,7.0,3.0,1318.4583333333335,09-16,761.6194444444445,3.0,"2024,2025,2026",False,4,High
2025-09-17,Standard King,True,2024-01-01,config,False,1368.2816666666668,7.0,5.0,1368.2816666666668,09-17,809.9272222222222,3.0,"2024,2025,2026",False,5,Peak
2025-09-18,Standard King,True,2024-01-01,config,False,1322.0816666666667,6.0,2.0,1322.0816666666667,09-18,833.4105555555556,3.0,"2024,2025,2026",False,5,Peak
2025-09-19,Standard King,True,2024-01-01,config,False,1801.9016666666666,8.0,4.0,1801.9016666666666,09-19,1004.7172222222222,3.0,"2024,2025,2026",False,5,Peak
2025-09-20,Standard King,True,2024-01-01,config,False,1417.3083333333334,8.0,5.0,1417.3083333333334,09-20,948.5100000000001,3.0,"2024,2025,2026",False,4,High
2025-09-21,Standard King,True,2024-01-01,config,False,1341.55,8.0,8.0,1341.55,09-21,1010.0672222222221,3.0,"2024,2025,2026",False,4,High
2025-09-22,Standard King,True,2024-01-01,config,False,1311.2,8.0,3.0,1311.2,09-22,908.5572222222222,3.0,"2024,2025,2026",False,5,Peak
2025-09-23,Standard King,True,2024-01-01,config,False,1344.675,8.0,8.0,1344.675,09-23,845.3266666666667,3.0,"2024,2025,2026",False,4,High
2025-09-24,Standard King,True,2024-01-01,config,False,1300.395,8.0,4.0,1300.395,09-24,831.165,3.0,"2024,2025,2026",False,4,High
2025-09-25,Standard King,True,2024-01-01,config,False,1386.9916666666668,8.0,6.0,1386.9916666666668,09-25,888.5805555555556,3.0,"2024,2025,2026",False,4,High
2025-09-26,Standard King,True,2024-01-01,config,False,1586.1166666666668,8.0,5.0,1586.1166666666668,09-26,952.1555555555556,3.0,"2024,2025,2026",False,4,High
2025-09-27,Standard King,True,2024-01-01,config,False,1558.8616666666667,8.0,4.0,1558.8616666666667,09-27,956.6038888888888,3.0,"2024,2025,2026",False,4,High
2025-09-28,Standard King,True,2024-01-01,config,False,1398.3700000000001,8.0,5.0,1398.3700000000001,09-28,909.2916666666666,3.0,"2024,2025,2026",False,4,High
2025-09-29,Standard King,True,2024-01-01,config,False,1357.22,8.0,4.0,1357.22,09-29,862.9372222222223,3.0,"2024,2025,2026",False,4,High
2025-09-30,Standard King,True,2024-01-01,config,False,1314.15,8.0,3.0,1314.15,09-30,759.9505555555556,3.0,"2024,2025,2026",False,4,High
2025-10-01,Standard King,True,2024-01-01,config,False,996.7816666666666,6.0,5.0,996.7816666666666,10-01,818.9944444444445,3.0,"2024,2025,2026",False,4,High
2025-10-02,Standard King,True,2024-01-01,config,False,1452.3783333333333,8.0,3.0,1452.3783333333333,10-02,751.6527777777777,3.0,"2024,2025,2026",False,4,High
2025-10-03,Standard King,True,2024-01-01,config,False,1247.7133333333334,6.0,3.0,1247.7133333333334,10-03,856.3711111111112,3.0,"2024,2025,2026",False,4,High
2025-10-04,Standard King,True,2024-01-01,config,False,1451.1100000000001,7.0,6.0,1451.1100000000001,10-04,859.9699999999999,3.0,"2024,2025,2026",False,4,High
2025-10-05,Standard King,True,2024-01-01,config,False,924.5433333333333,5.0,2.0,924.5433333333333,10-05,675.6144444444444,3.0,"2024,2025,2026",False,4,High
2025-10-06,Standard King,True,2024-01-01,config,False,1127.9745833333334,6.0,3.0,1127.9745833333334,10-06,744.0531944444446,3.0,"2024,2025,2026",False,4,High
2025-10-07,Standard King,True,2024-01-01,config,False,1555.65625,8.0,5.0,1555.65625,10-07,759.3304166666667,3.0,"2024,2025,2026",False,4,High
2025-10-08,Standard King,True,2024-01-01,config,False,1505.21625,8.0,2.0,1505.21625,10-08,861.0887499999999,3.0,"2024,2025,2026",False,4,High
2025-10-09,Standard King,True,2024-01-01,config,False,1389.81125,8.0,3.0,1389.81125,10-09,870.9404166666667,3.0,"2024,2025,2026",False,4,High
2025-10-10,Standard King,True,2024-01-01,config,False,1355.5416666666667,7.0,7.0,1355.5416666666667,10-10,876.0472222222223,3.0,"2024,2025,2026",False,4,High
2025-10-11,Standard King,True,2024-01-01,config,False,1384.0116666666668,8.0,6.0,1384.0116666666668,10-11,847.6705555555556,3.0,"2024,2025,2026",False,3,Shoulder
2025-10-12,Standard King,True,2024-01-01,config,False,993.7166666666667,8.0,7.0,993.7166666666667,10-12,752.9388888888889,3.0,"2024,2025,2026",False,3,Shoulder
2025-10-13,Standard King,True,2024-01-01,config,False,654.5,5.0,4.0,654.5,10-13,452.5333333333333,3.0,"2024,2025,2026",False,3,Shoulder
2025-10-14,Standard King,True,2024-01-01,config,False,518.95,5.0,2.0,518.95,10-14,451.6000000000001,3.0,"2024,2025,2026",False,3,Shoulder
2025-10-15,Standard King,True,2024-01-01,config,False,805.16,7.0,4.0,805.16,10-15,557.4033333333333,3.0,"2024,2025,2026",False,3,Shoulder
2025-10-16,Standard King,True,2024-01-01,config,False,742.8199999999999,5.0,4.0,742.8199999999999,10-16,537.8066666666667,3.0,"2024,2025,2026",False,3,Shoulder
2025-10-17,Standard King,True,2024-01-01,config,False,1107.095,7.0,5.0,1107.095,10-17,659.0316666666666,3.0,"2024,2025,2026",False,3,Shoulder
2025-10-18,Standard King,True,2024-01-01,config,False,1259.635,8.0,3.0,1259.635,10-18,700.2783333333333,3.0,"2024,2025,2026",False,3,Shoulder
2025-10-19,Standard King,True,2024-01-01,config,False,373.79999999999995,3.0,2.0,373.79999999999995,10-19,271.2,3.0,"2024,2025,2026",False,3,Shoulder
2025-10-20,Standard King,True,2024-01-01,config,False,546.675,5.0,4.0,546.675,10-20,336.55833333333334,3.0,"2024,2025,2026",False,3,Shoulder
2025-10-21,Standard King,True,2024-01-01,config,False,745.175,7.0,5.0,745.175,10-21,349.075,3.0,"2024,2025,2026",False,3,Shoulder
2025-10-22,Standard King,True,2024-01-01,config,False,114.3,1.0,0.0,114.3,10-22,190.61666666666667,3.0,"2024,2025,2026",False,3,Shoulder
2025-10-23,Standard King,True,2024-01-01,config,False,341.9,3.0,3.0,341.9,10-23,436.5,3.0,"2024,2025,2026",False,3,Shoulder
2025-10-24,Standard King,True,2024-01-01,config,False,531.95,5.0,5.0,531.95,10-24,318.0166666666667,3.0,"2024,2025,2026",False,3,Shoulder
2025-10-25,Standard King,True,2024-01-01,config,False,774.75,8.0,6.0,774.75,10-25,368.55,3.0,"2024,2025,2026",False,3,Shoulder
2025-10-26,Standard King,True,2024-01-01,config,False,345.77,4.0,4.0,345.77,10-26,195.68999999999997,3.0,"2024,2025,2026",False,2,Low
2025-10-27,Standard King,True,2024-01-01,config,False,0.0,0.0,0.0,0.0,10-27,0.0,3.0,"2024,2025,2026",False,2,Low
2025-10-28,Standard King,True,2024-01-01,config,False,243.8,3.0,3.0,243.8,10-28,81.26666666666667,3.0,"2024,2025,2026",False,2,Low
2025-10-29,Standard King,True,2024-01-01,config,False,354.4683333333333,5.0,5.0,354.4683333333333,10-29,200.15611111111107,3.0,"2024,2025,2026",False,2,Low
2025-10-30,Standard King,True,2024-01-01,config,False,533.8933333333333,8.0,5.0,533.8933333333333,10-30,177.96444444444444,3.0,"2024,2025,2026",False,2,Low
2025-10-31,Standard King,True,2024-01-01,config,False,741.0583333333334,9.0,6.0,741.0583333333334,10-31,280.61944444444447,3.0,"2024,2025,2026",False,2,Low
2025-11-01,Standard King,True,2024-01-01,config,False,667.475,9.0,4.0,667.475,11-01,279.825,3.0,"2024,2025,2026",False,1,Soft
2025-11-02,Standard King,True,2024-01-01,config,False,205.875,3.0,2.0,205.875,11-02,97.29166666666667,3.0,"2024,2025,2026",False,1,Soft
2025-11-03,Standard King,True,2024-01-01,config,False,293.2,4.0,4.0,293.2,11-03,126.39999999999999,3.0,"2024,2025,2026",False,1,Soft
2025-11-04,Standard King,True,2024-01-01,config,False,230.2,3.0,2.0,230.2,11-04,76.73333333333333,3.0,"2024,2025,2026",False,1,Soft
2025-11-05,Standard King,True,2024-01-01,config,False,484.75,7.0,6.0,484.75,11-05,161.58333333333334,3.0,"2024,2025,2026",False,1,Soft
2025-11-06,Standard King,True,2024-01-01,config,False,227.0,3.0,2.0,227.0,11-06,75.66666666666667,3.0,"2024,2025,2026",False,1,Soft
2025-11-07,Standard King,True,2024-01-01,config,False,606.48125,8.0,8.0,606.48125,11-07,225.09375,3.0,"2024,2025,2026",False,1,Soft
2025-11-08,Standard King,True,2024-01-01,config,False,632.73125,8.0,4.0,632.73125,11-08,262.5104166666667,3.0,"2024,2025,2026",False,1,Soft
2025-11-09,Standard King,True,2024-01-01,config,False,525.53125,8.0,6.0,525.53125,11-09,203.84375,3.0,"2024,2025,2026",False,1,Soft
2025-11-10,Standard King,True,2024-01-01,config,False,574.04125,8.0,5.0,574.04125,11-10,220.01375,3.0,"2024,2025,2026",False,1,Soft
2025-11-11,Standard King,True,2024-01-01,config,False,399.48125,6.0,5.0,399.48125,11-11,185.1604166666667,3.0,"2024,2025,2026",False,1,Soft
2025-11-12,Standard King,True,2024-01-01,config,False,282.68125,4.0,2.0,282.68125,11-12,146.22708333333333,3.0,"2024,2025,2026",False,1,Soft
2025-11-13,Standard King,True,2024-01-01,config,False,306.3145833333333,4.0,3.0,306.3145833333333,11-13,148.37152777777777,3.0,"2024,2025,2026",False,1,Soft
2025-11-14,Standard King,True,2024-01-01,config,False,464.1045833333333,6.0,3.0,464.1045833333333,11-14,213.66819444444445,3.0,"2024,2025,2026",False,1,Soft
2025-11-15,Standard King,True,2024-01-01,config,False,620.9258333333333,8.0,4.0,620.9258333333333,11-15,268.80861111111113,3.0,"2024,2025,2026",False,1,Soft
2025-11-16,Standard King,True,2024-01-01,config,False,144.35,2.0,1.0,144.35,11-16,81.28333333333333,3.0,"2024,2025,2026",False,1,Soft
2025-11-17,Standard King,True,2024-01-01,config,False,0.0,0.0,0.0,0.0,11-17,33.166666666666664,3.0,"2024,2025,2026",False,1,Soft
2025-11-18,Standard King,True,2024-01-01,config,False,0.0,0.0,0.0,0.0,11-18,0.0,3.0,"2024,2025,2026",False,1,Soft
2025-11-19,Standard King,True,2024-01-01,config,False,62.05,1.0,1.0,62.05,11-19,20.683333333333334,3.0,"2024,2025,2026",False,1,Soft
2025-11-20,Standard King,True,2024-01-01,config,False,170.33333333333331,2.0,2.0,170.33333333333331,11-20,56.77777777777777,3.0,"2024,2025,2026",False,1,Soft
2025-11-21,Standard King,True,2024-01-01,config,False,336.24833333333333,4.0,3.0,336.24833333333333,11-21,161.3661111111111,3.0,"2024,2025,2026",False,1,Soft
2025-11-22,Standard King,True,2024-01-01,config,False,438.49833333333333,5.0,1.0,438.49833333333333,11-22,221.24944444444444,3.0,"2024,2025,2026",False,1,Soft
2025-11-23,Standard King,True,2024-01-01,config,False,497.37,5.0,4.0,497.37,11-23,298.94,3.0,"2024,2025,2026",False,1,Soft
2025-11-24,Standard King,True,2024-01-01,config,False,166.09,2.0,1.0,166.09,11-24,223.88,3.0,"2024,2025,2026",False,1,Soft
2025-11-25,Standard King,True,2024-01-01,config,False,283.125,3.0,2.0,283.125,11-25,239.775,3.0,"2024,2025,2026",False,1,Soft
2025-11-26,Standard King,True,2024-01-01,config,False,180.875,2.0,0.0,180.875,11-26,188.1916666666667,3.0,"2024,2025,2026",False,1,Soft
2025-11-27,Standard King,True,2024-01-01,config,False,327.9566666666667,3.0,3.0,327.9566666666667,11-27,170.38555555555556,3.0,"2024,2025,2026",False,1,Soft
2025-11-28,Standard King,True,2024-01-01,config,False,444.76666666666665,5.0,3.0,444.76666666666665,11-28,293.43888888888887,3.0,"2024,2025,2026",False,2,Low
2025-11-29,Standard King,True,2024-01-01,config,False,580.5816666666667,6.0,3.0,580.5816666666667,11-29,400.7855555555555,3.0,"2024,2025,2026",False,2,Low
2025-11-30,Standard King,True,2024-01-01,config,False,321.745,4.0,1.0,321.745,11-30,285.42333333333335,3.0,"2024,2025,2026",False,1,Soft
2025-12-01,Standard King,True,2024-01-01,config,False,314.32,4.0,3.0,314.32,12-01,201.90666666666667,3.0,"2024,2025,2026",False,1,Soft
2025-12-02,Standard King,True,2024-01-01,config,False,237.87,3.0,1.0,237.87,12-02,93.17333333333333,3.0,"2024,2025,2026",False,1,Soft
2025-12-03,Standard King,True,2024-01-01,config,False,217.15,3.0,3.0,217.15,12-03,145.98333333333335,3.0,"2024,2025,2026",False,1,Soft
2025-12-04,Standard King,True,2024-01-01,config,False,57.47,1.0,1.0,57.47,12-04,156.71,3.0,"2024,2025,2026",False,1,Soft
2025-12-05,Standard King,True,2024-01-01,config,False,237.275,3.0,3.0,237.275,12-05,158.495,3.0,"2024,2025,2026",False,1,Soft
2025-12-06,Standard King,True,2024-01-01,config,False,163.715,2.0,0.0,163.715,12-06,157.07500000000002,3.0,"2024,2025,2026",False,1,Soft
2025-12-07,Standard King,True,2024-01-01,config,False,223.37,3.0,2.0,223.37,12-07,125.38666666666666,3.0,"2024,2025,2026",False,1,Soft
2025-12-08,Standard King,True,2024-01-01,config,False,161.5,2.0,0.0,161.5,12-08,69.16333333333334,3.0,"2024,2025,2026",False,1,Soft
2025-12-09,Standard King,True,2024-01-01,config,False,0.0,0.0,0.0,0.0,12-09,31.99666666666667,3.0,"2024,2025,2026",False,1,Soft
2025-12-10,Standard King,True,2024-01-01,config,False,95.5,1.0,1.0,95.5,12-10,102.64666666666666,3.0,"2024,2025,2026",False,1,Soft
2025-12-11,Standard King,True,2024-01-01,config,False,640.765,6.0,5.0,640.765,12-11,279.085,3.0,"2024,2025,2026",False,1,Soft
2025-12-12,Standard King,True,2024-01-01,config,False,671.265,6.0,1.0,671.265,12-12,303.2683333333333,3.0,"2024,2025,2026",False,1,Soft
2025-12-13,Standard King,True,2024-01-01,config,False,554.99,5.0,0.0,554.99,12-13,277.61,3.0,"2024,2025,2026",False,1,Soft
2025-12-14,Standard King,True,2024-01-01,config,False,0.0,0.0,0.0,0.0,12-14,142.08666666666667,3.0,"2024,2025,2026",False,1,Soft
2025-12-15,Standard King,True,2024-01-01,config,False,188.26,2.0,2.0,188.26,12-15,181.29,3.0,"2024,2025,2026",False,2,Low
2025-12-16,Standard King,True,2024-01-01,config,False,284.56666666666666,3.0,2.0,284.56666666666666,12-16,133.18555555555557,3.0,"2024,2025,2026",False,2,Low
2025-12-17,Standard King,True,2024-01-01,config,False,341.26666666666665,4.0,2.0,341.26666666666665,12-17,173.33555555555554,3.0,"2024,2025,2026",False,2,Low
2025-12-18,Standard King,True,2024-01-01,config,False,99.66666666666667,1.0,0.0,99.66666666666667,12-18,71.55222222222223,3.0,"2024,2025,2026",False,2,Low
2025-12-19,Standard King,True,2024-01-01,config,False,817.7,7.0,7.0,817.7,12-19,370.96333333333337,3.0,"2024,2025,2026",False,2,Low
2025-12-20,Standard King,True,2024-01-01,config,False,875.5225,8.0,7.0,875.5225,12-20,391.45194444444445,3.0,"2024,2025,2026",False,2,Low
2025-12-21,Standard King,True,2024-01-01,config,False,599.7891666666667,6.0,3.0,599.7891666666667,12-21,323.12083333333334,3.0,"2024,2025,2026",False,2,Low
2025-12-22,Standard King,True,2024-01-01,config,False,476.9166666666667,6.0,5.0,476.9166666666667,12-22,285.69083333333333,3.0,"2024,2025,2026",False,3,Shoulder
2025-12-23,Standard King,True,2024-01-01,config,False,705.3616666666667,9.0,4.0,705.3616666666667,12-23,334.19472222222225,3.0,"2024,2025,2026",False,3,Shoulder
2025-12-24,Standard King,True,2024-01-01,config,False,839.15,10.0,6.0,839.15,12-24,337.00083333333333,3.0,"2024,2025,2026",False,3,Shoulder
2025-12-25,Standard King,True,2024-01-01,config,False,785.1333333333333,8.0,2.0,785.1333333333333,12-25,345.6619444444444,3.0,"2024,2025,2026",False,3,Shoulder
2025-12-26,Standard King,True,2024-01-01,config,False,895.3708333333334,7.0,3.0,895.3708333333334,12-26,490.12361111111113,3.0,"2024,2025,2026",False,3,Shoulder
2025-12-27,Standard King,True,2024-01-01,config,False,1143.9958333333334,8.0,2.0,1143.9958333333334,12-27,621.9986111111111,3.0,"2024,2025,2026",False,3,Shoulder
2025-12-28,Standard King,True,2024-01-01,config,False,889.6500000000001,7.0,5.0,889.6500000000001,12-28,548.9333333333334,3.0,"2024,2025,2026",False,3,Shoulder
2025-12-29,Standard King,True,2024-01-01,config,False,1085.7066666666667,8.0,8.0,1085.7066666666667,12-29,611.0466666666667,3.0,"2024,2025,2026",False,3,Shoulder
2025-12-30,Standard King,True,2024-01-01,config,False,1002.0066666666667,8.0,3.0,1002.0066666666667,12-30,508.40333333333336,3.0,"2024,2025,2026",False,3,Shoulder
2025-12-31,Standard King,True,2024-01-01,config,False,1010.4366666666666,9.0,8.0,1010.4366666666666,12-31,595.7133333333333,3.0,"2024,2025,2026",False,3,Shoulder
2026-01-01,Standard King,True,2024-01-01,config,False,848.9,9.0,7.0,848.9,01-01,558.5733333333334,3.0,"2024,2025,2026",False,3,Shoulder
2026-01-02,Standard King,True,2024-01-01,config,False,863.38,8.0,6.0,863.38,01-02,535.4777777777778,3.0,"2024,2025,2026",False,3,Shoulder
2026-01-03,Standard King,True,2024-01-01,config,False,469.35,5.0,5.0,469.35,01-03,352.4511111111112,3.0,"2024,2025,2026",False,3,Shoulder
2026-01-04,Standard King,True,2024-01-01,config,False,100.51,1.0,1.0,100.51,01-04,252.4311111111111,3.0,"2024,2025,2026",False,3,Shoulder
2026-01-05,Standard King,True,2024-01-01,config,False,195.51,2.0,1.0,195.51,01-05,225.62,3.0,"2024,2025,2026",False,3,Shoulder
2026-01-06,Standard King,True,2024-01-01,config,False,152.95,2.0,2.0,152.95,01-06,185.07111111111112,3.0,"2024,2025,2026",False,3,Shoulder
2026-01-07,Standard King,True,2024-01-01,config,False,72.2,1.0,0.0,72.2,01-07,132.48777777777778,3.0,"2024,2025,2026",False,2,Low
2026-01-08,Standard King,True,2024-01-01,config,False,0.0,0.0,0.0,0.0,01-08,101.89611111111111,3.0,"2024,2025,2026",False,2,Low
2026-01-09,Standard King,True,2024-01-01,config,False,412.45,5.0,5.0,412.45,01-09,225.225,3.0,"2024,2025,2026",False,2,Low
2026-01-10,Standard King,True,2024-01-01,config,False,648.55,8.0,7.0,648.55,01-10,370.7383333333333,3.0,"2024,2025,2026",False,2,Low
2026-01-11,Standard King,True,2024-01-01,config,False,149.04,2.0,2.0,149.04,01-11,228.36166666666665,3.0,"2024,2025,2026",False,2,Low
2026-01-12,Standard King,True,2024-01-01,config,False,142.415,2.0,1.0,142.415,01-12,210.93833333333336,3.0,"2024,2025,2026",False,2,Low
2026-01-13,Standard King,True,2024-01-01,config,False,215.315,3.0,1.0,215.315,01-13,171.47166666666666,3.0,"2024,2025,2026",False,2,Low
2026-01-14,Standard King,True,2024-01-01,config,False,136.89,2.0,1.0,136.89,01-14,91.01333333333332,3.0,"2024,2025,2026",False,2,Low
2026-01-15,Standard King,True,2024-01-01,config,False,302.97333333333336,4.0,2.0,302.97333333333336,01-15,119.24111111111112,3.0,"2024,2025,2026",False,2,Low
2026-01-16,Standard King,True,2024-01-01,config,False,663.8066666666666,9.0,6.0,663.8066666666666,01-16,285.7522222222222,3.0,"2024,2025,2026",False,2,Low
2026-01-17,Standard King,True,2024-01-01,config,False,661.2666666666667,9.0,2.0,661.2666666666667,01-17,394.1088888888889,3.0,"2024,2025,2026",False,2,Low
2026-01-18,Standard King,True,2024-01-01,config,False,246.18333333333334,3.0,2.0,246.18333333333334,01-18,287.6044444444444,3.0,"2024,2025,2026",False,2,Low
2026-01-19,Standard King,True,2024-01-01,config,False,218.26,3.0,1.0,218.26,01-19,205.36444444444442,3.0,"2024,2025,2026",False,2,Low
2026-01-20,Standard King,True,2024-01-01,config,False,259.25,4.0,3.0,259.25,01-20,205.41111111111113,3.0,"2024,2025,2026",False,2,Low
2026-01-21,Standard King,True,2024-01-01,config,False,254.25,4.0,2.0,254.25,01-21,152.74444444444444,3.0,"2024,2025,2026",False,1,Soft
2026-01-22,Standard King,True,2024-01-01,config,False,216.7,3.0,2.0,216.7,01-22,121.98333333333333,3.0,"2024,2025,2026",False,1,Soft
2026-01-23,Standard King,True,2024-01-01,config,False,394.7,5.0,4.0,394.7,01-23,228.3166666666667,3.0,"2024,2025,2026",False,1,Soft
2026-01-24,Standard King,True,2024-01-01,config,False,306.23,4.0,2.0,306.23,01-24,166.56,3.0,"2024,2025,2026",False,1,Soft
2026-01-25,Standard King,True,2024-01-01,config,False,152.69,2.0,1.0,152.69,01-25,164.38,3.0,"2024,2025,2026",False,1,Soft
2026-01-26,Standard King,True,2024-01-01,config,False,208.51,3.0,2.0,208.51,01-26,123.48666666666666,3.0,"2024,2025,2026",False,1,Soft
2026-01-27,Standard King,True,2024-01-01,config,False,162.575,2.0,2.0,162.575,01-27,80.52499999999999,3.0,"2024,2025,2026",False,1,Soft
2026-01-28,Standard King,True,2024-01-01,config,False,425.125,5.0,4.0,425.125,01-28,141.70833333333334,3.0,"2024,2025,2026",False,1,Soft
2026-01-29,Standard King,True,2024-01-01,config,False,706.72,8.0,6.0,706.72,01-29,235.57333333333335,3.0,"2024,2025,2026",False,1,Soft
2026-01-30,Standard King,True,2024-01-01,config,False,633.3199999999999,7.0,2.0,633.3199999999999,01-30,236.92518518518514,3.0,"2024,2025,2026",False,1,Soft
2026-01-31,Standard King,True,2024-01-01,config,False,468.07,5.0,0.0,468.07,01-31,273.35851851851857,3.0,"2024,2025,2026",False,1,Soft
2026-02-01,Standard King,True,2024-01-01,config,False,0.0,0.0,0.0,0.0,02-01,214.86851851851853,3.0,"2024,2025,2026",False,1,Soft
2026-02-02,Standard King,True,2024-01-01,config,False,0.0,0.0,0.0,0.0,02-02,187.99708994708996,3.0,"2024,2025,2026",False,1,Soft
2026-02-03,Standard King,True,2024-01-01,config,False,68.85,1.0,1.0,68.85,02-03,163.5304232804233,3.0,"2024,2025,2026",False,1,Soft
2026-02-04,Standard King,True,2024-01-01,config,False,255.0,3.0,3.0,255.0,02-04,159.24708994708996,3.0,"2024,2025,2026",False,1,Soft
2026-02-05,Standard King,True,2024-01-01,config,False,244.755,3.0,3.0,244.755,02-05,205.16542328042328,3.0,"2024,2025,2026",False,1,Soft
2026-02-06,Standard King,True,2024-01-01,config,False,244.755,3.0,0.0,244.755,02-06,216.94208994708995,3.0,"2024,2025,2026",False,1,Soft
2026-02-07,Standard King,True,2024-01-01,config,False,157.63,2.0,0.0,157.63,02-07,185.13375661375662,3.0,"2024,2025,2026",False,1,Soft
2026-02-08,Standard King,True,2024-01-01,config,False,0.0,0.0,0.0,0.0,02-08,156.63857142857142,3.0,"2024,2025,2026",False,1,Soft
2026-02-09,Standard King,True,2024-01-01,config,False,92.0,1.0,1.0,92.0,02-09,209.67555555555555,3.0,"2024,2025,2026",False,1,Soft
2026-02-10,Standard King,True,2024-01-01,config,False,172.0,2.0,2.0,172.0,02-10,188.80888888888887,3.0,"2024,2025,2026",False,2,Low
2026-02-11,Standard King,True,2024-01-01,config,False,249.50333333333333,3.0,3.0,249.50333333333333,02-11,192.45666666666668,3.0,"2024,2025,2026",False,2,Low
2026-02-12,Standard King,True,2024-01-01,config,False,284.18333333333334,3.0,1.0,284.18333333333334,02-12,150.4611111111111,3.0,"2024,2025,2026",False,2,Low
2026-02-13,Standard King,True,2024-01-01,config,False,409.67333333333335,5.0,3.0,409.67333333333335,02-13,295.6022222222222,3.0,"2024,2025,2026",False,2,Low
2026-02-14,Standard King,True,2024-01-01,config,False,737.96,8.0,5.0,737.96,02-14,381.7977777777778,3.0,"2024,2025,2026",False,2,Low
2026-02-15,Standard King,True,2024-01-01,config,False,383.2,4.0,1.0,383.2,02-15,263.5444444444444,3.0,"2024,2025,2026",False,2,Low
2026-02-16,Standard King,True,2024-01-01,config,False,488.46,6.0,5.0,488.46,02-16,337.58666666666664,3.0,"2024,2025,2026",False,2,Low
2026-02-17,Standard King,True,2024-01-01,config,False,155.07999999999998,2.0,1.0,155.07999999999998,02-17,207.35999999999999,3.0,"2024,2025,2026",False,2,Low
2026-02-18,Standard King,True,2024-01-01,config,False,343.56,4.0,3.0,343.56,02-18,138.85333333333332,3.0,"2024,2025,2026",False,2,Low
2026-02-19,Standard King,True,2024-01-01,config,False,416.395,5.0,4.0,416.395,02-19,138.79833333333332,3.0,"2024,2025,2026",False,2,Low
2026-02-20,Standard King,True,2024-01-01,config,False,703.575,8.0,5.0,703.575,02-20,280.7583333333334,3.0,"2024,2025,2026",False,2,Low
2026-02-21,Standard King,True,2024-01-01,config,False,639.3299999999999,7.0,3.0,639.3299999999999,02-21,356.5655555555556,3.0,"2024,2025,2026",False,2,Low
2026-02-22,Standard King,True,2024-01-01,config,False,74.97,1.0,1.0,74.97,02-22,183.61222222222224,3.0,"2024,2025,2026",False,2,Low
2026-02-23,Standard King,True,2024-01-01,config,False,307.73,4.0,4.0,307.73,02-23,176.8322222222222,3.0,"2024,2025,2026",False,2,Low
2026-02-24,Standard King,True,2024-01-01,config,False,84.0,2.0,2.0,84.0,02-24,152.9,3.0,"2024,2025,2026",False,2,Low
2026-02-25,Standard King,True,2024-01-01,config,False,147.49,3.0,2.0,147.49,02-25,146.86333333333334,3.0,"2024,2025,2026",False,1,Soft
2026-02-26,Standard King,True,2024-01-01,config,False,229.52,3.0,2.0,229.52,02-26,125.17333333333333,3.0,"2024,2025,2026",False,1,Soft
2026-02-27,Standard King,True,2024-01-01,config,False,182.13,2.0,2.0,182.13,02-27,86.61,3.0,"2024,2025,2026",False,1,Soft
2026-02-28,Standard King,True,2024-01-01,config,False,218.0,2.0,1.0,218.0,02-28,150.25666666666666,3.0,"2024,2025,2026",False,1,Soft
2026-03-01,Standard King,True,2024-01-01,config,False,369.29,4.0,4.0,369.29,03-01,229.62,3.0,"2024,2025,2026",False,1,Soft
2026-03-02,Standard King,True,2024-01-01,config,False,265.33,3.0,1.0,265.33,03-02,197.34333333333333,3.0,"2024,2025,2026",False,1,Soft
2026-03-03,Standard King,True,2024-01-01,config,False,176.5,2.0,0.0,176.5,03-03,85.5,3.0,"2024,2025,2026",False,1,Soft
2026-03-04,Standard King,True,2024-01-01,config,False,229.39,3.0,2.0,229.39,03-04,129.96333333333334,3.0,"2024,2025,2026",False,1,Soft
2026-03-05,Standard King,True,2024-01-01,config,False,366.28,4.0,2.0,366.28,03-05,179.84333333333333,3.0,"2024,2025,2026",False,1,Soft
2026-03-06,Standard King,True,2024-01-01,config,False,502.98,5.0,3.0,502.98,03-06,232.01,3.0,"2024,2025,2026",False,2,Low
2026-03-07,Standard King,True,2024-01-01,config,False,454.39,4.0,1.0,454.39,03-07,245.8022222222222,3.0,"2024,2025,2026",False,2,Low
2026-03-08,Standard King,True,2024-01-01,config,False,172.17666666666668,2.0,2.0,172.17666666666668,03-08,289.6977777777778,3.0,"2024,2025,2026",False,2,Low
2026-03-09,Standard King,True,2024-01-01,config,False,356.29833333333335,4.0,3.0,356.29833333333335,03-09,311.33833333333337,3.0,"2024,2025,2026",False,2,Low
2026-03-10,Standard King,True,2024-01-01,config,False,377.86833333333334,4.0,1.0,377.86833333333334,03-10,236.62833333333333,3.0,"2024,2025,2026",False,2,Low
2026-03-11,Standard King,True,2024-01-01,config,False,243.63666666666666,3.0,2.0,243.63666666666666,03-11,230.6011111111111,3.0,"2024,2025,2026",False,2,Low
2026-03-12,Standard King,True,2024-01-01,config,False,182.46,2.0,1.0,182.46,03-12,142.70888888888888,3.0,"2024,2025,2026",False,2,Low
2026-03-13,Standard King,True,2024-01-01,config,False,108.9,1.0,0.0,108.9,03-13,126.63333333333333,3.0,"2024,2025,2026",False,3,Shoulder
2026-03-14,Standard King,True,2024-01-01,config,False,358.23,4.0,3.0,358.23,03-14,313.57666666666665,3.0,"2024,2025,2026",False,3,Shoulder
2026-03-15,Standard King,True,2024-01-01,config,False,317.42,4.0,3.0,317.42,03-15,310.1066666666666,3.0,"2024,2025,2026",False,3,Shoulder
2026-03-16,Standard King,True,2024-01-01,config,False,372.43333333333334,5.0,5.0,372.43333333333334,03-16,348.05777777777774,3.0,"2024,2025,2026",False,3,Shoulder
2026-03-17,Standard King,True,2024-01-01,config,False,644.5866666666667,8.0,4.0,644.5866666666667,03-17,294.2422222222222,3.0,"2024,2025,2026",False,3,Shoulder
2026-03-18,Standard King,True,2024-01-01,config,False,741.7966666666666,8.0,4.0,741.7966666666666,03-18,324.3566666666666,3.0,"2024,2025,2026",False,3,Shoulder
2026-03-19,Standard King,True,2024-01-01,config,False,692.2233333333334,8.0,4.0,692.2233333333334,03-19,308.99888888888887,3.0,"2024,2025,2026",False,3,Shoulder
2026-03-20,Standard King,True,2024-01-01,config,False,726.9758333333333,8.0,7.0,726.9758333333333,03-20,319.64972222222224,3.0,"2024,2025,2026",False,3,Shoulder
2026-03-21,Standard King,True,2024-01-01,config,False,730.9608333333333,8.0,4.0,730.9608333333333,03-21,321.97027777777777,3.0,"2024,2025,2026",False,3,Shoulder
2026-03-22,Standard King,True,2024-01-01,config,False,472.03833333333336,6.0,3.0,472.03833333333336,03-22,276.95722222222224,3.0,"2024,2025,2026",False,3,Shoulder
2026-03-23,Standard King,True,2024-01-01,config,False,415.62,5.0,4.0,415.62,03-23,346.3511111111111,3.0,"2024,2025,2026",False,3,Shoulder
2026-03-24,Standard King,True,2024-01-01,config,False,250.176,3.0,2.0,250.176,03-24,128.8031111111111,3.0,"2024,2025,2026",False,3,Shoulder
2026-03-25,Standard King,True,2024-01-01,config,False,406.8535,5.0,4.0,406.8535,03-25,244.8845,3.0,"2024,2025,2026",False,3,Shoulder
2026-03-26,Standard King,True,2024-01-01,config,False,459.6235,6.0,3.0,459.6235,03-26,271.4745,3.0,"2024,2025,2026",False,2,Low
2026-03-27,Standard King,True,2024-01-01,config,False,609.7935,8.0,3.0,609.7935,03-27,363.23116666666664,3.0,"2024,2025,2026",False,2,Low
2026-03-28,Standard King,True,2024-01-01,config,False,704.7535,8.0,5.0,704.7535,03-28,450.8345,3.0,"2024,2025,2026",False,2,Low
2026-03-29,Standard King,True,2024-01-01,config,False,232.505,3.0,2.0,232.505,03-29,309.3183333333333,3.0,"2024,2025,2026",False,2,Low
2026-03-30,Standard King,True,2024-01-01,config,False,236.865,3.0,1.0,236.865,03-30,283.355,3.0,"2024,2025,2026",False,2,Low
2026-03-31,Standard King,True,2024-01-01,config,False,206.89000000000001,3.0,2.0,206.89000000000001,03-31,167.36333333333334,3.0,"2024,2025,2026",False,2,Low
2026-04-01,Standard King,True,2024-01-01,config,False,0.0,0.0,0.0,0.0,04-01,41.233333333333334,3.0,"2024,2025,2026",False,2,Low
2026-04-02,Standard King,True,2024-01-01,config,False,402.99,6.0,6.0,402.99,04-02,312.5395238095238,3.0,"2024,2025,2026",False,2,Low
2026-04-03,Standard King,True,2024-01-01,config,False,261.97,3.0,3.0,261.97,04-03,244.33285714285716,3.0,"2024,2025,2026",False,2,Low
2026-04-04,Standard King,True,2024-01-01,config,False,514.7266666666667,7.0,4.0,514.7266666666667,04-04,337.8850793650794,3.0,"2024,2025,2026",False,2,Low
2026-04-05,Standard King,True,2024-01-01,config,False,221.69666666666666,3.0,2.0,221.69666666666666,04-05,285.97507936507935,3.0,"2024,2025,2026",False,2,Low
2026-04-06,Standard King,True,2024-01-01,config,False,136.89666666666665,2.0,1.0,136.89666666666665,04-06,227.966746031746,3.0,"2024,2025,2026",False,2,Low
2026-04-07,Standard King,True,2024-01-01,config,False,137.24,2.0,2.0,137.24,04-07,193.03119047619046,3.0,"2024,2025,2026",False,2,Low
2026-04-08,Standard King,True,2024-01-01,config,False,166.7,3.0,3.0,166.7,04-08,142.6595238095238,3.0,"2024,2025,2026",False,2,Low
2026-04-09,Standard King,True,2024-01-01,config,False,316.95,5.0,4.0,316.95,04-09,166.4,3.0,"2024,2025,2026",False,2,Low
2026-04-10,Standard King,True,2024-01-01,config,False,321.135,4.0,4.0,321.135,04-10,172.12833333333333,3.0,"2024,2025,2026",False,2,Low
2026-04-11,Standard King,True,2024-01-01,config,False,500.915,7.0,4.0,500.915,04-11,301.52500000000003,3.0,"2024,2025,2026",False,2,Low
2026-04-12,Standard King,True,2024-01-01,config,False,239.39999999999998,3.0,2.0,239.39999999999998,04-12,317.61111111111114,3.0,"2024,2025,2026",False,2,Low
2026-04-13,Standard King,True,2024-01-01,config,False,226.82999999999998,3.0,3.0,226.82999999999998,04-13,245.75444444444443,3.0,"2024,2025,2026",False,2,Low
2026-04-14,Standard King,True,2024-01-01,config,False,242.97,3.0,2.0,242.97,04-14,136.85111111111112,3.0,"2024,2025,2026",False,2,Low
2026-04-15,Standard King,True,2024-01-01,config,False,168.0,2.0,2.0,168.0,04-15,137.56666666666666,3.0,"2024,2025,2026",False,2,Low
2026-04-16,Standard King,True,2024-01-01,config,False,422.5,5.0,5.0,422.5,04-16,252.41666666666666,3.0,"2024,2025,2026",False,2,Low
2026-04-17,Standard King,True,2024-01-01,config,False,956.6266666666667,8.0,7.0,956.6266666666667,04-17,363.6922222222222,3.0,"2024,2025,2026",False,2,Low
2026-04-18,Standard King,True,2024-01-01,config,False,949.2266666666667,8.0,2.0,949.2266666666667,04-18,375.0672222222222,3.0,"2024,2025,2026",False,2,Low
2026-04-19,Standard King,True,2024-01-01,config,False,525.7666666666667,5.0,2.0,525.7666666666667,04-19,299.50555555555553,3.0,"2024,2025,2026",False,2,Low
2026-04-20,Standard King,True,2024-01-01,config,False,146.12,2.0,1.0,146.12,04-20,250.00666666666666,3.0,"2024,2025,2026",False,2,Low
2026-04-21,Standard King,True,2024-01-01,config,False,378.0325,7.0,7.0,378.0325,04-21,286.8775,3.0,"2024,2025,2026",False,2,Low
2026-04-22,Standard King,True,2024-01-01,config,False,393.0825,6.0,4.0,393.0825,04-22,386.4013095238095,3.0,"2024,2025,2026",False,3,Shoulder
2026-04-23,Standard King,True,2024-01-01,config,False,413.5425,6.0,4.0,413.5425,04-23,350.94797619047614,3.0,"2024,2025,2026",False,3,Shoulder
2026-04-24,Standard King,True,2024-01-01,config,False,541.3125,6.0,5.0,541.3125,04-24,370.04464285714283,3.0,"2024,2025,2026",False,3,Shoulder
2026-04-25,Standard King,True,2024-01-01,config,False,709.1,8.0,5.0,709.1,04-25,549.6860317460317,3.0,"2024,2025,2026",False,3,Shoulder
2026-04-26,Standard King,True,2024-01-01,config,False,64.5,1.0,1.0,64.5,04-26,293.4793650793651,3.0,"2024,2025,2026",False,3,Shoulder
2026-04-27,Standard King,True,2024-01-01,config,False,95.0,1.0,1.0,95.0,04-27,262.3960317460317,3.0,"2024,2025,2026",False,3,Shoulder
2026-04-28,Standard King,True,2024-01-01,config,False,288.44,4.0,4.0,288.44,04-28,239.32047619047617,3.0,"2024,2025,2026",False,3,Shoulder
2026-04-29,Standard King,True,2024-01-01,config,False,101.24000000000001,2.0,1.0,101.24000000000001,04-29,240.60500000000002,3.0,"2024,2025,2026",False,3,Shoulder
2026-04-30,Standard King,True,2024-01-01,config,False,649.17,7.0,7.0,649.17,04-30,352.815,3.0,"2024,2025,2026",False,3,Shoulder
2026-05-01,Standard King,True,2024-01-01,config,False,535.24,4.0,3.0,535.24,05-01,341.08,3.0,"2024,2025,2026",False,3,Shoulder
2026-05-02,Standard King,True,2024-01-01,config,False,559.5971428571429,5.0,5.0,559.5971428571429,05-02,360.81571428571425,3.0,"2024,2025,2026",False,3,Shoulder
2026-05-03,Standard King,True,2024-01-01,config,False,435.15714285714284,4.0,1.0,435.15714285714284,05-03,478.0023809523809,3.0,"2024,2025,2026",False,3,Shoulder
2026-05-04,Standard King,True,2024-01-01,config,False,591.6421428571429,6.0,5.0,591.6421428571429,05-04,511.7807142857143,3.0,"2024,2025,2026",False,3,Shoulder
2026-05-05,Standard King,True,2024-01-01,config,False,261.9971428571429,3.0,1.0,261.9971428571429,05-05,170.49904761904762,3.0,"2024,2025,2026",False,3,Shoulder
2026-05-06,Standard King,True,2024-01-01,config,False,310.00214285714287,3.0,1.0,310.00214285714287,05-06,221.33404761904762,3.0,"2024,2025,2026",False,3,Shoulder
2026-05-07,Standard King,True,2024-01-01,config,False,404.8571428571429,3.0,2.0,404.8571428571429,05-07,383.9190476190476,3.0,"2024,2025,2026",False,3,Shoulder
2026-05-08,Standard King,True,2024-01-01,config,False,1667.997142857143,8.0,7.0,1667.997142857143,05-08,775.5657142857144,3.0,"2024,2025,2026",False,3,Shoulder
2026-05-09,Standard King,True,2024-01-01,config,False,1708.14,8.0,1.0,1708.14,05-09,797.4383333333334,3.0,"2024,2025,2026",False,3,Shoulder
2026-05-10,Standard King,True,2024-01-01,config,False,586.4,6.0,6.0,586.4,05-10,827.1333333333333,3.0,"2024,2025,2026",False,3,Shoulder
2026-05-11,Standard King,True,2024-01-01,config,False,562.75,6.0,4.0,562.75,05-11,754.5916666666667,3.0,"2024,2025,2026",False,3,Shoulder
2026-05-12,Standard King,True,2024-01-01,config,False,720.68,7.0,6.0,720.68,05-12,635.01,3.0,"2024,2025,2026",False,3,Shoulder
2026-05-13,Standard King,True,2024-01-01,config,False,792.42,8.0,7.0,792.42,05-13,563.4899999999999,3.0,"2024,2025,2026",False,3,Shoulder
2026-05-14,Standard King,True,2024-01-01,config,False,317.0,2.0,1.0,317.0,05-14,577.6750000000001,3.0,"2024,2025,2026",False,3,Shoulder
2026-05-15,Standard King,True,2024-01-01,config,False,813.7485714285715,6.0,5.0,813.7485714285715,05-15,726.3245238095238,3.0,"2024,2025,2026",False,3,Shoulder
2026-05-16,Standard King,True,2024-01-01,config,False,593.0335714285715,5.0,3.0,593.0335714285715,05-16,696.5078571428571,3.0,"2024,2025,2026",False,3,Shoulder
2026-05-17,Standard King,True,2024-01-01,config,False,569.5335714285715,5.0,1.0,569.5335714285715,05-17,693.3150793650793,3.0,"2024,2025,2026",False,3,Shoulder
2026-05-18,Standard King,True,2024-01-01,config,False,895.3685714285714,8.0,3.0,895.3685714285714,05-18,781.0800793650793,3.0,"2024,2025,2026",False,4,High
2026-05-19,Standard King,True,2024-01-01,config,False,671.7185714285714,5.0,2.0,671.7185714285714,05-19,572.7200793650794,3.0,"2024,2025,2026",False,4,High
2026-05-20,Standard King,True,2024-01-01,config,False,936.2085714285714,6.0,2.0,936.2085714285714,05-20,649.6778571428571,3.0,"2024,2025,2026",False,4,High
2026-05-21,Standard King,True,2024-01-01,config,False,837.6585714285713,5.0,1.0,837.6585714285713,05-21,737.1695238095239,3.0,"2024,2025,2026",False,4,High
2026-05-22,Standard King,True,2024-01-01,config,False,1703.425,8.0,5.0,1703.425,05-22,1132.0986111111113,3.0,"2024,2025,2026",False,4,High
2026-05-23,Standard King,True,2024-01-01,config,False,1648.7649999999999,8.0,5.0,1648.7649999999999,05-23,1020.2519444444443,3.0,"2024,2025,2026",False,4,High
2026-05-24,Standard King,True,2024-01-01,config,False,1321.34,8.0,6.0,1321.34,05-24,1388.7536111111112,3.0,"2024,2025,2026",False,4,High
2026-05-25,Standard King,True,2024-01-01,config,False,825.3566666666667,7.0,7.0,825.3566666666667,05-25,1159.3480555555554,3.0,"2024,2025,2026",False,4,High
2026-05-26,Standard King,True,2024-01-01,config,False,857.6466666666666,6.0,3.0,857.6466666666666,05-26,920.4488888888887,3.0,"2024,2025,2026",False,4,High
2026-05-27,Standard King,True,2024-01-01,config,False,785.3041666666667,6.0,2.0,785.3041666666667,05-27,816.7013888888888,3.0,"2024,2025,2026",False,4,High
2026-05-28,Standard King,True,2024-01-01,config,False,849.2875,7.0,5.0,849.2875,05-28,836.0897222222223,3.0,"2024,2025,2026",False,5,Peak
2026-05-29,Standard King,True,2024-01-01,config,False,802.8924999999999,6.0,2.0,802.8924999999999,05-29,902.381388888889,3.0,"2024,2025,2026",False,5,Peak
2026-05-30,Standard King,True,2024-01-01,config,False,789.9425,7.0,4.0,789.9425,05-30,949.1463888888889,3.0,"2024,2025,2026",False,5,Peak
2026-05-31,Standard King,True,2024-01-01,config,False,1043.73,8.0,6.0,1043.73,05-31,1032.858888888889,3.0,"2024,2025,2026",False,4,High
2026-06-01,Standard King,True,2024-01-01,config,False,1100.5149999999999,8.0,6.0,1100.5149999999999,06-01,887.3288888888889,3.0,"2024,2025,2026",False,4,High
2026-06-02,Standard King,True,2024-01-01,config,False,811.5216666666666,8.0,7.0,811.5216666666666,06-02,716.2144444444444,3.0,"2024,2025,2026",False,4,High
2026-06-03,Standard King,True,2024-01-01,config,False,910.5366666666666,8.0,5.0,910.5366666666666,06-03,890.0388888888889,3.0,"2024,2025,2026",False,4,High
2026-06-04,Standard King,True,2024-01-01,config,False,355.6166666666667,3.0,0.0,355.6166666666667,06-04,771.2155555555555,3.0,"2024,2025,2026",False,4,High
2026-06-05,Standard King,True,2024-01-01,config,False,1185.8416666666667,7.0,7.0,1185.8416666666667,06-05,971.3272222222222,3.0,"2024,2025,2026",False,5,Peak
2026-06-06,Standard King,True,2024-01-01,config,False,849.7616666666667,5.0,3.0,849.7616666666667,06-06,977.8622222222222,3.0,"2024,2025,2026",False,5,Peak
2026-06-07,Standard King,True,2024-01-01,config,False,1186.7716666666668,8.0,7.0,1186.7716666666668,06-07,1192.7072222222223,3.0,"2024,2025,2026",False,5,Peak
2026-06-08,Standard King,True,2024-01-01,config,False,769.945,5.0,3.0,769.945,06-08,778.782380952381,3.0,"2024,2025,2026",False,5,Peak
2026-06-09,Standard King,True,2024-01-01,config,False,708.49,5.0,3.0,708.49,06-09,718.8490476190476,3.0,"2024,2025,2026",False,5,Peak
2026-06-10,Standard King,True,2024-01-01,config,False,940.22,6.0,6.0,940.22,06-10,1004.6257142857143,3.0,"2024,2025,2026",False,5,Peak
2026-06-11,Standard King,True,2024-01-01,config,False,1440.981818181818,8.0,7.0,1440.981818181818,06-11,905.8971536796536,3.0,"2024,2025,2026",False,5,Peak
2026-06-12,Standard King,True,2024-01-01,config,False,1547.381818181818,8.0,1.0,1547.381818181818,06-12,1306.7943759018758,3.0,"2024,2025,2026",False,5,Peak
2026-06-13,Standard King,True,2024-01-01,config,False,1013.04,8.0,7.0,1013.04,06-13,1057.5404365079364,3.0,"2024,2025,2026",False,5,Peak
2026-06-14,Standard King,True,2024-01-01,config,False,1022.5325,8.0,8.0,1022.5325,06-14,1118.2079365079364,3.0,"2024,2025,2026",False,5,Peak
2026-06-15,Standard King,True,2024-01-01,config,False,930.2825,7.0,5.0,930.2825,06-15,878.0691666666667,3.0,"2024,2025,2026",False,5,Peak
2026-06-16,Standard King,True,2024-01-01,config,False,1086.05,8.0,5.0,1086.05,06-16,1043.0483333333334,3.0,"2024,2025,2026",False,5,Peak
2026-06-17,Standard King,True,2024-01-01,config,False,1347.47,8.0,4.0,1347.47,06-17,1222.9594444444444,3.0,"2024,2025,2026",False,5,Peak
2026-06-18,Standard King,True,2024-01-01,config,False,1370.1525000000001,8.0,5.0,1370.1525000000001,06-18,1214.0080555555558,3.0,"2024,2025,2026",False,5,Peak
2026-06-19,Standard King,True,2024-01-01,config,False,1600.2258333333334,8.0,7.0,1600.2258333333334,06-19,1408.460277777778,3.0,"2024,2025,2026",False,5,Peak
2026-06-20,Standard King,True,2024-01-01,config,False,1660.7333333333333,8.0,5.0,1660.7333333333333,06-20,1448.2,3.0,"2024,2025,2026",False,5,Peak
2026-06-21,Standard King,True,2024-01-01,config,False,1210.4333333333334,6.0,0.0,1210.4333333333334,06-21,1278.1947222222223,3.0,"2024,2025,2026",False,5,Peak
2026-06-22,Standard King,True,2024-01-01,config,False,1390.2983333333334,8.0,8.0,1390.2983333333334,06-22,1282.253611111111,3.0,"2024,2025,2026",False,5,Peak
2026-06-23,Standard King,True,2024-01-01,config,False,1473.8733333333332,8.0,6.0,1473.8733333333332,06-23,1252.7119444444445,3.0,"2024,2025,2026",False,5,Peak
2026-06-24,Standard King,True,2024-01-01,config,False,1588.3383333333334,9.0,5.0,1588.3383333333334,06-24,1202.5169444444446,3.0,"2024,2025,2026",False,5,Peak
2026-06-25,Standard King,True,2024-01-01,config,False,1251.16,7.0,4.0,1251.16,06-25,1208.651111111111,3.0,"2024,2025,2026",False,5,Peak
2026-06-26,Standard King,True,2024-01-01,config,False,1243.545,8.0,7.0,1243.545,06-26,1160.7077777777777,3.0,"2024,2025,2026",False,5,Peak
2026-06-27,Standard King,True,2024-01-01,config,False,1439.4816666666666,9.0,3.0,1439.4816666666666,06-27,1301.825,3.0,"2024,2025,2026",False,5,Peak
2026-06-28,Standard King,True,2024-01-01,config,False,765.7066666666667,5.0,3.0,765.7066666666667,06-28,1099.4522222222222,3.0,"2024,2025,2026",False,5,Peak
2026-06-29,Standard King,True,2024-01-01,config,False,1286.76,8.0,4.0,1286.76,06-29,1066.9016666666666,3.0,"2024,2025,2026",False,5,Peak
2026-06-30,Standard King,True,2024-01-01,config,False,1263.1533333333334,8.0,5.0,1263.1533333333334,06-30,1134.9105555555554,3.0,"2024,2025,2026",False,5,Peak
2026-07-01,Standard King,True,2024-01-01,config,False,680.7233333333334,4.0,3.0,680.7233333333334,07-01,1055.7188888888888,3.0,"2024,2025,2026",False,5,Peak
2026-07-02,Standard King,True,2024-01-01,config,False,712.0333333333333,4.0,3.0,712.0333333333333,07-02,1062.4222222222222,3.0,"2024,2025,2026",False,5,Peak
2026-07-03,Standard King,True,2024-01-01,config,False,708.0333333333333,4.0,3.0,708.0333333333333,07-03,1139.1616666666666,3.0,"2024,2025,2026",False,5,Peak
2026-07-04,Standard King,True,2024-01-01,config,False,1453.8700000000001,8.0,4.0,1453.8700000000001,07-04,1445.187222222222,3.0,"2024,2025,2026",False,5,Peak
2026-07-05,Standard King,True,2024-01-01,config,False,1260.0666666666666,8.0,6.0,1260.0666666666666,07-05,1318.5333333333333,3.0,"2024,2025,2026",False,5,Peak
2026-07-06,Standard King,True,2024-01-01,config,False,1067.0266666666666,8.0,5.0,1067.0266666666666,07-06,1280.4811111111112,3.0,"2024,2025,2026",False,5,Peak
2026-07-07,Standard King,True,2024-01-01,config,False,778.17,5.0,3.0,778.17,07-07,1148.753888888889,3.0,"2024,2025,2026",False,5,Peak
2026-07-08,Standard King,True,2024-01-01,config,False,1147.87,7.0,4.0,1147.87,07-08,1130.965,3.0,"2024,2025,2026",False,5,Peak
2026-07-09,Standard King,True,2024-01-01,config,False,1260.8633333333332,8.0,6.0,1260.8633333333332,07-09,1183.4294444444442,3.0,"2024,2025,2026",False,5,Peak
2026-07-10,Standard King,True,2024-01-01,config,False,1536.5833333333333,8.0,6.0,1536.5833333333333,07-10,1419.0394444444444,3.0,"2024,2025,2026",False,5,Peak
2026-07-11,Standard King,True,2024-01-01,config,False,1564.0933333333332,8.0,1.0,1564.0933333333332,07-11,1417.7144444444446,3.0,"2024,2025,2026",False,5,Peak
2026-07-12,Standard King,True,2024-01-01,config,False,462.0,3.0,3.0,462.0,07-12,1026.4733333333334,3.0,"2024,2025,2026",False,5,Peak
2026-07-13,Standard King,True,2024-01-01,config,False,1431.4526666666666,8.0,8.0,1431.4526666666666,07-13,1367.0625555555555,3.0,"2024,2025,2026",False,5,Peak
2026-07-14,Standard King,True,2024-01-01,config,False,1259.5076666666666,7.0,1.0,1259.5076666666666,07-14,1203.3786666666665,3.0,"2024,2025,2026",False,5,Peak
2026-07-15,Standard King,True,2024-01-01,config,False,1381.2326666666665,8.0,2.0,1381.2326666666665,07-15,1298.4486666666664,3.0,"2024,2025,2026",False,5,Peak
2026-07-16,Standard King,True,2024-01-01,config,False,1171.881,8.0,5.0,1171.881,07-16,1252.0481111111112,3.0,"2024,2025,2026",False,5,Peak
2026-07-17,Standard King,True,2024-01-01,config,False,1093.9193333333333,6.0,4.0,1093.9193333333333,07-17,1263.1175555555556,3.0,"2024,2025,2026",False,5,Peak
2026-07-18,Standard King,True,2024-01-01,config,False,1069.9283333333333,7.0,4.0,1069.9283333333333,07-18,1206.788888888889,3.0,"2024,2025,2026",False,5,Peak
2026-07-19,Standard King,True,2024-01-01,config,False,1148.1,8.0,4.0,1148.1,07-19,1349.6961111111111,3.0,"2024,2025,2026",False,5,Peak
2026-07-20,Standard King,True,2024-01-01,config,False,769.5066666666667,6.0,5.0,769.5066666666667,07-20,1023.7294444444445,3.0,"2024,2025,2026",False,5,Peak
2026-07-21,Standard King,True,2024-01-01,config,False,959.5666666666666,7.0,6.0,959.5666666666666,07-21,968.5861111111111,3.0,"2024,2025,2026",False,5,Peak
2026-07-22,Standard King,True,2024-01-01,config,False,477.75,3.0,3.0,477.75,07-22,1004.9138888888889,3.0,"2024,2025,2026",False,5,Peak
2026-07-23,Standard King,True,2024-01-01,config,False,986.8033333333333,6.0,6.0,986.8033333333333,07-23,1160.3661111111112,3.0,"2024,2025,2026",False,5,Peak
2026-07-24,Standard King,True,2024-01-01,config,False,1043.9983333333334,6.0,3.0,1043.9983333333334,07-24,1142.4644444444446,3.0,"2024,2025,2026",False,5,Peak
2026-07-25,Standard King,True,2024-01-01,config,False,985.0450000000001,6.0,3.0,985.0450000000001,07-25,1220.9411111111112,3.0,"2024,2025,2026",False,5,Peak
2026-07-26,Standard King,True,2024-01-01,config,False,648.1333333333333,4.0,2.0,648.1333333333333,07-26,1140.7844444444445,3.0,"2024,2025,2026",False,5,Peak
2026-07-27,Standard King,True,2024-01-01,config,False,671.0033333333333,5.0,2.0,671.0033333333333,07-27,1058.1805555555557,3.0,"2024,2025,2026",False,5,Peak
2026-07-28,Standard King,True,2024-01-01,config,False,277.26666666666665,2.0,0.0,277.26666666666665,07-28,832.3172222222223,3.0,"2024,2025,2026",False,5,Peak
2026-07-29,Standard King,True,2024-01-01,config,False,120.39,1.0,1.0,120.39,07-29,805.1444444444445,3.0,"2024,2025,2026",False,4,High
2026-07-30,Standard King,True,2024-01-01,config,False,194.5,1.0,1.0,194.5,07-30,651.3586111111111,3.0,"2024,2025,2026",False,4,High
2026-07-31,Standard King,True,2024-01-01,config,False,672.66,4.0,3.0,672.66,07-31,672.3952777777778,3.0,"2024,2025,2026",False,4,High
2026-08-01,Standard King,True,2024-01-01,config,False,741.24,5.0,3.0,741.24,08-01,865.1386111111111,3.0,"2024,2025,2026",False,4,High
2026-08-02,Standard King,True,2024-01-01,config,False,533.985,4.0,1.0,533.985,08-02,995.0180555555556,3.0,"2024,2025,2026",False,4,High
2026-08-03,Standard King,True,2024-01-01,config,False,447.89250000000004,3.0,1.0,447.89250000000004,08-03,903.7830555555556,3.0,"2024,2025,2026",False,4,High
2026-08-04,Standard King,True,2024-01-01,config,False,488.3775,3.0,1.0,488.3775,08-04,873.4338888888889,3.0,"2024,2025,2026",False,4,High
2026-08-05,Standard King,True,2024-01-01,config,False,554.6075,4.0,2.0,554.6075,08-05,950.6933333333333,3.0,"2024,2025,2026",False,4,High
2026-08-06,Standard King,True,2024-01-01,config,False,586.2508333333334,4.0,3.0,586.2508333333334,08-06,1040.5677777777778,3.0,"2024,2025,2026",False,4,High
2026-08-07,Standard King,True,2024-01-01,config,False,646.9533333333334,4.0,2.0,646.9533333333334,08-07,1082.683611111111,3.0,"2024,2025,2026",False,4,High
2026-08-08,Standard King,True,2024-01-01,config,False,482.60333333333335,3.0,0.0,482.60333333333335,08-08,1091.1783333333333,3.0,"2024,2025,2026",False,4,High
2026-08-09,Standard King,True,2024-01-01,config,False,218.805,2.0,2.0,218.805,08-09,995.9755555555556,3.0,"2024,2025,2026",False,4,High
2026-08-10,Standard King,True,2024-01-01,config,False,233.97500000000002,2.0,1.0,233.97500000000002,08-10,705.0616666666666,3.0,"2024,2025,2026",False,4,High
2026-08-11,Standard King,True,2024-01-01,config,False,345.7,3.0,3.0,345.7,08-11,791.9144444444445,3.0,"2024,2025,2026",False,4,High
2026-08-12,Standard King,True,2024-01-01,config,False,115.475,1.0,1.0,115.475,08-12,786.6727777777778,3.0,"2024,2025,2026",False,4,High
2026-08-13,Standard King,True,2024-01-01,config,False,115.475,1.0,0.0,115.475,08-13,620.0083333333333,3.0,"2024,2025,2026",False,4,High
2026-08-14,Standard King,True,2024-01-01,config,False,115.475,1.0,0.0,115.475,08-14,720.7416666666667,3.0,"2024,2025,2026",False,4,High
2026-08-15,Standard King,True,2024-01-01,config,False,115.475,1.0,0.0,115.475,08-15,719.9294444444445,3.0,"2024,2025,2026",False,4,High
2026-08-16,Standard King,True,2024-01-01,config,False,0.0,0.0,0.0,0.0,08-16,714.0211111111112,3.0,"2024,2025,2026",False,4,High
2026-08-17,Standard King,True,2024-01-01,config,False,0.0,0.0,0.0,0.0,08-17,769.1411111111111,3.0,"2024,2025,2026",False,4,High
2026-08-18,Standard King,True,2024-01-01,config,False,300.275,2.0,2.0,300.275,08-18,863.93,3.0,"2024,2025,2026",False,4,High
2026-08-19,Standard King,True,2024-01-01,config,False,362.775,2.0,1.0,362.775,08-19,806.2633333333333,3.0,"2024,2025,2026",False,4,High
2026-08-20,Standard King,True,2024-01-01,config,False,692.4966666666667,4.0,3.0,692.4966666666667,08-20,1079.4822222222222,3.0,"2024,2025,2026",False,4,High
2026-08-21,Standard King,True,2024-01-01,config,False,471.99666666666667,3.0,0.0,471.99666666666667,08-21,1016.8497222222222,3.0,"2024,2025,2026",False,4,High
2026-08-22,Standard King,True,2024-01-01,config,False,118.02666666666666,1.0,0.0,118.02666666666666,08-22,1169.520277777778,3.0,"2024,2025,2026",False,4,High
2026-08-23,Standard King,True,2024-01-01,config,False,0.0,0.0,0.0,0.0,08-23,897.4930555555557,3.0,"2024,2025,2026",False,4,High
2026-08-24,Standard King,True,2024-01-01,config,False,142.0,1.0,1.0,142.0,08-24,820.4347222222223,3.0,"2024,2025,2026",False,4,High
2026-08-25,Standard King,True,2024-01-01,config,False,0.0,0.0,0.0,0.0,08-25,612.4616666666667,3.0,"2024,2025,2026",False,4,High
2026-08-26,Standard King,True,2024-01-01,config,False,0.0,0.0,0.0,0.0,08-26,514.8594444444444,3.0,"2024,2025,2026",False,4,High
2026-08-27,Standard King,True,2024-01-01,config,False,327.98333333333335,2.0,2.0,327.98333333333335,08-27,763.0222222222222,3.0,"2024,2025,2026",False,4,High
2026-08-28,Standard King,True,2024-01-01,config,False,130.18333333333334,1.0,0.0,130.18333333333334,08-28,838.6938888888889,3.0,"2024,2025,2026",False,4,High
2026-08-29,Standard King,True,2024-01-01,config,False,258.04333333333335,2.0,1.0,258.04333333333335,08-29,1151.3572222222222,3.0,"2024,2025,2026",False,4,High
2026-08-30,Standard King,True,2024-01-01,config,False,0.0,0.0,0.0,0.0,08-30,1148.171111111111,3.0,"2024,2025,2026",False,4,High
2026-08-31,Standard King,True,2024-01-01,config,False,304.0,2.0,2.0,304.0,08-31,1094.3544444444444,3.0,"2024,2025,2026",False,4,High
2026-09-01,Standard King,True,2024-01-01,config,False,258.76,2.0,2.0,258.76,09-01,898.6383333333333,3.0,"2024,2025,2026",False,4,High
2026-09-02,Standard King,True,2024-01-01,config,False,258.76,2.0,0.0,258.76,09-02,838.8208333333333,3.0,"2024,2025,2026",False,4,High
2026-09-03,Standard King,True,2024-01-01,config,False,208.5,1.0,1.0,208.5,09-03,682.2941666666667,3.0,"2024,2025,2026",False,4,High
2026-09-04,Standard King,True,2024-01-01,config,False,771.75,3.0,2.0,771.75,09-04,769.0108333333333,3.0,"2024,2025,2026",False,4,High
2026-09-05,Standard King,True,2024-01-01,config,False,771.75,3.0,0.0,771.75,09-05,1130.2141666666666,3.0,"2024,2025,2026",False,4,High
2026-09-06,Standard King,True,2024-01-01,config,False,0.0,0.0,0.0,0.0,09-06,819.1861111111111,3.0,"2024,2025,2026",False,4,High
2026-09-07,Standard King,True,2024-01-01,config,False,121.32,1.0,1.0,121.32,09-07,897.4788888888888,3.0,"2024,2025,2026",False,4,High
2026-09-08,Standard King,True,2024-01-01,config,False,322.28999999999996,2.0,2.0,322.28999999999996,09-08,914.3327777777777,3.0,"2024,2025,2026",False,4,High
2026-09-09,Standard King,True,2024-01-01,config,False,0.0,0.0,0.0,0.0,09-09,800.785,3.0,"2024,2025,2026",False,4,High
2026-09-10,Standard King,True,2024-01-01,config,False,0.0,0.0,0.0,0.0,09-10,806.9055555555556,3.0,"2024,2025,2026",False,4,High
2026-09-11,Standard King,True,2024-01-01,config,False,0.0,0.0,0.0,0.0,09-11,736.6505555555556,3.0,"2024,2025,2026",False,4,High
2026-09-12,Standard King,True,2024-01-01,config,False,0.0,0.0,0.0,0.0,09-12,690.8166666666666,3.0,"2024,2025,2026",False,4,High
2026-09-13,Standard King,True,2024-01-01,config,False,194.0,1.0,1.0,194.0,09-13,859.8477777777777,3.0,"2024,2025,2026",False,4,High
2026-09-14,Standard King,True,2024-01-01,config,False,0.0,0.0,0.0,0.0,09-14,547.2611111111111,3.0,"2024,2025,2026",False,4,High
2026-09-15,Standard King,True,2024-01-01,config,False,0.0,0.0,0.0,0.0,09-15,801.0972222222223,3.0,"2024,2025,2026",False,4,High
2026-09-16,Standard King,True,2024-01-01,config,False,0.0,0.0,0.0,0.0,09-16,761.6194444444445,3.0,"2024,2025,2026",False,4,High
2026-09-17,Standard King,True,2024-01-01,config,False,0.0,0.0,0.0,0.0,09-17,809.9272222222222,3.0,"2024,2025,2026",False,4,High
2026-09-18,Standard King,True,2024-01-01,config,False,0.0,0.0,0.0,0.0,09-18,833.4105555555556,3.0,"2024,2025,2026",False,4,High
2026-09-19,Standard King,True,2024-01-01,config,False,0.0,0.0,0.0,0.0,09-19,1004.7172222222222,3.0,"2024,2025,2026",False,4,High
2026-09-20,Standard King,True,2024-01-01,config,False,136.955,1.0,1.0,136.955,09-20,948.5100000000001,3.0,"2024,2025,2026",False,4,High
2026-09-21,Standard King,True,2024-01-01,config,False,482.535,3.0,2.0,482.535,09-21,1010.0672222222221,3.0,"2024,2025,2026",False,4,High
2026-09-22,Standard King,True,2024-01-01,config,False,305.255,2.0,0.0,305.255,09-22,908.5572222222222,3.0,"2024,2025,2026",False,4,High
2026-09-23,Standard King,True,2024-01-01,config,False,136.955,1.0,0.0,136.955,09-23,845.3266666666667,3.0,"2024,2025,2026",False,4,High
2026-09-24,Standard King,True,2024-01-01,config,False,0.0,0.0,0.0,0.0,09-24,831.165,3.0,"2024,2025,2026",False,4,High
2026-09-25,Standard King,True,2024-01-01,config,False,0.0,0.0,0.0,0.0,09-25,888.5805555555556,3.0,"2024,2025,2026",False,4,High
2026-09-26,Standard King,True,2024-01-01,config,False,0.0,0.0,0.0,0.0,09-26,952.1555555555556,3.0,"2024,2025,2026",False,4,High
2026-09-27,Standard King,True,2024-01-01,config,False,0.0,0.0,0.0,0.0,09-27,956.6038888888888,3.0,"2024,2025,2026",False,4,High
2026-09-28,Standard King,True,2024-01-01,config,False,333.305,2.0,2.0,333.305,09-28,909.2916666666666,3.0,"2024,2025,2026",False,4,High
2026-09-29,Standard King,True,2024-01-01,config,False,172.225,1.0,0.0,172.225,09-29,862.9372222222223,3.0,"2024,2025,2026",False,4,High
2026-09-30,Standard King,True,2024-01-01,config,False,276.33500000000004,2.0,2.0,276.33500000000004,09-30,759.9505555555556,3.0,"2024,2025,2026",False,4,High
2026-10-01,Standard King,True,2024-01-01,config,False,276.33500000000004,2.0,0.0,276.33500000000004,10-01,818.9944444444445,3.0,"2024,2025,2026",False,4,High
2026-10-02,Standard King,True,2024-01-01,config,False,0.0,0.0,0.0,0.0,10-02,751.6527777777777,3.0,"2024,2025,2026",False,4,High
2026-10-03,Standard King,True,2024-01-01,config,False,165.0,1.0,1.0,165.0,10-03,856.3711111111112,3.0,"2024,2025,2026",False,4,High
2026-10-04,Standard King,True,2024-01-01,config,False,0.0,0.0,0.0,0.0,10-04,859.9699999999999,3.0,"2024,2025,2026",False,4,High
2026-10-05,Standard King,True,2024-01-01,config,False,0.0,0.0,0.0,0.0,10-05,675.6144444444444,3.0,"2024,2025,2026",False,4,High
2026-10-06,Standard King,True,2024-01-01,config,False,109.685,1.0,1.0,109.685,10-06,744.0531944444446,3.0,"2024,2025,2026",False,4,High
2026-10-07,Standard King,True,2024-01-01,config,False,109.685,1.0,0.0,109.685,10-07,759.3304166666667,3.0,"2024,2025,2026",False,4,High
2026-10-08,Standard King,True,2024-01-01,config,False,0.0,0.0,0.0,0.0,10-08,861.0887499999999,3.0,"2024,2025,2026",False,4,High
2026-10-09,Standard King,True,2024-01-01,config,False,135.61,1.0,1.0,135.61,10-09,870.9404166666667,3.0,"2024,2025,2026",False,3,Shoulder
2026-10-10,Standard King,True,2024-01-01,config,False,291.8,2.0,1.0,291.8,10-10,876.0472222222223,3.0,"2024,2025,2026",False,3,Shoulder
2026-10-11,Standard King,True,2024-01-01,config,False,0.0,0.0,0.0,0.0,10-11,847.6705555555556,3.0,"2024,2025,2026",False,3,Shoulder
2026-10-12,Standard King,True,2024-01-01,config,False,0.0,0.0,0.0,0.0,10-12,752.9388888888889,3.0,"2024,2025,2026",False,3,Shoulder
2026-10-13,Standard King,True,2024-01-01,config,False,0.0,0.0,0.0,0.0,10-13,452.5333333333333,3.0,"2024,2025,2026",False,3,Shoulder
2026-10-14,Standard King,True,2024-01-01,config,False,0.0,0.0,0.0,0.0,10-14,451.6000000000001,3.0,"2024,2025,2026",False,3,Shoulder
2026-10-15,Standard King,True,2024-01-01,config,False,0.0,0.0,0.0,0.0,10-15,557.4033333333333,3.0,"2024,2025,2026",False,3,Shoulder
2026-10-16,Standard King,True,2024-01-01,config,False,104.9,1.0,1.0,104.9,10-16,537.8066666666667,3.0,"2024,2025,2026",False,3,Shoulder
2026-10-17,Standard King,True,2024-01-01,config,False,0.0,0.0,0.0,0.0,10-17,659.0316666666666,3.0,"2024,2025,2026",False,3,Shoulder
2026-10-18,Standard King,True,2024-01-01,config,False,0.0,0.0,0.0,0.0,10-18,700.2783333333333,3.0,"2024,2025,2026",False,3,Shoulder
2026-10-19,Standard King,True,2024-01-01,config,False,0.0,0.0,0.0,0.0,10-19,271.2,3.0,"2024,2025,2026",False,3,Shoulder
2026-10-20,Standard King,True,2024-01-01,config,False,0.0,0.0,0.0,0.0,10-20,336.55833333333334,3.0,"2024,2025,2026",False,3,Shoulder
2026-10-21,Standard King,True,2024-01-01,config,False,0.0,0.0,0.0,0.0,10-21,349.075,3.0,"2024,2025,2026",False,3,Shoulder
2026-10-22,Standard King,True,2024-01-01,config,False,146.5,1.0,1.0,146.5,10-22,190.61666666666667,3.0,"2024,2025,2026",False,3,Shoulder
2026-10-23,Standard King,True,2024-01-01,config,False,283.0,2.0,1.0,283.0,10-23,436.5,3.0,"2024,2025,2026",False,3,Shoulder
2026-10-24,Standard King,True,2024-01-01,config,False,136.5,1.0,0.0,136.5,10-24,318.0166666666667,3.0,"2024,2025,2026",False,3,Shoulder
2026-10-25,Standard King,True,2024-01-01,config,False,0.0,0.0,0.0,0.0,10-25,368.55,3.0,"2024,2025,2026",False,2,Low
2026-10-26,Standard King,True,2024-01-01,config,False,0.0,0.0,0.0,0.0,10-26,195.68999999999997,3.0,"2024,2025,2026",False,2,Low
2026-10-27,Standard King,True,2024-01-01,config,False,0.0,0.0,0.0,0.0,10-27,0.0,3.0,"2024,2025,2026",False,2,Low
2026-10-28,Standard King,True,2024-01-01,config,False,0.0,0.0,0.0,0.0,10-28,81.26666666666667,3.0,"2024,2025,2026",False,2,Low
2026-10-29,Standard King,True,2024-01-01,config,False,134.0,1.0,1.0,134.0,10-29,200.15611111111107,3.0,"2024,2025,2026",False,2,Low
2026-10-30,Standard King,True,2024-01-01,config,False,0.0,0.0,0.0,0.0,10-30,177.96444444444444,3.0,"2024,2025,2026",False,2,Low
2026-10-31,Standard King,True,2024-01-01,config,False,0.0,0.0,0.0,0.0,10-31,280.61944444444447,3.0,"2024,2025,2026",False,1,Soft
2026-11-01,Standard King,True,2024-01-01,config,False,0.0,0.0,0.0,0.0,11-01,279.825,3.0,"2024,2025,2026",False,1,Soft
2026-11-02,Standard King,True,2024-01-01,config,False,0.0,0.0,0.0,0.0,11-02,97.29166666666667,3.0,"2024,2025,2026",False,1,Soft
2026-11-03,Standard King,True,2024-01-01,config,False,0.0,0.0,0.0,0.0,11-03,126.39999999999999,3.0,"2024,2025,2026",False,1,Soft
2026-11-04,Standard King,True,2024-01-01,config,False,0.0,0.0,0.0,0.0,11-04,76.73333333333333,3.0,"2024,2025,2026",False,1,Soft
2026-11-05,Standard King,True,2024-01-01,config,False,0.0,0.0,0.0,0.0,11-05,161.58333333333334,3.0,"2024,2025,2026",False,1,Soft
2026-11-06,Standard King,True,2024-01-01,config,False,0.0,0.0,0.0,0.0,11-06,75.66666666666667,3.0,"2024,2025,2026",False,1,Soft
2026-11-07,Standard King,True,2024-01-01,config,False,0.0,0.0,0.0,0.0,11-07,225.09375,3.0,"2024,2025,2026",False,1,Soft
2026-11-08,Standard King,True,2024-01-01,config,False,0.0,0.0,0.0,0.0,11-08,262.5104166666667,3.0,"2024,2025,2026",False,1,Soft
2026-11-09,Standard King,True,2024-01-01,config,False,0.0,0.0,0.0,0.0,11-09,203.84375,3.0,"2024,2025,2026",False,1,Soft
2026-11-10,Standard King,True,2024-01-01,config,False,0.0,0.0,0.0,0.0,11-10,220.01375,3.0,"2024,2025,2026",False,1,Soft
2026-11-11,Standard King,True,2024-01-01,config,False,0.0,0.0,0.0,0.0,11-11,185.1604166666667,3.0,"2024,2025,2026",False,1,Soft
2026-11-12,Standard King,True,2024-01-01,config,False,0.0,0.0,0.0,0.0,11-12,146.22708333333333,3.0,"2024,2025,2026",False,1,Soft
2026-11-13,Standard King,True,2024-01-01,config,False,0.0,0.0,0.0,0.0,11-13,148.37152777777777,3.0,"2024,2025,2026",False,1,Soft
2026-11-14,Standard King,True,2024-01-01,config,False,99.5,1.0,1.0,99.5,11-14,213.66819444444445,3.0,"2024,2025,2026",False,1,Soft
2026-11-15,Standard King,True,2024-01-01,config,False,99.5,1.0,0.0,99.5,11-15,268.80861111111113,3.0,"2024,2025,2026",False,1,Soft
2026-11-16,Standard King,True,2024-01-01,config,False,99.5,1.0,0.0,99.5,11-16,81.28333333333333,3.0,"2024,2025,2026",False,1,Soft
2026-11-17,Standard King,True,2024-01-01,config,False,99.5,1.0,0.0,99.5,11-17,33.166666666666664,3.0,"2024,2025,2026",False,1,Soft
2026-11-18,Standard King,True,2024-01-01,config,False,0.0,0.0,0.0,0.0,11-18,0.0,3.0,"2024,2025,2026",False,1,Soft
2026-11-19,Standard King,True,2024-01-01,config,False,0.0,0.0,0.0,0.0,11-19,20.683333333333334,3.0,"2024,2025,2026",False,1,Soft
2026-11-20,Standard King,True,2024-01-01,config,False,0.0,0.0,0.0,0.0,11-20,56.77777777777777,3.0,"2024,2025,2026",False,1,Soft
2026-11-21,Standard King,True,2024-01-01,config,False,81.25,1.0,1.0,81.25,11-21,161.3661111111111,3.0,"2024,2025,2026",False,1,Soft
2026-11-22,Standard King,True,2024-01-01,config,False,81.25,1.0,0.0,81.25,11-22,221.24944444444444,3.0,"2024,2025,2026",False,1,Soft
2026-11-23,Standard King,True,2024-01-01,config,False,81.25,1.0,0.0,81.25,11-23,298.94,3.0,"2024,2025,2026",False,1,Soft
2026-11-24,Standard King,True,2024-01-01,config,False,194.65,2.0,1.0,194.65,11-24,223.88,3.0,"2024,2025,2026",False,1,Soft
2026-11-25,Standard King,True,2024-01-01,config,False,113.4,1.0,0.0,113.4,11-25,239.775,3.0,"2024,2025,2026",False,1,Soft
2026-11-26,Standard King,True,2024-01-01,config,False,0.0,0.0,0.0,0.0,11-26,188.1916666666667,3.0,"2024,2025,2026",False,1,Soft
2026-11-27,Standard King,True,2024-01-01,config,False,0.0,0.0,0.0,0.0,11-27,170.38555555555556,3.0,"2024,2025,2026",False,1,Soft
2026-11-28,Standard King,True,2024-01-01,config,False,0.0,0.0,0.0,0.0,11-28,293.43888888888887,3.0,"2024,2025,2026",False,1,Soft
2026-11-29,Standard King,True,2024-01-01,config,False,0.0,0.0,0.0,0.0,11-29,400.7855555555555,3.0,"2024,2025,2026",False,1,Soft
2026-11-30,Standard King,True,2024-01-01,config,False,0.0,0.0,0.0,0.0,11-30,285.42333333333335,3.0,"2024,2025,2026",False,1,Soft
2026-12-01,Standard King,True,2024-01-01,config,False,0.0,0.0,0.0,0.0,12-01,201.90666666666667,3.0,"2024,2025,2026",False,1,Soft
2026-12-02,Standard King,True,2024-01-01,config,False,0.0,0.0,0.0,0.0,12-02,93.17333333333333,3.0,"2024,2025,2026",False,1,Soft
2026-12-03,Standard King,True,2024-01-01,config,False,0.0,0.0,0.0,0.0,12-03,145.98333333333335,3.0,"2024,2025,2026",False,1,Soft
2026-12-04,Standard King,True,2024-01-01,config,False,0.0,0.0,0.0,0.0,12-04,156.71,3.0,"2024,2025,2026",False,1,Soft
2026-12-05,Standard King,True,2024-01-01,config,False,0.0,0.0,0.0,0.0,12-05,158.495,3.0,"2024,2025,2026",False,1,Soft
2026-12-06,Standard King,True,2024-01-01,config,False,0.0,0.0,0.0,0.0,12-06,157.07500000000002,3.0,"2024,2025,2026",False,1,Soft
2026-12-07,Standard King,True,2024-01-01,config,False,0.0,0.0,0.0,0.0,12-07,125.38666666666666,3.0,"2024,2025,2026",False,1,Soft
2026-12-08,Standard King,True,2024-01-01,config,False,0.0,0.0,0.0,0.0,12-08,69.16333333333334,3.0,"2024,2025,2026",False,1,Soft
2026-12-09,Standard King,True,2024-01-01,config,False,0.0,0.0,0.0,0.0,12-09,31.99666666666667,3.0,"2024,2025,2026",False,1,Soft
2026-12-10,Standard King,True,2024-01-01,config,False,0.0,0.0,0.0,0.0,12-10,102.64666666666666,3.0,"2024,2025,2026",False,1,Soft
2026-12-11,Standard King,True,2024-01-01,config,False,0.0,0.0,0.0,0.0,12-11,279.085,3.0,"2024,2025,2026",False,1,Soft
2026-12-12,Standard King,True,2024-01-01,config,False,0.0,0.0,0.0,0.0,12-12,303.2683333333333,3.0,"2024,2025,2026",False,1,Soft
2026-12-13,Standard King,True,2024-01-01,config,False,0.0,0.0,0.0,0.0,12-13,277.61,3.0,"2024,2025,2026",False,1,Soft
2026-12-14,Standard King,True,2024-01-01,config,False,0.0,0.0,0.0,0.0,12-14,142.08666666666667,3.0,"2024,2025,2026",False,1,Soft
2026-12-15,Standard King,True,2024-01-01,config,False,0.0,0.0,0.0,0.0,12-15,181.29,3.0,"2024,2025,2026",False,1,Soft
2026-12-16,Standard King,True,2024-01-01,config,False,0.0,0.0,0.0,0.0,12-16,133.18555555555557,3.0,"2024,2025,2026",False,1,Soft
2026-12-17,Standard King,True,2024-01-01,config,False,0.0,0.0,0.0,0.0,12-17,173.33555555555554,3.0,"2024,2025,2026",False,2,Low
2026-12-18,Standard King,True,2024-01-01,config,False,0.0,0.0,0.0,0.0,12-18,71.55222222222223,3.0,"2024,2025,2026",False,2,Low
2026-12-19,Standard King,True,2024-01-01,config,False,0.0,0.0,0.0,0.0,12-19,370.96333333333337,3.0,"2024,2025,2026",False,2,Low
2026-12-20,Standard King,True,2024-01-01,config,False,0.0,0.0,0.0,0.0,12-20,391.45194444444445,3.0,"2024,2025,2026",False,2,Low
2026-12-21,Standard King,True,2024-01-01,config,False,0.0,0.0,0.0,0.0,12-21,323.12083333333334,3.0,"2024,2025,2026",False,2,Low
2026-12-22,Standard King,True,2024-01-01,config,False,0.0,0.0,0.0,0.0,12-22,285.69083333333333,3.0,"2024,2025,2026",False,2,Low
2026-12-23,Standard King,True,2024-01-01,config,False,0.0,0.0,0.0,0.0,12-23,334.19472222222225,3.0,"2024,2025,2026",False,3,Shoulder
2026-12-24,Standard King,True,2024-01-01,config,False,0.0,0.0,0.0,0.0,12-24,337.00083333333333,3.0,"2024,2025,2026",False,3,Shoulder
2026-12-25,Standard King,True,2024-01-01,config,False,0.0,0.0,0.0,0.0,12-25,345.6619444444444,3.0,"2024,2025,2026",False,3,Shoulder
2026-12-26,Standard King,True,2024-01-01,config,False,0.0,0.0,0.0,0.0,12-26,490.12361111111113,3.0,"2024,2025,2026",False,3,Shoulder
2026-12-27,Standard King,True,2024-01-01,config,False,0.0,0.0,0.0,0.0,12-27,621.9986111111111,3.0,"2024,2025,2026",False,3,Shoulder
2026-12-28,Standard King,True,2024-01-01,config,False,0.0,0.0,0.0,0.0,12-28,548.9333333333334,3.0,"2024,2025,2026",False,3,Shoulder
2026-12-29,Standard King,True,2024-01-01,config,False,0.0,0.0,0.0,0.0,12-29,611.0466666666667,3.0,"2024,2025,2026",False,3,Shoulder
2026-12-30,Standard King,True,2024-01-01,config,False,0.0,0.0,0.0,0.0,12-30,508.40333333333336,3.0,"2024,2025,2026",False,3,Shoulder
2026-12-31,Standard King,True,2024-01-01,config,False,0.0,0.0,0.0,0.0,12-31,595.7133333333333,3.0,"2024,2025,2026",False,3,Shoulder
2024-01-01,Standard Queen,True,2024-01-01,config,False,0.0,0.0,0.0,0.0,01-01,336.2307692307692,3.0,"2024,2025,2026",False,3,Shoulder
2024-01-02,Standard Queen,True,2024-01-01,config,False,72.0,1.0,1.0,72.0,01-02,362.28076923076924,3.0,"2024,2025,2026",False,2,Low
2024-01-03,Standard Queen,True,2024-01-01,config,False,82.8,1.0,1.0,82.8,01-03,348.4141025641026,3.0,"2024,2025,2026",False,2,Low
2024-01-04,Standard Queen,True,2024-01-01,config,False,429.75,5.0,5.0,429.75,01-04,268.33076923076925,3.0,"2024,2025,2026",False,2,Low
2024-01-05,Standard Queen,True,2024-01-01,config,False,187.95,2.0,0.0,187.95,01-05,214.84743589743593,3.0,"2024,2025,2026",False,2,Low
2024-01-06,Standard Queen,True,2024-01-01,config,False,96.95,1.0,0.0,96.95,01-06,134.76410256410256,3.0,"2024,2025,2026",False,2,Low
2024-01-07,Standard Queen,True,2024-01-01,config,False,0.0,0.0,0.0,0.0,01-07,198.5474358974359,3.0,"2024,2025,2026",False,2,Low
2024-01-08,Standard Queen,True,2024-01-01,config,False,0.0,0.0,0.0,0.0,01-08,261.48910256410255,3.0,"2024,2025,2026",False,2,Low
2024-01-09,Standard Queen,True,2024-01-01,config,False,0.0,0.0,0.0,0.0,01-09,210.92076923076922,3.0,"2024,2025,2026",False,2,Low
2024-01-10,Standard Queen,True,2024-01-01,config,False,0.0,0.0,0.0,0.0,01-10,195.81000000000003,3.0,"2024,2025,2026",False,2,Low
2024-01-11,Standard Queen,True,2024-01-01,config,False,132.7,2.0,2.0,132.7,01-11,212.125,3.0,"2024,2025,2026",False,2,Low
2024-01-12,Standard Queen,True,2024-01-01,config,False,204.7,3.0,1.0,204.7,01-12,174.39,3.0,"2024,2025,2026",False,2,Low
2024-01-13,Standard Queen,True,2024-01-01,config,False,72.0,1.0,0.0,72.0,01-13,112.53333333333335,3.0,"2024,2025,2026",False,2,Low
2024-01-14,Standard Queen,True,2024-01-01,config,False,0.0,0.0,0.0,0.0,01-14,110.78000000000002,3.0,"2024,2025,2026",False,2,Low
2024-01-15,Standard Queen,True,2024-01-01,config,False,74.0,1.0,1.0,74.0,01-15,222.29999999999998,3.0,"2024,2025,2026",False,2,Low
2024-01-16,Standard Queen,True,2024-01-01,config,False,140.6,2.0,1.0,140.6,01-16,196.99444444444444,3.0,"2024,2025,2026",False,2,Low
2024-01-17,Standard Queen,True,2024-01-01,config,False,207.6,3.0,2.0,207.6,01-17,276.81111111111113,3.0,"2024,2025,2026",False,2,Low
2024-01-18,Standard Queen,True,2024-01-01,config,False,280.1,4.0,3.0,280.1,01-18,295.56111111111113,3.0,"2024,2025,2026",False,2,Low
2024-01-19,Standard Queen,True,2024-01-01,config,False,70.5,1.0,0.0,70.5,01-19,242.35888888888886,3.0,"2024,2025,2026",False,2,Low
2024-01-20,Standard Queen,True,2024-01-01,config,False,141.3,2.0,2.0,141.3,01-20,128.8422222222222,3.0,"2024,2025,2026",False,2,Low
2024-01-21,Standard Queen,True,2024-01-01,config,False,62.0,1.0,1.0,62.0,01-21,181.9888888888889,3.0,"2024,2025,2026",False,1,Soft
2024-01-22,Standard Queen,True,2024-01-01,config,False,134.45,2.0,1.0,134.45,01-22,264.41388888888883,3.0,"2024,2025,2026",False,1,Soft
2024-01-23,Standard Queen,True,2024-01-01,config,False,205.05,3.0,2.0,205.05,01-23,233.54722222222222,3.0,"2024,2025,2026",False,1,Soft
2024-01-24,Standard Queen,True,2024-01-01,config,False,405.35,6.0,3.0,405.35,01-24,299.8188888888889,3.0,"2024,2025,2026",False,1,Soft
2024-01-25,Standard Queen,True,2024-01-01,config,False,350.9,5.0,1.0,350.9,01-25,205.1,3.0,"2024,2025,2026",False,1,Soft
2024-01-26,Standard Queen,True,2024-01-01,config,False,206.0,3.0,0.0,206.0,01-26,177.33333333333334,3.0,"2024,2025,2026",False,1,Soft
2024-01-27,Standard Queen,True,2024-01-01,config,False,0.0,0.0,0.0,0.0,01-27,74.43333333333334,3.0,"2024,2025,2026",False,1,Soft
2024-01-28,Standard Queen,True,2024-01-01,config,False,0.0,0.0,0.0,0.0,01-28,149.86083333333332,3.0,"2024,2025,2026",False,1,Soft
2024-01-29,Standard Queen,True,2024-01-01,config,False,66.60000000000001,1.0,1.0,66.60000000000001,01-29,227.6497222222222,3.0,"2024,2025,2026",False,1,Soft
2024-01-30,Standard Queen,True,2024-01-01,config,False,346.65,5.0,4.0,346.65,01-30,326.27694444444444,3.0,"2024,2025,2026",False,1,Soft
2024-01-31,Standard Queen,True,2024-01-01,config,False,203.7,3.0,1.0,203.7,01-31,297.5302777777778,3.0,"2024,2025,2026",False,1,Soft
2024-02-01,Standard Queen,True,2024-01-01,config,False,350.6,5.0,4.0,350.6,02-01,220.76666666666665,3.0,"2024,2025,2026",False,1,Soft
2024-02-02,Standard Queen,True,2024-01-01,config,False,510.09999999999997,7.0,5.0,510.09999999999997,02-02,249.37777777777774,3.0,"2024,2025,2026",False,1,Soft
2024-02-03,Standard Queen,True,2024-01-01,config,False,291.0,4.0,2.0,291.0,02-03,177.0677777777778,3.0,"2024,2025,2026",False,1,Soft
2024-02-04,Standard Queen,True,2024-01-01,config,False,142.55,2.0,1.0,142.55,02-04,170.78111111111113,3.0,"2024,2025,2026",False,1,Soft
2024-02-05,Standard Queen,True,2024-01-01,config,False,67.05,1.0,0.0,67.05,02-05,70.3611111111111,3.0,"2024,2025,2026",False,1,Soft
2024-02-06,Standard Queen,True,2024-01-01,config,False,204.6375,3.0,2.0,204.6375,02-06,195.9936111111111,3.0,"2024,2025,2026",False,1,Soft
2024-02-07,Standard Queen,True,2024-01-01,config,False,204.6375,3.0,1.0,204.6375,02-07,133.67583333333332,3.0,"2024,2025,2026",False,1,Soft
2024-02-08,Standard Queen,True,2024-01-01,config,False,344.0875,5.0,2.0,344.0875,02-08,142.2458333333333,3.0,"2024,2025,2026",False,1,Soft
2024-02-09,Standard Queen,True,2024-01-01,config,False,345.5875,5.0,1.0,345.5875,02-09,191.52916666666667,3.0,"2024,2025,2026",False,1,Soft
2024-02-10,Standard Queen,True,2024-01-01,config,False,269.5375,4.0,1.0,269.5375,02-10,140.17916666666667,3.0,"2024,2025,2026",False,2,Low
2024-02-11,Standard Queen,True,2024-01-01,config,False,269.5375,4.0,0.0,269.5375,02-11,188.85583333333332,3.0,"2024,2025,2026",False,2,Low
2024-02-12,Standard Queen,True,2024-01-01,config,False,274.0375,4.0,1.0,274.0375,02-12,121.63916666666667,3.0,"2024,2025,2026",False,2,Low
2024-02-13,Standard Queen,True,2024-01-01,config,False,203.53750000000002,3.0,0.0,203.53750000000002,02-13,274.9825,3.0,"2024,2025,2026",False,2,Low
2024-02-14,Standard Queen,True,2024-01-01,config,False,141.45,2.0,1.0,141.45,02-14,360.88055555555553,3.0,"2024,2025,2026",False,2,Low
2024-02-15,Standard Queen,True,2024-01-01,config,False,0.0,0.0,0.0,0.0,02-15,247.20194444444442,3.0,"2024,2025,2026",False,2,Low
2024-02-16,Standard Queen,True,2024-01-01,config,False,494.64,7.0,7.0,494.64,02-16,370.4836111111111,3.0,"2024,2025,2026",False,2,Low
2024-02-17,Standard Queen,True,2024-01-01,config,False,500.84,7.0,3.0,500.84,02-17,370.9413888888889,3.0,"2024,2025,2026",False,2,Low
2024-02-18,Standard Queen,True,2024-01-01,config,False,207.53,3.0,2.0,207.53,02-18,308.8902777777778,3.0,"2024,2025,2026",False,2,Low
2024-02-19,Standard Queen,True,2024-01-01,config,False,0.0,0.0,0.0,0.0,02-19,168.6261111111111,3.0,"2024,2025,2026",False,2,Low
2024-02-20,Standard Queen,True,2024-01-01,config,False,137.825,2.0,2.0,137.825,02-20,245.75611111111115,3.0,"2024,2025,2026",False,2,Low
2024-02-21,Standard Queen,True,2024-01-01,config,False,212.725,3.0,2.0,212.725,02-21,326.62333333333333,3.0,"2024,2025,2026",False,2,Low
2024-02-22,Standard Queen,True,2024-01-01,config,False,133.5,2.0,1.0,133.5,02-22,179.578,3.0,"2024,2025,2026",False,2,Low
2024-02-23,Standard Queen,True,2024-01-01,config,False,275.1,4.0,3.0,275.1,02-23,260.658,3.0,"2024,2025,2026",False,2,Low
2024-02-24,Standard Queen,True,2024-01-01,config,False,485.7,7.0,4.0,485.7,02-24,292.5013333333333,3.0,"2024,2025,2026",False,1,Soft
2024-02-25,Standard Queen,True,2024-01-01,config,False,0.0,0.0,0.0,0.0,02-25,154.29966666666667,3.0,"2024,2025,2026",False,1,Soft
2024-02-26,Standard Queen,True,2024-01-01,config,False,65.1,1.0,1.0,65.1,02-26,239.65633333333335,3.0,"2024,2025,2026",False,1,Soft
2024-02-27,Standard Queen,True,2024-01-01,config,False,264.9,4.0,4.0,264.9,02-27,258.8883333333333,3.0,"2024,2025,2026",False,1,Soft
2024-02-28,Standard Queen,True,2024-01-01,config,False,133.0,2.0,2.0,133.0,02-28,273.185,3.0,"2024,2025,2026",False,1,Soft
2024-02-29,Standard Queen,True,2024-01-01,config,False,130.6,2.0,1.0,130.6,02-29,130.6,1.0,2024,False,1,Soft
2024-03-01,Standard Queen,True,2024-01-01,config,False,291.0,4.0,4.0,291.0,03-01,256.7916666666667,3.0,"2024,2025,2026",False,1,Soft
2024-03-02,Standard Queen,True,2024-01-01,config,False,564.6,8.0,6.0,564.6,03-02,246.55833333333337,3.0,"2024,2025,2026",False,1,Soft
2024-03-03,Standard Queen,True,2024-01-01,config,False,65.0,1.0,1.0,65.0,03-03,79.53333333333333,3.0,"2024,2025,2026",False,1,Soft
2024-03-04,Standard Queen,True,2024-01-01,config,False,67.5,1.0,1.0,67.5,03-04,132.63,3.0,"2024,2025,2026",False,1,Soft
2024-03-05,Standard Queen,True,2024-01-01,config,False,73.5,1.0,1.0,73.5,03-05,137.82666666666668,3.0,"2024,2025,2026",False,1,Soft
2024-03-06,Standard Queen,True,2024-01-01,config,False,62.1,1.0,1.0,62.1,03-06,82.96,3.0,"2024,2025,2026",False,2,Low
2024-03-07,Standard Queen,True,2024-01-01,config,False,357.125,5.0,5.0,357.125,03-07,250.795,3.0,"2024,2025,2026",False,2,Low
2024-03-08,Standard Queen,True,2024-01-01,config,False,511.225,7.0,4.0,511.225,03-08,206.07500000000002,3.0,"2024,2025,2026",False,2,Low
2024-03-09,Standard Queen,True,2024-01-01,config,False,584.6,8.0,5.0,584.6,03-09,256.1433333333334,3.0,"2024,2025,2026",False,2,Low
2024-03-10,Standard Queen,True,2024-01-01,config,False,496.8,7.0,4.0,496.8,03-10,280.2388888888889,3.0,"2024,2025,2026",False,2,Low
2024-03-11,Standard Queen,True,2024-01-01,config,False,525.35,7.0,4.0,525.35,03-11,257.55222222222227,3.0,"2024,2025,2026",False,2,Low
2024-03-12,Standard Queen,True,2024-01-01,config,False,452.475,6.0,3.0,452.475,03-12,303.7138888888889,3.0,"2024,2025,2026",False,3,Shoulder
2024-03-13,Standard Queen,True,2024-01-01,config,False,522.5535714285714,7.0,6.0,522.5535714285714,03-13,325.93619047619046,3.0,"2024,2025,2026",False,3,Shoulder
2024-03-14,Standard Queen,True,2024-01-01,config,False,528.1785714285714,7.0,4.0,528.1785714285714,03-14,428.9511904761905,3.0,"2024,2025,2026",False,3,Shoulder
2024-03-15,Standard Queen,True,2024-01-01,config,False,607.6785714285714,8.0,4.0,607.6785714285714,03-15,334.2895238095238,3.0,"2024,2025,2026",False,3,Shoulder
2024-03-16,Standard Queen,True,2024-01-01,config,False,529.5535714285714,7.0,4.0,529.5535714285714,03-16,393.83119047619044,3.0,"2024,2025,2026",False,3,Shoulder
2024-03-17,Standard Queen,True,2024-01-01,config,False,150.55357142857144,2.0,0.0,150.55357142857144,03-17,283.51785714285717,3.0,"2024,2025,2026",False,3,Shoulder
2024-03-18,Standard Queen,True,2024-01-01,config,False,439.55357142857144,6.0,4.0,439.55357142857144,03-18,459.42619047619047,3.0,"2024,2025,2026",False,3,Shoulder
2024-03-19,Standard Queen,True,2024-01-01,config,False,225.55357142857144,3.0,1.0,225.55357142857144,03-19,286.29285714285714,3.0,"2024,2025,2026",False,3,Shoulder
2024-03-20,Standard Queen,True,2024-01-01,config,False,0.0,0.0,0.0,0.0,03-20,222.00222222222223,3.0,"2024,2025,2026",False,3,Shoulder
2024-03-21,Standard Queen,True,2024-01-01,config,False,295.0,4.0,4.0,295.0,03-21,412.3155555555556,3.0,"2024,2025,2026",False,3,Shoulder
2024-03-22,Standard Queen,True,2024-01-01,config,False,295.8,4.0,2.0,295.8,03-22,271.6688888888889,3.0,"2024,2025,2026",False,3,Shoulder
2024-03-23,Standard Queen,True,2024-01-01,config,False,515.8,7.0,3.0,515.8,03-23,263.3933333333333,3.0,"2024,2025,2026",False,3,Shoulder
2024-03-24,Standard Queen,True,2024-01-01,config,False,289.0,4.0,3.0,289.0,03-24,216.53333333333333,3.0,"2024,2025,2026",False,3,Shoulder
2024-03-25,Standard Queen,True,2024-01-01,config,False,273.5,4.0,4.0,273.5,03-25,219.01722222222224,3.0,"2024,2025,2026",False,3,Shoulder
2024-03-26,Standard Queen,True,2024-01-01,config,False,202.92857142857144,3.0,2.0,202.92857142857144,03-26,265.32674603174604,3.0,"2024,2025,2026",False,2,Low
2024-03-27,Standard Queen,True,2024-01-01,config,False,207.92857142857144,3.0,1.0,207.92857142857144,03-27,369.1534126984127,3.0,"2024,2025,2026",False,2,Low
2024-03-28,Standard Queen,True,2024-01-01,config,False,558.7619047619048,8.0,6.0,558.7619047619048,03-28,473.5723015873016,3.0,"2024,2025,2026",False,2,Low
2024-03-29,Standard Queen,True,2024-01-01,config,False,434.26190476190476,6.0,3.0,434.26190476190476,03-29,318.05396825396826,3.0,"2024,2025,2026",False,2,Low
2024-03-30,Standard Queen,True,2024-01-01,config,False,362.26190476190476,5.0,0.0,362.26190476190476,03-30,261.65396825396823,3.0,"2024,2025,2026",False,2,Low
2024-03-31,Standard Queen,True,2024-01-01,config,False,271.92857142857144,4.0,3.0,271.92857142857144,03-31,231.13174603174605,3.0,"2024,2025,2026",False,2,Low
2024-04-01,Standard Queen,True,2024-01-01,config,False,465.3952380952381,7.0,6.0,465.3952380952381,04-01,269.5706349206349,3.0,"2024,2025,2026",False,3,Shoulder
2024-04-02,Standard Queen,True,2024-01-01,config,False,250.2,4.0,3.0,250.2,04-02,189.33888888888887,3.0,"2024,2025,2026",False,3,Shoulder
2024-04-03,Standard Queen,True,2024-01-01,config,False,452.35,7.0,6.0,452.35,04-03,447.6716666666666,3.0,"2024,2025,2026",False,2,Low
2024-04-04,Standard Queen,True,2024-01-01,config,False,391.6,6.0,4.0,391.6,04-04,389.0905555555555,3.0,"2024,2025,2026",False,2,Low
2024-04-05,Standard Queen,True,2024-01-01,config,False,659.0,8.0,6.0,659.0,04-05,417.7655555555555,3.0,"2024,2025,2026",False,2,Low
2024-04-06,Standard Queen,True,2024-01-01,config,False,556.6800000000001,7.0,4.0,556.6800000000001,04-06,378.30888888888893,3.0,"2024,2025,2026",False,2,Low
2024-04-07,Standard Queen,True,2024-01-01,config,False,226.14999999999998,3.0,2.0,226.14999999999998,04-07,276.36777777777775,3.0,"2024,2025,2026",False,2,Low
2024-04-08,Standard Queen,True,2024-01-01,config,False,129.85,2.0,1.0,129.85,04-08,227.81444444444446,3.0,"2024,2025,2026",False,2,Low
2024-04-09,Standard Queen,True,2024-01-01,config,False,325.6,5.0,4.0,325.6,04-09,271.7261111111111,3.0,"2024,2025,2026",False,2,Low
2024-04-10,Standard Queen,True,2024-01-01,config,False,313.5,5.0,5.0,313.5,04-10,412.87388888888887,3.0,"2024,2025,2026",False,2,Low
2024-04-11,Standard Queen,True,2024-01-01,config,False,187.5,3.0,0.0,187.5,04-11,365.37388888888887,3.0,"2024,2025,2026",False,2,Low
2024-04-12,Standard Queen,True,2024-01-01,config,False,476.5,7.0,6.0,476.5,04-12,349.84246031746034,3.0,"2024,2025,2026",False,2,Low
2024-04-13,Standard Queen,True,2024-01-01,config,False,552.0,8.0,4.0,552.0,04-13,357.2752380952381,3.0,"2024,2025,2026",False,2,Low
2024-04-14,Standard Queen,True,2024-01-01,config,False,380.59000000000003,6.0,4.0,380.59000000000003,04-14,276.31190476190477,3.0,"2024,2025,2026",False,2,Low
2024-04-15,Standard Queen,True,2024-01-01,config,False,124.4,2.0,1.0,124.4,04-15,222.28190476190477,3.0,"2024,2025,2026",False,2,Low
2024-04-16,Standard Queen,True,2024-01-01,config,False,199.35,3.0,2.0,199.35,04-16,292.44357142857143,3.0,"2024,2025,2026",False,2,Low
2024-04-17,Standard Queen,True,2024-01-01,config,False,260.85,4.0,3.0,260.85,04-17,451.44523809523815,3.0,"2024,2025,2026",False,3,Shoulder
2024-04-18,Standard Queen,True,2024-01-01,config,False,131.55,2.0,1.0,131.55,04-18,457.4952380952381,3.0,"2024,2025,2026",False,3,Shoulder
2024-04-19,Standard Queen,True,2024-01-01,config,False,416.85,6.0,5.0,416.85,04-19,303.98833333333334,3.0,"2024,2025,2026",False,3,Shoulder
2024-04-20,Standard Queen,True,2024-01-01,config,False,546.8,8.0,6.0,546.8,04-20,377.60833333333335,3.0,"2024,2025,2026",False,3,Shoulder
2024-04-21,Standard Queen,True,2024-01-01,config,False,199.95,3.0,3.0,199.95,04-21,273.99333333333334,3.0,"2024,2025,2026",False,3,Shoulder
2024-04-22,Standard Queen,True,2024-01-01,config,False,279.0,4.0,3.0,279.0,04-22,348.14714285714285,3.0,"2024,2025,2026",False,3,Shoulder
2024-04-23,Standard Queen,True,2024-01-01,config,False,126.0,2.0,1.0,126.0,04-23,320.8938095238095,3.0,"2024,2025,2026",False,3,Shoulder
2024-04-24,Standard Queen,True,2024-01-01,config,False,338.4,5.0,4.0,338.4,04-24,335.31380952380954,3.0,"2024,2025,2026",False,3,Shoulder
2024-04-25,Standard Queen,True,2024-01-01,config,False,471.4,7.0,4.0,471.4,04-25,478.15880952380957,3.0,"2024,2025,2026",False,3,Shoulder
2024-04-26,Standard Queen,True,2024-01-01,config,False,459.7,7.0,4.0,459.7,04-26,428.50214285714287,3.0,"2024,2025,2026",False,3,Shoulder
2024-04-27,Standard Queen,True,2024-01-01,config,False,478.7,7.0,2.0,478.7,04-27,380.618253968254,3.0,"2024,2025,2026",False,3,Shoulder
2024-04-28,Standard Queen,True,2024-01-01,config,False,353.7,5.0,5.0,353.7,04-28,400.4215873015873,3.0,"2024,2025,2026",False,3,Shoulder
2024-04-29,Standard Queen,True,2024-01-01,config,False,334.75,5.0,4.0,334.75,04-29,359.9115873015873,3.0,"2024,2025,2026",False,3,Shoulder
2024-04-30,Standard Queen,True,2024-01-01,config,False,520.55,7.0,5.0,520.55,04-30,475.63380952380953,3.0,"2024,2025,2026",False,3,Shoulder
2024-05-01,Standard Queen,True,2024-01-01,config,False,620.2,7.0,5.0,620.2,05-01,655.4621428571428,3.0,"2024,2025,2026",False,3,Shoulder
2024-05-02,Standard Queen,True,2024-01-01,config,False,686.7,7.0,6.0,686.7,05-02,681.2188095238095,3.0,"2024,2025,2026",False,3,Shoulder
2024-05-03,Standard Queen,True,2024-01-01,config,False,774.5,7.0,5.0,774.5,05-03,593.0904761904761,3.0,"2024,2025,2026",False,3,Shoulder
2024-05-04,Standard Queen,True,2024-01-01,config,False,811.3,7.0,4.0,811.3,05-04,590.9426984126984,3.0,"2024,2025,2026",False,3,Shoulder
2024-05-05,Standard Queen,True,2024-01-01,config,False,299.4,3.0,3.0,299.4,05-05,363.8693650793651,3.0,"2024,2025,2026",False,3,Shoulder
2024-05-06,Standard Queen,True,2024-01-01,config,False,363.3,4.0,2.0,363.3,05-06,341.5826984126984,3.0,"2024,2025,2026",False,3,Shoulder
2024-05-07,Standard Queen,True,2024-01-01,config,False,462.3,5.0,3.0,462.3,05-07,522.9738095238096,3.0,"2024,2025,2026",False,3,Shoulder
2024-05-08,Standard Queen,True,2024-01-01,config,False,283.4,3.0,1.0,283.4,05-08,494.0138095238096,3.0,"2024,2025,2026",False,3,Shoulder
2024-05-09,Standard Queen,True,2024-01-01,config,False,763.7666666666667,8.0,7.0,763.7666666666667,05-09,872.9920317460318,3.0,"2024,2025,2026",False,3,Shoulder
2024-05-10,Standard Queen,True,2024-01-01,config,False,885.9666666666667,7.0,6.0,885.9666666666667,05-10,772.3220317460318,3.0,"2024,2025,2026",False,3,Shoulder
2024-05-11,Standard Queen,True,2024-01-01,config,False,1019.9666666666667,8.0,2.0,1019.9666666666667,05-11,768.2475873015874,3.0,"2024,2025,2026",False,3,Shoulder
2024-05-12,Standard Queen,True,2024-01-01,config,False,557.4,6.0,6.0,557.4,05-12,625.7220317460318,3.0,"2024,2025,2026",False,3,Shoulder
2024-05-13,Standard Queen,True,2024-01-01,config,False,279.9,3.0,1.0,279.9,05-13,451.5226666666667,3.0,"2024,2025,2026",False,3,Shoulder
2024-05-14,Standard Queen,True,2024-01-01,config,False,647.82,7.0,5.0,647.82,05-14,516.3344444444444,3.0,"2024,2025,2026",False,3,Shoulder
2024-05-15,Standard Queen,True,2024-01-01,config,False,751.52,8.0,5.0,751.52,05-15,697.986111111111,3.0,"2024,2025,2026",False,3,Shoulder
2024-05-16,Standard Queen,True,2024-01-01,config,False,701.9,8.0,7.0,701.9,05-16,697.8538888888888,3.0,"2024,2025,2026",False,3,Shoulder
2024-05-17,Standard Queen,True,2024-01-01,config,False,771.3,8.0,6.0,771.3,05-17,657.9288888888889,3.0,"2024,2025,2026",False,4,High
2024-05-18,Standard Queen,True,2024-01-01,config,False,775.8,8.0,6.0,775.8,05-18,675.9622222222222,3.0,"2024,2025,2026",False,4,High
2024-05-19,Standard Queen,True,2024-01-01,config,False,282.6,3.0,3.0,282.6,05-19,499.8532222222222,3.0,"2024,2025,2026",False,4,High
2024-05-20,Standard Queen,True,2024-01-01,config,False,287.7,3.0,2.0,287.7,05-20,569.2921111111111,3.0,"2024,2025,2026",False,4,High
2024-05-21,Standard Queen,True,2024-01-01,config,False,565.7,6.0,5.0,565.7,05-21,793.2271111111112,3.0,"2024,2025,2026",False,4,High
2024-05-22,Standard Queen,True,2024-01-01,config,False,782.95,8.0,7.0,782.95,05-22,1071.1115555555555,3.0,"2024,2025,2026",False,4,High
2024-05-23,Standard Queen,True,2024-01-01,config,False,662.25,5.0,3.0,662.25,05-23,1264.9976666666666,3.0,"2024,2025,2026",False,4,High
2024-05-24,Standard Queen,True,2024-01-01,config,False,1151.9,8.0,6.0,1151.9,05-24,1289.9416666666666,3.0,"2024,2025,2026",False,4,High
2024-05-25,Standard Queen,True,2024-01-01,config,False,1118.0,8.0,6.0,1118.0,05-25,1104.7733333333333,3.0,"2024,2025,2026",False,4,High
2024-05-26,Standard Queen,True,2024-01-01,config,False,1111.0,8.0,5.0,1111.0,05-26,929.9333333333334,3.0,"2024,2025,2026",False,5,Peak
2024-05-27,Standard Queen,True,2024-01-01,config,False,370.8,3.0,2.0,370.8,05-27,725.0533333333333,3.0,"2024,2025,2026",False,5,Peak
2024-05-28,Standard Queen,True,2024-01-01,config,False,848.1666666666666,8.0,6.0,848.1666666666666,05-28,753.5177777777777,3.0,"2024,2025,2026",False,5,Peak
2024-05-29,Standard Queen,True,2024-01-01,config,False,848.2666666666667,8.0,4.0,848.2666666666667,05-29,779.1144444444444,3.0,"2024,2025,2026",False,5,Peak
2024-05-30,Standard Queen,True,2024-01-01,config,False,859.8666666666667,8.0,5.0,859.8666666666667,05-30,996.9777777777778,3.0,"2024,2025,2026",False,5,Peak
2024-05-31,Standard Queen,True,2024-01-01,config,False,867.5,8.0,6.0,867.5,05-31,888.9733333333334,3.0,"2024,2025,2026",False,5,Peak
2024-06-01,Standard Queen,True,2024-01-01,config,False,963.6,8.0,6.0,963.6,06-01,855.2800000000001,3.0,"2024,2025,2026",False,5,Peak
2024-06-02,Standard Queen,True,2024-01-01,config,False,1068.0,8.0,3.0,1068.0,06-02,883.8533333333334,3.0,"2024,2025,2026",False,5,Peak
2024-06-03,Standard Queen,True,2024-01-01,config,False,1081.4,8.0,5.0,1081.4,06-03,1008.7133333333335,3.0,"2024,2025,2026",False,5,Peak
2024-06-04,Standard Queen,True,2024-01-01,config,False,808.9,6.0,5.0,808.9,06-04,798.6730000000001,3.0,"2024,2025,2026",False,5,Peak
2024-06-05,Standard Queen,True,2024-01-01,config,False,1059.4,8.0,6.0,1059.4,06-05,1097.6763333333333,3.0,"2024,2025,2026",False,5,Peak
2024-06-06,Standard Queen,True,2024-01-01,config,False,934.9,7.0,5.0,934.9,06-06,888.8168888888889,3.0,"2024,2025,2026",False,5,Peak
2024-06-07,Standard Queen,True,2024-01-01,config,False,1138.8333333333333,8.0,6.0,1138.8333333333333,06-07,1113.6213333333333,3.0,"2024,2025,2026",False,5,Peak
2024-06-08,Standard Queen,True,2024-01-01,config,False,1083.0583333333334,8.0,5.0,1083.0583333333334,06-08,1049.9496666666666,3.0,"2024,2025,2026",False,5,Peak
2024-06-09,Standard Queen,True,2024-01-01,config,False,824.3583333333333,6.0,2.0,824.3583333333333,06-09,924.1344444444444,3.0,"2024,2025,2026",False,5,Peak
2024-06-10,Standard Queen,True,2024-01-01,config,False,803.875,6.0,5.0,803.875,06-10,1056.03,3.0,"2024,2025,2026",False,5,Peak
2024-06-11,Standard Queen,True,2024-01-01,config,False,1108.875,8.0,6.0,1108.875,06-11,1188.74648989899,3.0,"2024,2025,2026",False,5,Peak
2024-06-12,Standard Queen,True,2024-01-01,config,False,1076.4,8.0,4.0,1076.4,06-12,1174.4181565656565,3.0,"2024,2025,2026",False,5,Peak
2024-06-13,Standard Queen,True,2024-01-01,config,False,1069.75,8.0,6.0,1069.75,06-13,1181.3666666666666,3.0,"2024,2025,2026",False,5,Peak
2024-06-14,Standard Queen,True,2024-01-01,config,False,1089.35,8.0,6.0,1089.35,06-14,1085.7138888888887,3.0,"2024,2025,2026",False,5,Peak
2024-06-15,Standard Queen,True,2024-01-01,config,False,1133.7,8.0,7.0,1133.7,06-15,1194.5147222222222,3.0,"2024,2025,2026",False,5,Peak
2024-06-16,Standard Queen,True,2024-01-01,config,False,1096.8,8.0,4.0,1096.8,06-16,1121.3558333333333,3.0,"2024,2025,2026",False,5,Peak
2024-06-17,Standard Queen,True,2024-01-01,config,False,1086.6,8.0,5.0,1086.6,06-17,1093.2416666666666,3.0,"2024,2025,2026",False,5,Peak
2024-06-18,Standard Queen,True,2024-01-01,config,False,1080.0,8.0,7.0,1080.0,06-18,1067.775,3.0,"2024,2025,2026",False,5,Peak
2024-06-19,Standard Queen,True,2024-01-01,config,False,680.9,5.0,4.0,680.9,06-19,1129.8672222222222,3.0,"2024,2025,2026",False,5,Peak
2024-06-20,Standard Queen,True,2024-01-01,config,False,1143.8,8.0,7.0,1143.8,06-20,1384.9705555555556,3.0,"2024,2025,2026",False,5,Peak
2024-06-21,Standard Queen,True,2024-01-01,config,False,1118.7,8.0,5.0,1118.7,06-21,1090.6005555555555,3.0,"2024,2025,2026",False,5,Peak
2024-06-22,Standard Queen,True,2024-01-01,config,False,1114.1,8.0,5.0,1114.1,06-22,1210.376111111111,3.0,"2024,2025,2026",False,5,Peak
2024-06-23,Standard Queen,True,2024-01-01,config,False,978.78,7.0,5.0,978.78,06-23,1200.0133333333333,3.0,"2024,2025,2026",False,5,Peak
2024-06-24,Standard Queen,True,2024-01-01,config,False,979.0,7.0,5.0,979.0,06-24,1126.0216666666668,3.0,"2024,2025,2026",False,5,Peak
2024-06-25,Standard Queen,True,2024-01-01,config,False,1118.2,8.0,6.0,1118.2,06-25,1234.1433333333334,3.0,"2024,2025,2026",False,5,Peak
2024-06-26,Standard Queen,True,2024-01-01,config,False,1081.9,8.0,5.0,1081.9,06-26,1130.113888888889,3.0,"2024,2025,2026",False,5,Peak
2024-06-27,Standard Queen,True,2024-01-01,config,False,939.8,7.0,5.0,939.8,06-27,1207.8225555555555,3.0,"2024,2025,2026",False,5,Peak
2024-06-28,Standard Queen,True,2024-01-01,config,False,1098.18,8.0,6.0,1098.18,06-28,1126.3484814814815,3.0,"2024,2025,2026",False,5,Peak
2024-06-29,Standard Queen,True,2024-01-01,config,False,1102.4,8.0,3.0,1102.4,06-29,1082.4395925925926,3.0,"2024,2025,2026",False,5,Peak
2024-06-30,Standard Queen,True,2024-01-01,config,False,547.2666666666667,4.0,2.0,547.2666666666667,06-30,873.4184814814815,3.0,"2024,2025,2026",False,5,Peak
2024-07-01,Standard Queen,True,2024-01-01,config,False,1122.1666666666667,8.0,4.0,1122.1666666666667,07-01,858.6918148148148,3.0,"2024,2025,2026",False,5,Peak
2024-07-02,Standard Queen,True,2024-01-01,config,False,965.1666666666667,7.0,2.0,965.1666666666667,07-02,1040.4114814814814,3.0,"2024,2025,2026",False,5,Peak
2024-07-03,Standard Queen,True,2024-01-01,config,False,1124.9666666666667,8.0,4.0,1124.9666666666667,07-03,1330.8631481481482,3.0,"2024,2025,2026",False,5,Peak
2024-07-04,Standard Queen,True,2024-01-01,config,False,1124.8166666666666,8.0,7.0,1124.8166666666666,07-04,1389.8998148148148,3.0,"2024,2025,2026",False,5,Peak
2024-07-05,Standard Queen,True,2024-01-01,config,False,1174.6166666666666,8.0,5.0,1174.6166666666666,07-05,1271.0114814814815,3.0,"2024,2025,2026",False,5,Peak
2024-07-06,Standard Queen,True,2024-01-01,config,False,1201.7,8.0,5.0,1201.7,07-06,1012.085925925926,3.0,"2024,2025,2026",False,5,Peak
2024-07-07,Standard Queen,True,2024-01-01,config,False,1115.5,8.0,6.0,1115.5,07-07,1144.4645714285714,3.0,"2024,2025,2026",False,5,Peak
2024-07-08,Standard Queen,True,2024-01-01,config,False,1097.2,8.0,7.0,1097.2,07-08,1182.1845714285714,3.0,"2024,2025,2026",False,5,Peak
2024-07-09,Standard Queen,True,2024-01-01,config,False,1053.05,8.0,5.0,1053.05,07-09,1136.460126984127,3.0,"2024,2025,2026",False,5,Peak
2024-07-10,Standard Queen,True,2024-01-01,config,False,1086.0266666666666,8.0,5.0,1086.0266666666666,07-10,1279.0348492063492,3.0,"2024,2025,2026",False,5,Peak
2024-07-11,Standard Queen,True,2024-01-01,config,False,1092.785,8.0,5.0,1092.785,07-11,1239.710126984127,3.0,"2024,2025,2026",False,5,Peak
2024-07-12,Standard Queen,True,2024-01-01,config,False,1143.025,8.0,7.0,1143.025,07-12,1208.3535714285715,3.0,"2024,2025,2026",False,5,Peak
2024-07-13,Standard Queen,True,2024-01-01,config,False,1126.0,8.0,7.0,1126.0,07-13,1237.5663492063493,3.0,"2024,2025,2026",False,5,Peak
2024-07-14,Standard Queen,True,2024-01-01,config,False,866.75,6.0,6.0,866.75,07-14,1125.8252777777777,3.0,"2024,2025,2026",False,5,Peak
2024-07-15,Standard Queen,True,2024-01-01,config,False,1130.9,8.0,4.0,1130.9,07-15,1276.3994444444445,3.0,"2024,2025,2026",False,5,Peak
2024-07-16,Standard Queen,True,2024-01-01,config,False,1169.75,8.0,4.0,1169.75,07-16,1245.085,3.0,"2024,2025,2026",False,5,Peak
2024-07-17,Standard Queen,True,2024-01-01,config,False,1166.0,8.0,7.0,1166.0,07-17,1195.776111111111,3.0,"2024,2025,2026",False,5,Peak
2024-07-18,Standard Queen,True,2024-01-01,config,False,1017.9749999999999,7.0,6.0,1017.9749999999999,07-18,1273.9966666666667,3.0,"2024,2025,2026",False,5,Peak
2024-07-19,Standard Queen,True,2024-01-01,config,False,1151.125,8.0,5.0,1151.125,07-19,1213.7383333333335,3.0,"2024,2025,2026",False,5,Peak
2024-07-20,Standard Queen,True,2024-01-01,config,False,1149.125,8.0,3.0,1149.125,07-20,1053.506111111111,3.0,"2024,2025,2026",False,5,Peak
2024-07-21,Standard Queen,True,2024-01-01,config,False,1133.8083333333334,8.0,6.0,1133.8083333333334,07-21,1009.4822222222223,3.0,"2024,2025,2026",False,5,Peak
2024-07-22,Standard Queen,True,2024-01-01,config,False,1009.0833333333334,7.0,5.0,1009.0833333333334,07-22,859.8638888888889,3.0,"2024,2025,2026",False,5,Peak
2024-07-23,Standard Queen,True,2024-01-01,config,False,1075.5833333333333,8.0,5.0,1075.5833333333333,07-23,987.0961111111111,3.0,"2024,2025,2026",False,5,Peak
2024-07-24,Standard Queen,True,2024-01-01,config,False,1088.6666666666667,8.0,6.0,1088.6666666666667,07-24,967.9383333333334,3.0,"2024,2025,2026",False,5,Peak
2024-07-25,Standard Queen,True,2024-01-01,config,False,1130.1666666666667,8.0,4.0,1130.1666666666667,07-25,1096.39,3.0,"2024,2025,2026",False,5,Peak
2024-07-26,Standard Queen,True,2024-01-01,config,False,1149.0666666666666,8.0,4.0,1149.0666666666666,07-26,873.823888888889,3.0,"2024,2025,2026",False,5,Peak
2024-07-27,Standard Queen,True,2024-01-01,config,False,1185.0,8.0,6.0,1185.0,07-27,921.8166666666666,3.0,"2024,2025,2026",False,5,Peak
2024-07-28,Standard Queen,True,2024-01-01,config,False,1072.15,8.0,7.0,1072.15,07-28,796.6416666666668,3.0,"2024,2025,2026",False,5,Peak
2024-07-29,Standard Queen,True,2024-01-01,config,False,908.25,8.0,5.0,908.25,07-29,852.6783333333333,3.0,"2024,2025,2026",False,5,Peak
2024-07-30,Standard Queen,True,2024-01-01,config,False,800.25,7.0,1.0,800.25,07-30,835.5566666666667,3.0,"2024,2025,2026",False,5,Peak
2024-07-31,Standard Queen,True,2024-01-01,config,False,0.0,3.0,2.0,0.0,07-31,768.5333333333333,3.0,"2024,2025,2026",False,5,Peak
2024-08-01,Standard Queen,True,2024-01-01,config,False,541.25,4.0,4.0,541.25,08-01,664.4,3.0,"2024,2025,2026",False,5,Peak
2024-08-02,Standard Queen,True,2024-01-01,config,False,938.76,7.0,6.0,938.76,08-02,793.29,3.0,"2024,2025,2026",False,5,Peak
2024-08-03,Standard Queen,True,2024-01-01,config,False,1208.11,8.0,5.0,1208.11,08-03,814.48,3.0,"2024,2025,2026",False,5,Peak
2024-08-04,Standard Queen,True,2024-01-01,config,False,691.0,5.0,4.0,691.0,08-04,708.7577777777778,3.0,"2024,2025,2026",False,5,Peak
2024-08-05,Standard Queen,True,2024-01-01,config,False,639.4,5.0,4.0,639.4,08-05,569.4077777777778,3.0,"2024,2025,2026",False,4,High
2024-08-06,Standard Queen,True,2024-01-01,config,False,1119.9,8.0,7.0,1119.9,08-06,796.8227777777778,3.0,"2024,2025,2026",False,4,High
2024-08-07,Standard Queen,True,2024-01-01,config,False,900.4333333333334,6.0,4.0,900.4333333333334,08-07,813.7294444444445,3.0,"2024,2025,2026",False,4,High
2024-08-08,Standard Queen,True,2024-01-01,config,False,1254.5333333333333,8.0,6.0,1254.5333333333333,08-08,854.5416666666666,3.0,"2024,2025,2026",False,4,High
2024-08-09,Standard Queen,True,2024-01-01,config,False,1302.5283333333334,8.0,4.0,1302.5283333333334,08-09,881.4200000000001,3.0,"2024,2025,2026",False,4,High
2024-08-10,Standard Queen,True,2024-01-01,config,False,760.495,5.0,3.0,760.495,08-10,685.5505555555555,3.0,"2024,2025,2026",False,4,High
2024-08-11,Standard Queen,True,2024-01-01,config,False,832.0,7.0,7.0,832.0,08-11,708.0333333333333,3.0,"2024,2025,2026",False,4,High
2024-08-12,Standard Queen,True,2024-01-01,config,False,856.5,7.0,7.0,856.5,08-12,698.2833333333333,3.0,"2024,2025,2026",False,4,High
2024-08-13,Standard Queen,True,2024-01-01,config,False,898.9583333333333,7.0,6.0,898.9583333333333,08-13,666.666111111111,3.0,"2024,2025,2026",False,4,High
2024-08-14,Standard Queen,True,2024-01-01,config,False,1172.4583333333333,8.0,5.0,1172.4583333333333,08-14,737.0111111111111,3.0,"2024,2025,2026",False,4,High
2024-08-15,Standard Queen,True,2024-01-01,config,False,990.4583333333333,8.0,5.0,990.4583333333333,08-15,874.0044444444444,3.0,"2024,2025,2026",False,4,High
2024-08-16,Standard Queen,True,2024-01-01,config,False,971.625,8.0,6.0,971.625,08-16,867.2800000000001,3.0,"2024,2025,2026",False,4,High
2024-08-17,Standard Queen,True,2024-01-01,config,False,957.475,7.0,5.0,957.475,08-17,760.6533333333333,3.0,"2024,2025,2026",False,4,High
2024-08-18,Standard Queen,True,2024-01-01,config,False,874.875,6.0,4.0,874.875,08-18,767.5749999999999,3.0,"2024,2025,2026",False,4,High
2024-08-19,Standard Queen,True,2024-01-01,config,False,931.9583333333334,7.0,5.0,931.9583333333334,08-19,808.2705555555557,3.0,"2024,2025,2026",False,4,High
2024-08-20,Standard Queen,True,2024-01-01,config,False,915.4583333333334,7.0,3.0,915.4583333333334,08-20,763.7938888888889,3.0,"2024,2025,2026",False,4,High
2024-08-21,Standard Queen,True,2024-01-01,config,False,1027.3166666666666,7.0,4.0,1027.3166666666666,08-21,847.8758333333334,3.0,"2024,2025,2026",False,4,High
2024-08-22,Standard Queen,True,2024-01-01,config,False,1130.1833333333334,7.0,5.0,1130.1833333333334,08-22,976.0602777777777,3.0,"2024,2025,2026",False,4,High
2024-08-23,Standard Queen,True,2024-01-01,config,False,1165.4833333333333,7.0,4.0,1165.4833333333333,08-23,1063.1994444444445,3.0,"2024,2025,2026",False,4,High
2024-08-24,Standard Queen,True,2024-01-01,config,False,1287.5,8.0,5.0,1287.5,08-24,712.275,3.0,"2024,2025,2026",False,4,High
2024-08-25,Standard Queen,True,2024-01-01,config,False,1067.55,8.0,5.0,1067.55,08-25,608.9666666666667,3.0,"2024,2025,2026",False,4,High
2024-08-26,Standard Queen,True,2024-01-01,config,False,690.0,5.0,4.0,690.0,08-26,632.0333333333333,3.0,"2024,2025,2026",False,5,Peak
2024-08-27,Standard Queen,True,2024-01-01,config,False,734.0,6.0,5.0,734.0,08-27,575.42,3.0,"2024,2025,2026",False,4,High
2024-08-28,Standard Queen,True,2024-01-01,config,False,973.95,8.0,5.0,973.95,08-28,878.6311111111112,3.0,"2024,2025,2026",False,4,High
2024-08-29,Standard Queen,True,2024-01-01,config,False,903.95,6.0,4.0,903.95,08-29,1090.3777777777777,3.0,"2024,2025,2026",False,4,High
2024-08-30,Standard Queen,True,2024-01-01,config,False,1395.2,8.0,7.0,1395.2,08-30,1158.6,3.0,"2024,2025,2026",False,4,High
2024-08-31,Standard Queen,True,2024-01-01,config,False,1365.2,8.0,4.0,1365.2,08-31,1128.1222222222223,3.0,"2024,2025,2026",False,4,High
2024-09-01,Standard Queen,True,2024-01-01,config,False,1057.6666666666667,8.0,5.0,1057.6666666666667,09-01,802.0133333333333,3.0,"2024,2025,2026",False,4,High
2024-09-02,Standard Queen,True,2024-01-01,config,False,983.9666666666667,9.0,5.0,983.9666666666667,09-02,709.2388888888889,3.0,"2024,2025,2026",False,4,High
2024-09-03,Standard Queen,True,2024-01-01,config,False,969.1666666666666,9.0,5.0,969.1666666666666,09-03,829.3677777777776,3.0,"2024,2025,2026",False,4,High
2024-09-04,Standard Queen,True,2024-01-01,config,False,903.6,8.0,8.0,903.6,09-04,977.3483333333334,3.0,"2024,2025,2026",False,5,Peak
2024-09-05,Standard Queen,True,2024-01-01,config,False,618.3666666666667,5.0,5.0,618.3666666666667,09-05,828.6622222222222,3.0,"2024,2025,2026",False,5,Peak
2024-09-06,Standard Queen,True,2024-01-01,config,False,1298.9166666666667,8.0,6.0,1298.9166666666667,09-06,844.8388888888888,3.0,"2024,2025,2026",False,5,Peak
2024-09-07,Standard Queen,True,2024-01-01,config,False,1126.3166666666666,8.0,6.0,1126.3166666666666,09-07,803.3688888888888,3.0,"2024,2025,2026",False,4,High
2024-09-08,Standard Queen,True,2024-01-01,config,False,1087.9,8.0,6.0,1087.9,09-08,764.3138888888889,3.0,"2024,2025,2026",False,4,High
2024-09-09,Standard Queen,True,2024-01-01,config,False,914.5,8.0,4.0,914.5,09-09,718.916111111111,3.0,"2024,2025,2026",False,4,High
2024-09-10,Standard Queen,True,2024-01-01,config,False,923.4,7.0,5.0,923.4,09-10,901.8411111111112,3.0,"2024,2025,2026",False,4,High
2024-09-11,Standard Queen,True,2024-01-01,config,False,870.06,7.0,5.0,870.06,09-11,1001.2588888888889,3.0,"2024,2025,2026",False,4,High
2024-09-12,Standard Queen,True,2024-01-01,config,False,1076.56,8.0,6.0,1076.56,09-12,1616.8027777777777,3.0,"2024,2025,2026",False,4,High
2024-09-13,Standard Queen,True,2024-01-01,config,False,1151.66,8.0,5.0,1151.66,09-13,883.8394444444444,3.0,"2024,2025,2026",False,4,High
2024-09-14,Standard Queen,True,2024-01-01,config,False,1192.76,8.0,6.0,1192.76,09-14,852.8811111111112,3.0,"2024,2025,2026",False,5,Peak
2024-09-15,Standard Queen,True,2024-01-01,config,False,1083.06,8.0,6.0,1083.06,09-15,766.5866666666667,3.0,"2024,2025,2026",False,5,Peak
2024-09-16,Standard Queen,True,2024-01-01,config,False,878.9000000000001,7.0,3.0,878.9000000000001,09-16,747.4566666666666,3.0,"2024,2025,2026",False,4,High
2024-09-17,Standard Queen,True,2024-01-01,config,False,1030.0,8.0,5.0,1030.0,09-17,818.6366666666667,3.0,"2024,2025,2026",False,5,Peak
2024-09-18,Standard Queen,True,2024-01-01,config,False,1070.2,8.0,4.0,1070.2,09-18,930.3566666666666,3.0,"2024,2025,2026",False,5,Peak
2024-09-19,Standard Queen,True,2024-01-01,config,False,1215.4833333333333,8.0,6.0,1215.4833333333333,09-19,1762.4577777777777,3.0,"2024,2025,2026",False,5,Peak
2024-09-20,Standard Queen,True,2024-01-01,config,False,1241.1333333333334,8.0,5.0,1241.1333333333334,09-20,981.8877777777778,3.0,"2024,2025,2026",False,4,High
2024-09-21,Standard Queen,True,2024-01-01,config,False,1250.0833333333333,8.0,5.0,1250.0833333333333,09-21,885.3044444444444,3.0,"2024,2025,2026",False,4,High
2024-09-22,Standard Queen,True,2024-01-01,config,False,702.65,6.0,5.0,702.65,09-22,613.1766666666667,3.0,"2024,2025,2026",False,5,Peak
2024-09-23,Standard Queen,True,2024-01-01,config,False,1007.1,8.0,7.0,1007.1,09-23,734.0794444444444,3.0,"2024,2025,2026",False,4,High
2024-09-24,Standard Queen,True,2024-01-01,config,False,1142.7,8.0,5.0,1142.7,09-24,771.9227777777778,3.0,"2024,2025,2026",False,4,High
2024-09-25,Standard Queen,True,2024-01-01,config,False,1172.0,8.0,3.0,1172.0,09-25,924.9827777777778,3.0,"2024,2025,2026",False,4,High
2024-09-26,Standard Queen,True,2024-01-01,config,False,1177.8,8.0,5.0,1177.8,09-26,878.5327777777778,3.0,"2024,2025,2026",False,4,High
2024-09-27,Standard Queen,True,2024-01-01,config,False,1281.9,8.0,6.0,1281.9,09-27,877.7994444444445,3.0,"2024,2025,2026",False,4,High
2024-09-28,Standard Queen,True,2024-01-01,config,False,1240.3,8.0,5.0,1240.3,09-28,788.7127777777778,3.0,"2024,2025,2026",False,4,High
2024-09-29,Standard Queen,True,2024-01-01,config,False,834.25,6.0,6.0,834.25,09-29,656.6466666666666,3.0,"2024,2025,2026",False,4,High
2024-09-30,Standard Queen,True,2024-01-01,config,False,1136.7,8.0,4.0,1136.7,09-30,821.8294444444444,3.0,"2024,2025,2026",False,4,High
2024-10-01,Standard Queen,True,2024-01-01,config,False,1016.4,8.0,4.0,1016.4,10-01,623.4727777777778,3.0,"2024,2025,2026",False,4,High
2024-10-02,Standard Queen,True,2024-01-01,config,False,908.3166666666666,8.0,5.0,908.3166666666666,10-02,759.5300000000001,3.0,"2024,2025,2026",False,4,High
2024-10-03,Standard Queen,True,2024-01-01,config,False,1070.5666666666666,8.0,4.0,1070.5666666666666,10-03,876.2122222222221,3.0,"2024,2025,2026",False,4,High
2024-10-04,Standard Queen,True,2024-01-01,config,False,980.1,8.0,4.0,980.1,10-04,855.9733333333334,3.0,"2024,2025,2026",False,4,High
2024-10-05,Standard Queen,True,2024-01-01,config,False,959.6833333333334,8.0,5.0,959.6833333333334,10-05,670.7211111111111,3.0,"2024,2025,2026",False,4,High
2024-10-06,Standard Queen,True,2024-01-01,config,False,570.1833333333333,5.0,2.0,570.1833333333333,10-06,707.6527777777778,3.0,"2024,2025,2026",False,4,High
2024-10-07,Standard Queen,True,2024-01-01,config,False,982.3880952380953,8.0,7.0,982.3880952380953,10-07,801.2688095238095,3.0,"2024,2025,2026",False,4,High
2024-10-08,Standard Queen,True,2024-01-01,config,False,1010.8880952380953,8.0,1.0,1010.8880952380953,10-08,749.8404761904761,3.0,"2024,2025,2026",False,4,High
2024-10-09,Standard Queen,True,2024-01-01,config,False,1075.9880952380952,8.0,5.0,1075.9880952380952,10-09,1046.6171428571427,3.0,"2024,2025,2026",False,4,High
2024-10-10,Standard Queen,True,2024-01-01,config,False,1048.3214285714284,8.0,5.0,1048.3214285714284,10-10,766.0204761904761,3.0,"2024,2025,2026",False,4,High
2024-10-11,Standard Queen,True,2024-01-01,config,False,1140.9214285714286,8.0,5.0,1140.9214285714286,10-11,764.9404761904761,3.0,"2024,2025,2026",False,3,Shoulder
2024-10-12,Standard Queen,True,2024-01-01,config,False,1175.8214285714284,8.0,5.0,1175.8214285714284,10-12,681.4371428571428,3.0,"2024,2025,2026",False,3,Shoulder
2024-10-13,Standard Queen,True,2024-01-01,config,False,998.6547619047619,8.0,5.0,998.6547619047619,10-13,528.3649206349206,3.0,"2024,2025,2026",False,3,Shoulder
2024-10-14,Standard Queen,True,2024-01-01,config,False,908.4547619047619,8.0,4.0,908.4547619047619,10-14,573.9265873015873,3.0,"2024,2025,2026",False,3,Shoulder
2024-10-15,Standard Queen,True,2024-01-01,config,False,885.0214285714286,8.0,3.0,885.0214285714286,10-15,575.2188095238095,3.0,"2024,2025,2026",False,3,Shoulder
2024-10-16,Standard Queen,True,2024-01-01,config,False,860.1880952380952,8.0,2.0,860.1880952380952,10-16,615.9293650793651,3.0,"2024,2025,2026",False,3,Shoulder
2024-10-17,Standard Queen,True,2024-01-01,config,False,837.9214285714286,7.0,5.0,837.9214285714286,10-17,644.7438095238095,3.0,"2024,2025,2026",False,3,Shoulder
2024-10-18,Standard Queen,True,2024-01-01,config,False,857.9547619047619,7.0,3.0,857.9547619047619,10-18,577.7949206349207,3.0,"2024,2025,2026",False,3,Shoulder
2024-10-19,Standard Queen,True,2024-01-01,config,False,862.3404761904762,7.0,2.0,862.3404761904762,10-19,488.57182539682543,3.0,"2024,2025,2026",False,3,Shoulder
2024-10-20,Standard Queen,True,2024-01-01,config,False,557.0071428571429,5.0,2.0,557.0071428571429,10-20,407.6607142857143,3.0,"2024,2025,2026",False,3,Shoulder
2024-10-21,Standard Queen,True,2024-01-01,config,False,621.0357142857143,6.0,3.0,621.0357142857143,10-21,310.524126984127,3.0,"2024,2025,2026",False,3,Shoulder
2024-10-22,Standard Queen,True,2024-01-01,config,False,421.5357142857143,4.0,0.0,421.5357142857143,10-22,308.49079365079365,3.0,"2024,2025,2026",False,3,Shoulder
2024-10-23,Standard Queen,True,2024-01-01,config,False,603.3857142857142,6.0,4.0,603.3857142857142,10-23,447.2296825396825,3.0,"2024,2025,2026",False,3,Shoulder
2024-10-24,Standard Queen,True,2024-01-01,config,False,495.5357142857143,5.0,3.0,495.5357142857143,10-24,468.5096825396825,3.0,"2024,2025,2026",False,3,Shoulder
2024-10-25,Standard Queen,True,2024-01-01,config,False,650.0357142857142,6.0,3.0,650.0357142857142,10-25,529.1330158730159,3.0,"2024,2025,2026",False,3,Shoulder
2024-10-26,Standard Queen,True,2024-01-01,config,False,334.25,3.0,0.0,334.25,10-26,214.35555555555553,3.0,"2024,2025,2026",False,2,Low
2024-10-27,Standard Queen,True,2024-01-01,config,False,190.25,2.0,0.0,190.25,10-27,246.33333333333334,3.0,"2024,2025,2026",False,2,Low
2024-10-28,Standard Queen,True,2024-01-01,config,False,484.25,5.0,4.0,484.25,10-28,340.28000000000003,3.0,"2024,2025,2026",False,2,Low
2024-10-29,Standard Queen,True,2024-01-01,config,False,300.0,3.0,0.0,300.0,10-29,309.14166666666665,3.0,"2024,2025,2026",False,2,Low
2024-10-30,Standard Queen,True,2024-01-01,config,False,405.0,4.0,1.0,405.0,10-30,331.14944444444444,3.0,"2024,2025,2026",False,2,Low
2024-10-31,Standard Queen,True,2024-01-01,config,False,172.45,2.0,1.0,172.45,10-31,244.3361111111111,3.0,"2024,2025,2026",False,2,Low
2024-11-01,Standard Queen,True,2024-01-01,config,False,162.0,2.0,1.0,162.0,11-01,252.18277777777777,3.0,"2024,2025,2026",False,1,Soft
2024-11-02,Standard Queen,True,2024-01-01,config,False,231.1,3.0,3.0,231.1,11-02,127.03333333333335,3.0,"2024,2025,2026",False,1,Soft
2024-11-03,Standard Queen,True,2024-01-01,config,False,80.0,1.0,1.0,80.0,11-03,128.25,3.0,"2024,2025,2026",False,1,Soft
2024-11-04,Standard Queen,True,2024-01-01,config,False,40.0,1.0,1.0,40.0,11-04,58.63333333333333,3.0,"2024,2025,2026",False,1,Soft
2024-11-05,Standard Queen,True,2024-01-01,config,False,40.0,1.0,0.0,40.0,11-05,147.3422222222222,3.0,"2024,2025,2026",False,1,Soft
2024-11-06,Standard Queen,True,2024-01-01,config,False,64.0,1.0,1.0,64.0,11-06,196.4088888888889,3.0,"2024,2025,2026",False,1,Soft
2024-11-07,Standard Queen,True,2024-01-01,config,False,64.0,1.0,0.0,64.0,11-07,219.10555555555553,3.0,"2024,2025,2026",False,1,Soft
2024-11-08,Standard Queen,True,2024-01-01,config,False,216.0,3.0,2.0,216.0,11-08,277.7722222222222,3.0,"2024,2025,2026",False,1,Soft
2024-11-09,Standard Queen,True,2024-01-01,config,False,226.0,3.0,3.0,226.0,11-09,274.68888888888887,3.0,"2024,2025,2026",False,1,Soft
2024-11-10,Standard Queen,True,2024-01-01,config,False,206.6,3.0,2.0,206.6,11-10,247.62222222222223,3.0,"2024,2025,2026",False,1,Soft
2024-11-11,Standard Queen,True,2024-01-01,config,False,72.0,1.0,0.0,72.0,11-11,189.83333333333334,3.0,"2024,2025,2026",False,1,Soft
2024-11-12,Standard Queen,True,2024-01-01,config,False,80.0,1.0,1.0,80.0,11-12,95.63333333333333,3.0,"2024,2025,2026",False,1,Soft
2024-11-13,Standard Queen,True,2024-01-01,config,False,68.0,1.0,1.0,68.0,11-13,96.61666666666667,3.0,"2024,2025,2026",False,1,Soft
2024-11-14,Standard Queen,True,2024-01-01,config,False,210.9,3.0,2.0,210.9,11-14,184.26,3.0,"2024,2025,2026",False,1,Soft
2024-11-15,Standard Queen,True,2024-01-01,config,False,152.0,2.0,2.0,152.0,11-15,96.46,3.0,"2024,2025,2026",False,1,Soft
2024-11-16,Standard Queen,True,2024-01-01,config,False,0.0,0.0,0.0,0.0,11-16,139.54333333333332,3.0,"2024,2025,2026",False,1,Soft
2024-11-17,Standard Queen,True,2024-01-01,config,False,0.0,0.0,0.0,0.0,11-17,196.49333333333334,3.0,"2024,2025,2026",False,1,Soft
2024-11-18,Standard Queen,True,2024-01-01,config,False,0.0,0.0,0.0,0.0,11-18,70.86666666666666,3.0,"2024,2025,2026",False,1,Soft
2024-11-19,Standard Queen,True,2024-01-01,config,False,0.0,0.0,0.0,0.0,11-19,21.53333333333333,3.0,"2024,2025,2026",False,1,Soft
2024-11-20,Standard Queen,True,2024-01-01,config,False,0.0,0.0,0.0,0.0,11-20,111.42666666666666,3.0,"2024,2025,2026",False,1,Soft
2024-11-21,Standard Queen,True,2024-01-01,config,False,0.0,0.0,0.0,0.0,11-21,235.26666666666665,3.0,"2024,2025,2026",False,1,Soft
2024-11-22,Standard Queen,True,2024-01-01,config,False,0.0,0.0,0.0,0.0,11-22,221.40333333333334,3.0,"2024,2025,2026",False,1,Soft
2024-11-23,Standard Queen,True,2024-01-01,config,False,169.6,3.0,3.0,169.6,11-23,190.22000000000003,3.0,"2024,2025,2026",False,1,Soft
2024-11-24,Standard Queen,True,2024-01-01,config,False,100.25714285714287,2.0,2.0,100.25714285714287,11-24,157.91738095238097,3.0,"2024,2025,2026",False,1,Soft
2024-11-25,Standard Queen,True,2024-01-01,config,False,300.25714285714287,5.0,4.0,300.25714285714287,11-25,213.11071428571427,3.0,"2024,2025,2026",False,1,Soft
2024-11-26,Standard Queen,True,2024-01-01,config,False,181.65714285714284,3.0,2.0,181.65714285714284,11-26,198.11904761904762,3.0,"2024,2025,2026",False,1,Soft
2024-11-27,Standard Queen,True,2024-01-01,config,False,50.65714285714286,1.0,0.0,50.65714285714286,11-27,153.11904761904762,3.0,"2024,2025,2026",False,1,Soft
2024-11-28,Standard Queen,True,2024-01-01,config,False,125.99047619047619,2.0,1.0,125.99047619047619,11-28,274.0768253968254,3.0,"2024,2025,2026",False,2,Low
2024-11-29,Standard Queen,True,2024-01-01,config,False,637.9904761904762,8.0,6.0,637.9904761904762,11-29,335.7634920634921,3.0,"2024,2025,2026",False,2,Low
2024-11-30,Standard Queen,True,2024-01-01,config,False,495.19047619047615,7.0,4.0,495.19047619047615,11-30,276.2463492063492,3.0,"2024,2025,2026",False,1,Soft
2024-12-01,Standard Queen,True,2024-01-01,config,False,105.525,2.0,2.0,105.525,12-01,69.94452380952382,3.0,"2024,2025,2026",False,1,Soft
2024-12-02,Standard Queen,True,2024-01-01,config,False,185.9173076923077,3.0,1.0,185.9173076923077,12-02,108.72195970695971,3.0,"2024,2025,2026",False,1,Soft
2024-12-03,Standard Queen,True,2024-01-01,config,False,125.9173076923077,2.0,0.0,125.9173076923077,12-03,181.4319597069597,3.0,"2024,2025,2026",False,1,Soft
2024-12-04,Standard Queen,True,2024-01-01,config,False,183.7173076923077,3.0,1.0,183.7173076923077,12-04,204.19640415140415,3.0,"2024,2025,2026",False,1,Soft
2024-12-05,Standard Queen,True,2024-01-01,config,False,145.3923076923077,2.0,1.0,145.3923076923077,12-05,259.1047374847375,3.0,"2024,2025,2026",False,1,Soft
2024-12-06,Standard Queen,True,2024-01-01,config,False,233.3923076923077,3.0,2.0,233.3923076923077,12-06,258.3547374847375,3.0,"2024,2025,2026",False,1,Soft
2024-12-07,Standard Queen,True,2024-01-01,config,False,233.3923076923077,3.0,0.0,233.3923076923077,12-07,77.7974358974359,3.0,"2024,2025,2026",False,1,Soft
2024-12-08,Standard Queen,True,2024-01-01,config,False,134.7923076923077,2.0,1.0,134.7923076923077,12-08,91.48076923076924,3.0,"2024,2025,2026",False,1,Soft
2024-12-09,Standard Queen,True,2024-01-01,config,False,134.7923076923077,2.0,1.0,134.7923076923077,12-09,91.48076923076924,3.0,"2024,2025,2026",False,1,Soft
2024-12-10,Standard Queen,True,2024-01-01,config,False,160.6423076923077,2.0,1.0,160.6423076923077,12-10,76.0974358974359,3.0,"2024,2025,2026",False,1,Soft
2024-12-11,Standard Queen,True,2024-01-01,config,False,206.1423076923077,3.0,1.0,206.1423076923077,12-11,131.53076923076924,3.0,"2024,2025,2026",False,1,Soft
2024-12-12,Standard Queen,True,2024-01-01,config,False,160.6423076923077,2.0,0.0,160.6423076923077,12-12,276.0049358974359,3.0,"2024,2025,2026",False,1,Soft
2024-12-13,Standard Queen,True,2024-01-01,config,False,160.6423076923077,2.0,0.0,160.6423076923077,12-13,260.1049358974359,3.0,"2024,2025,2026",False,1,Soft
2024-12-14,Standard Queen,True,2024-01-01,config,False,160.6423076923077,2.0,0.0,160.6423076923077,12-14,178.87993589743587,3.0,"2024,2025,2026",False,1,Soft
2024-12-15,Standard Queen,True,2024-01-01,config,False,160.6423076923077,2.0,0.0,160.6423076923077,12-15,189.14326923076922,3.0,"2024,2025,2026",False,2,Low
2024-12-16,Standard Queen,True,2024-01-01,config,False,80.3923076923077,1.0,0.0,80.3923076923077,12-16,93.79743589743589,3.0,"2024,2025,2026",False,2,Low
2024-12-17,Standard Queen,True,2024-01-01,config,False,80.3923076923077,1.0,0.0,80.3923076923077,12-17,142.13076923076923,3.0,"2024,2025,2026",False,2,Low
2024-12-18,Standard Queen,True,2024-01-01,config,False,160.3923076923077,2.0,1.0,160.3923076923077,12-18,211.08076923076922,3.0,"2024,2025,2026",False,2,Low
2024-12-19,Standard Queen,True,2024-01-01,config,False,177.3923076923077,3.0,2.0,177.3923076923077,12-19,303.9807692307692,3.0,"2024,2025,2026",False,2,Low
2024-12-20,Standard Queen,True,2024-01-01,config,False,149.3923076923077,2.0,1.0,149.3923076923077,12-20,332.58076923076925,3.0,"2024,2025,2026",False,2,Low
2024-12-21,Standard Queen,True,2024-01-01,config,False,149.3923076923077,2.0,0.0,149.3923076923077,12-21,144.6724358974359,3.0,"2024,2025,2026",False,2,Low
2024-12-22,Standard Queen,True,2024-01-01,config,False,80.3923076923077,1.0,0.0,80.3923076923077,12-22,215.90576923076924,3.0,"2024,2025,2026",False,3,Shoulder
2024-12-23,Standard Queen,True,2024-01-01,config,False,80.3923076923077,1.0,0.0,80.3923076923077,12-23,231.20576923076922,3.0,"2024,2025,2026",False,3,Shoulder
2024-12-24,Standard Queen,True,2024-01-01,config,False,80.3923076923077,1.0,0.0,80.3923076923077,12-24,213.70576923076922,3.0,"2024,2025,2026",False,3,Shoulder
2024-12-25,Standard Queen,True,2024-01-01,config,False,80.3923076923077,1.0,0.0,80.3923076923077,12-25,179.72243589743587,3.0,"2024,2025,2026",False,3,Shoulder
2024-12-26,Standard Queen,True,2024-01-01,config,False,80.3923076923077,1.0,0.0,80.3923076923077,12-26,199.5599358974359,3.0,"2024,2025,2026",False,3,Shoulder
2024-12-27,Standard Queen,True,2024-01-01,config,False,270.1923076923077,3.0,2.0,270.1923076923077,12-27,385.70549145299145,3.0,"2024,2025,2026",False,3,Shoulder
2024-12-28,Standard Queen,True,2024-01-01,config,False,299.0923076923077,3.0,1.0,299.0923076923077,12-28,448.7596581196581,3.0,"2024,2025,2026",False,3,Shoulder
2024-12-29,Standard Queen,True,2024-01-01,config,False,199.8923076923077,2.0,1.0,199.8923076923077,12-29,401.73465811965815,3.0,"2024,2025,2026",False,3,Shoulder
2024-12-30,Standard Queen,True,2024-01-01,config,False,199.8923076923077,2.0,0.0,199.8923076923077,12-30,341.4824358974359,3.0,"2024,2025,2026",False,3,Shoulder
2024-12-31,Standard Queen,True,2024-01-01,config,False,324.39230769230767,3.0,2.0,324.39230769230767,12-31,392.5724358974359,3.0,"2024,2025,2026",False,3,Shoulder
2025-01-01,Standard Queen,True,2024-01-01,config,False,137.8423076923077,2.0,1.0,137.8423076923077,01-01,336.2307692307692,3.0,"2024,2025,2026",False,3,Shoulder
2025-01-02,Standard Queen,True,2024-01-01,config,False,196.4923076923077,3.0,1.0,196.4923076923077,01-02,362.28076923076924,3.0,"2024,2025,2026",False,3,Shoulder
2025-01-03,Standard Queen,True,2024-01-01,config,False,211.19230769230768,3.0,1.0,211.19230769230768,01-03,348.4141025641026,3.0,"2024,2025,2026",False,3,Shoulder
2025-01-04,Standard Queen,True,2024-01-01,config,False,211.19230769230768,3.0,0.0,211.19230769230768,01-04,268.33076923076925,3.0,"2024,2025,2026",False,3,Shoulder
2025-01-05,Standard Queen,True,2024-01-01,config,False,222.8423076923077,3.0,1.0,222.8423076923077,01-05,214.84743589743593,3.0,"2024,2025,2026",False,3,Shoulder
2025-01-06,Standard Queen,True,2024-01-01,config,False,226.5923076923077,3.0,1.0,226.5923076923077,01-06,134.76410256410256,3.0,"2024,2025,2026",False,3,Shoulder
2025-01-07,Standard Queen,True,2024-01-01,config,False,226.5923076923077,3.0,0.0,226.5923076923077,01-07,198.5474358974359,3.0,"2024,2025,2026",False,2,Low
2025-01-08,Standard Queen,True,2024-01-01,config,False,205.7173076923077,3.0,1.0,205.7173076923077,01-08,261.48910256410255,3.0,"2024,2025,2026",False,2,Low
2025-01-09,Standard Queen,True,2024-01-01,config,False,205.7173076923077,3.0,0.0,205.7173076923077,01-09,210.92076923076922,3.0,"2024,2025,2026",False,2,Low
2025-01-10,Standard Queen,True,2024-01-01,config,False,137.625,2.0,1.0,137.625,01-10,195.81000000000003,3.0,"2024,2025,2026",False,2,Low
2025-01-11,Standard Queen,True,2024-01-01,config,False,137.625,2.0,0.0,137.625,01-11,212.125,3.0,"2024,2025,2026",False,2,Low
2025-01-12,Standard Queen,True,2024-01-01,config,False,188.02,3.0,3.0,188.02,01-12,174.39,3.0,"2024,2025,2026",False,2,Low
2025-01-13,Standard Queen,True,2024-01-01,config,False,68.0,1.0,0.0,68.0,01-13,112.53333333333335,3.0,"2024,2025,2026",False,2,Low
2025-01-14,Standard Queen,True,2024-01-01,config,False,68.0,1.0,0.0,68.0,01-14,110.78000000000002,3.0,"2024,2025,2026",False,2,Low
2025-01-15,Standard Queen,True,2024-01-01,config,False,68.0,1.0,1.0,68.0,01-15,222.29999999999998,3.0,"2024,2025,2026",False,2,Low
2025-01-16,Standard Queen,True,2024-01-01,config,False,122.4,2.0,2.0,122.4,01-16,196.99444444444444,3.0,"2024,2025,2026",False,2,Low
2025-01-17,Standard Queen,True,2024-01-01,config,False,61.199999999999996,1.0,0.0,61.199999999999996,01-17,276.81111111111113,3.0,"2024,2025,2026",False,2,Low
2025-01-18,Standard Queen,True,2024-01-01,config,False,61.199999999999996,1.0,0.0,61.199999999999996,01-18,295.56111111111113,3.0,"2024,2025,2026",False,2,Low
2025-01-19,Standard Queen,True,2024-01-01,config,False,174.36,3.0,3.0,174.36,01-19,242.35888888888886,3.0,"2024,2025,2026",False,2,Low
2025-01-20,Standard Queen,True,2024-01-01,config,False,48.96,1.0,0.0,48.96,01-20,128.8422222222222,3.0,"2024,2025,2026",False,2,Low
2025-01-21,Standard Queen,True,2024-01-01,config,False,68.0,1.0,1.0,68.0,01-21,181.9888888888889,3.0,"2024,2025,2026",False,1,Soft
2025-01-22,Standard Queen,True,2024-01-01,config,False,68.0,1.0,0.0,68.0,01-22,264.41388888888883,3.0,"2024,2025,2026",False,1,Soft
2025-01-23,Standard Queen,True,2024-01-01,config,False,0.0,0.0,0.0,0.0,01-23,233.54722222222222,3.0,"2024,2025,2026",False,1,Soft
2025-01-24,Standard Queen,True,2024-01-01,config,False,122.4,2.0,2.0,122.4,01-24,299.8188888888889,3.0,"2024,2025,2026",False,1,Soft
2025-01-25,Standard Queen,True,2024-01-01,config,False,190.4,3.0,2.0,190.4,01-25,205.1,3.0,"2024,2025,2026",False,1,Soft
2025-01-26,Standard Queen,True,2024-01-01,config,False,61.199999999999996,1.0,0.0,61.199999999999996,01-26,177.33333333333334,3.0,"2024,2025,2026",False,1,Soft
2025-01-27,Standard Queen,True,2024-01-01,config,False,0.0,0.0,0.0,0.0,01-27,74.43333333333334,3.0,"2024,2025,2026",False,1,Soft
2025-01-28,Standard Queen,True,2024-01-01,config,False,0.0,0.0,0.0,0.0,01-28,149.86083333333332,3.0,"2024,2025,2026",False,1,Soft
2025-01-29,Standard Queen,True,2024-01-01,config,False,63.0,1.0,1.0,63.0,01-29,227.6497222222222,3.0,"2024,2025,2026",False,1,Soft
2025-01-30,Standard Queen,True,2024-01-01,config,False,72.5,1.0,1.0,72.5,01-30,326.27694444444444,3.0,"2024,2025,2026",False,1,Soft
2025-01-31,Standard Queen,True,2024-01-01,config,False,72.5,1.0,0.0,72.5,01-31,297.5302777777778,3.0,"2024,2025,2026",False,1,Soft
2025-02-01,Standard Queen,True,2024-01-01,config,False,65.7,1.0,1.0,65.7,02-01,220.76666666666665,3.0,"2024,2025,2026",False,1,Soft
2025-02-02,Standard Queen,True,2024-01-01,config,False,65.7,1.0,0.0,65.7,02-02,249.37777777777774,3.0,"2024,2025,2026",False,1,Soft
2025-02-03,Standard Queen,True,2024-01-01,config,False,0.0,0.0,0.0,0.0,02-03,177.0677777777778,3.0,"2024,2025,2026",False,1,Soft
2025-02-04,Standard Queen,True,2024-01-01,config,False,63.0,1.0,1.0,63.0,02-04,170.78111111111113,3.0,"2024,2025,2026",False,1,Soft
2025-02-05,Standard Queen,True,2024-01-01,config,False,56.7,1.0,1.0,56.7,02-05,70.3611111111111,3.0,"2024,2025,2026",False,1,Soft
2025-02-06,Standard Queen,True,2024-01-01,config,False,56.7,1.0,0.0,56.7,02-06,195.9936111111111,3.0,"2024,2025,2026",False,1,Soft
2025-02-07,Standard Queen,True,2024-01-01,config,False,55.08,1.0,1.0,55.08,02-07,133.67583333333332,3.0,"2024,2025,2026",False,1,Soft
2025-02-08,Standard Queen,True,2024-01-01,config,False,0.0,0.0,0.0,0.0,02-08,142.2458333333333,3.0,"2024,2025,2026",False,1,Soft
2025-02-09,Standard Queen,True,2024-01-01,config,False,68.0,1.0,1.0,68.0,02-09,191.52916666666667,3.0,"2024,2025,2026",False,1,Soft
2025-02-10,Standard Queen,True,2024-01-01,config,False,0.0,0.0,0.0,0.0,02-10,140.17916666666667,3.0,"2024,2025,2026",False,2,Low
2025-02-11,Standard Queen,True,2024-01-01,config,False,68.0,1.0,1.0,68.0,02-11,188.85583333333332,3.0,"2024,2025,2026",False,2,Low
2025-02-12,Standard Queen,True,2024-01-01,config,False,0.0,0.0,0.0,0.0,02-12,121.63916666666667,3.0,"2024,2025,2026",False,2,Low
2025-02-13,Standard Queen,True,2024-01-01,config,False,116.04,2.0,2.0,116.04,02-13,274.9825,3.0,"2024,2025,2026",False,2,Low
2025-02-14,Standard Queen,True,2024-01-01,config,False,243.26666666666665,4.0,2.0,243.26666666666665,02-14,360.88055555555553,3.0,"2024,2025,2026",False,2,Low
2025-02-15,Standard Queen,True,2024-01-01,config,False,243.26666666666665,4.0,0.0,243.26666666666665,02-15,247.20194444444442,3.0,"2024,2025,2026",False,2,Low
2025-02-16,Standard Queen,True,2024-01-01,config,False,253.2266666666667,4.0,2.0,253.2266666666667,02-16,370.4836111111111,3.0,"2024,2025,2026",False,2,Low
2025-02-17,Standard Queen,True,2024-01-01,config,False,248.4,4.0,2.0,248.4,02-17,370.9413888888889,3.0,"2024,2025,2026",False,2,Low
2025-02-18,Standard Queen,True,2024-01-01,config,False,204.0,3.0,2.0,204.0,02-18,308.8902777777778,3.0,"2024,2025,2026",False,2,Low
2025-02-19,Standard Queen,True,2024-01-01,config,False,68.0,1.0,0.0,68.0,02-19,168.6261111111111,3.0,"2024,2025,2026",False,2,Low
2025-02-20,Standard Queen,True,2024-01-01,config,False,68.0,1.0,0.0,68.0,02-20,245.75611111111115,3.0,"2024,2025,2026",False,2,Low
2025-02-21,Standard Queen,True,2024-01-01,config,False,256.0,4.0,4.0,256.0,02-21,326.62333333333333,3.0,"2024,2025,2026",False,2,Low
2025-02-22,Standard Queen,True,2024-01-01,config,False,259.68,4.0,2.0,259.68,02-22,179.578,3.0,"2024,2025,2026",False,2,Low
2025-02-23,Standard Queen,True,2024-01-01,config,False,258.68,4.0,2.0,258.68,02-23,260.658,3.0,"2024,2025,2026",False,2,Low
2025-02-24,Standard Queen,True,2024-01-01,config,False,254.38,4.0,2.0,254.38,02-24,292.5013333333333,3.0,"2024,2025,2026",False,2,Low
2025-02-25,Standard Queen,True,2024-01-01,config,False,257.78,4.0,1.0,257.78,02-25,154.29966666666667,3.0,"2024,2025,2026",False,1,Soft
2025-02-26,Standard Queen,True,2024-01-01,config,False,203.38,3.0,2.0,203.38,02-26,239.65633333333335,3.0,"2024,2025,2026",False,1,Soft
2025-02-27,Standard Queen,True,2024-01-01,config,False,135.38,2.0,1.0,135.38,02-27,258.8883333333333,3.0,"2024,2025,2026",False,1,Soft
2025-02-28,Standard Queen,True,2024-01-01,config,False,303.58,4.0,3.0,303.58,02-28,273.185,3.0,"2024,2025,2026",False,1,Soft
2025-03-01,Standard Queen,True,2024-01-01,config,False,326.68,4.0,1.0,326.68,03-01,256.7916666666667,3.0,"2024,2025,2026",False,1,Soft
2025-03-02,Standard Queen,True,2024-01-01,config,False,67.38,1.0,0.0,67.38,03-02,246.55833333333337,3.0,"2024,2025,2026",False,1,Soft
2025-03-03,Standard Queen,True,2024-01-01,config,False,67.38,1.0,0.0,67.38,03-03,79.53333333333333,3.0,"2024,2025,2026",False,1,Soft
2025-03-04,Standard Queen,True,2024-01-01,config,False,155.78,2.0,1.0,155.78,03-04,132.63,3.0,"2024,2025,2026",False,1,Soft
2025-03-05,Standard Queen,True,2024-01-01,config,False,265.18,3.0,2.0,265.18,03-05,137.82666666666668,3.0,"2024,2025,2026",False,1,Soft
2025-03-06,Standard Queen,True,2024-01-01,config,False,0.0,0.0,0.0,0.0,03-06,82.96,3.0,"2024,2025,2026",False,2,Low
2025-03-07,Standard Queen,True,2024-01-01,config,False,108.5,1.0,1.0,108.5,03-07,250.795,3.0,"2024,2025,2026",False,2,Low
2025-03-08,Standard Queen,True,2024-01-01,config,False,107.0,1.0,1.0,107.0,03-08,206.07500000000002,3.0,"2024,2025,2026",False,2,Low
2025-03-09,Standard Queen,True,2024-01-01,config,False,0.0,0.0,0.0,0.0,03-09,256.1433333333334,3.0,"2024,2025,2026",False,2,Low
2025-03-10,Standard Queen,True,2024-01-01,config,False,100.0,1.0,1.0,100.0,03-10,280.2388888888889,3.0,"2024,2025,2026",False,2,Low
2025-03-11,Standard Queen,True,2024-01-01,config,False,0.0,0.0,0.0,0.0,03-11,257.55222222222227,3.0,"2024,2025,2026",False,2,Low
2025-03-12,Standard Queen,True,2024-01-01,config,False,181.8,2.0,2.0,181.8,03-12,303.7138888888889,3.0,"2024,2025,2026",False,2,Low
2025-03-13,Standard Queen,True,2024-01-01,config,False,188.925,2.0,2.0,188.925,03-13,325.93619047619046,3.0,"2024,2025,2026",False,3,Shoulder
2025-03-14,Standard Queen,True,2024-01-01,config,False,201.925,2.0,1.0,201.925,03-14,428.9511904761905,3.0,"2024,2025,2026",False,3,Shoulder
2025-03-15,Standard Queen,True,2024-01-01,config,False,108.0,1.0,0.0,108.0,03-15,334.2895238095238,3.0,"2024,2025,2026",False,3,Shoulder
2025-03-16,Standard Queen,True,2024-01-01,config,False,298.0,4.0,3.0,298.0,03-16,393.83119047619044,3.0,"2024,2025,2026",False,3,Shoulder
2025-03-17,Standard Queen,True,2024-01-01,config,False,137.0,2.0,2.0,137.0,03-17,283.51785714285717,3.0,"2024,2025,2026",False,3,Shoulder
2025-03-18,Standard Queen,True,2024-01-01,config,False,291.4,4.0,3.0,291.4,03-18,459.42619047619047,3.0,"2024,2025,2026",False,3,Shoulder
2025-03-19,Standard Queen,True,2024-01-01,config,False,61.0,1.0,1.0,61.0,03-19,286.29285714285714,3.0,"2024,2025,2026",False,3,Shoulder
2025-03-20,Standard Queen,True,2024-01-01,config,False,177.61666666666667,3.0,3.0,177.61666666666667,03-20,222.00222222222223,3.0,"2024,2025,2026",False,3,Shoulder
2025-03-21,Standard Queen,True,2024-01-01,config,False,293.1166666666667,4.0,2.0,293.1166666666667,03-21,412.3155555555556,3.0,"2024,2025,2026",False,3,Shoulder
2025-03-22,Standard Queen,True,2024-01-01,config,False,288.2166666666667,4.0,1.0,288.2166666666667,03-22,271.6688888888889,3.0,"2024,2025,2026",False,3,Shoulder
2025-03-23,Standard Queen,True,2024-01-01,config,False,150.4,2.0,1.0,150.4,03-23,263.3933333333333,3.0,"2024,2025,2026",False,3,Shoulder
2025-03-24,Standard Queen,True,2024-01-01,config,False,107.6,2.0,2.0,107.6,03-24,216.53333333333333,3.0,"2024,2025,2026",False,3,Shoulder
2025-03-25,Standard Queen,True,2024-01-01,config,False,115.0,2.0,1.0,115.0,03-25,219.01722222222224,3.0,"2024,2025,2026",False,3,Shoulder
2025-03-26,Standard Queen,True,2024-01-01,config,False,160.5,3.0,2.0,160.5,03-26,265.32674603174604,3.0,"2024,2025,2026",False,2,Low
2025-03-27,Standard Queen,True,2024-01-01,config,False,252.89999999999998,4.0,3.0,252.89999999999998,03-27,369.1534126984127,3.0,"2024,2025,2026",False,2,Low
2025-03-28,Standard Queen,True,2024-01-01,config,False,259.8,4.0,3.0,259.8,03-28,473.5723015873016,3.0,"2024,2025,2026",False,2,Low
2025-03-29,Standard Queen,True,2024-01-01,config,False,260.1,4.0,3.0,260.1,03-29,318.05396825396826,3.0,"2024,2025,2026",False,2,Low
2025-03-30,Standard Queen,True,2024-01-01,config,False,242.9,4.0,2.0,242.9,03-30,261.65396825396823,3.0,"2024,2025,2026",False,2,Low
2025-03-31,Standard Queen,True,2024-01-01,config,False,229.66666666666669,5.0,5.0,229.66666666666669,03-31,231.13174603174605,3.0,"2024,2025,2026",False,2,Low
2025-04-01,Standard Queen,True,2024-01-01,config,False,229.66666666666669,4.0,0.0,229.66666666666669,04-01,269.5706349206349,3.0,"2024,2025,2026",False,3,Shoulder
2025-04-02,Standard Queen,True,2024-01-01,config,False,228.81666666666666,4.0,1.0,228.81666666666666,04-02,189.33888888888887,3.0,"2024,2025,2026",False,3,Shoulder
2025-04-03,Standard Queen,True,2024-01-01,config,False,292.0,6.0,5.0,292.0,04-03,447.6716666666666,3.0,"2024,2025,2026",False,2,Low
2025-04-04,Standard Queen,True,2024-01-01,config,False,259.65,6.0,4.0,259.65,04-04,389.0905555555555,3.0,"2024,2025,2026",False,2,Low
2025-04-05,Standard Queen,True,2024-01-01,config,False,319.65,6.0,1.0,319.65,04-05,417.7655555555555,3.0,"2024,2025,2026",False,2,Low
2025-04-06,Standard Queen,True,2024-01-01,config,False,294.1,6.0,4.0,294.1,04-06,378.30888888888893,3.0,"2024,2025,2026",False,2,Low
2025-04-07,Standard Queen,True,2024-01-01,config,False,321.1333333333333,6.0,4.0,321.1333333333333,04-07,276.36777777777775,3.0,"2024,2025,2026",False,2,Low
2025-04-08,Standard Queen,True,2024-01-01,config,False,288.6333333333333,5.0,2.0,288.6333333333333,04-08,227.81444444444446,3.0,"2024,2025,2026",False,2,Low
2025-04-09,Standard Queen,True,2024-01-01,config,False,341.5783333333333,6.0,3.0,341.5783333333333,04-09,271.7261111111111,3.0,"2024,2025,2026",False,2,Low
2025-04-10,Standard Queen,True,2024-01-01,config,False,351.45,6.0,2.0,351.45,04-10,412.87388888888887,3.0,"2024,2025,2026",False,2,Low
2025-04-11,Standard Queen,True,2024-01-01,config,False,427.38,7.0,4.0,427.38,04-11,365.37388888888887,3.0,"2024,2025,2026",False,2,Low
2025-04-12,Standard Queen,True,2024-01-01,config,False,417.6607142857143,7.0,4.0,417.6607142857143,04-12,349.84246031746034,3.0,"2024,2025,2026",False,2,Low
2025-04-13,Standard Queen,True,2024-01-01,config,False,317.1857142857143,6.0,2.0,317.1857142857143,04-13,357.2752380952381,3.0,"2024,2025,2026",False,2,Low
2025-04-14,Standard Queen,True,2024-01-01,config,False,124.68571428571428,3.0,1.0,124.68571428571428,04-14,276.31190476190477,3.0,"2024,2025,2026",False,2,Low
2025-04-15,Standard Queen,True,2024-01-01,config,False,347.2057142857143,6.0,4.0,347.2057142857143,04-15,222.28190476190477,3.0,"2024,2025,2026",False,2,Low
2025-04-16,Standard Queen,True,2024-01-01,config,False,298.0357142857143,5.0,3.0,298.0357142857143,04-16,292.44357142857143,3.0,"2024,2025,2026",False,2,Low
2025-04-17,Standard Queen,True,2024-01-01,config,False,246.8357142857143,4.0,1.0,246.8357142857143,04-17,451.44523809523815,3.0,"2024,2025,2026",False,3,Shoulder
2025-04-18,Standard Queen,True,2024-01-01,config,False,339.9607142857143,5.0,3.0,339.9607142857143,04-18,457.4952380952381,3.0,"2024,2025,2026",False,3,Shoulder
2025-04-19,Standard Queen,True,2024-01-01,config,False,283.3,4.0,1.0,283.3,04-19,303.98833333333334,3.0,"2024,2025,2026",False,3,Shoulder
2025-04-20,Standard Queen,True,2024-01-01,config,False,174.3,3.0,2.0,174.3,04-20,377.60833333333335,3.0,"2024,2025,2026",False,3,Shoulder
2025-04-21,Standard Queen,True,2024-01-01,config,False,192.0,3.0,3.0,192.0,04-21,273.99333333333334,3.0,"2024,2025,2026",False,3,Shoulder
2025-04-22,Standard Queen,True,2024-01-01,config,False,405.6,5.0,5.0,405.6,04-22,348.14714285714285,3.0,"2024,2025,2026",False,3,Shoulder
2025-04-23,Standard Queen,True,2024-01-01,config,False,299.18,4.0,2.0,299.18,04-23,320.8938095238095,3.0,"2024,2025,2026",False,3,Shoulder
2025-04-24,Standard Queen,True,2024-01-01,config,False,223.9,4.0,3.0,223.9,04-24,335.31380952380954,3.0,"2024,2025,2026",False,3,Shoulder
2025-04-25,Standard Queen,True,2024-01-01,config,False,369.78499999999997,6.0,4.0,369.78499999999997,04-25,478.15880952380957,3.0,"2024,2025,2026",False,3,Shoulder
2025-04-26,Standard Queen,True,2024-01-01,config,False,486.965,7.0,4.0,486.965,04-26,428.50214285714287,3.0,"2024,2025,2026",False,3,Shoulder
2025-04-27,Standard Queen,True,2024-01-01,config,False,367.6333333333333,5.0,4.0,367.6333333333333,04-27,380.618253968254,3.0,"2024,2025,2026",False,3,Shoulder
2025-04-28,Standard Queen,True,2024-01-01,config,False,386.73333333333335,6.0,5.0,386.73333333333335,04-28,400.4215873015873,3.0,"2024,2025,2026",False,3,Shoulder
2025-04-29,Standard Queen,True,2024-01-01,config,False,332.43333333333334,5.0,2.0,332.43333333333334,04-29,359.9115873015873,3.0,"2024,2025,2026",False,3,Shoulder
2025-04-30,Standard Queen,True,2024-01-01,config,False,306.5,6.0,5.0,306.5,04-30,475.63380952380953,3.0,"2024,2025,2026",False,3,Shoulder
2025-05-01,Standard Queen,True,2024-01-01,config,False,605.24,6.0,6.0,605.24,05-01,655.4621428571428,3.0,"2024,2025,2026",False,3,Shoulder
2025-05-02,Standard Queen,True,2024-01-01,config,False,657.52,6.0,4.0,657.52,05-02,681.2188095238095,3.0,"2024,2025,2026",False,3,Shoulder
2025-05-03,Standard Queen,True,2024-01-01,config,False,789.05,7.0,4.0,789.05,05-03,593.0904761904761,3.0,"2024,2025,2026",False,3,Shoulder
2025-05-04,Standard Queen,True,2024-01-01,config,False,506.6,6.0,6.0,506.6,05-04,590.9426984126984,3.0,"2024,2025,2026",False,3,Shoulder
2025-05-05,Standard Queen,True,2024-01-01,config,False,406.0,5.0,3.0,406.0,05-05,363.8693650793651,3.0,"2024,2025,2026",False,3,Shoulder
2025-05-06,Standard Queen,True,2024-01-01,config,False,224.0,3.0,2.0,224.0,05-06,341.5826984126984,3.0,"2024,2025,2026",False,3,Shoulder
2025-05-07,Standard Queen,True,2024-01-01,config,False,379.6,5.0,3.0,379.6,05-07,522.9738095238096,3.0,"2024,2025,2026",False,3,Shoulder
2025-05-08,Standard Queen,True,2024-01-01,config,False,300.9,4.0,3.0,300.9,05-08,494.0138095238096,3.0,"2024,2025,2026",False,3,Shoulder
2025-05-09,Standard Queen,True,2024-01-01,config,False,978.7,8.0,8.0,978.7,05-09,872.9920317460318,3.0,"2024,2025,2026",False,3,Shoulder
2025-05-10,Standard Queen,True,2024-01-01,config,False,574.85,4.0,3.0,574.85,05-10,772.3220317460318,3.0,"2024,2025,2026",False,3,Shoulder
2025-05-11,Standard Queen,True,2024-01-01,config,False,741.3666666666667,8.0,7.0,741.3666666666667,05-11,768.2475873015874,3.0,"2024,2025,2026",False,3,Shoulder
2025-05-12,Standard Queen,True,2024-01-01,config,False,728.4266666666666,8.0,4.0,728.4266666666666,05-12,625.7220317460318,3.0,"2024,2025,2026",False,3,Shoulder
2025-05-13,Standard Queen,True,2024-01-01,config,False,722.0,8.0,4.0,722.0,05-13,451.5226666666667,3.0,"2024,2025,2026",False,3,Shoulder
2025-05-14,Standard Queen,True,2024-01-01,config,False,669.1333333333333,8.0,4.0,669.1333333333333,05-14,516.3344444444444,3.0,"2024,2025,2026",False,3,Shoulder
2025-05-15,Standard Queen,True,2024-01-01,config,False,750.8333333333333,8.0,6.0,750.8333333333333,05-15,697.986111111111,3.0,"2024,2025,2026",False,3,Shoulder
2025-05-16,Standard Queen,True,2024-01-01,config,False,894.3199999999999,8.0,7.0,894.3199999999999,05-16,697.8538888888888,3.0,"2024,2025,2026",False,3,Shoulder
2025-05-17,Standard Queen,True,2024-01-01,config,False,829.62,8.0,5.0,829.62,05-17,657.9288888888889,3.0,"2024,2025,2026",False,4,High
2025-05-18,Standard Queen,True,2024-01-01,config,False,493.7,5.0,5.0,493.7,05-18,675.9622222222222,3.0,"2024,2025,2026",False,4,High
2025-05-19,Standard Queen,True,2024-01-01,config,False,609.145,7.0,7.0,609.145,05-19,499.8532222222222,3.0,"2024,2025,2026",False,4,High
2025-05-20,Standard Queen,True,2024-01-01,config,False,775.8083333333334,8.0,7.0,775.8083333333334,05-20,569.2921111111111,3.0,"2024,2025,2026",False,4,High
2025-05-21,Standard Queen,True,2024-01-01,config,False,800.8333333333334,8.0,6.0,800.8333333333334,05-21,793.2271111111112,3.0,"2024,2025,2026",False,4,High
2025-05-22,Standard Queen,True,2024-01-01,config,False,870.7333333333333,8.0,6.0,870.7333333333333,05-22,1071.1115555555555,3.0,"2024,2025,2026",False,4,High
2025-05-23,Standard Queen,True,2024-01-01,config,False,1552.94,8.0,7.0,1552.94,05-23,1264.9976666666666,3.0,"2024,2025,2026",False,4,High
2025-05-24,Standard Queen,True,2024-01-01,config,False,1422.76,8.0,7.0,1422.76,05-24,1289.9416666666666,3.0,"2024,2025,2026",False,4,High
2025-05-25,Standard Queen,True,2024-01-01,config,False,1248.6100000000001,8.0,3.0,1248.6100000000001,05-25,1104.7733333333333,3.0,"2024,2025,2026",False,4,High
2025-05-26,Standard Queen,True,2024-01-01,config,False,694.37,7.0,7.0,694.37,05-26,929.9333333333334,3.0,"2024,2025,2026",False,5,Peak
2025-05-27,Standard Queen,True,2024-01-01,config,False,818.03,8.0,7.0,818.03,05-27,725.0533333333333,3.0,"2024,2025,2026",False,5,Peak
2025-05-28,Standard Queen,True,2024-01-01,config,False,816.0766666666667,8.0,8.0,816.0766666666667,05-28,753.5177777777777,3.0,"2024,2025,2026",False,5,Peak
2025-05-29,Standard Queen,True,2024-01-01,config,False,888.8333333333334,8.0,6.0,888.8333333333334,05-29,779.1144444444444,3.0,"2024,2025,2026",False,5,Peak
2025-05-30,Standard Queen,True,2024-01-01,config,False,1035.4333333333334,8.0,6.0,1035.4333333333334,05-30,996.9777777777778,3.0,"2024,2025,2026",False,5,Peak
2025-05-31,Standard Queen,True,2024-01-01,config,False,1048.0166666666667,8.0,5.0,1048.0166666666667,05-31,888.9733333333334,3.0,"2024,2025,2026",False,5,Peak
2025-06-01,Standard Queen,True,2024-01-01,config,False,545.1,4.0,2.0,545.1,06-01,855.2800000000001,3.0,"2024,2025,2026",False,5,Peak
2025-06-02,Standard Queen,True,2024-01-01,config,False,857.55,7.0,6.0,857.55,06-02,883.8533333333334,3.0,"2024,2025,2026",False,5,Peak
2025-06-03,Standard Queen,True,2024-01-01,config,False,1057.0,9.0,8.0,1057.0,06-03,1008.7133333333335,3.0,"2024,2025,2026",False,5,Peak
2025-06-04,Standard Queen,True,2024-01-01,config,False,1038.195,9.0,7.0,1038.195,06-04,798.6730000000001,3.0,"2024,2025,2026",False,5,Peak
2025-06-05,Standard Queen,True,2024-01-01,config,False,1197.925,8.0,5.0,1197.925,06-05,1097.6763333333333,3.0,"2024,2025,2026",False,5,Peak
2025-06-06,Standard Queen,True,2024-01-01,config,False,1042.1,6.0,4.0,1042.1,06-06,888.8168888888889,3.0,"2024,2025,2026",False,5,Peak
2025-06-07,Standard Queen,True,2024-01-01,config,False,1188.99,8.0,6.0,1188.99,06-07,1113.6213333333333,3.0,"2024,2025,2026",False,5,Peak
2025-06-08,Standard Queen,True,2024-01-01,config,False,886.15,6.0,4.0,886.15,06-08,1049.9496666666666,3.0,"2024,2025,2026",False,5,Peak
2025-06-09,Standard Queen,True,2024-01-01,config,False,1016.5649999999999,7.0,5.0,1016.5649999999999,06-09,924.1344444444444,3.0,"2024,2025,2026",False,5,Peak
2025-06-10,Standard Queen,True,2024-01-01,config,False,1149.715,8.0,2.0,1149.715,06-10,1056.03,3.0,"2024,2025,2026",False,5,Peak
2025-06-11,Standard Queen,True,2024-01-01,config,False,1025.5108333333333,7.0,6.0,1025.5108333333333,06-11,1188.74648989899,3.0,"2024,2025,2026",False,5,Peak
2025-06-12,Standard Queen,True,2024-01-01,config,False,1250.8458333333333,8.0,5.0,1250.8458333333333,06-12,1174.4181565656565,3.0,"2024,2025,2026",False,5,Peak
2025-06-13,Standard Queen,True,2024-01-01,config,False,1290.8125,8.0,2.0,1290.8125,06-13,1181.3666666666666,3.0,"2024,2025,2026",False,5,Peak
2025-06-14,Standard Queen,True,2024-01-01,config,False,1290.7491666666667,8.0,1.0,1290.7491666666667,06-14,1085.7138888888887,3.0,"2024,2025,2026",False,5,Peak
2025-06-15,Standard Queen,True,2024-01-01,config,False,1264.0716666666667,8.0,3.0,1264.0716666666667,06-15,1194.5147222222222,3.0,"2024,2025,2026",False,5,Peak
2025-06-16,Standard Queen,True,2024-01-01,config,False,999.07,8.0,7.0,999.07,06-16,1121.3558333333333,3.0,"2024,2025,2026",False,5,Peak
2025-06-17,Standard Queen,True,2024-01-01,config,False,946.9300000000001,7.0,3.0,946.9300000000001,06-17,1093.2416666666666,3.0,"2024,2025,2026",False,5,Peak
2025-06-18,Standard Queen,True,2024-01-01,config,False,1174.9650000000001,8.0,3.0,1174.9650000000001,06-18,1067.775,3.0,"2024,2025,2026",False,5,Peak
2025-06-19,Standard Queen,True,2024-01-01,config,False,1344.655,8.0,4.0,1344.655,06-19,1129.8672222222222,3.0,"2024,2025,2026",False,5,Peak
2025-06-20,Standard Queen,True,2024-01-01,config,False,1401.9833333333333,8.0,7.0,1401.9833333333333,06-20,1384.9705555555556,3.0,"2024,2025,2026",False,5,Peak
2025-06-21,Standard Queen,True,2024-01-01,config,False,1386.8533333333335,8.0,4.0,1386.8533333333335,06-21,1090.6005555555555,3.0,"2024,2025,2026",False,5,Peak
2025-06-22,Standard Queen,True,2024-01-01,config,False,1236.3033333333333,8.0,3.0,1236.3033333333333,06-22,1210.376111111111,3.0,"2024,2025,2026",False,5,Peak
2025-06-23,Standard Queen,True,2024-01-01,config,False,1291.22,9.0,8.0,1291.22,06-23,1200.0133333333333,3.0,"2024,2025,2026",False,5,Peak
2025-06-24,Standard Queen,True,2024-01-01,config,False,991.32,8.0,3.0,991.32,06-24,1126.0216666666668,3.0,"2024,2025,2026",False,5,Peak
2025-06-25,Standard Queen,True,2024-01-01,config,False,1186.1200000000001,8.0,6.0,1186.1200000000001,06-25,1234.1433333333334,3.0,"2024,2025,2026",False,5,Peak
2025-06-26,Standard Queen,True,2024-01-01,config,False,1263.92,8.0,6.0,1263.92,06-26,1130.113888888889,3.0,"2024,2025,2026",False,5,Peak
2025-06-27,Standard Queen,True,2024-01-01,config,False,1149.42,7.0,2.0,1149.42,06-27,1207.8225555555555,3.0,"2024,2025,2026",False,5,Peak
2025-06-28,Standard Queen,True,2024-01-01,config,False,1296.075,8.0,6.0,1296.075,06-28,1126.3484814814815,3.0,"2024,2025,2026",False,5,Peak
2025-06-29,Standard Queen,True,2024-01-01,config,False,1046.745,7.0,3.0,1046.745,06-29,1082.4395925925926,3.0,"2024,2025,2026",False,5,Peak
2025-06-30,Standard Queen,True,2024-01-01,config,False,1130.47,8.0,6.0,1130.47,06-30,873.4184814814815,3.0,"2024,2025,2026",False,5,Peak
2025-07-01,Standard Queen,True,2024-01-01,config,False,894.0500000000001,6.0,5.0,894.0500000000001,07-01,858.6918148148148,3.0,"2024,2025,2026",False,5,Peak
2025-07-02,Standard Queen,True,2024-01-01,config,False,1182.75,8.0,8.0,1182.75,07-02,1040.4114814814814,3.0,"2024,2025,2026",False,5,Peak
2025-07-03,Standard Queen,True,2024-01-01,config,False,1312.4,8.0,5.0,1312.4,07-03,1330.8631481481482,3.0,"2024,2025,2026",False,5,Peak
2025-07-04,Standard Queen,True,2024-01-01,config,False,1574.9,8.0,5.0,1574.9,07-04,1389.8998148148148,3.0,"2024,2025,2026",False,5,Peak
2025-07-05,Standard Queen,True,2024-01-01,config,False,1519.05,8.0,4.0,1519.05,07-05,1271.0114814814815,3.0,"2024,2025,2026",False,5,Peak
2025-07-06,Standard Queen,True,2024-01-01,config,False,664.9333333333333,4.0,3.0,664.9333333333333,07-06,1012.085925925926,3.0,"2024,2025,2026",False,5,Peak
2025-07-07,Standard Queen,True,2024-01-01,config,False,1103.5513333333333,8.0,6.0,1103.5513333333333,07-07,1144.4645714285714,3.0,"2024,2025,2026",False,5,Peak
2025-07-08,Standard Queen,True,2024-01-01,config,False,1268.6013333333333,9.0,3.0,1268.6013333333333,07-08,1182.1845714285714,3.0,"2024,2025,2026",False,5,Peak
2025-07-09,Standard Queen,True,2024-01-01,config,False,1131.2713333333334,8.0,6.0,1131.2713333333334,07-09,1136.460126984127,3.0,"2024,2025,2026",False,5,Peak
2025-07-10,Standard Queen,True,2024-01-01,config,False,1247.8588333333335,8.0,6.0,1247.8588333333335,07-10,1279.0348492063492,3.0,"2024,2025,2026",False,5,Peak
2025-07-11,Standard Queen,True,2024-01-01,config,False,1370.1088333333335,8.0,4.0,1370.1088333333335,07-11,1239.710126984127,3.0,"2024,2025,2026",False,5,Peak
2025-07-12,Standard Queen,True,2024-01-01,config,False,1250.4425,8.0,5.0,1250.4425,07-12,1208.3535714285715,3.0,"2024,2025,2026",False,5,Peak
2025-07-13,Standard Queen,True,2024-01-01,config,False,1125.9025,8.0,4.0,1125.9025,07-13,1237.5663492063493,3.0,"2024,2025,2026",False,5,Peak
2025-07-14,Standard Queen,True,2024-01-01,config,False,1100.465,7.0,5.0,1100.465,07-14,1125.8252777777777,3.0,"2024,2025,2026",False,5,Peak
2025-07-15,Standard Queen,True,2024-01-01,config,False,1152.355,7.0,4.0,1152.355,07-15,1276.3994444444445,3.0,"2024,2025,2026",False,5,Peak
2025-07-16,Standard Queen,True,2024-01-01,config,False,1069.55,6.0,3.0,1069.55,07-16,1245.085,3.0,"2024,2025,2026",False,5,Peak
2025-07-17,Standard Queen,True,2024-01-01,config,False,1128.15,6.0,4.0,1128.15,07-17,1195.776111111111,3.0,"2024,2025,2026",False,5,Peak
2025-07-18,Standard Queen,True,2024-01-01,config,False,1296.6716666666666,7.0,5.0,1296.6716666666666,07-18,1273.9966666666667,3.0,"2024,2025,2026",False,5,Peak
2025-07-19,Standard Queen,True,2024-01-01,config,False,1177.4716666666666,7.0,3.0,1177.4716666666666,07-19,1213.7383333333335,3.0,"2024,2025,2026",False,5,Peak
2025-07-20,Standard Queen,True,2024-01-01,config,False,879.8633333333332,6.0,3.0,879.8633333333332,07-20,1053.506111111111,3.0,"2024,2025,2026",False,5,Peak
2025-07-21,Standard Queen,True,2024-01-01,config,False,1098.1833333333334,7.0,6.0,1098.1833333333334,07-21,1009.4822222222223,3.0,"2024,2025,2026",False,5,Peak
2025-07-22,Standard Queen,True,2024-01-01,config,False,1135.9583333333333,7.0,5.0,1135.9583333333333,07-22,859.8638888888889,3.0,"2024,2025,2026",False,5,Peak
2025-07-23,Standard Queen,True,2024-01-01,config,False,1259.0716666666667,7.0,4.0,1259.0716666666667,07-23,987.0961111111111,3.0,"2024,2025,2026",False,5,Peak
2025-07-24,Standard Queen,True,2024-01-01,config,False,1201.465,7.0,4.0,1201.465,07-24,967.9383333333334,3.0,"2024,2025,2026",False,5,Peak
2025-07-25,Standard Queen,True,2024-01-01,config,False,1366.33,7.0,5.0,1366.33,07-25,1096.39,3.0,"2024,2025,2026",False,5,Peak
2025-07-26,Standard Queen,True,2024-01-01,config,False,1377.805,7.0,3.0,1377.805,07-26,873.823888888889,3.0,"2024,2025,2026",False,5,Peak
2025-07-27,Standard Queen,True,2024-01-01,config,False,1297.3,7.0,5.0,1297.3,07-27,921.8166666666666,3.0,"2024,2025,2026",False,5,Peak
2025-07-28,Standard Queen,True,2024-01-01,config,False,1198.625,7.0,4.0,1198.625,07-28,796.6416666666668,3.0,"2024,2025,2026",False,5,Peak
2025-07-29,Standard Queen,True,2024-01-01,config,False,1234.87,7.0,5.0,1234.87,07-29,852.6783333333333,3.0,"2024,2025,2026",False,5,Peak
2025-07-30,Standard Queen,True,2024-01-01,config,False,1394.595,8.0,6.0,1394.595,07-30,835.5566666666667,3.0,"2024,2025,2026",False,5,Peak
2025-07-31,Standard Queen,True,2024-01-01,config,False,1405.2,8.0,6.0,1405.2,07-31,768.5333333333333,3.0,"2024,2025,2026",False,5,Peak
2025-08-01,Standard Queen,True,2024-01-01,config,False,1451.95,8.0,5.0,1451.95,08-01,664.4,3.0,"2024,2025,2026",False,5,Peak
2025-08-02,Standard Queen,True,2024-01-01,config,False,1441.1100000000001,8.0,6.0,1441.1100000000001,08-02,793.29,3.0,"2024,2025,2026",False,5,Peak
2025-08-03,Standard Queen,True,2024-01-01,config,False,1102.02,8.0,6.0,1102.02,08-03,814.48,3.0,"2024,2025,2026",False,5,Peak
2025-08-04,Standard Queen,True,2024-01-01,config,False,949.3,6.0,4.0,949.3,08-04,708.7577777777778,3.0,"2024,2025,2026",False,5,Peak
2025-08-05,Standard Queen,True,2024-01-01,config,False,860.1500000000001,6.0,6.0,860.1500000000001,08-05,569.4077777777778,3.0,"2024,2025,2026",False,4,High
2025-08-06,Standard Queen,True,2024-01-01,config,False,1158.685,7.0,6.0,1158.685,08-06,796.8227777777778,3.0,"2024,2025,2026",False,4,High
2025-08-07,Standard Queen,True,2024-01-01,config,False,1425.355,8.0,5.0,1425.355,08-07,813.7294444444445,3.0,"2024,2025,2026",False,4,High
2025-08-08,Standard Queen,True,2024-01-01,config,False,1309.0916666666667,9.0,4.0,1309.0916666666667,08-08,854.5416666666666,3.0,"2024,2025,2026",False,4,High
2025-08-09,Standard Queen,True,2024-01-01,config,False,1341.7316666666666,11.0,6.0,1341.7316666666666,08-09,881.4200000000001,3.0,"2024,2025,2026",False,4,High
2025-08-10,Standard Queen,True,2024-01-01,config,False,1207.3566666666666,11.0,4.0,1207.3566666666666,08-10,685.5505555555555,3.0,"2024,2025,2026",False,4,High
2025-08-11,Standard Queen,True,2024-01-01,config,False,1185.49,9.0,7.0,1185.49,08-11,708.0333333333333,3.0,"2024,2025,2026",False,4,High
2025-08-12,Standard Queen,True,2024-01-01,config,False,1238.35,8.0,6.0,1238.35,08-12,698.2833333333333,3.0,"2024,2025,2026",False,4,High
2025-08-13,Standard Queen,True,2024-01-01,config,False,997.35,7.0,5.0,997.35,08-13,666.666111111111,3.0,"2024,2025,2026",False,4,High
2025-08-14,Standard Queen,True,2024-01-01,config,False,1038.575,7.0,5.0,1038.575,08-14,737.0111111111111,3.0,"2024,2025,2026",False,4,High
2025-08-15,Standard Queen,True,2024-01-01,config,False,1502.175,8.0,5.0,1502.175,08-15,874.0044444444444,3.0,"2024,2025,2026",False,4,High
2025-08-16,Standard Queen,True,2024-01-01,config,False,1475.215,8.0,5.0,1475.215,08-16,867.2800000000001,3.0,"2024,2025,2026",False,4,High
2025-08-17,Standard Queen,True,2024-01-01,config,False,1171.9850000000001,8.0,7.0,1171.9850000000001,08-17,760.6533333333333,3.0,"2024,2025,2026",False,4,High
2025-08-18,Standard Queen,True,2024-01-01,config,False,1130.35,8.0,7.0,1130.35,08-18,767.5749999999999,3.0,"2024,2025,2026",False,4,High
2025-08-19,Standard Queen,True,2024-01-01,config,False,1096.7,7.0,3.0,1096.7,08-19,808.2705555555557,3.0,"2024,2025,2026",False,4,High
2025-08-20,Standard Queen,True,2024-01-01,config,False,1267.27,8.0,5.0,1267.27,08-20,763.7938888888889,3.0,"2024,2025,2026",False,4,High
2025-08-21,Standard Queen,True,2024-01-01,config,False,1237.295,7.0,4.0,1237.295,08-21,847.8758333333334,3.0,"2024,2025,2026",False,4,High
2025-08-22,Standard Queen,True,2024-01-01,config,False,1627.635,8.0,4.0,1627.635,08-22,976.0602777777777,3.0,"2024,2025,2026",False,4,High
2025-08-23,Standard Queen,True,2024-01-01,config,False,1917.175,8.0,5.0,1917.175,08-23,1063.1994444444445,3.0,"2024,2025,2026",False,4,High
2025-08-24,Standard Queen,True,2024-01-01,config,False,742.385,5.0,4.0,742.385,08-24,712.275,3.0,"2024,2025,2026",False,4,High
2025-08-25,Standard Queen,True,2024-01-01,config,False,759.35,6.0,6.0,759.35,08-25,608.9666666666667,3.0,"2024,2025,2026",False,4,High
2025-08-26,Standard Queen,True,2024-01-01,config,False,1066.6,8.0,8.0,1066.6,08-26,632.0333333333333,3.0,"2024,2025,2026",False,5,Peak
2025-08-27,Standard Queen,True,2024-01-01,config,False,856.65,6.0,5.0,856.65,08-27,575.42,3.0,"2024,2025,2026",False,4,High
2025-08-28,Standard Queen,True,2024-01-01,config,False,1526.3333333333333,8.0,7.0,1526.3333333333333,08-28,878.6311111111112,3.0,"2024,2025,2026",False,4,High
2025-08-29,Standard Queen,True,2024-01-01,config,False,2367.1833333333334,8.0,6.0,2367.1833333333334,08-29,1090.3777777777777,3.0,"2024,2025,2026",False,4,High
2025-08-30,Standard Queen,True,2024-01-01,config,False,2080.6,8.0,3.0,2080.6,08-30,1158.6,3.0,"2024,2025,2026",False,4,High
2025-08-31,Standard Queen,True,2024-01-01,config,False,1811.0166666666667,8.0,2.0,1811.0166666666667,08-31,1128.1222222222223,3.0,"2024,2025,2026",False,4,High
2025-09-01,Standard Queen,True,2024-01-01,config,False,1241.6333333333334,8.0,6.0,1241.6333333333334,09-01,802.0133333333333,3.0,"2024,2025,2026",False,4,High
2025-09-02,Standard Queen,True,2024-01-01,config,False,1143.75,8.0,6.0,1143.75,09-02,709.2388888888889,3.0,"2024,2025,2026",False,4,High
2025-09-03,Standard Queen,True,2024-01-01,config,False,1122.27,8.0,3.0,1122.27,09-03,829.3677777777776,3.0,"2024,2025,2026",False,4,High
2025-09-04,Standard Queen,True,2024-01-01,config,False,1216.1333333333332,8.0,7.0,1216.1333333333332,09-04,977.3483333333334,3.0,"2024,2025,2026",False,5,Peak
2025-09-05,Standard Queen,True,2024-01-01,config,False,1055.3083333333334,6.0,5.0,1055.3083333333334,09-05,828.6622222222222,3.0,"2024,2025,2026",False,5,Peak
2025-09-06,Standard Queen,True,2024-01-01,config,False,1235.6,8.0,7.0,1235.6,09-06,844.8388888888888,3.0,"2024,2025,2026",False,5,Peak
2025-09-07,Standard Queen,True,2024-01-01,config,False,1283.79,8.0,5.0,1283.79,09-07,803.3688888888888,3.0,"2024,2025,2026",False,4,High
2025-09-08,Standard Queen,True,2024-01-01,config,False,1205.0416666666667,8.0,7.0,1205.0416666666667,09-08,764.3138888888889,3.0,"2024,2025,2026",False,4,High
2025-09-09,Standard Queen,True,2024-01-01,config,False,1242.2483333333332,8.0,5.0,1242.2483333333332,09-09,718.916111111111,3.0,"2024,2025,2026",False,4,High
2025-09-10,Standard Queen,True,2024-01-01,config,False,1470.2733333333333,8.0,5.0,1470.2733333333333,09-10,901.8411111111112,3.0,"2024,2025,2026",False,4,High
2025-09-11,Standard Queen,True,2024-01-01,config,False,1603.8666666666666,8.0,6.0,1603.8666666666666,09-11,1001.2588888888889,3.0,"2024,2025,2026",False,4,High
2025-09-12,Standard Queen,True,2024-01-01,config,False,1484.2483333333334,8.0,6.0,1484.2483333333334,09-12,1616.8027777777777,3.0,"2024,2025,2026",False,4,High
2025-09-13,Standard Queen,True,2024-01-01,config,False,1499.8583333333333,8.0,5.0,1499.8583333333333,09-13,883.8394444444444,3.0,"2024,2025,2026",False,4,High
2025-09-14,Standard Queen,True,2024-01-01,config,False,1365.8833333333332,8.0,7.0,1365.8833333333332,09-14,852.8811111111112,3.0,"2024,2025,2026",False,5,Peak
2025-09-15,Standard Queen,True,2024-01-01,config,False,1216.7,7.0,6.0,1216.7,09-15,766.5866666666667,3.0,"2024,2025,2026",False,5,Peak
2025-09-16,Standard Queen,True,2024-01-01,config,False,1363.47,8.0,7.0,1363.47,09-16,747.4566666666666,3.0,"2024,2025,2026",False,4,High
2025-09-17,Standard Queen,True,2024-01-01,config,False,1425.91,8.0,7.0,1425.91,09-17,818.6366666666667,3.0,"2024,2025,2026",False,5,Peak
2025-09-18,Standard Queen,True,2024-01-01,config,False,1585.9099999999999,8.0,5.0,1585.9099999999999,09-18,930.3566666666666,3.0,"2024,2025,2026",False,5,Peak
2025-09-19,Standard Queen,True,2024-01-01,config,False,1481.73,7.0,6.0,1481.73,09-19,1762.4577777777777,3.0,"2024,2025,2026",False,5,Peak
2025-09-20,Standard Queen,True,2024-01-01,config,False,1559.53,8.0,2.0,1559.53,09-20,981.8877777777778,3.0,"2024,2025,2026",False,4,High
2025-09-21,Standard Queen,True,2024-01-01,config,False,1260.83,7.0,6.0,1260.83,09-21,885.3044444444444,3.0,"2024,2025,2026",False,4,High
2025-09-22,Standard Queen,True,2024-01-01,config,False,1136.88,7.0,5.0,1136.88,09-22,613.1766666666667,3.0,"2024,2025,2026",False,5,Peak
2025-09-23,Standard Queen,True,2024-01-01,config,False,1195.1383333333333,8.0,7.0,1195.1383333333333,09-23,734.0794444444444,3.0,"2024,2025,2026",False,4,High
2025-09-24,Standard Queen,True,2024-01-01,config,False,1173.0683333333334,8.0,5.0,1173.0683333333334,09-24,771.9227777777778,3.0,"2024,2025,2026",False,4,High
2025-09-25,Standard Queen,True,2024-01-01,config,False,1413.9483333333333,8.0,6.0,1413.9483333333333,09-25,924.9827777777778,3.0,"2024,2025,2026",False,4,High
2025-09-26,Standard Queen,True,2024-01-01,config,False,1457.7983333333334,8.0,7.0,1457.7983333333334,09-26,878.5327777777778,3.0,"2024,2025,2026",False,4,High
2025-09-27,Standard Queen,True,2024-01-01,config,False,1351.4983333333334,8.0,6.0,1351.4983333333334,09-27,877.7994444444445,3.0,"2024,2025,2026",False,4,High
2025-09-28,Standard Queen,True,2024-01-01,config,False,1125.8383333333334,7.0,6.0,1125.8383333333334,09-28,788.7127777777778,3.0,"2024,2025,2026",False,4,High
2025-09-29,Standard Queen,True,2024-01-01,config,False,1135.69,8.0,8.0,1135.69,09-29,656.6466666666666,3.0,"2024,2025,2026",False,4,High
2025-09-30,Standard Queen,True,2024-01-01,config,False,1240.205,8.0,8.0,1240.205,09-30,821.8294444444444,3.0,"2024,2025,2026",False,4,High
2025-10-01,Standard Queen,True,2024-01-01,config,False,765.435,5.0,3.0,765.435,10-01,623.4727777777778,3.0,"2024,2025,2026",False,4,High
2025-10-02,Standard Queen,True,2024-01-01,config,False,1281.69,7.0,6.0,1281.69,10-02,759.5300000000001,3.0,"2024,2025,2026",False,4,High
2025-10-03,Standard Queen,True,2024-01-01,config,False,1558.07,8.0,5.0,1558.07,10-03,876.2122222222221,3.0,"2024,2025,2026",False,4,High
2025-10-04,Standard Queen,True,2024-01-01,config,False,1587.82,8.0,4.0,1587.82,10-04,855.9733333333334,3.0,"2024,2025,2026",False,4,High
2025-10-05,Standard Queen,True,2024-01-01,config,False,1052.48,7.0,7.0,1052.48,10-05,670.7211111111111,3.0,"2024,2025,2026",False,4,High
2025-10-06,Standard Queen,True,2024-01-01,config,False,1335.925,8.0,8.0,1335.925,10-06,707.6527777777778,3.0,"2024,2025,2026",False,4,High
2025-10-07,Standard Queen,True,2024-01-01,config,False,1321.6683333333333,8.0,5.0,1321.6683333333333,10-07,801.2688095238095,3.0,"2024,2025,2026",False,4,High
2025-10-08,Standard Queen,True,2024-01-01,config,False,1238.6333333333332,7.0,6.0,1238.6333333333332,10-08,749.8404761904761,3.0,"2024,2025,2026",False,4,High
2025-10-09,Standard Queen,True,2024-01-01,config,False,1295.8633333333332,8.0,4.0,1295.8633333333332,10-09,1046.6171428571427,3.0,"2024,2025,2026",False,4,High
2025-10-10,Standard Queen,True,2024-01-01,config,False,1249.74,7.0,6.0,1249.74,10-10,766.0204761904761,3.0,"2024,2025,2026",False,4,High
2025-10-11,Standard Queen,True,2024-01-01,config,False,1153.9,7.0,4.0,1153.9,10-11,764.9404761904761,3.0,"2024,2025,2026",False,3,Shoulder
2025-10-12,Standard Queen,True,2024-01-01,config,False,868.49,7.0,7.0,868.49,10-12,681.4371428571428,3.0,"2024,2025,2026",False,3,Shoulder
2025-10-13,Standard Queen,True,2024-01-01,config,False,586.44,5.0,3.0,586.44,10-13,528.3649206349206,3.0,"2024,2025,2026",False,3,Shoulder
2025-10-14,Standard Queen,True,2024-01-01,config,False,813.325,7.0,5.0,813.325,10-14,573.9265873015873,3.0,"2024,2025,2026",False,3,Shoulder
2025-10-15,Standard Queen,True,2024-01-01,config,False,840.635,7.0,2.0,840.635,10-15,575.2188095238095,3.0,"2024,2025,2026",False,3,Shoulder
2025-10-16,Standard Queen,True,2024-01-01,config,False,880.1,7.0,3.0,880.1,10-16,615.9293650793651,3.0,"2024,2025,2026",False,3,Shoulder
2025-10-17,Standard Queen,True,2024-01-01,config,False,988.81,7.0,7.0,988.81,10-17,644.7438095238095,3.0,"2024,2025,2026",False,3,Shoulder
2025-10-18,Standard Queen,True,2024-01-01,config,False,875.4300000000001,7.0,3.0,875.4300000000001,10-18,577.7949206349207,3.0,"2024,2025,2026",False,3,Shoulder
2025-10-19,Standard Queen,True,2024-01-01,config,False,603.375,6.0,5.0,603.375,10-19,488.57182539682543,3.0,"2024,2025,2026",False,3,Shoulder
2025-10-20,Standard Queen,True,2024-01-01,config,False,665.975,7.0,5.0,665.975,10-20,407.6607142857143,3.0,"2024,2025,2026",False,3,Shoulder
2025-10-21,Standard Queen,True,2024-01-01,config,False,310.5366666666667,3.0,2.0,310.5366666666667,10-21,310.524126984127,3.0,"2024,2025,2026",False,3,Shoulder
2025-10-22,Standard Queen,True,2024-01-01,config,False,503.93666666666667,5.0,3.0,503.93666666666667,10-22,308.49079365079365,3.0,"2024,2025,2026",False,3,Shoulder
2025-10-23,Standard Queen,True,2024-01-01,config,False,595.97,6.0,4.0,595.97,10-23,447.2296825396825,3.0,"2024,2025,2026",False,3,Shoulder
2025-10-24,Standard Queen,True,2024-01-01,config,False,767.6600000000001,7.0,4.0,767.6600000000001,10-24,468.5096825396825,3.0,"2024,2025,2026",False,3,Shoulder
2025-10-25,Standard Queen,True,2024-01-01,config,False,795.0300000000001,8.0,4.0,795.0300000000001,10-25,529.1330158730159,3.0,"2024,2025,2026",False,3,Shoulder
2025-10-26,Standard Queen,True,2024-01-01,config,False,308.81666666666666,4.0,2.0,308.81666666666666,10-26,214.35555555555553,3.0,"2024,2025,2026",False,2,Low
2025-10-27,Standard Queen,True,2024-01-01,config,False,548.75,8.0,7.0,548.75,10-27,246.33333333333334,3.0,"2024,2025,2026",False,2,Low
2025-10-28,Standard Queen,True,2024-01-01,config,False,536.59,8.0,4.0,536.59,10-28,340.28000000000003,3.0,"2024,2025,2026",False,2,Low
2025-10-29,Standard Queen,True,2024-01-01,config,False,627.425,8.0,6.0,627.425,10-29,309.14166666666665,3.0,"2024,2025,2026",False,2,Low
2025-10-30,Standard Queen,True,2024-01-01,config,False,588.4483333333334,8.0,5.0,588.4483333333334,10-30,331.14944444444444,3.0,"2024,2025,2026",False,2,Low
2025-10-31,Standard Queen,True,2024-01-01,config,False,560.5583333333333,8.0,5.0,560.5583333333333,10-31,244.3361111111111,3.0,"2024,2025,2026",False,2,Low
2025-11-01,Standard Queen,True,2024-01-01,config,False,594.5483333333333,8.0,5.0,594.5483333333333,11-01,252.18277777777777,3.0,"2024,2025,2026",False,1,Soft
2025-11-02,Standard Queen,True,2024-01-01,config,False,150.0,2.0,2.0,150.0,11-02,127.03333333333335,3.0,"2024,2025,2026",False,1,Soft
2025-11-03,Standard Queen,True,2024-01-01,config,False,304.75,4.0,4.0,304.75,11-03,128.25,3.0,"2024,2025,2026",False,1,Soft
2025-11-04,Standard Queen,True,2024-01-01,config,False,135.9,2.0,2.0,135.9,11-04,58.63333333333333,3.0,"2024,2025,2026",False,1,Soft
2025-11-05,Standard Queen,True,2024-01-01,config,False,402.02666666666664,6.0,6.0,402.02666666666664,11-05,147.3422222222222,3.0,"2024,2025,2026",False,1,Soft
2025-11-06,Standard Queen,True,2024-01-01,config,False,525.2266666666667,8.0,5.0,525.2266666666667,11-06,196.4088888888889,3.0,"2024,2025,2026",False,1,Soft
2025-11-07,Standard Queen,True,2024-01-01,config,False,593.3166666666666,8.0,5.0,593.3166666666666,11-07,219.10555555555553,3.0,"2024,2025,2026",False,1,Soft
2025-11-08,Standard Queen,True,2024-01-01,config,False,617.3166666666666,8.0,5.0,617.3166666666666,11-08,277.7722222222222,3.0,"2024,2025,2026",False,1,Soft
2025-11-09,Standard Queen,True,2024-01-01,config,False,598.0666666666666,8.0,3.0,598.0666666666666,11-09,274.68888888888887,3.0,"2024,2025,2026",False,1,Soft
2025-11-10,Standard Queen,True,2024-01-01,config,False,536.2666666666667,8.0,5.0,536.2666666666667,11-10,247.62222222222223,3.0,"2024,2025,2026",False,1,Soft
2025-11-11,Standard Queen,True,2024-01-01,config,False,497.5,7.0,4.0,497.5,11-11,189.83333333333334,3.0,"2024,2025,2026",False,1,Soft
2025-11-12,Standard Queen,True,2024-01-01,config,False,206.9,3.0,1.0,206.9,11-12,95.63333333333333,3.0,"2024,2025,2026",False,1,Soft
2025-11-13,Standard Queen,True,2024-01-01,config,False,221.85,3.0,2.0,221.85,11-13,96.61666666666667,3.0,"2024,2025,2026",False,1,Soft
2025-11-14,Standard Queen,True,2024-01-01,config,False,341.88,4.0,3.0,341.88,11-14,184.26,3.0,"2024,2025,2026",False,1,Soft
2025-11-15,Standard Queen,True,2024-01-01,config,False,137.38,2.0,1.0,137.38,11-15,96.46,3.0,"2024,2025,2026",False,1,Soft
2025-11-16,Standard Queen,True,2024-01-01,config,False,418.63,6.0,5.0,418.63,11-16,139.54333333333332,3.0,"2024,2025,2026",False,1,Soft
2025-11-17,Standard Queen,True,2024-01-01,config,False,589.48,8.0,4.0,589.48,11-17,196.49333333333334,3.0,"2024,2025,2026",False,1,Soft
2025-11-18,Standard Queen,True,2024-01-01,config,False,212.6,3.0,1.0,212.6,11-18,70.86666666666666,3.0,"2024,2025,2026",False,1,Soft
2025-11-19,Standard Queen,True,2024-01-01,config,False,64.6,1.0,0.0,64.6,11-19,21.53333333333333,3.0,"2024,2025,2026",False,1,Soft
2025-11-20,Standard Queen,True,2024-01-01,config,False,334.28,4.0,3.0,334.28,11-20,111.42666666666666,3.0,"2024,2025,2026",False,1,Soft
2025-11-21,Standard Queen,True,2024-01-01,config,False,705.8,7.0,6.0,705.8,11-21,235.26666666666665,3.0,"2024,2025,2026",False,1,Soft
2025-11-22,Standard Queen,True,2024-01-01,config,False,664.21,7.0,4.0,664.21,11-22,221.40333333333334,3.0,"2024,2025,2026",False,1,Soft
2025-11-23,Standard Queen,True,2024-01-01,config,False,401.06,5.0,3.0,401.06,11-23,190.22000000000003,3.0,"2024,2025,2026",False,1,Soft
2025-11-24,Standard Queen,True,2024-01-01,config,False,373.495,5.0,4.0,373.495,11-24,157.91738095238097,3.0,"2024,2025,2026",False,1,Soft
2025-11-25,Standard Queen,True,2024-01-01,config,False,339.075,5.0,3.0,339.075,11-25,213.11071428571427,3.0,"2024,2025,2026",False,1,Soft
2025-11-26,Standard Queen,True,2024-01-01,config,False,412.7,5.0,5.0,412.7,11-26,198.11904761904762,3.0,"2024,2025,2026",False,1,Soft
2025-11-27,Standard Queen,True,2024-01-01,config,False,408.7,5.0,1.0,408.7,11-27,153.11904761904762,3.0,"2024,2025,2026",False,1,Soft
2025-11-28,Standard Queen,True,2024-01-01,config,False,696.24,7.0,6.0,696.24,11-28,274.0768253968254,3.0,"2024,2025,2026",False,2,Low
2025-11-29,Standard Queen,True,2024-01-01,config,False,369.3,4.0,2.0,369.3,11-29,335.7634920634921,3.0,"2024,2025,2026",False,2,Low
2025-11-30,Standard Queen,True,2024-01-01,config,False,333.54857142857145,5.0,4.0,333.54857142857145,11-30,276.2463492063492,3.0,"2024,2025,2026",False,1,Soft
2025-12-01,Standard Queen,True,2024-01-01,config,False,104.30857142857144,2.0,1.0,104.30857142857144,12-01,69.94452380952382,3.0,"2024,2025,2026",False,1,Soft
2025-12-02,Standard Queen,True,2024-01-01,config,False,140.24857142857144,2.0,1.0,140.24857142857144,12-02,108.72195970695971,3.0,"2024,2025,2026",False,1,Soft
2025-12-03,Standard Queen,True,2024-01-01,config,False,418.37857142857143,6.0,4.0,418.37857142857143,12-03,181.4319597069597,3.0,"2024,2025,2026",False,1,Soft
2025-12-04,Standard Queen,True,2024-01-01,config,False,428.8719047619048,6.0,3.0,428.8719047619048,12-04,204.19640415140415,3.0,"2024,2025,2026",False,1,Soft
2025-12-05,Standard Queen,True,2024-01-01,config,False,631.9219047619048,8.0,4.0,631.9219047619048,12-05,259.1047374847375,3.0,"2024,2025,2026",False,1,Soft
2025-12-06,Standard Queen,True,2024-01-01,config,False,541.6719047619048,7.0,0.0,541.6719047619048,12-06,258.3547374847375,3.0,"2024,2025,2026",False,1,Soft
2025-12-07,Standard Queen,True,2024-01-01,config,False,0.0,0.0,0.0,0.0,12-07,77.7974358974359,3.0,"2024,2025,2026",False,1,Soft
2025-12-08,Standard Queen,True,2024-01-01,config,False,139.65,2.0,2.0,139.65,12-08,91.48076923076924,3.0,"2024,2025,2026",False,1,Soft
2025-12-09,Standard Queen,True,2024-01-01,config,False,139.65,2.0,0.0,139.65,12-09,91.48076923076924,3.0,"2024,2025,2026",False,1,Soft
2025-12-10,Standard Queen,True,2024-01-01,config,False,67.65,1.0,0.0,67.65,12-10,76.0974358974359,3.0,"2024,2025,2026",False,1,Soft
2025-12-11,Standard Queen,True,2024-01-01,config,False,188.45,2.0,1.0,188.45,12-11,131.53076923076924,3.0,"2024,2025,2026",False,1,Soft
2025-12-12,Standard Queen,True,2024-01-01,config,False,667.3725000000001,7.0,5.0,667.3725000000001,12-12,276.0049358974359,3.0,"2024,2025,2026",False,1,Soft
2025-12-13,Standard Queen,True,2024-01-01,config,False,619.6725,6.0,1.0,619.6725,12-13,260.1049358974359,3.0,"2024,2025,2026",False,1,Soft
2025-12-14,Standard Queen,True,2024-01-01,config,False,375.9975,4.0,0.0,375.9975,12-14,178.87993589743587,3.0,"2024,2025,2026",False,1,Soft
2025-12-15,Standard Queen,True,2024-01-01,config,False,406.7875,4.0,2.0,406.7875,12-15,189.14326923076922,3.0,"2024,2025,2026",False,2,Low
2025-12-16,Standard Queen,True,2024-01-01,config,False,201.0,2.0,1.0,201.0,12-16,93.79743589743589,3.0,"2024,2025,2026",False,2,Low
2025-12-17,Standard Queen,True,2024-01-01,config,False,346.0,4.0,2.0,346.0,12-17,142.13076923076923,3.0,"2024,2025,2026",False,2,Low
2025-12-18,Standard Queen,True,2024-01-01,config,False,472.85,5.0,2.0,472.85,12-18,211.08076923076922,3.0,"2024,2025,2026",False,2,Low
2025-12-19,Standard Queen,True,2024-01-01,config,False,734.55,6.0,4.0,734.55,12-19,303.9807692307692,3.0,"2024,2025,2026",False,2,Low
2025-12-20,Standard Queen,True,2024-01-01,config,False,848.35,8.0,6.0,848.35,12-20,332.58076923076925,3.0,"2024,2025,2026",False,2,Low
2025-12-21,Standard Queen,True,2024-01-01,config,False,284.625,3.0,2.0,284.625,12-21,144.6724358974359,3.0,"2024,2025,2026",False,2,Low
2025-12-22,Standard Queen,True,2024-01-01,config,False,567.325,7.0,6.0,567.325,12-22,215.90576923076924,3.0,"2024,2025,2026",False,3,Shoulder
2025-12-23,Standard Queen,True,2024-01-01,config,False,613.225,8.0,5.0,613.225,12-23,231.20576923076922,3.0,"2024,2025,2026",False,3,Shoulder
2025-12-24,Standard Queen,True,2024-01-01,config,False,560.725,8.0,4.0,560.725,12-24,213.70576923076922,3.0,"2024,2025,2026",False,3,Shoulder
2025-12-25,Standard Queen,True,2024-01-01,config,False,458.775,5.0,3.0,458.775,12-25,179.72243589743587,3.0,"2024,2025,2026",False,3,Shoulder
2025-12-26,Standard Queen,True,2024-01-01,config,False,518.2875,4.0,2.0,518.2875,12-26,199.5599358974359,3.0,"2024,2025,2026",False,3,Shoulder
2025-12-27,Standard Queen,True,2024-01-01,config,False,886.9241666666667,6.0,5.0,886.9241666666667,12-27,385.70549145299145,3.0,"2024,2025,2026",False,3,Shoulder
2025-12-28,Standard Queen,True,2024-01-01,config,False,1047.1866666666667,8.0,5.0,1047.1866666666667,12-28,448.7596581196581,3.0,"2024,2025,2026",False,3,Shoulder
2025-12-29,Standard Queen,True,2024-01-01,config,False,1005.3116666666667,8.0,6.0,1005.3116666666667,12-29,401.73465811965815,3.0,"2024,2025,2026",False,3,Shoulder
2025-12-30,Standard Queen,True,2024-01-01,config,False,824.5550000000001,6.0,4.0,824.5550000000001,12-30,341.4824358974359,3.0,"2024,2025,2026",False,3,Shoulder
2025-12-31,Standard Queen,True,2024-01-01,config,False,853.325,7.0,6.0,853.325,12-31,392.5724358974359,3.0,"2024,2025,2026",False,3,Shoulder
2026-01-01,Standard Queen,True,2024-01-01,config,False,870.8499999999999,8.0,6.0,870.8499999999999,01-01,336.2307692307692,3.0,"2024,2025,2026",False,3,Shoulder
2026-01-02,Standard Queen,True,2024-01-01,config,False,818.35,8.0,5.0,818.35,01-02,362.28076923076924,3.0,"2024,2025,2026",False,3,Shoulder
2026-01-03,Standard Queen,True,2024-01-01,config,False,751.25,8.0,4.0,751.25,01-03,348.4141025641026,3.0,"2024,2025,2026",False,3,Shoulder
2026-01-04,Standard Queen,True,2024-01-01,config,False,164.05,2.0,1.0,164.05,01-04,268.33076923076925,3.0,"2024,2025,2026",False,3,Shoulder
2026-01-05,Standard Queen,True,2024-01-01,config,False,233.75,3.0,2.0,233.75,01-05,214.84743589743593,3.0,"2024,2025,2026",False,3,Shoulder
2026-01-06,Standard Queen,True,2024-01-01,config,False,80.75,1.0,1.0,80.75,01-06,134.76410256410256,3.0,"2024,2025,2026",False,3,Shoulder
2026-01-07,Standard Queen,True,2024-01-01,config,False,369.05,5.0,4.0,369.05,01-07,198.5474358974359,3.0,"2024,2025,2026",False,2,Low
2026-01-08,Standard Queen,True,2024-01-01,config,False,578.75,8.0,6.0,578.75,01-08,261.48910256410255,3.0,"2024,2025,2026",False,2,Low
2026-01-09,Standard Queen,True,2024-01-01,config,False,427.04499999999996,6.0,4.0,427.04499999999996,01-09,210.92076923076922,3.0,"2024,2025,2026",False,2,Low
2026-01-10,Standard Queen,True,2024-01-01,config,False,449.805,6.0,2.0,449.805,01-10,195.81000000000003,3.0,"2024,2025,2026",False,2,Low
2026-01-11,Standard Queen,True,2024-01-01,config,False,366.04999999999995,6.0,5.0,366.04999999999995,01-11,212.125,3.0,"2024,2025,2026",False,2,Low
2026-01-12,Standard Queen,True,2024-01-01,config,False,130.45,3.0,1.0,130.45,01-12,174.39,3.0,"2024,2025,2026",False,2,Low
2026-01-13,Standard Queen,True,2024-01-01,config,False,197.6,4.0,2.0,197.6,01-13,112.53333333333335,3.0,"2024,2025,2026",False,2,Low
2026-01-14,Standard Queen,True,2024-01-01,config,False,264.34000000000003,4.0,2.0,264.34000000000003,01-14,110.78000000000002,3.0,"2024,2025,2026",False,2,Low
2026-01-15,Standard Queen,True,2024-01-01,config,False,524.9,7.0,6.0,524.9,01-15,222.29999999999998,3.0,"2024,2025,2026",False,2,Low
2026-01-16,Standard Queen,True,2024-01-01,config,False,327.98333333333335,5.0,2.0,327.98333333333335,01-16,196.99444444444444,3.0,"2024,2025,2026",False,2,Low
2026-01-17,Standard Queen,True,2024-01-01,config,False,561.6333333333333,8.0,5.0,561.6333333333333,01-17,276.81111111111113,3.0,"2024,2025,2026",False,2,Low
2026-01-18,Standard Queen,True,2024-01-01,config,False,545.3833333333333,8.0,6.0,545.3833333333333,01-18,295.56111111111113,3.0,"2024,2025,2026",False,2,Low
2026-01-19,Standard Queen,True,2024-01-01,config,False,482.21666666666664,7.0,6.0,482.21666666666664,01-19,242.35888888888886,3.0,"2024,2025,2026",False,2,Low
2026-01-20,Standard Queen,True,2024-01-01,config,False,196.26666666666665,3.0,1.0,196.26666666666665,01-20,128.8422222222222,3.0,"2024,2025,2026",False,2,Low
2026-01-21,Standard Queen,True,2024-01-01,config,False,415.96666666666664,6.0,4.0,415.96666666666664,01-21,181.9888888888889,3.0,"2024,2025,2026",False,1,Soft
2026-01-22,Standard Queen,True,2024-01-01,config,False,590.7916666666666,8.0,5.0,590.7916666666666,01-22,264.41388888888883,3.0,"2024,2025,2026",False,1,Soft
2026-01-23,Standard Queen,True,2024-01-01,config,False,495.59166666666664,7.0,2.0,495.59166666666664,01-23,233.54722222222222,3.0,"2024,2025,2026",False,1,Soft
2026-01-24,Standard Queen,True,2024-01-01,config,False,371.70666666666665,5.0,4.0,371.70666666666665,01-24,299.8188888888889,3.0,"2024,2025,2026",False,1,Soft
2026-01-25,Standard Queen,True,2024-01-01,config,False,74.0,1.0,1.0,74.0,01-25,205.1,3.0,"2024,2025,2026",False,1,Soft
2026-01-26,Standard Queen,True,2024-01-01,config,False,264.8,4.0,3.0,264.8,01-26,177.33333333333334,3.0,"2024,2025,2026",False,1,Soft
2026-01-27,Standard Queen,True,2024-01-01,config,False,223.3,3.0,3.0,223.3,01-27,74.43333333333334,3.0,"2024,2025,2026",False,1,Soft
2026-01-28,Standard Queen,True,2024-01-01,config,False,449.5825,6.0,5.0,449.5825,01-28,149.86083333333332,3.0,"2024,2025,2026",False,1,Soft
2026-01-29,Standard Queen,True,2024-01-01,config,False,553.3491666666666,7.0,4.0,553.3491666666666,01-29,227.6497222222222,3.0,"2024,2025,2026",False,1,Soft
2026-01-30,Standard Queen,True,2024-01-01,config,False,559.6808333333333,8.0,5.0,559.6808333333333,01-30,326.27694444444444,3.0,"2024,2025,2026",False,1,Soft
2026-01-31,Standard Queen,True,2024-01-01,config,False,616.3908333333334,8.0,3.0,616.3908333333334,01-31,297.5302777777778,3.0,"2024,2025,2026",False,1,Soft
2026-02-01,Standard Queen,True,2024-01-01,config,False,246.0,3.0,1.0,246.0,02-01,220.76666666666665,3.0,"2024,2025,2026",False,1,Soft
2026-02-02,Standard Queen,True,2024-01-01,config,False,172.33333333333331,2.0,1.0,172.33333333333331,02-02,249.37777777777774,3.0,"2024,2025,2026",False,1,Soft
2026-02-03,Standard Queen,True,2024-01-01,config,False,240.20333333333332,3.0,2.0,240.20333333333332,02-03,177.0677777777778,3.0,"2024,2025,2026",False,1,Soft
2026-02-04,Standard Queen,True,2024-01-01,config,False,306.79333333333335,4.0,2.0,306.79333333333335,02-04,170.78111111111113,3.0,"2024,2025,2026",False,1,Soft
2026-02-05,Standard Queen,True,2024-01-01,config,False,87.33333333333333,1.0,0.0,87.33333333333333,02-05,70.3611111111111,3.0,"2024,2025,2026",False,1,Soft
2026-02-06,Standard Queen,True,2024-01-01,config,False,326.6433333333333,4.0,3.0,326.6433333333333,02-06,195.9936111111111,3.0,"2024,2025,2026",False,1,Soft
2026-02-07,Standard Queen,True,2024-01-01,config,False,141.31,2.0,0.0,141.31,02-07,133.67583333333332,3.0,"2024,2025,2026",False,1,Soft
2026-02-08,Standard Queen,True,2024-01-01,config,False,82.65,1.0,1.0,82.65,02-08,142.2458333333333,3.0,"2024,2025,2026",False,1,Soft
2026-02-09,Standard Queen,True,2024-01-01,config,False,161.0,2.0,2.0,161.0,02-09,191.52916666666667,3.0,"2024,2025,2026",False,1,Soft
2026-02-10,Standard Queen,True,2024-01-01,config,False,151.0,2.0,1.0,151.0,02-10,140.17916666666667,3.0,"2024,2025,2026",False,2,Low
2026-02-11,Standard Queen,True,2024-01-01,config,False,229.03,3.0,1.0,229.03,02-11,188.85583333333332,3.0,"2024,2025,2026",False,2,Low
2026-02-12,Standard Queen,True,2024-01-01,config,False,90.88,1.0,1.0,90.88,02-12,121.63916666666667,3.0,"2024,2025,2026",False,2,Low
2026-02-13,Standard Queen,True,2024-01-01,config,False,505.37,5.0,5.0,505.37,02-13,274.9825,3.0,"2024,2025,2026",False,2,Low
2026-02-14,Standard Queen,True,2024-01-01,config,False,697.925,7.0,3.0,697.925,02-14,360.88055555555553,3.0,"2024,2025,2026",False,2,Low
2026-02-15,Standard Queen,True,2024-01-01,config,False,498.33916666666664,6.0,5.0,498.33916666666664,02-15,247.20194444444442,3.0,"2024,2025,2026",False,2,Low
2026-02-16,Standard Queen,True,2024-01-01,config,False,363.58416666666665,5.0,2.0,363.58416666666665,02-16,370.4836111111111,3.0,"2024,2025,2026",False,2,Low
2026-02-17,Standard Queen,True,2024-01-01,config,False,363.58416666666665,5.0,0.0,363.58416666666665,02-17,370.9413888888889,3.0,"2024,2025,2026",False,2,Low
2026-02-18,Standard Queen,True,2024-01-01,config,False,515.1408333333334,7.0,2.0,515.1408333333334,02-18,308.8902777777778,3.0,"2024,2025,2026",False,2,Low
2026-02-19,Standard Queen,True,2024-01-01,config,False,437.87833333333333,6.0,1.0,437.87833333333333,02-19,168.6261111111111,3.0,"2024,2025,2026",False,2,Low
2026-02-20,Standard Queen,True,2024-01-01,config,False,531.4433333333334,7.0,2.0,531.4433333333334,02-20,245.75611111111115,3.0,"2024,2025,2026",False,2,Low
2026-02-21,Standard Queen,True,2024-01-01,config,False,511.145,7.0,4.0,511.145,02-21,326.62333333333333,3.0,"2024,2025,2026",False,2,Low
2026-02-22,Standard Queen,True,2024-01-01,config,False,145.554,2.0,1.0,145.554,02-22,179.578,3.0,"2024,2025,2026",False,2,Low
2026-02-23,Standard Queen,True,2024-01-01,config,False,248.19400000000002,4.0,3.0,248.19400000000002,02-23,260.658,3.0,"2024,2025,2026",False,2,Low
2026-02-24,Standard Queen,True,2024-01-01,config,False,137.424,2.0,1.0,137.424,02-24,292.5013333333333,3.0,"2024,2025,2026",False,2,Low
2026-02-25,Standard Queen,True,2024-01-01,config,False,205.11900000000003,3.0,1.0,205.11900000000003,02-25,154.29966666666667,3.0,"2024,2025,2026",False,1,Soft
2026-02-26,Standard Queen,True,2024-01-01,config,False,450.48900000000003,7.0,4.0,450.48900000000003,02-26,239.65633333333335,3.0,"2024,2025,2026",False,1,Soft
2026-02-27,Standard Queen,True,2024-01-01,config,False,376.385,5.0,2.0,376.385,02-27,258.8883333333333,3.0,"2024,2025,2026",False,1,Soft
2026-02-28,Standard Queen,True,2024-01-01,config,False,382.975,5.0,1.0,382.975,02-28,273.185,3.0,"2024,2025,2026",False,1,Soft
2026-03-01,Standard Queen,True,2024-01-01,config,False,152.695,2.0,1.0,152.695,03-01,256.7916666666667,3.0,"2024,2025,2026",False,1,Soft
2026-03-02,Standard Queen,True,2024-01-01,config,False,107.69500000000001,2.0,1.0,107.69500000000001,03-02,246.55833333333337,3.0,"2024,2025,2026",False,1,Soft
2026-03-03,Standard Queen,True,2024-01-01,config,False,106.22,2.0,1.0,106.22,03-03,79.53333333333333,3.0,"2024,2025,2026",False,1,Soft
2026-03-04,Standard Queen,True,2024-01-01,config,False,174.60999999999999,3.0,2.0,174.60999999999999,03-04,132.63,3.0,"2024,2025,2026",False,1,Soft
2026-03-05,Standard Queen,True,2024-01-01,config,False,74.8,1.0,1.0,74.8,03-05,137.82666666666668,3.0,"2024,2025,2026",False,1,Soft
2026-03-06,Standard Queen,True,2024-01-01,config,False,186.78,2.0,2.0,186.78,03-06,82.96,3.0,"2024,2025,2026",False,2,Low
2026-03-07,Standard Queen,True,2024-01-01,config,False,286.76,3.0,2.0,286.76,03-07,250.795,3.0,"2024,2025,2026",False,2,Low
2026-03-08,Standard Queen,True,2024-01-01,config,False,0.0,0.0,0.0,0.0,03-08,206.07500000000002,3.0,"2024,2025,2026",False,2,Low
2026-03-09,Standard Queen,True,2024-01-01,config,False,183.82999999999998,2.0,2.0,183.82999999999998,03-09,256.1433333333334,3.0,"2024,2025,2026",False,2,Low
2026-03-10,Standard Queen,True,2024-01-01,config,False,243.91666666666666,3.0,3.0,243.91666666666666,03-10,280.2388888888889,3.0,"2024,2025,2026",False,2,Low
2026-03-11,Standard Queen,True,2024-01-01,config,False,247.30666666666667,3.0,2.0,247.30666666666667,03-11,257.55222222222227,3.0,"2024,2025,2026",False,2,Low
2026-03-12,Standard Queen,True,2024-01-01,config,False,276.8666666666667,3.0,1.0,276.8666666666667,03-12,303.7138888888889,3.0,"2024,2025,2026",False,2,Low
2026-03-13,Standard Queen,True,2024-01-01,config,False,266.33,3.0,2.0,266.33,03-13,325.93619047619046,3.0,"2024,2025,2026",False,3,Shoulder
2026-03-14,Standard Queen,True,2024-01-01,config,False,556.75,8.0,8.0,556.75,03-14,428.9511904761905,3.0,"2024,2025,2026",False,3,Shoulder
2026-03-15,Standard Queen,True,2024-01-01,config,False,287.19,4.0,3.0,287.19,03-15,334.2895238095238,3.0,"2024,2025,2026",False,3,Shoulder
2026-03-16,Standard Queen,True,2024-01-01,config,False,353.94,5.0,4.0,353.94,03-16,393.83119047619044,3.0,"2024,2025,2026",False,3,Shoulder
2026-03-17,Standard Queen,True,2024-01-01,config,False,563.0,8.0,5.0,563.0,03-17,283.51785714285717,3.0,"2024,2025,2026",False,3,Shoulder
2026-03-18,Standard Queen,True,2024-01-01,config,False,647.325,9.0,9.0,647.325,03-18,459.42619047619047,3.0,"2024,2025,2026",False,3,Shoulder
2026-03-19,Standard Queen,True,2024-01-01,config,False,572.325,7.0,2.0,572.325,03-19,286.29285714285714,3.0,"2024,2025,2026",False,3,Shoulder
2026-03-20,Standard Queen,True,2024-01-01,config,False,488.39,6.0,6.0,488.39,03-20,222.00222222222223,3.0,"2024,2025,2026",False,3,Shoulder
2026-03-21,Standard Queen,True,2024-01-01,config,False,648.83,8.0,7.0,648.83,03-21,412.3155555555556,3.0,"2024,2025,2026",False,3,Shoulder
2026-03-22,Standard Queen,True,2024-01-01,config,False,230.99,3.0,1.0,230.99,03-22,271.6688888888889,3.0,"2024,2025,2026",False,3,Shoulder
2026-03-23,Standard Queen,True,2024-01-01,config,False,123.98,2.0,1.0,123.98,03-23,263.3933333333333,3.0,"2024,2025,2026",False,3,Shoulder
2026-03-24,Standard Queen,True,2024-01-01,config,False,253.0,3.0,3.0,253.0,03-24,216.53333333333333,3.0,"2024,2025,2026",False,3,Shoulder
2026-03-25,Standard Queen,True,2024-01-01,config,False,268.5516666666667,3.0,2.0,268.5516666666667,03-25,219.01722222222224,3.0,"2024,2025,2026",False,3,Shoulder
2026-03-26,Standard Queen,True,2024-01-01,config,False,432.5516666666667,5.0,2.0,432.5516666666667,03-26,265.32674603174604,3.0,"2024,2025,2026",False,2,Low
2026-03-27,Standard Queen,True,2024-01-01,config,False,646.6316666666667,8.0,5.0,646.6316666666667,03-27,369.1534126984127,3.0,"2024,2025,2026",False,2,Low
2026-03-28,Standard Queen,True,2024-01-01,config,False,602.155,8.0,2.0,602.155,03-28,473.5723015873016,3.0,"2024,2025,2026",False,2,Low
2026-03-29,Standard Queen,True,2024-01-01,config,False,259.8,3.0,1.0,259.8,03-29,318.05396825396826,3.0,"2024,2025,2026",False,2,Low
2026-03-30,Standard Queen,True,2024-01-01,config,False,179.8,2.0,0.0,179.8,03-30,261.65396825396823,3.0,"2024,2025,2026",False,2,Low
2026-03-31,Standard Queen,True,2024-01-01,config,False,191.8,2.0,1.0,191.8,03-31,231.13174603174605,3.0,"2024,2025,2026",False,2,Low
2026-04-01,Standard Queen,True,2024-01-01,config,False,113.65,2.0,2.0,113.65,04-01,269.5706349206349,3.0,"2024,2025,2026",False,2,Low
2026-04-02,Standard Queen,True,2024-01-01,config,False,89.0,1.0,1.0,89.0,04-02,189.33888888888887,3.0,"2024,2025,2026",False,2,Low
2026-04-03,Standard Queen,True,2024-01-01,config,False,598.665,8.0,8.0,598.665,04-03,447.6716666666666,3.0,"2024,2025,2026",False,2,Low
2026-04-04,Standard Queen,True,2024-01-01,config,False,516.0216666666666,7.0,4.0,516.0216666666666,04-04,389.0905555555555,3.0,"2024,2025,2026",False,2,Low
2026-04-05,Standard Queen,True,2024-01-01,config,False,274.64666666666665,4.0,3.0,274.64666666666665,04-05,417.7655555555555,3.0,"2024,2025,2026",False,2,Low
2026-04-06,Standard Queen,True,2024-01-01,config,False,284.14666666666665,6.0,4.0,284.14666666666665,04-06,378.30888888888893,3.0,"2024,2025,2026",False,2,Low
2026-04-07,Standard Queen,True,2024-01-01,config,False,281.82,6.0,4.0,281.82,04-07,276.36777777777775,3.0,"2024,2025,2026",False,2,Low
2026-04-08,Standard Queen,True,2024-01-01,config,False,264.96,4.0,4.0,264.96,04-08,227.81444444444446,3.0,"2024,2025,2026",False,2,Low
2026-04-09,Standard Queen,True,2024-01-01,config,False,148.0,2.0,2.0,148.0,04-09,271.7261111111111,3.0,"2024,2025,2026",False,2,Low
2026-04-10,Standard Queen,True,2024-01-01,config,False,573.6716666666666,8.0,7.0,573.6716666666666,04-10,412.87388888888887,3.0,"2024,2025,2026",False,2,Low
2026-04-11,Standard Queen,True,2024-01-01,config,False,481.2416666666667,7.0,2.0,481.2416666666667,04-11,365.37388888888887,3.0,"2024,2025,2026",False,2,Low
2026-04-12,Standard Queen,True,2024-01-01,config,False,155.36666666666667,2.0,1.0,155.36666666666667,04-12,349.84246031746034,3.0,"2024,2025,2026",False,2,Low
2026-04-13,Standard Queen,True,2024-01-01,config,False,202.64,3.0,2.0,202.64,04-13,357.2752380952381,3.0,"2024,2025,2026",False,2,Low
2026-04-14,Standard Queen,True,2024-01-01,config,False,323.66,5.0,4.0,323.66,04-14,276.31190476190477,3.0,"2024,2025,2026",False,2,Low
2026-04-15,Standard Queen,True,2024-01-01,config,False,195.24,3.0,3.0,195.24,04-15,222.28190476190477,3.0,"2024,2025,2026",False,2,Low
2026-04-16,Standard Queen,True,2024-01-01,config,False,379.945,4.0,4.0,379.945,04-16,292.44357142857143,3.0,"2024,2025,2026",False,2,Low
2026-04-17,Standard Queen,True,2024-01-01,config,False,846.65,9.0,6.0,846.65,04-17,451.44523809523815,3.0,"2024,2025,2026",False,2,Low
2026-04-18,Standard Queen,True,2024-01-01,config,False,900.975,9.0,4.0,900.975,04-18,457.4952380952381,3.0,"2024,2025,2026",False,2,Low
2026-04-19,Standard Queen,True,2024-01-01,config,False,211.815,3.0,2.0,211.815,04-19,303.98833333333334,3.0,"2024,2025,2026",False,2,Low
2026-04-20,Standard Queen,True,2024-01-01,config,False,411.725,6.0,5.0,411.725,04-20,377.60833333333335,3.0,"2024,2025,2026",False,2,Low
2026-04-21,Standard Queen,True,2024-01-01,config,False,430.03,7.0,5.0,430.03,04-21,273.99333333333334,3.0,"2024,2025,2026",False,2,Low
2026-04-22,Standard Queen,True,2024-01-01,config,False,359.8414285714286,6.0,6.0,359.8414285714286,04-22,348.14714285714285,3.0,"2024,2025,2026",False,3,Shoulder
2026-04-23,Standard Queen,True,2024-01-01,config,False,537.5014285714286,9.0,4.0,537.5014285714286,04-23,320.8938095238095,3.0,"2024,2025,2026",False,3,Shoulder
2026-04-24,Standard Queen,True,2024-01-01,config,False,443.6414285714286,7.0,3.0,443.6414285714286,04-24,335.31380952380954,3.0,"2024,2025,2026",False,3,Shoulder
2026-04-25,Standard Queen,True,2024-01-01,config,False,593.2914285714286,9.0,3.0,593.2914285714286,04-25,478.15880952380957,3.0,"2024,2025,2026",False,3,Shoulder
2026-04-26,Standard Queen,True,2024-01-01,config,False,338.8414285714286,6.0,2.0,338.8414285714286,04-26,428.50214285714287,3.0,"2024,2025,2026",False,3,Shoulder
2026-04-27,Standard Queen,True,2024-01-01,config,False,295.5214285714286,5.0,1.0,295.5214285714286,04-27,380.618253968254,3.0,"2024,2025,2026",False,3,Shoulder
2026-04-28,Standard Queen,True,2024-01-01,config,False,460.83142857142855,8.0,4.0,460.83142857142855,04-28,400.4215873015873,3.0,"2024,2025,2026",False,3,Shoulder
2026-04-29,Standard Queen,True,2024-01-01,config,False,412.5514285714286,7.0,2.0,412.5514285714286,04-29,359.9115873015873,3.0,"2024,2025,2026",False,3,Shoulder
2026-04-30,Standard Queen,True,2024-01-01,config,False,599.8514285714286,9.0,3.0,599.8514285714286,04-30,475.63380952380953,3.0,"2024,2025,2026",False,3,Shoulder
2026-05-01,Standard Queen,True,2024-01-01,config,False,740.9464285714286,9.0,3.0,740.9464285714286,05-01,655.4621428571428,3.0,"2024,2025,2026",False,3,Shoulder
2026-05-02,Standard Queen,True,2024-01-01,config,False,699.4364285714286,8.0,1.0,699.4364285714286,05-02,681.2188095238095,3.0,"2024,2025,2026",False,3,Shoulder
2026-05-03,Standard Queen,True,2024-01-01,config,False,215.7214285714286,4.0,0.0,215.7214285714286,05-03,593.0904761904761,3.0,"2024,2025,2026",False,3,Shoulder
2026-05-04,Standard Queen,True,2024-01-01,config,False,454.92809523809524,7.0,3.0,454.92809523809524,05-04,590.9426984126984,3.0,"2024,2025,2026",False,3,Shoulder
2026-05-05,Standard Queen,True,2024-01-01,config,False,386.2080952380952,6.0,1.0,386.2080952380952,05-05,363.8693650793651,3.0,"2024,2025,2026",False,3,Shoulder
2026-05-06,Standard Queen,True,2024-01-01,config,False,437.4480952380952,7.0,2.0,437.4480952380952,05-06,341.5826984126984,3.0,"2024,2025,2026",False,3,Shoulder
2026-05-07,Standard Queen,True,2024-01-01,config,False,727.0214285714286,8.0,4.0,727.0214285714286,05-07,522.9738095238096,3.0,"2024,2025,2026",False,3,Shoulder
2026-05-08,Standard Queen,True,2024-01-01,config,False,897.7414285714286,9.0,3.0,897.7414285714286,05-08,494.0138095238096,3.0,"2024,2025,2026",False,3,Shoulder
2026-05-09,Standard Queen,True,2024-01-01,config,False,876.5094285714285,10.0,5.0,876.5094285714285,05-09,872.9920317460318,3.0,"2024,2025,2026",False,3,Shoulder
2026-05-10,Standard Queen,True,2024-01-01,config,False,856.1494285714285,9.0,3.0,856.1494285714285,05-10,772.3220317460318,3.0,"2024,2025,2026",False,3,Shoulder
2026-05-11,Standard Queen,True,2024-01-01,config,False,543.4094285714285,9.0,4.0,543.4094285714285,05-11,768.2475873015874,3.0,"2024,2025,2026",False,3,Shoulder
2026-05-12,Standard Queen,True,2024-01-01,config,False,591.3394285714286,10.0,4.0,591.3394285714286,05-12,625.7220317460318,3.0,"2024,2025,2026",False,3,Shoulder
2026-05-13,Standard Queen,True,2024-01-01,config,False,352.668,6.0,3.0,352.668,05-13,451.5226666666667,3.0,"2024,2025,2026",False,3,Shoulder
2026-05-14,Standard Queen,True,2024-01-01,config,False,232.05,3.0,2.0,232.05,05-14,516.3344444444444,3.0,"2024,2025,2026",False,3,Shoulder
2026-05-15,Standard Queen,True,2024-01-01,config,False,591.605,6.0,4.0,591.605,05-15,697.986111111111,3.0,"2024,2025,2026",False,3,Shoulder
2026-05-16,Standard Queen,True,2024-01-01,config,False,497.34166666666664,6.0,3.0,497.34166666666664,05-16,697.8538888888888,3.0,"2024,2025,2026",False,3,Shoulder
2026-05-17,Standard Queen,True,2024-01-01,config,False,372.8666666666667,5.0,3.0,372.8666666666667,05-17,657.9288888888889,3.0,"2024,2025,2026",False,3,Shoulder
2026-05-18,Standard Queen,True,2024-01-01,config,False,758.3866666666667,9.0,6.0,758.3866666666667,05-18,675.9622222222222,3.0,"2024,2025,2026",False,4,High
2026-05-19,Standard Queen,True,2024-01-01,config,False,607.8146666666667,7.0,4.0,607.8146666666667,05-19,499.8532222222222,3.0,"2024,2025,2026",False,4,High
2026-05-20,Standard Queen,True,2024-01-01,config,False,644.3679999999999,6.0,3.0,644.3679999999999,05-20,569.2921111111111,3.0,"2024,2025,2026",False,4,High
2026-05-21,Standard Queen,True,2024-01-01,config,False,1013.148,8.0,4.0,1013.148,05-21,793.2271111111112,3.0,"2024,2025,2026",False,4,High
2026-05-22,Standard Queen,True,2024-01-01,config,False,1559.6513333333332,9.0,5.0,1559.6513333333332,05-22,1071.1115555555555,3.0,"2024,2025,2026",False,4,High
2026-05-23,Standard Queen,True,2024-01-01,config,False,1579.8029999999999,9.0,6.0,1579.8029999999999,05-23,1264.9976666666666,3.0,"2024,2025,2026",False,4,High
2026-05-24,Standard Queen,True,2024-01-01,config,False,1295.165,9.0,5.0,1295.165,05-24,1289.9416666666666,3.0,"2024,2025,2026",False,4,High
2026-05-25,Standard Queen,True,2024-01-01,config,False,947.71,9.0,9.0,947.71,05-25,1104.7733333333333,3.0,"2024,2025,2026",False,4,High
2026-05-26,Standard Queen,True,2024-01-01,config,False,984.43,9.0,4.0,984.43,05-26,929.9333333333334,3.0,"2024,2025,2026",False,4,High
2026-05-27,Standard Queen,True,2024-01-01,config,False,986.3299999999999,9.0,5.0,986.3299999999999,05-27,725.0533333333333,3.0,"2024,2025,2026",False,4,High
2026-05-28,Standard Queen,True,2024-01-01,config,False,596.31,6.0,5.0,596.31,05-28,753.5177777777777,3.0,"2024,2025,2026",False,5,Peak
2026-05-29,Standard Queen,True,2024-01-01,config,False,600.2433333333333,5.0,4.0,600.2433333333333,05-29,779.1144444444444,3.0,"2024,2025,2026",False,5,Peak
2026-05-30,Standard Queen,True,2024-01-01,config,False,1095.6333333333332,9.0,6.0,1095.6333333333332,05-30,996.9777777777778,3.0,"2024,2025,2026",False,5,Peak
2026-05-31,Standard Queen,True,2024-01-01,config,False,751.4033333333333,6.0,3.0,751.4033333333333,05-31,888.9733333333334,3.0,"2024,2025,2026",False,4,High
2026-06-01,Standard Queen,True,2024-01-01,config,False,1057.1399999999999,9.0,8.0,1057.1399999999999,06-01,855.2800000000001,3.0,"2024,2025,2026",False,4,High
2026-06-02,Standard Queen,True,2024-01-01,config,False,726.01,7.0,6.0,726.01,06-02,883.8533333333334,3.0,"2024,2025,2026",False,4,High
2026-06-03,Standard Queen,True,2024-01-01,config,False,887.74,9.0,7.0,887.74,06-03,1008.7133333333335,3.0,"2024,2025,2026",False,4,High
2026-06-04,Standard Queen,True,2024-01-01,config,False,548.924,4.0,4.0,548.924,06-04,798.6730000000001,3.0,"2024,2025,2026",False,4,High
2026-06-05,Standard Queen,True,2024-01-01,config,False,1035.704,7.0,5.0,1035.704,06-05,1097.6763333333333,3.0,"2024,2025,2026",False,5,Peak
2026-06-06,Standard Queen,True,2024-01-01,config,False,689.4506666666666,5.0,1.0,689.4506666666666,06-06,888.8168888888889,3.0,"2024,2025,2026",False,5,Peak
2026-06-07,Standard Queen,True,2024-01-01,config,False,1013.0406666666667,7.0,3.0,1013.0406666666667,06-07,1113.6213333333333,3.0,"2024,2025,2026",False,5,Peak
2026-06-08,Standard Queen,True,2024-01-01,config,False,1180.6406666666667,8.0,3.0,1180.6406666666667,06-08,1049.9496666666666,3.0,"2024,2025,2026",False,5,Peak
2026-06-09,Standard Queen,True,2024-01-01,config,False,931.48,8.0,5.0,931.48,06-09,924.1344444444444,3.0,"2024,2025,2026",False,5,Peak
2026-06-10,Standard Queen,True,2024-01-01,config,False,1214.5,9.0,6.0,1214.5,06-10,1056.03,3.0,"2024,2025,2026",False,5,Peak
2026-06-11,Standard Queen,True,2024-01-01,config,False,1431.8536363636363,9.0,5.0,1431.8536363636363,06-11,1188.74648989899,3.0,"2024,2025,2026",False,5,Peak
2026-06-12,Standard Queen,True,2024-01-01,config,False,1196.0086363636362,7.0,2.0,1196.0086363636362,06-12,1174.4181565656565,3.0,"2024,2025,2026",False,5,Peak
2026-06-13,Standard Queen,True,2024-01-01,config,False,1183.5375,9.0,6.0,1183.5375,06-13,1181.3666666666666,3.0,"2024,2025,2026",False,5,Peak
2026-06-14,Standard Queen,True,2024-01-01,config,False,877.0425,8.0,5.0,877.0425,06-14,1085.7138888888887,3.0,"2024,2025,2026",False,5,Peak
2026-06-15,Standard Queen,True,2024-01-01,config,False,1185.7725,9.0,6.0,1185.7725,06-15,1194.5147222222222,3.0,"2024,2025,2026",False,5,Peak
2026-06-16,Standard Queen,True,2024-01-01,config,False,1268.1975,9.0,5.0,1268.1975,06-16,1121.3558333333333,3.0,"2024,2025,2026",False,5,Peak
2026-06-17,Standard Queen,True,2024-01-01,config,False,1246.195,9.0,7.0,1246.195,06-17,1093.2416666666666,3.0,"2024,2025,2026",False,5,Peak
2026-06-18,Standard Queen,True,2024-01-01,config,False,948.36,7.0,6.0,948.36,06-18,1067.775,3.0,"2024,2025,2026",False,5,Peak
2026-06-19,Standard Queen,True,2024-01-01,config,False,1364.0466666666666,8.0,8.0,1364.0466666666666,06-19,1129.8672222222222,3.0,"2024,2025,2026",False,5,Peak
2026-06-20,Standard Queen,True,2024-01-01,config,False,1609.1283333333333,9.0,5.0,1609.1283333333333,06-20,1384.9705555555556,3.0,"2024,2025,2026",False,5,Peak
2026-06-21,Standard Queen,True,2024-01-01,config,False,766.2483333333333,5.0,3.0,766.2483333333333,06-21,1090.6005555555555,3.0,"2024,2025,2026",False,5,Peak
2026-06-22,Standard Queen,True,2024-01-01,config,False,1280.725,9.0,7.0,1280.725,06-22,1210.376111111111,3.0,"2024,2025,2026",False,5,Peak
2026-06-23,Standard Queen,True,2024-01-01,config,False,1330.04,9.0,4.0,1330.04,06-23,1200.0133333333333,3.0,"2024,2025,2026",False,5,Peak
2026-06-24,Standard Queen,True,2024-01-01,config,False,1407.745,9.0,4.0,1407.745,06-24,1126.0216666666668,3.0,"2024,2025,2026",False,5,Peak
2026-06-25,Standard Queen,True,2024-01-01,config,False,1398.11,9.0,7.0,1398.11,06-25,1234.1433333333334,3.0,"2024,2025,2026",False,5,Peak
2026-06-26,Standard Queen,True,2024-01-01,config,False,1044.5216666666668,7.0,6.0,1044.5216666666668,06-26,1130.113888888889,3.0,"2024,2025,2026",False,5,Peak
2026-06-27,Standard Queen,True,2024-01-01,config,False,1534.2476666666666,10.0,5.0,1534.2476666666666,06-27,1207.8225555555555,3.0,"2024,2025,2026",False,5,Peak
2026-06-28,Standard Queen,True,2024-01-01,config,False,984.7904444444445,7.0,3.0,984.7904444444445,06-28,1126.3484814814815,3.0,"2024,2025,2026",False,5,Peak
2026-06-29,Standard Queen,True,2024-01-01,config,False,1098.1737777777778,9.0,6.0,1098.1737777777778,06-29,1082.4395925925926,3.0,"2024,2025,2026",False,5,Peak
2026-06-30,Standard Queen,True,2024-01-01,config,False,942.5187777777778,9.0,5.0,942.5187777777778,06-30,873.4184814814815,3.0,"2024,2025,2026",False,5,Peak
2026-07-01,Standard Queen,True,2024-01-01,config,False,559.8587777777777,5.0,1.0,559.8587777777777,07-01,858.6918148148148,3.0,"2024,2025,2026",False,5,Peak
2026-07-02,Standard Queen,True,2024-01-01,config,False,973.3177777777778,6.0,5.0,973.3177777777778,07-02,1040.4114814814814,3.0,"2024,2025,2026",False,5,Peak
2026-07-03,Standard Queen,True,2024-01-01,config,False,1555.2227777777778,9.0,5.0,1555.2227777777778,07-03,1330.8631481481482,3.0,"2024,2025,2026",False,5,Peak
2026-07-04,Standard Queen,True,2024-01-01,config,False,1469.9827777777778,9.0,5.0,1469.9827777777778,07-04,1389.8998148148148,3.0,"2024,2025,2026",False,5,Peak
2026-07-05,Standard Queen,True,2024-01-01,config,False,1119.3677777777777,8.0,4.0,1119.3677777777777,07-05,1271.0114814814815,3.0,"2024,2025,2026",False,5,Peak
2026-07-06,Standard Queen,True,2024-01-01,config,False,1169.6244444444444,9.0,8.0,1169.6244444444444,07-06,1012.085925925926,3.0,"2024,2025,2026",False,5,Peak
2026-07-07,Standard Queen,True,2024-01-01,config,False,1214.342380952381,9.0,5.0,1214.342380952381,07-07,1144.4645714285714,3.0,"2024,2025,2026",False,5,Peak
2026-07-08,Standard Queen,True,2024-01-01,config,False,1180.752380952381,9.0,3.0,1180.752380952381,07-08,1182.1845714285714,3.0,"2024,2025,2026",False,5,Peak
2026-07-09,Standard Queen,True,2024-01-01,config,False,1225.0590476190478,8.0,6.0,1225.0590476190478,07-09,1136.460126984127,3.0,"2024,2025,2026",False,5,Peak
2026-07-10,Standard Queen,True,2024-01-01,config,False,1503.2190476190476,9.0,3.0,1503.2190476190476,07-10,1279.0348492063492,3.0,"2024,2025,2026",False,5,Peak
2026-07-11,Standard Queen,True,2024-01-01,config,False,1256.2365476190475,8.0,4.0,1256.2365476190475,07-11,1239.710126984127,3.0,"2024,2025,2026",False,5,Peak
2026-07-12,Standard Queen,True,2024-01-01,config,False,1231.5932142857143,9.0,6.0,1231.5932142857143,07-12,1208.3535714285715,3.0,"2024,2025,2026",False,5,Peak
2026-07-13,Standard Queen,True,2024-01-01,config,False,1460.7965476190475,9.0,6.0,1460.7965476190475,07-13,1237.5663492063493,3.0,"2024,2025,2026",False,5,Peak
2026-07-14,Standard Queen,True,2024-01-01,config,False,1410.2608333333333,9.0,4.0,1410.2608333333333,07-14,1125.8252777777777,3.0,"2024,2025,2026",False,5,Peak
2026-07-15,Standard Queen,True,2024-01-01,config,False,1545.9433333333334,9.0,3.0,1545.9433333333334,07-15,1276.3994444444445,3.0,"2024,2025,2026",False,5,Peak
2026-07-16,Standard Queen,True,2024-01-01,config,False,1495.955,9.0,7.0,1495.955,07-16,1245.085,3.0,"2024,2025,2026",False,5,Peak
2026-07-17,Standard Queen,True,2024-01-01,config,False,1293.1783333333333,7.0,3.0,1293.1783333333333,07-17,1195.776111111111,3.0,"2024,2025,2026",False,5,Peak
2026-07-18,Standard Queen,True,2024-01-01,config,False,1507.3433333333332,9.0,7.0,1507.3433333333332,07-18,1273.9966666666667,3.0,"2024,2025,2026",False,5,Peak
2026-07-19,Standard Queen,True,2024-01-01,config,False,1312.6183333333333,9.0,5.0,1312.6183333333333,07-19,1213.7383333333335,3.0,"2024,2025,2026",False,5,Peak
2026-07-20,Standard Queen,True,2024-01-01,config,False,1131.53,8.0,6.0,1131.53,07-20,1053.506111111111,3.0,"2024,2025,2026",False,5,Peak
2026-07-21,Standard Queen,True,2024-01-01,config,False,796.4549999999999,6.0,4.0,796.4549999999999,07-21,1009.4822222222223,3.0,"2024,2025,2026",False,5,Peak
2026-07-22,Standard Queen,True,2024-01-01,config,False,434.55,3.0,3.0,434.55,07-22,859.8638888888889,3.0,"2024,2025,2026",False,5,Peak
2026-07-23,Standard Queen,True,2024-01-01,config,False,626.6333333333333,4.0,4.0,626.6333333333333,07-23,987.0961111111111,3.0,"2024,2025,2026",False,5,Peak
2026-07-24,Standard Queen,True,2024-01-01,config,False,613.6833333333334,4.0,1.0,613.6833333333334,07-24,967.9383333333334,3.0,"2024,2025,2026",False,5,Peak
2026-07-25,Standard Queen,True,2024-01-01,config,False,792.6733333333333,5.0,3.0,792.6733333333333,07-25,1096.39,3.0,"2024,2025,2026",False,5,Peak
2026-07-26,Standard Queen,True,2024-01-01,config,False,94.6,1.0,1.0,94.6,07-26,873.823888888889,3.0,"2024,2025,2026",False,5,Peak
2026-07-27,Standard Queen,True,2024-01-01,config,False,283.15,2.0,2.0,283.15,07-27,921.8166666666666,3.0,"2024,2025,2026",False,5,Peak
2026-07-28,Standard Queen,True,2024-01-01,config,False,119.15,1.0,0.0,119.15,07-28,796.6416666666668,3.0,"2024,2025,2026",False,5,Peak
2026-07-29,Standard Queen,True,2024-01-01,config,False,414.915,3.0,3.0,414.915,07-29,852.6783333333333,3.0,"2024,2025,2026",False,4,High
2026-07-30,Standard Queen,True,2024-01-01,config,False,311.82500000000005,2.0,0.0,311.82500000000005,07-30,835.5566666666667,3.0,"2024,2025,2026",False,4,High
2026-07-31,Standard Queen,True,2024-01-01,config,False,900.4,5.0,5.0,900.4,07-31,768.5333333333333,3.0,"2024,2025,2026",False,4,High
2026-08-01,Standard Queen,True,2024-01-01,config,False,0.0,0.0,0.0,0.0,08-01,664.4,3.0,"2024,2025,2026",False,4,High
2026-08-02,Standard Queen,True,2024-01-01,config,False,0.0,0.0,0.0,0.0,08-02,793.29,3.0,"2024,2025,2026",False,4,High
2026-08-03,Standard Queen,True,2024-01-01,config,False,133.31,1.0,1.0,133.31,08-03,814.48,3.0,"2024,2025,2026",False,4,High
2026-08-04,Standard Queen,True,2024-01-01,config,False,485.97333333333336,4.0,4.0,485.97333333333336,08-04,708.7577777777778,3.0,"2024,2025,2026",False,4,High
2026-08-05,Standard Queen,True,2024-01-01,config,False,208.67333333333335,2.0,1.0,208.67333333333335,08-05,569.4077777777778,3.0,"2024,2025,2026",False,4,High
2026-08-06,Standard Queen,True,2024-01-01,config,False,111.88333333333333,1.0,0.0,111.88333333333333,08-06,796.8227777777778,3.0,"2024,2025,2026",False,4,High
2026-08-07,Standard Queen,True,2024-01-01,config,False,115.4,1.0,1.0,115.4,08-07,813.7294444444445,3.0,"2024,2025,2026",False,4,High
2026-08-08,Standard Queen,True,2024-01-01,config,False,0.0,0.0,0.0,0.0,08-08,854.5416666666666,3.0,"2024,2025,2026",False,4,High
2026-08-09,Standard Queen,True,2024-01-01,config,False,0.0,0.0,0.0,0.0,08-09,881.4200000000001,3.0,"2024,2025,2026",False,4,High
2026-08-10,Standard Queen,True,2024-01-01,config,False,88.8,1.0,1.0,88.8,08-10,685.5505555555555,3.0,"2024,2025,2026",False,4,High
2026-08-11,Standard Queen,True,2024-01-01,config,False,106.61,1.0,1.0,106.61,08-11,708.0333333333333,3.0,"2024,2025,2026",False,4,High
2026-08-12,Standard Queen,True,2024-01-01,config,False,0.0,0.0,0.0,0.0,08-12,698.2833333333333,3.0,"2024,2025,2026",False,4,High
2026-08-13,Standard Queen,True,2024-01-01,config,False,103.69,1.0,1.0,103.69,08-13,666.666111111111,3.0,"2024,2025,2026",False,4,High
2026-08-14,Standard Queen,True,2024-01-01,config,False,0.0,0.0,0.0,0.0,08-14,737.0111111111111,3.0,"2024,2025,2026",False,4,High
2026-08-15,Standard Queen,True,2024-01-01,config,False,129.38,1.0,1.0,129.38,08-15,874.0044444444444,3.0,"2024,2025,2026",False,4,High
2026-08-16,Standard Queen,True,2024-01-01,config,False,155.0,1.0,1.0,155.0,08-16,867.2800000000001,3.0,"2024,2025,2026",False,4,High
2026-08-17,Standard Queen,True,2024-01-01,config,False,152.5,1.0,1.0,152.5,08-17,760.6533333333333,3.0,"2024,2025,2026",False,4,High
2026-08-18,Standard Queen,True,2024-01-01,config,False,297.5,2.0,1.0,297.5,08-18,767.5749999999999,3.0,"2024,2025,2026",False,4,High
2026-08-19,Standard Queen,True,2024-01-01,config,False,396.1533333333333,3.0,2.0,396.1533333333333,08-19,808.2705555555557,3.0,"2024,2025,2026",False,4,High
2026-08-20,Standard Queen,True,2024-01-01,config,False,108.65333333333332,1.0,0.0,108.65333333333332,08-20,763.7938888888889,3.0,"2024,2025,2026",False,4,High
2026-08-21,Standard Queen,True,2024-01-01,config,False,279.0158333333333,2.0,1.0,279.0158333333333,08-21,847.8758333333334,3.0,"2024,2025,2026",False,4,High
2026-08-22,Standard Queen,True,2024-01-01,config,False,170.3625,1.0,0.0,170.3625,08-22,976.0602777777777,3.0,"2024,2025,2026",False,4,High
2026-08-23,Standard Queen,True,2024-01-01,config,False,106.94,1.0,1.0,106.94,08-23,1063.1994444444445,3.0,"2024,2025,2026",False,4,High
2026-08-24,Standard Queen,True,2024-01-01,config,False,106.94,1.0,0.0,106.94,08-24,712.275,3.0,"2024,2025,2026",False,4,High
2026-08-25,Standard Queen,True,2024-01-01,config,False,0.0,0.0,0.0,0.0,08-25,608.9666666666667,3.0,"2024,2025,2026",False,4,High
2026-08-26,Standard Queen,True,2024-01-01,config,False,139.5,1.0,1.0,139.5,08-26,632.0333333333333,3.0,"2024,2025,2026",False,4,High
2026-08-27,Standard Queen,True,2024-01-01,config,False,135.61,1.0,1.0,135.61,08-27,575.42,3.0,"2024,2025,2026",False,4,High
2026-08-28,Standard Queen,True,2024-01-01,config,False,135.61,1.0,0.0,135.61,08-28,878.6311111111112,3.0,"2024,2025,2026",False,4,High
2026-08-29,Standard Queen,True,2024-01-01,config,False,0.0,0.0,0.0,0.0,08-29,1090.3777777777777,3.0,"2024,2025,2026",False,4,High
2026-08-30,Standard Queen,True,2024-01-01,config,False,0.0,0.0,0.0,0.0,08-30,1158.6,3.0,"2024,2025,2026",False,4,High
2026-08-31,Standard Queen,True,2024-01-01,config,False,208.14999999999998,2.0,2.0,208.14999999999998,08-31,1128.1222222222223,3.0,"2024,2025,2026",False,4,High
2026-09-01,Standard Queen,True,2024-01-01,config,False,106.74,1.0,0.0,106.74,09-01,802.0133333333333,3.0,"2024,2025,2026",False,4,High
2026-09-02,Standard Queen,True,2024-01-01,config,False,0.0,0.0,0.0,0.0,09-02,709.2388888888889,3.0,"2024,2025,2026",False,4,High
2026-09-03,Standard Queen,True,2024-01-01,config,False,396.6666666666667,2.0,2.0,396.6666666666667,09-03,829.3677777777776,3.0,"2024,2025,2026",False,4,High
2026-09-04,Standard Queen,True,2024-01-01,config,False,812.3116666666667,4.0,2.0,812.3116666666667,09-04,977.3483333333334,3.0,"2024,2025,2026",False,4,High
2026-09-05,Standard Queen,True,2024-01-01,config,False,812.3116666666667,4.0,0.0,812.3116666666667,09-05,828.6622222222222,3.0,"2024,2025,2026",False,4,High
2026-09-06,Standard Queen,True,2024-01-01,config,False,0.0,0.0,0.0,0.0,09-06,844.8388888888888,3.0,"2024,2025,2026",False,4,High
2026-09-07,Standard Queen,True,2024-01-01,config,False,0.0,0.0,0.0,0.0,09-07,803.3688888888888,3.0,"2024,2025,2026",False,4,High
2026-09-08,Standard Queen,True,2024-01-01,config,False,0.0,0.0,0.0,0.0,09-08,764.3138888888889,3.0,"2024,2025,2026",False,4,High
2026-09-09,Standard Queen,True,2024-01-01,config,False,0.0,0.0,0.0,0.0,09-09,718.916111111111,3.0,"2024,2025,2026",False,4,High
2026-09-10,Standard Queen,True,2024-01-01,config,False,311.85,2.0,2.0,311.85,09-10,901.8411111111112,3.0,"2024,2025,2026",False,4,High
2026-09-11,Standard Queen,True,2024-01-01,config,False,529.85,3.0,1.0,529.85,09-11,1001.2588888888889,3.0,"2024,2025,2026",False,4,High
2026-09-12,Standard Queen,True,2024-01-01,config,False,2289.6,8.0,8.0,2289.6,09-12,1616.8027777777777,3.0,"2024,2025,2026",False,4,High
2026-09-13,Standard Queen,True,2024-01-01,config,False,0.0,0.0,0.0,0.0,09-13,883.8394444444444,3.0,"2024,2025,2026",False,4,High
2026-09-14,Standard Queen,True,2024-01-01,config,False,0.0,0.0,0.0,0.0,09-14,852.8811111111112,3.0,"2024,2025,2026",False,4,High
2026-09-15,Standard Queen,True,2024-01-01,config,False,0.0,0.0,0.0,0.0,09-15,766.5866666666667,3.0,"2024,2025,2026",False,4,High
2026-09-16,Standard Queen,True,2024-01-01,config,False,0.0,0.0,0.0,0.0,09-16,747.4566666666666,3.0,"2024,2025,2026",False,4,High
2026-09-17,Standard Queen,True,2024-01-01,config,False,0.0,0.0,0.0,0.0,09-17,818.6366666666667,3.0,"2024,2025,2026",False,4,High
2026-09-18,Standard Queen,True,2024-01-01,config,False,134.96,1.0,1.0,134.96,09-18,930.3566666666666,3.0,"2024,2025,2026",False,4,High
2026-09-19,Standard Queen,True,2024-01-01,config,False,2590.16,9.0,8.0,2590.16,09-19,1762.4577777777777,3.0,"2024,2025,2026",False,4,High
2026-09-20,Standard Queen,True,2024-01-01,config,False,145.0,1.0,1.0,145.0,09-20,981.8877777777778,3.0,"2024,2025,2026",False,4,High
2026-09-21,Standard Queen,True,2024-01-01,config,False,145.0,1.0,0.0,145.0,09-21,885.3044444444444,3.0,"2024,2025,2026",False,4,High
2026-09-22,Standard Queen,True,2024-01-01,config,False,0.0,0.0,0.0,0.0,09-22,613.1766666666667,3.0,"2024,2025,2026",False,4,High
2026-09-23,Standard Queen,True,2024-01-01,config,False,0.0,0.0,0.0,0.0,09-23,734.0794444444444,3.0,"2024,2025,2026",False,4,High
2026-09-24,Standard Queen,True,2024-01-01,config,False,0.0,0.0,0.0,0.0,09-24,771.9227777777778,3.0,"2024,2025,2026",False,4,High
2026-09-25,Standard Queen,True,2024-01-01,config,False,189.0,1.0,1.0,189.0,09-25,924.9827777777778,3.0,"2024,2025,2026",False,4,High
2026-09-26,Standard Queen,True,2024-01-01,config,False,0.0,0.0,0.0,0.0,09-26,878.5327777777778,3.0,"2024,2025,2026",False,4,High
2026-09-27,Standard Queen,True,2024-01-01,config,False,0.0,0.0,0.0,0.0,09-27,877.7994444444445,3.0,"2024,2025,2026",False,4,High
2026-09-28,Standard Queen,True,2024-01-01,config,False,0.0,0.0,0.0,0.0,09-28,788.7127777777778,3.0,"2024,2025,2026",False,4,High
2026-09-29,Standard Queen,True,2024-01-01,config,False,0.0,0.0,0.0,0.0,09-29,656.6466666666666,3.0,"2024,2025,2026",False,4,High
2026-09-30,Standard Queen,True,2024-01-01,config,False,88.58333333333333,1.0,1.0,88.58333333333333,09-30,821.8294444444444,3.0,"2024,2025,2026",False,4,High
2026-10-01,Standard Queen,True,2024-01-01,config,False,88.58333333333333,1.0,0.0,88.58333333333333,10-01,623.4727777777778,3.0,"2024,2025,2026",False,4,High
2026-10-02,Standard Queen,True,2024-01-01,config,False,88.58333333333333,1.0,0.0,88.58333333333333,10-02,759.5300000000001,3.0,"2024,2025,2026",False,4,High
2026-10-03,Standard Queen,True,2024-01-01,config,False,0.0,0.0,0.0,0.0,10-03,876.2122222222221,3.0,"2024,2025,2026",False,4,High
2026-10-04,Standard Queen,True,2024-01-01,config,False,0.0,0.0,0.0,0.0,10-04,855.9733333333334,3.0,"2024,2025,2026",False,4,High
2026-10-05,Standard Queen,True,2024-01-01,config,False,0.0,0.0,0.0,0.0,10-05,670.7211111111111,3.0,"2024,2025,2026",False,4,High
2026-10-06,Standard Queen,True,2024-01-01,config,False,216.85,2.0,2.0,216.85,10-06,707.6527777777778,3.0,"2024,2025,2026",False,4,High
2026-10-07,Standard Queen,True,2024-01-01,config,False,99.75,1.0,0.0,99.75,10-07,801.2688095238095,3.0,"2024,2025,2026",False,4,High
2026-10-08,Standard Queen,True,2024-01-01,config,False,0.0,0.0,0.0,0.0,10-08,749.8404761904761,3.0,"2024,2025,2026",False,4,High
2026-10-09,Standard Queen,True,2024-01-01,config,False,768.0,4.0,4.0,768.0,10-09,1046.6171428571427,3.0,"2024,2025,2026",False,3,Shoulder
2026-10-10,Standard Queen,True,2024-01-01,config,False,0.0,0.0,0.0,0.0,10-10,766.0204761904761,3.0,"2024,2025,2026",False,3,Shoulder
2026-10-11,Standard Queen,True,2024-01-01,config,False,0.0,0.0,0.0,0.0,10-11,764.9404761904761,3.0,"2024,2025,2026",False,3,Shoulder
2026-10-12,Standard Queen,True,2024-01-01,config,False,0.0,0.0,0.0,0.0,10-12,681.4371428571428,3.0,"2024,2025,2026",False,3,Shoulder
2026-10-13,Standard Queen,True,2024-01-01,config,False,0.0,0.0,0.0,0.0,10-13,528.3649206349206,3.0,"2024,2025,2026",False,3,Shoulder
2026-10-14,Standard Queen,True,2024-01-01,config,False,0.0,0.0,0.0,0.0,10-14,573.9265873015873,3.0,"2024,2025,2026",False,3,Shoulder
2026-10-15,Standard Queen,True,2024-01-01,config,False,0.0,0.0,0.0,0.0,10-15,575.2188095238095,3.0,"2024,2025,2026",False,3,Shoulder
2026-10-16,Standard Queen,True,2024-01-01,config,False,107.5,1.0,1.0,107.5,10-16,615.9293650793651,3.0,"2024,2025,2026",False,3,Shoulder
2026-10-17,Standard Queen,True,2024-01-01,config,False,107.5,1.0,0.0,107.5,10-17,644.7438095238095,3.0,"2024,2025,2026",False,3,Shoulder
2026-10-18,Standard Queen,True,2024-01-01,config,False,0.0,0.0,0.0,0.0,10-18,577.7949206349207,3.0,"2024,2025,2026",False,3,Shoulder
2026-10-19,Standard Queen,True,2024-01-01,config,False,0.0,0.0,0.0,0.0,10-19,488.57182539682543,3.0,"2024,2025,2026",False,3,Shoulder
2026-10-20,Standard Queen,True,2024-01-01,config,False,0.0,0.0,0.0,0.0,10-20,407.6607142857143,3.0,"2024,2025,2026",False,3,Shoulder
2026-10-21,Standard Queen,True,2024-01-01,config,False,0.0,0.0,0.0,0.0,10-21,310.524126984127,3.0,"2024,2025,2026",False,3,Shoulder
2026-10-22,Standard Queen,True,2024-01-01,config,False,0.0,0.0,0.0,0.0,10-22,308.49079365079365,3.0,"2024,2025,2026",False,3,Shoulder
2026-10-23,Standard Queen,True,2024-01-01,config,False,142.33333333333334,1.0,1.0,142.33333333333334,10-23,447.2296825396825,3.0,"2024,2025,2026",False,3,Shoulder
2026-10-24,Standard Queen,True,2024-01-01,config,False,142.33333333333334,1.0,0.0,142.33333333333334,10-24,468.5096825396825,3.0,"2024,2025,2026",False,3,Shoulder
2026-10-25,Standard Queen,True,2024-01-01,config,False,142.33333333333334,1.0,0.0,142.33333333333334,10-25,529.1330158730159,3.0,"2024,2025,2026",False,2,Low
2026-10-26,Standard Queen,True,2024-01-01,config,False,0.0,0.0,0.0,0.0,10-26,214.35555555555553,3.0,"2024,2025,2026",False,2,Low
2026-10-27,Standard Queen,True,2024-01-01,config,False,0.0,0.0,0.0,0.0,10-27,246.33333333333334,3.0,"2024,2025,2026",False,2,Low
2026-10-28,Standard Queen,True,2024-01-01,config,False,0.0,0.0,0.0,0.0,10-28,340.28000000000003,3.0,"2024,2025,2026",False,2,Low
2026-10-29,Standard Queen,True,2024-01-01,config,False,0.0,0.0,0.0,0.0,10-29,309.14166666666665,3.0,"2024,2025,2026",False,2,Low
2026-10-30,Standard Queen,True,2024-01-01,config,False,0.0,0.0,0.0,0.0,10-30,331.14944444444444,3.0,"2024,2025,2026",False,2,Low
2026-10-31,Standard Queen,True,2024-01-01,config,False,0.0,0.0,0.0,0.0,10-31,244.3361111111111,3.0,"2024,2025,2026",False,1,Soft
2026-11-01,Standard Queen,True,2024-01-01,config,False,0.0,0.0,0.0,0.0,11-01,252.18277777777777,3.0,"2024,2025,2026",False,1,Soft
2026-11-02,Standard Queen,True,2024-01-01,config,False,0.0,0.0,0.0,0.0,11-02,127.03333333333335,3.0,"2024,2025,2026",False,1,Soft
2026-11-03,Standard Queen,True,2024-01-01,config,False,0.0,0.0,0.0,0.0,11-03,128.25,3.0,"2024,2025,2026",False,1,Soft
2026-11-04,Standard Queen,True,2024-01-01,config,False,0.0,0.0,0.0,0.0,11-04,58.63333333333333,3.0,"2024,2025,2026",False,1,Soft
2026-11-05,Standard Queen,True,2024-01-01,config,False,0.0,0.0,0.0,0.0,11-05,147.3422222222222,3.0,"2024,2025,2026",False,1,Soft
2026-11-06,Standard Queen,True,2024-01-01,config,False,0.0,0.0,0.0,0.0,11-06,196.4088888888889,3.0,"2024,2025,2026",False,1,Soft
2026-11-07,Standard Queen,True,2024-01-01,config,False,0.0,0.0,0.0,0.0,11-07,219.10555555555553,3.0,"2024,2025,2026",False,1,Soft
2026-11-08,Standard Queen,True,2024-01-01,config,False,0.0,0.0,0.0,0.0,11-08,277.7722222222222,3.0,"2024,2025,2026",False,1,Soft
2026-11-09,Standard Queen,True,2024-01-01,config,False,0.0,0.0,0.0,0.0,11-09,274.68888888888887,3.0,"2024,2025,2026",False,1,Soft
2026-11-10,Standard Queen,True,2024-01-01,config,False,0.0,0.0,0.0,0.0,11-10,247.62222222222223,3.0,"2024,2025,2026",False,1,Soft
2026-11-11,Standard Queen,True,2024-01-01,config,False,0.0,0.0,0.0,0.0,11-11,189.83333333333334,3.0,"2024,2025,2026",False,1,Soft
2026-11-12,Standard Queen,True,2024-01-01,config,False,0.0,0.0,0.0,0.0,11-12,95.63333333333333,3.0,"2024,2025,2026",False,1,Soft
2026-11-13,Standard Queen,True,2024-01-01,config,False,0.0,0.0,0.0,0.0,11-13,96.61666666666667,3.0,"2024,2025,2026",False,1,Soft
2026-11-14,Standard Queen,True,2024-01-01,config,False,0.0,0.0,0.0,0.0,11-14,184.26,3.0,"2024,2025,2026",False,1,Soft
2026-11-15,Standard Queen,True,2024-01-01,config,False,0.0,0.0,0.0,0.0,11-15,96.46,3.0,"2024,2025,2026",False,1,Soft
2026-11-16,Standard Queen,True,2024-01-01,config,False,0.0,0.0,0.0,0.0,11-16,139.54333333333332,3.0,"2024,2025,2026",False,1,Soft
2026-11-17,Standard Queen,True,2024-01-01,config,False,0.0,0.0,0.0,0.0,11-17,196.49333333333334,3.0,"2024,2025,2026",False,1,Soft
2026-11-18,Standard Queen,True,2024-01-01,config,False,0.0,0.0,0.0,0.0,11-18,70.86666666666666,3.0,"2024,2025,2026",False,1,Soft
2026-11-19,Standard Queen,True,2024-01-01,config,False,0.0,0.0,0.0,0.0,11-19,21.53333333333333,3.0,"2024,2025,2026",False,1,Soft
2026-11-20,Standard Queen,True,2024-01-01,config,False,0.0,0.0,0.0,0.0,11-20,111.42666666666666,3.0,"2024,2025,2026",False,1,Soft
2026-11-21,Standard Queen,True,2024-01-01,config,False,0.0,0.0,0.0,0.0,11-21,235.26666666666665,3.0,"2024,2025,2026",False,1,Soft
2026-11-22,Standard Queen,True,2024-01-01,config,False,0.0,0.0,0.0,0.0,11-22,221.40333333333334,3.0,"2024,2025,2026",False,1,Soft
2026-11-23,Standard Queen,True,2024-01-01,config,False,0.0,0.0,0.0,0.0,11-23,190.22000000000003,3.0,"2024,2025,2026",False,1,Soft
2026-11-24,Standard Queen,True,2024-01-01,config,False,0.0,0.0,0.0,0.0,11-24,157.91738095238097,3.0,"2024,2025,2026",False,1,Soft
2026-11-25,Standard Queen,True,2024-01-01,config,False,0.0,0.0,0.0,0.0,11-25,213.11071428571427,3.0,"2024,2025,2026",False,1,Soft
2026-11-26,Standard Queen,True,2024-01-01,config,False,0.0,0.0,0.0,0.0,11-26,198.11904761904762,3.0,"2024,2025,2026",False,1,Soft
2026-11-27,Standard Queen,True,2024-01-01,config,False,0.0,0.0,0.0,0.0,11-27,153.11904761904762,3.0,"2024,2025,2026",False,1,Soft
2026-11-28,Standard Queen,True,2024-01-01,config,False,0.0,0.0,0.0,0.0,11-28,274.0768253968254,3.0,"2024,2025,2026",False,1,Soft
2026-11-29,Standard Queen,True,2024-01-01,config,False,0.0,0.0,0.0,0.0,11-29,335.7634920634921,3.0,"2024,2025,2026",False,1,Soft
2026-11-30,Standard Queen,True,2024-01-01,config,False,0.0,0.0,0.0,0.0,11-30,276.2463492063492,3.0,"2024,2025,2026",False,1,Soft
2026-12-01,Standard Queen,True,2024-01-01,config,False,0.0,0.0,0.0,0.0,12-01,69.94452380952382,3.0,"2024,2025,2026",False,1,Soft
2026-12-02,Standard Queen,True,2024-01-01,config,False,0.0,0.0,0.0,0.0,12-02,108.72195970695971,3.0,"2024,2025,2026",False,1,Soft
2026-12-03,Standard Queen,True,2024-01-01,config,False,0.0,0.0,0.0,0.0,12-03,181.4319597069597,3.0,"2024,2025,2026",False,1,Soft
2026-12-04,Standard Queen,True,2024-01-01,config,False,0.0,0.0,0.0,0.0,12-04,204.19640415140415,3.0,"2024,2025,2026",False,1,Soft
2026-12-05,Standard Queen,True,2024-01-01,config,False,0.0,0.0,0.0,0.0,12-05,259.1047374847375,3.0,"2024,2025,2026",False,1,Soft
2026-12-06,Standard Queen,True,2024-01-01,config,False,0.0,0.0,0.0,0.0,12-06,258.3547374847375,3.0,"2024,2025,2026",False,1,Soft
2026-12-07,Standard Queen,True,2024-01-01,config,False,0.0,0.0,0.0,0.0,12-07,77.7974358974359,3.0,"2024,2025,2026",False,1,Soft
2026-12-08,Standard Queen,True,2024-01-01,config,False,0.0,0.0,0.0,0.0,12-08,91.48076923076924,3.0,"2024,2025,2026",False,1,Soft
2026-12-09,Standard Queen,True,2024-01-01,config,False,0.0,0.0,0.0,0.0,12-09,91.48076923076924,3.0,"2024,2025,2026",False,1,Soft
2026-12-10,Standard Queen,True,2024-01-01,config,False,0.0,0.0,0.0,0.0,12-10,76.0974358974359,3.0,"2024,2025,2026",False,1,Soft
2026-12-11,Standard Queen,True,2024-01-01,config,False,0.0,0.0,0.0,0.0,12-11,131.53076923076924,3.0,"2024,2025,2026",False,1,Soft
2026-12-12,Standard Queen,True,2024-01-01,config,False,0.0,0.0,0.0,0.0,12-12,276.0049358974359,3.0,"2024,2025,2026",False,1,Soft
2026-12-13,Standard Queen,True,2024-01-01,config,False,0.0,0.0,0.0,0.0,12-13,260.1049358974359,3.0,"2024,2025,2026",False,1,Soft
2026-12-14,Standard Queen,True,2024-01-01,config,False,0.0,0.0,0.0,0.0,12-14,178.87993589743587,3.0,"2024,2025,2026",False,1,Soft
2026-12-15,Standard Queen,True,2024-01-01,config,False,0.0,0.0,0.0,0.0,12-15,189.14326923076922,3.0,"2024,2025,2026",False,1,Soft
2026-12-16,Standard Queen,True,2024-01-01,config,False,0.0,0.0,0.0,0.0,12-16,93.79743589743589,3.0,"2024,2025,2026",False,1,Soft
2026-12-17,Standard Queen,True,2024-01-01,config,False,0.0,0.0,0.0,0.0,12-17,142.13076923076923,3.0,"2024,2025,2026",False,2,Low
2026-12-18,Standard Queen,True,2024-01-01,config,False,0.0,0.0,0.0,0.0,12-18,211.08076923076922,3.0,"2024,2025,2026",False,2,Low
2026-12-19,Standard Queen,True,2024-01-01,config,False,0.0,0.0,0.0,0.0,12-19,303.9807692307692,3.0,"2024,2025,2026",False,2,Low
2026-12-20,Standard Queen,True,2024-01-01,config,False,0.0,0.0,0.0,0.0,12-20,332.58076923076925,3.0,"2024,2025,2026",False,2,Low
2026-12-21,Standard Queen,True,2024-01-01,config,False,0.0,0.0,0.0,0.0,12-21,144.6724358974359,3.0,"2024,2025,2026",False,2,Low
2026-12-22,Standard Queen,True,2024-01-01,config,False,0.0,0.0,0.0,0.0,12-22,215.90576923076924,3.0,"2024,2025,2026",False,2,Low
2026-12-23,Standard Queen,True,2024-01-01,config,False,0.0,0.0,0.0,0.0,12-23,231.20576923076922,3.0,"2024,2025,2026",False,3,Shoulder
2026-12-24,Standard Queen,True,2024-01-01,config,False,0.0,0.0,0.0,0.0,12-24,213.70576923076922,3.0,"2024,2025,2026",False,3,Shoulder
2026-12-25,Standard Queen,True,2024-01-01,config,False,0.0,0.0,0.0,0.0,12-25,179.72243589743587,3.0,"2024,2025,2026",False,3,Shoulder
2026-12-26,Standard Queen,True,2024-01-01,config,False,0.0,0.0,0.0,0.0,12-26,199.5599358974359,3.0,"2024,2025,2026",False,3,Shoulder
2026-12-27,Standard Queen,True,2024-01-01,config,False,0.0,0.0,0.0,0.0,12-27,385.70549145299145,3.0,"2024,2025,2026",False,3,Shoulder
2026-12-28,Standard Queen,True,2024-01-01,config,False,0.0,0.0,0.0,0.0,12-28,448.7596581196581,3.0,"2024,2025,2026",False,3,Shoulder
2026-12-29,Standard Queen,True,2024-01-01,config,False,0.0,0.0,0.0,0.0,12-29,401.73465811965815,3.0,"2024,2025,2026",False,3,Shoulder
2026-12-30,Standard Queen,True,2024-01-01,config,False,0.0,0.0,0.0,0.0,12-30,341.4824358974359,3.0,"2024,2025,2026",False,3,Shoulder
2026-12-31,Standard Queen,True,2024-01-01,config,False,0.0,0.0,0.0,0.0,12-31,392.5724358974359,3.0,"2024,2025,2026",False,3,Shoulder
2024-01-01,Standard Queen with Kitchen,False,2026-04-01,config,False,,,,,01-01,,,,False,3,Shoulder
2024-01-02,Standard Queen with Kitchen,False,2026-04-01,config,False,,,,,01-02,,,,False,2,Low
2024-01-03,Standard Queen with Kitchen,False,2026-04-01,config,False,,,,,01-03,,,,False,2,Low
2024-01-04,Standard Queen with Kitchen,False,2026-04-01,config,False,,,,,01-04,,,,False,2,Low
2024-01-05,Standard Queen with Kitchen,False,2026-04-01,config,False,,,,,01-05,,,,False,2,Low
2024-01-06,Standard Queen with Kitchen,False,2026-04-01,config,False,,,,,01-06,,,,False,2,Low
2024-01-07,Standard Queen with Kitchen,False,2026-04-01,config,False,,,,,01-07,,,,False,2,Low
2024-01-08,Standard Queen with Kitchen,False,2026-04-01,config,False,,,,,01-08,,,,False,2,Low
2024-01-09,Standard Queen with Kitchen,False,2026-04-01,config,False,,,,,01-09,,,,False,2,Low
2024-01-10,Standard Queen with Kitchen,False,2026-04-01,config,False,,,,,01-10,,,,False,2,Low
2024-01-11,Standard Queen with Kitchen,False,2026-04-01,config,False,,,,,01-11,,,,False,2,Low
2024-01-12,Standard Queen with Kitchen,False,2026-04-01,config,False,,,,,01-12,,,,False,2,Low
2024-01-13,Standard Queen with Kitchen,False,2026-04-01,config,False,,,,,01-13,,,,False,2,Low
2024-01-14,Standard Queen with Kitchen,False,2026-04-01,config,False,,,,,01-14,,,,False,2,Low
2024-01-15,Standard Queen with Kitchen,False,2026-04-01,config,False,,,,,01-15,,,,False,2,Low
2024-01-16,Standard Queen with Kitchen,False,2026-04-01,config,False,,,,,01-16,,,,False,2,Low
2024-01-17,Standard Queen with Kitchen,False,2026-04-01,config,False,,,,,01-17,,,,False,2,Low
2024-01-18,Standard Queen with Kitchen,False,2026-04-01,config,False,,,,,01-18,,,,False,2,Low
2024-01-19,Standard Queen with Kitchen,False,2026-04-01,config,False,,,,,01-19,,,,False,2,Low
2024-01-20,Standard Queen with Kitchen,False,2026-04-01,config,False,,,,,01-20,,,,False,2,Low
2024-01-21,Standard Queen with Kitchen,False,2026-04-01,config,False,,,,,01-21,,,,False,1,Soft
2024-01-22,Standard Queen with Kitchen,False,2026-04-01,config,False,,,,,01-22,,,,False,1,Soft
2024-01-23,Standard Queen with Kitchen,False,2026-04-01,config,False,,,,,01-23,,,,False,1,Soft
2024-01-24,Standard Queen with Kitchen,False,2026-04-01,config,False,,,,,01-24,,,,False,1,Soft
2024-01-25,Standard Queen with Kitchen,False,2026-04-01,config,False,,,,,01-25,,,,False,1,Soft
2024-01-26,Standard Queen with Kitchen,False,2026-04-01,config,False,,,,,01-26,,,,False,1,Soft
2024-01-27,Standard Queen with Kitchen,False,2026-04-01,config,False,,,,,01-27,,,,False,1,Soft
2024-01-28,Standard Queen with Kitchen,False,2026-04-01,config,False,,,,,01-28,,,,False,1,Soft
2024-01-29,Standard Queen with Kitchen,False,2026-04-01,config,False,,,,,01-29,,,,False,1,Soft
2024-01-30,Standard Queen with Kitchen,False,2026-04-01,config,False,,,,,01-30,,,,False,1,Soft
2024-01-31,Standard Queen with Kitchen,False,2026-04-01,config,False,,,,,01-31,,,,False,1,Soft
2024-02-01,Standard Queen with Kitchen,False,2026-04-01,config,False,,,,,02-01,,,,False,1,Soft
2024-02-02,Standard Queen with Kitchen,False,2026-04-01,config,False,,,,,02-02,,,,False,1,Soft
2024-02-03,Standard Queen with Kitchen,False,2026-04-01,config,False,,,,,02-03,,,,False,1,Soft
2024-02-04,Standard Queen with Kitchen,False,2026-04-01,config,False,,,,,02-04,,,,False,1,Soft
2024-02-05,Standard Queen with Kitchen,False,2026-04-01,config,False,,,,,02-05,,,,False,1,Soft
2024-02-06,Standard Queen with Kitchen,False,2026-04-01,config,False,,,,,02-06,,,,False,1,Soft
2024-02-07,Standard Queen with Kitchen,False,2026-04-01,config,False,,,,,02-07,,,,False,1,Soft
2024-02-08,Standard Queen with Kitchen,False,2026-04-01,config,False,,,,,02-08,,,,False,1,Soft
2024-02-09,Standard Queen with Kitchen,False,2026-04-01,config,False,,,,,02-09,,,,False,1,Soft
2024-02-10,Standard Queen with Kitchen,False,2026-04-01,config,False,,,,,02-10,,,,False,2,Low
2024-02-11,Standard Queen with Kitchen,False,2026-04-01,config,False,,,,,02-11,,,,False,2,Low
2024-02-12,Standard Queen with Kitchen,False,2026-04-01,config,False,,,,,02-12,,,,False,2,Low
2024-02-13,Standard Queen with Kitchen,False,2026-04-01,config,False,,,,,02-13,,,,False,2,Low
2024-02-14,Standard Queen with Kitchen,False,2026-04-01,config,False,,,,,02-14,,,,False,2,Low
2024-02-15,Standard Queen with Kitchen,False,2026-04-01,config,False,,,,,02-15,,,,False,2,Low
2024-02-16,Standard Queen with Kitchen,False,2026-04-01,config,False,,,,,02-16,,,,False,2,Low
2024-02-17,Standard Queen with Kitchen,False,2026-04-01,config,False,,,,,02-17,,,,False,2,Low
2024-02-18,Standard Queen with Kitchen,False,2026-04-01,config,False,,,,,02-18,,,,False,2,Low
2024-02-19,Standard Queen with Kitchen,False,2026-04-01,config,False,,,,,02-19,,,,False,2,Low
2024-02-20,Standard Queen with Kitchen,False,2026-04-01,config,False,,,,,02-20,,,,False,2,Low
2024-02-21,Standard Queen with Kitchen,False,2026-04-01,config,False,,,,,02-21,,,,False,2,Low
2024-02-22,Standard Queen with Kitchen,False,2026-04-01,config,False,,,,,02-22,,,,False,2,Low
2024-02-23,Standard Queen with Kitchen,False,2026-04-01,config,False,,,,,02-23,,,,False,2,Low
2024-02-24,Standard Queen with Kitchen,False,2026-04-01,config,False,,,,,02-24,,,,False,1,Soft
2024-02-25,Standard Queen with Kitchen,False,2026-04-01,config,False,,,,,02-25,,,,False,1,Soft
2024-02-26,Standard Queen with Kitchen,False,2026-04-01,config,False,,,,,02-26,,,,False,1,Soft
2024-02-27,Standard Queen with Kitchen,False,2026-04-01,config,False,,,,,02-27,,,,False,1,Soft
2024-02-28,Standard Queen with Kitchen,False,2026-04-01,config,False,,,,,02-28,,,,False,1,Soft
2024-02-29,Standard Queen with Kitchen,False,2026-04-01,config,False,,,,,02-29,,,,False,1,Soft
2024-03-01,Standard Queen with Kitchen,False,2026-04-01,config,False,,,,,03-01,,,,False,1,Soft
2024-03-02,Standard Queen with Kitchen,False,2026-04-01,config,False,,,,,03-02,,,,False,1,Soft
2024-03-03,Standard Queen with Kitchen,False,2026-04-01,config,False,,,,,03-03,,,,False,1,Soft
2024-03-04,Standard Queen with Kitchen,False,2026-04-01,config,False,,,,,03-04,,,,False,1,Soft
2024-03-05,Standard Queen with Kitchen,False,2026-04-01,config,False,,,,,03-05,,,,False,1,Soft
2024-03-06,Standard Queen with Kitchen,False,2026-04-01,config,False,,,,,03-06,,,,False,2,Low
2024-03-07,Standard Queen with Kitchen,False,2026-04-01,config,False,,,,,03-07,,,,False,2,Low
2024-03-08,Standard Queen with Kitchen,False,2026-04-01,config,False,,,,,03-08,,,,False,2,Low
2024-03-09,Standard Queen with Kitchen,False,2026-04-01,config,False,,,,,03-09,,,,False,2,Low
2024-03-10,Standard Queen with Kitchen,False,2026-04-01,config,False,,,,,03-10,,,,False,2,Low
2024-03-11,Standard Queen with Kitchen,False,2026-04-01,config,False,,,,,03-11,,,,False,2,Low
2024-03-12,Standard Queen with Kitchen,False,2026-04-01,config,False,,,,,03-12,,,,False,3,Shoulder
2024-03-13,Standard Queen with Kitchen,False,2026-04-01,config,False,,,,,03-13,,,,False,3,Shoulder
2024-03-14,Standard Queen with Kitchen,False,2026-04-01,config,False,,,,,03-14,,,,False,3,Shoulder
2024-03-15,Standard Queen with Kitchen,False,2026-04-01,config,False,,,,,03-15,,,,False,3,Shoulder
2024-03-16,Standard Queen with Kitchen,False,2026-04-01,config,False,,,,,03-16,,,,False,3,Shoulder
2024-03-17,Standard Queen with Kitchen,False,2026-04-01,config,False,,,,,03-17,,,,False,3,Shoulder
2024-03-18,Standard Queen with Kitchen,False,2026-04-01,config,False,,,,,03-18,,,,False,3,Shoulder
2024-03-19,Standard Queen with Kitchen,False,2026-04-01,config,False,,,,,03-19,,,,False,3,Shoulder
2024-03-20,Standard Queen with Kitchen,False,2026-04-01,config,False,,,,,03-20,,,,False,3,Shoulder
2024-03-21,Standard Queen with Kitchen,False,2026-04-01,config,False,,,,,03-21,,,,False,3,Shoulder
2024-03-22,Standard Queen with Kitchen,False,2026-04-01,config,False,,,,,03-22,,,,False,3,Shoulder
2024-03-23,Standard Queen with Kitchen,False,2026-04-01,config,False,,,,,03-23,,,,False,3,Shoulder
2024-03-24,Standard Queen with Kitchen,False,2026-04-01,config,False,,,,,03-24,,,,False,3,Shoulder
2024-03-25,Standard Queen with Kitchen,False,2026-04-01,config,False,,,,,03-25,,,,False,3,Shoulder
2024-03-26,Standard Queen with Kitchen,False,2026-04-01,config,False,,,,,03-26,,,,False,2,Low
2024-03-27,Standard Queen with Kitchen,False,2026-04-01,config,False,,,,,03-27,,,,False,2,Low
2024-03-28,Standard Queen with Kitchen,False,2026-04-01,config,False,,,,,03-28,,,,False,2,Low
2024-03-29,Standard Queen with Kitchen,False,2026-04-01,config,False,,,,,03-29,,,,False,2,Low
2024-03-30,Standard Queen with Kitchen,False,2026-04-01,config,False,,,,,03-30,,,,False,2,Low
2024-03-31,Standard Queen with Kitchen,False,2026-04-01,config,False,,,,,03-31,,,,False,2,Low
2024-04-01,Standard Queen with Kitchen,False,2026-04-01,config,False,,,,,04-01,0.0,1.0,2026,False,3,Shoulder
2024-04-02,Standard Queen with Kitchen,False,2026-04-01,config,False,,,,,04-02,0.0,1.0,2026,False,3,Shoulder
2024-04-03,Standard Queen with Kitchen,False,2026-04-01,config,False,,,,,04-03,0.0,1.0,2026,False,2,Low
2024-04-04,Standard Queen with Kitchen,False,2026-04-01,config,False,,,,,04-04,0.0,1.0,2026,False,2,Low
2024-04-05,Standard Queen with Kitchen,False,2026-04-01,config,False,,,,,04-05,0.0,1.0,2026,False,2,Low
2024-04-06,Standard Queen with Kitchen,False,2026-04-01,config,False,,,,,04-06,0.0,1.0,2026,False,2,Low
2024-04-07,Standard Queen with Kitchen,False,2026-04-01,config,False,,,,,04-07,62.77,1.0,2026,False,2,Low
2024-04-08,Standard Queen with Kitchen,False,2026-04-01,config,False,,,,,04-08,62.77,1.0,2026,False,2,Low
2024-04-09,Standard Queen with Kitchen,False,2026-04-01,config,False,,,,,04-09,0.0,1.0,2026,False,2,Low
2024-04-10,Standard Queen with Kitchen,False,2026-04-01,config,False,,,,,04-10,0.0,1.0,2026,False,2,Low
2024-04-11,Standard Queen with Kitchen,False,2026-04-01,config,False,,,,,04-11,0.0,1.0,2026,False,2,Low
2024-04-12,Standard Queen with Kitchen,False,2026-04-01,config,False,,,,,04-12,0.0,1.0,2026,False,2,Low
2024-04-13,Standard Queen with Kitchen,False,2026-04-01,config,False,,,,,04-13,0.0,1.0,2026,False,2,Low
2024-04-14,Standard Queen with Kitchen,False,2026-04-01,config,False,,,,,04-14,0.0,1.0,2026,False,2,Low
2024-04-15,Standard Queen with Kitchen,False,2026-04-01,config,False,,,,,04-15,0.0,1.0,2026,False,2,Low
2024-04-16,Standard Queen with Kitchen,False,2026-04-01,config,False,,,,,04-16,99.0,1.0,2026,False,2,Low
2024-04-17,Standard Queen with Kitchen,False,2026-04-01,config,False,,,,,04-17,71.00333333333333,1.0,2026,False,3,Shoulder
2024-04-18,Standard Queen with Kitchen,False,2026-04-01,config,False,,,,,04-18,71.00333333333333,1.0,2026,False,3,Shoulder
2024-04-19,Standard Queen with Kitchen,False,2026-04-01,config,False,,,,,04-19,71.00333333333333,1.0,2026,False,3,Shoulder
2024-04-20,Standard Queen with Kitchen,False,2026-04-01,config,False,,,,,04-20,87.0,1.0,2026,False,3,Shoulder
2024-04-21,Standard Queen with Kitchen,False,2026-04-01,config,False,,,,,04-21,0.0,1.0,2026,False,3,Shoulder
2024-04-22,Standard Queen with Kitchen,False,2026-04-01,config,False,,,,,04-22,65.7625,1.0,2026,False,3,Shoulder
2024-04-23,Standard Queen with Kitchen,False,2026-04-01,config,False,,,,,04-23,65.7625,1.0,2026,False,3,Shoulder
2024-04-24,Standard Queen with Kitchen,False,2026-04-01,config,False,,,,,04-24,65.7625,1.0,2026,False,3,Shoulder
2024-04-25,Standard Queen with Kitchen,False,2026-04-01,config,False,,,,,04-25,65.7625,1.0,2026,False,3,Shoulder
2024-04-26,Standard Queen with Kitchen,False,2026-04-01,config,False,,,,,04-26,88.25,1.0,2026,False,3,Shoulder
2024-04-27,Standard Queen with Kitchen,False,2026-04-01,config,False,,,,,04-27,88.25,1.0,2026,False,3,Shoulder
2024-04-28,Standard Queen with Kitchen,False,2026-04-01,config,False,,,,,04-28,88.25,1.0,2026,False,3,Shoulder
2024-04-29,Standard Queen with Kitchen,False,2026-04-01,config,False,,,,,04-29,88.25,1.0,2026,False,3,Shoulder
2024-04-30,Standard Queen with Kitchen,False,2026-04-01,config,False,,,,,04-30,0.0,1.0,2026,False,3,Shoulder
2024-05-01,Standard Queen with Kitchen,False,2026-04-01,config,False,,,,,05-01,115.42,1.0,2026,False,3,Shoulder
2024-05-02,Standard Queen with Kitchen,False,2026-04-01,config,False,,,,,05-02,0.0,1.0,2026,False,3,Shoulder
2024-05-03,Standard Queen with Kitchen,False,2026-04-01,config,False,,,,,05-03,0.0,1.0,2026,False,3,Shoulder
2024-05-04,Standard Queen with Kitchen,False,2026-04-01,config,False,,,,,05-04,0.0,1.0,2026,False,3,Shoulder
2024-05-05,Standard Queen with Kitchen,False,2026-04-01,config,False,,,,,05-05,79.22,1.0,2026,False,3,Shoulder
2024-05-06,Standard Queen with Kitchen,False,2026-04-01,config,False,,,,,05-06,0.0,1.0,2026,False,3,Shoulder
2024-05-07,Standard Queen with Kitchen,False,2026-04-01,config,False,,,,,05-07,0.0,1.0,2026,False,3,Shoulder
2024-05-08,Standard Queen with Kitchen,False,2026-04-01,config,False,,,,,05-08,181.915,1.0,2026,False,3,Shoulder
2024-05-09,Standard Queen with Kitchen,False,2026-04-01,config,False,,,,,05-09,181.915,1.0,2026,False,3,Shoulder
2024-05-10,Standard Queen with Kitchen,False,2026-04-01,config,False,,,,,05-10,0.0,1.0,2026,False,3,Shoulder
2024-05-11,Standard Queen with Kitchen,False,2026-04-01,config,False,,,,,05-11,150.33333333333334,1.0,2026,False,3,Shoulder
2024-05-12,Standard Queen with Kitchen,False,2026-04-01,config,False,,,,,05-12,150.33333333333334,1.0,2026,False,3,Shoulder
2024-05-13,Standard Queen with Kitchen,False,2026-04-01,config,False,,,,,05-13,150.33333333333334,1.0,2026,False,3,Shoulder
2024-05-14,Standard Queen with Kitchen,False,2026-04-01,config,False,,,,,05-14,0.0,1.0,2026,False,3,Shoulder
2024-05-15,Standard Queen with Kitchen,False,2026-04-01,config,False,,,,,05-15,0.0,1.0,2026,False,3,Shoulder
2024-05-16,Standard Queen with Kitchen,False,2026-04-01,config,False,,,,,05-16,79.22,1.0,2026,False,3,Shoulder
2024-05-17,Standard Queen with Kitchen,False,2026-04-01,config,False,,,,,05-17,0.0,1.0,2026,False,4,High
2024-05-18,Standard Queen with Kitchen,False,2026-04-01,config,False,,,,,05-18,81.34,1.0,2026,False,4,High
2024-05-19,Standard Queen with Kitchen,False,2026-04-01,config,False,,,,,05-19,0.0,1.0,2026,False,4,High
2024-05-20,Standard Queen with Kitchen,False,2026-04-01,config,False,,,,,05-20,0.0,1.0,2026,False,4,High
2024-05-21,Standard Queen with Kitchen,False,2026-04-01,config,False,,,,,05-21,116.505,1.0,2026,False,4,High
2024-05-22,Standard Queen with Kitchen,False,2026-04-01,config,False,,,,,05-22,116.505,1.0,2026,False,4,High
2024-05-23,Standard Queen with Kitchen,False,2026-04-01,config,False,,,,,05-23,222.0,1.0,2026,False,4,High
2024-05-24,Standard Queen with Kitchen,False,2026-04-01,config,False,,,,,05-24,222.0,1.0,2026,False,4,High
2024-05-25,Standard Queen with Kitchen,False,2026-04-01,config,False,,,,,05-25,69.40666666666667,1.0,2026,False,4,High
2024-05-26,Standard Queen with Kitchen,False,2026-04-01,config,False,,,,,05-26,69.40666666666667,1.0,2026,False,5,Peak
2024-05-27,Standard Queen with Kitchen,False,2026-04-01,config,False,,,,,05-27,69.40666666666667,1.0,2026,False,5,Peak
2024-05-28,Standard Queen with Kitchen,False,2026-04-01,config,False,,,,,05-28,0.0,1.0,2026,False,5,Peak
2024-05-29,Standard Queen with Kitchen,False,2026-04-01,config,False,,,,,05-29,124.08,1.0,2026,False,5,Peak
2024-05-30,Standard Queen with Kitchen,False,2026-04-01,config,False,,,,,05-30,124.08,1.0,2026,False,5,Peak
2024-05-31,Standard Queen with Kitchen,False,2026-04-01,config,False,,,,,05-31,144.325,1.0,2026,False,5,Peak
2024-06-01,Standard Queen with Kitchen,False,2026-04-01,config,False,,,,,06-01,144.325,1.0,2026,False,5,Peak
2024-06-02,Standard Queen with Kitchen,False,2026-04-01,config,False,,,,,06-02,152.95,1.0,2026,False,5,Peak
2024-06-03,Standard Queen with Kitchen,False,2026-04-01,config,False,,,,,06-03,74.95,1.0,2026,False,5,Peak
2024-06-04,Standard Queen with Kitchen,False,2026-04-01,config,False,,,,,06-04,115.57,1.0,2026,False,5,Peak
2024-06-05,Standard Queen with Kitchen,False,2026-04-01,config,False,,,,,06-05,130.28,1.0,2026,False,5,Peak
2024-06-06,Standard Queen with Kitchen,False,2026-04-01,config,False,,,,,06-06,130.28,1.0,2026,False,5,Peak
2024-06-07,Standard Queen with Kitchen,False,2026-04-01,config,False,,,,,06-07,0.0,1.0,2026,False,5,Peak
2024-06-08,Standard Queen with Kitchen,False,2026-04-01,config,False,,,,,06-08,193.5,1.0,2026,False,5,Peak
2024-06-09,Standard Queen with Kitchen,False,2026-04-01,config,False,,,,,06-09,193.5,1.0,2026,False,5,Peak
2024-06-10,Standard Queen with Kitchen,False,2026-04-01,config,False,,,,,06-10,193.5,1.0,2026,False,5,Peak
2024-06-11,Standard Queen with Kitchen,False,2026-04-01,config,False,,,,,06-11,193.5,1.0,2026,False,5,Peak
2024-06-12,Standard Queen with Kitchen,False,2026-04-01,config,False,,,,,06-12,153.5,1.0,2026,False,5,Peak
2024-06-13,Standard Queen with Kitchen,False,2026-04-01,config,False,,,,,06-13,153.5,1.0,2026,False,5,Peak
2024-06-14,Standard Queen with Kitchen,False,2026-04-01,config,False,,,,,06-14,100.605,1.0,2026,False,5,Peak
2024-06-15,Standard Queen with Kitchen,False,2026-04-01,config,False,,,,,06-15,100.605,1.0,2026,False,5,Peak
2024-06-16,Standard Queen with Kitchen,False,2026-04-01,config,False,,,,,06-16,123.065,1.0,2026,False,5,Peak
2024-06-17,Standard Queen with Kitchen,False,2026-04-01,config,False,,,,,06-17,123.065,1.0,2026,False,5,Peak
2024-06-18,Standard Queen with Kitchen,False,2026-04-01,config,False,,,,,06-18,162.0,1.0,2026,False,5,Peak
2024-06-19,Standard Queen with Kitchen,False,2026-04-01,config,False,,,,,06-19,178.2475,1.0,2026,False,5,Peak
2024-06-20,Standard Queen with Kitchen,False,2026-04-01,config,False,,,,,06-20,178.2475,1.0,2026,False,5,Peak
2024-06-21,Standard Queen with Kitchen,False,2026-04-01,config,False,,,,,06-21,178.2475,1.0,2026,False,5,Peak
2024-06-22,Standard Queen with Kitchen,False,2026-04-01,config,False,,,,,06-22,178.2475,1.0,2026,False,5,Peak
2024-06-23,Standard Queen with Kitchen,False,2026-04-01,config,False,,,,,06-23,184.0,1.0,2026,False,5,Peak
2024-06-24,Standard Queen with Kitchen,False,2026-04-01,config,False,,,,,06-24,179.5,1.0,2026,False,5,Peak
2024-06-25,Standard Queen with Kitchen,False,2026-04-01,config,False,,,,,06-25,179.5,1.0,2026,False,5,Peak
2024-06-26,Standard Queen with Kitchen,False,2026-04-01,config,False,,,,,06-26,255.0,1.0,2026,False,5,Peak
2024-06-27,Standard Queen with Kitchen,False,2026-04-01,config,False,,,,,06-27,255.0,1.0,2026,False,5,Peak
2024-06-28,Standard Queen with Kitchen,False,2026-04-01,config,False,,,,,06-28,139.56,1.0,2026,False,5,Peak
2024-06-29,Standard Queen with Kitchen,False,2026-04-01,config,False,,,,,06-29,184.0,1.0,2026,False,5,Peak
2024-06-30,Standard Queen with Kitchen,False,2026-04-01,config,False,,,,,06-30,87.5,1.0,2026,False,5,Peak
2024-07-01,Standard Queen with Kitchen,False,2026-04-01,config,False,,,,,07-01,87.5,1.0,2026,False,5,Peak
2024-07-02,Standard Queen with Kitchen,False,2026-04-01,config,False,,,,,07-02,0.0,1.0,2026,False,5,Peak
2024-07-03,Standard Queen with Kitchen,False,2026-04-01,config,False,,,,,07-03,0.0,1.0,2026,False,5,Peak
2024-07-04,Standard Queen with Kitchen,False,2026-04-01,config,False,,,,,07-04,0.0,1.0,2026,False,5,Peak
2024-07-05,Standard Queen with Kitchen,False,2026-04-01,config,False,,,,,07-05,102.4,1.0,2026,False,5,Peak
2024-07-06,Standard Queen with Kitchen,False,2026-04-01,config,False,,,,,07-06,160.0,1.0,2026,False,5,Peak
2024-07-07,Standard Queen with Kitchen,False,2026-04-01,config,False,,,,,07-07,172.0,1.0,2026,False,5,Peak
2024-07-08,Standard Queen with Kitchen,False,2026-04-01,config,False,,,,,07-08,211.0,1.0,2026,False,5,Peak
2024-07-09,Standard Queen with Kitchen,False,2026-04-01,config,False,,,,,07-09,150.0,1.0,2026,False,5,Peak
2024-07-10,Standard Queen with Kitchen,False,2026-04-01,config,False,,,,,07-10,198.55,1.0,2026,False,5,Peak
2024-07-11,Standard Queen with Kitchen,False,2026-04-01,config,False,,,,,07-11,195.0,1.0,2026,False,5,Peak
2024-07-12,Standard Queen with Kitchen,False,2026-04-01,config,False,,,,,07-12,117.24,1.0,2026,False,5,Peak
2024-07-13,Standard Queen with Kitchen,False,2026-04-01,config,False,,,,,07-13,178.5,1.0,2026,False,5,Peak
2024-07-14,Standard Queen with Kitchen,False,2026-04-01,config,False,,,,,07-14,148.4,1.0,2026,False,5,Peak
2024-07-15,Standard Queen with Kitchen,False,2026-04-01,config,False,,,,,07-15,148.4,1.0,2026,False,5,Peak
2024-07-16,Standard Queen with Kitchen,False,2026-04-01,config,False,,,,,07-16,148.4,1.0,2026,False,5,Peak
2024-07-17,Standard Queen with Kitchen,False,2026-04-01,config,False,,,,,07-17,148.4,1.0,2026,False,5,Peak
2024-07-18,Standard Queen with Kitchen,False,2026-04-01,config,False,,,,,07-18,148.4,1.0,2026,False,5,Peak
2024-07-19,Standard Queen with Kitchen,False,2026-04-01,config,False,,,,,07-19,148.4,1.0,2026,False,5,Peak
2024-07-20,Standard Queen with Kitchen,False,2026-04-01,config,False,,,,,07-20,173.25,1.0,2026,False,5,Peak
2024-07-21,Standard Queen with Kitchen,False,2026-04-01,config,False,,,,,07-21,0.0,1.0,2026,False,5,Peak
2024-07-22,Standard Queen with Kitchen,False,2026-04-01,config,False,,,,,07-22,0.0,1.0,2026,False,5,Peak
2024-07-23,Standard Queen with Kitchen,False,2026-04-01,config,False,,,,,07-23,0.0,1.0,2026,False,5,Peak
2024-07-24,Standard Queen with Kitchen,False,2026-04-01,config,False,,,,,07-24,0.0,1.0,2026,False,5,Peak
2024-07-25,Standard Queen with Kitchen,False,2026-04-01,config,False,,,,,07-25,0.0,1.0,2026,False,5,Peak
2024-07-26,Standard Queen with Kitchen,False,2026-04-01,config,False,,,,,07-26,0.0,1.0,2026,False,5,Peak
2024-07-27,Standard Queen with Kitchen,False,2026-04-01,config,False,,,,,07-27,0.0,1.0,2026,False,5,Peak
2024-07-28,Standard Queen with Kitchen,False,2026-04-01,config,False,,,,,07-28,0.0,1.0,2026,False,5,Peak
2024-07-29,Standard Queen with Kitchen,False,2026-04-01,config,False,,,,,07-29,0.0,1.0,2026,False,5,Peak
2024-07-30,Standard Queen with Kitchen,False,2026-04-01,config,False,,,,,07-30,0.0,1.0,2026,False,5,Peak
2024-07-31,Standard Queen with Kitchen,False,2026-04-01,config,False,,,,,07-31,0.0,1.0,2026,False,5,Peak
2024-08-01,Standard Queen with Kitchen,False,2026-04-01,config,False,,,,,08-01,0.0,1.0,2026,False,5,Peak
2024-08-02,Standard Queen with Kitchen,False,2026-04-01,config,False,,,,,08-02,0.0,1.0,2026,False,5,Peak
2024-08-03,Standard Queen with Kitchen,False,2026-04-01,config,False,,,,,08-03,0.0,1.0,2026,False,5,Peak
2024-08-04,Standard Queen with Kitchen,False,2026-04-01,config,False,,,,,08-04,0.0,1.0,2026,False,5,Peak
2024-08-05,Standard Queen with Kitchen,False,2026-04-01,config,False,,,,,08-05,0.0,1.0,2026,False,4,High
2024-08-06,Standard Queen with Kitchen,False,2026-04-01,config,False,,,,,08-06,0.0,1.0,2026,False,4,High
2024-08-07,Standard Queen with Kitchen,False,2026-04-01,config,False,,,,,08-07,0.0,1.0,2026,False,4,High
2024-08-08,Standard Queen with Kitchen,False,2026-04-01,config,False,,,,,08-08,0.0,1.0,2026,False,4,High
2024-08-09,Standard Queen with Kitchen,False,2026-04-01,config,False,,,,,08-09,0.0,1.0,2026,False,4,High
2024-08-10,Standard Queen with Kitchen,False,2026-04-01,config,False,,,,,08-10,0.0,1.0,2026,False,4,High
2024-08-11,Standard Queen with Kitchen,False,2026-04-01,config,False,,,,,08-11,0.0,1.0,2026,False,4,High
2024-08-12,Standard Queen with Kitchen,False,2026-04-01,config,False,,,,,08-12,0.0,1.0,2026,False,4,High
2024-08-13,Standard Queen with Kitchen,False,2026-04-01,config,False,,,,,08-13,0.0,1.0,2026,False,4,High
2024-08-14,Standard Queen with Kitchen,False,2026-04-01,config,False,,,,,08-14,0.0,1.0,2026,False,4,High
2024-08-15,Standard Queen with Kitchen,False,2026-04-01,config,False,,,,,08-15,0.0,1.0,2026,False,4,High
2024-08-16,Standard Queen with Kitchen,False,2026-04-01,config,False,,,,,08-16,0.0,1.0,2026,False,4,High
2024-08-17,Standard Queen with Kitchen,False,2026-04-01,config,False,,,,,08-17,0.0,1.0,2026,False,4,High
2024-08-18,Standard Queen with Kitchen,False,2026-04-01,config,False,,,,,08-18,0.0,1.0,2026,False,4,High
2024-08-19,Standard Queen with Kitchen,False,2026-04-01,config,False,,,,,08-19,0.0,1.0,2026,False,4,High
2024-08-20,Standard Queen with Kitchen,False,2026-04-01,config,False,,,,,08-20,0.0,1.0,2026,False,4,High
2024-08-21,Standard Queen with Kitchen,False,2026-04-01,config,False,,,,,08-21,0.0,1.0,2026,False,4,High
2024-08-22,Standard Queen with Kitchen,False,2026-04-01,config,False,,,,,08-22,0.0,1.0,2026,False,4,High
2024-08-23,Standard Queen with Kitchen,False,2026-04-01,config,False,,,,,08-23,0.0,1.0,2026,False,4,High
2024-08-24,Standard Queen with Kitchen,False,2026-04-01,config,False,,,,,08-24,0.0,1.0,2026,False,4,High
2024-08-25,Standard Queen with Kitchen,False,2026-04-01,config,False,,,,,08-25,0.0,1.0,2026,False,4,High
2024-08-26,Standard Queen with Kitchen,False,2026-04-01,config,False,,,,,08-26,0.0,1.0,2026,False,5,Peak
2024-08-27,Standard Queen with Kitchen,False,2026-04-01,config,False,,,,,08-27,0.0,1.0,2026,False,4,High
2024-08-28,Standard Queen with Kitchen,False,2026-04-01,config,False,,,,,08-28,0.0,1.0,2026,False,4,High
2024-08-29,Standard Queen with Kitchen,False,2026-04-01,config,False,,,,,08-29,0.0,1.0,2026,False,4,High
2024-08-30,Standard Queen with Kitchen,False,2026-04-01,config,False,,,,,08-30,0.0,1.0,2026,False,4,High
2024-08-31,Standard Queen with Kitchen,False,2026-04-01,config,False,,,,,08-31,0.0,1.0,2026,False,4,High
2024-09-01,Standard Queen with Kitchen,False,2026-04-01,config,False,,,,,09-01,0.0,1.0,2026,False,4,High
2024-09-02,Standard Queen with Kitchen,False,2026-04-01,config,False,,,,,09-02,0.0,1.0,2026,False,4,High
2024-09-03,Standard Queen with Kitchen,False,2026-04-01,config,False,,,,,09-03,0.0,1.0,2026,False,4,High
2024-09-04,Standard Queen with Kitchen,False,2026-04-01,config,False,,,,,09-04,0.0,1.0,2026,False,5,Peak
2024-09-05,Standard Queen with Kitchen,False,2026-04-01,config,False,,,,,09-05,190.0,1.0,2026,False,5,Peak
2024-09-06,Standard Queen with Kitchen,False,2026-04-01,config,False,,,,,09-06,0.0,1.0,2026,False,5,Peak
2024-09-07,Standard Queen with Kitchen,False,2026-04-01,config,False,,,,,09-07,0.0,1.0,2026,False,4,High
2024-09-08,Standard Queen with Kitchen,False,2026-04-01,config,False,,,,,09-08,0.0,1.0,2026,False,4,High
2024-09-09,Standard Queen with Kitchen,False,2026-04-01,config,False,,,,,09-09,0.0,1.0,2026,False,4,High
2024-09-10,Standard Queen with Kitchen,False,2026-04-01,config,False,,,,,09-10,0.0,1.0,2026,False,4,High
2024-09-11,Standard Queen with Kitchen,False,2026-04-01,config,False,,,,,09-11,0.0,1.0,2026,False,4,High
2024-09-12,Standard Queen with Kitchen,False,2026-04-01,config,False,,,,,09-12,0.0,1.0,2026,False,4,High
2024-09-13,Standard Queen with Kitchen,False,2026-04-01,config,False,,,,,09-13,0.0,1.0,2026,False,4,High
2024-09-14,Standard Queen with Kitchen,False,2026-04-01,config,False,,,,,09-14,0.0,1.0,2026,False,5,Peak
2024-09-15,Standard Queen with Kitchen,False,2026-04-01,config,False,,,,,09-15,0.0,1.0,2026,False,5,Peak
2024-09-16,Standard Queen with Kitchen,False,2026-04-01,config,False,,,,,09-16,0.0,1.0,2026,False,4,High
2024-09-17,Standard Queen with Kitchen,False,2026-04-01,config,False,,,,,09-17,0.0,1.0,2026,False,5,Peak
2024-09-18,Standard Queen with Kitchen,False,2026-04-01,config,False,,,,,09-18,0.0,1.0,2026,False,5,Peak
2024-09-19,Standard Queen with Kitchen,False,2026-04-01,config,False,,,,,09-19,0.0,1.0,2026,False,5,Peak
2024-09-20,Standard Queen with Kitchen,False,2026-04-01,config,False,,,,,09-20,0.0,1.0,2026,False,4,High
2024-09-21,Standard Queen with Kitchen,False,2026-04-01,config,False,,,,,09-21,0.0,1.0,2026,False,4,High
2024-09-22,Standard Queen with Kitchen,False,2026-04-01,config,False,,,,,09-22,0.0,1.0,2026,False,5,Peak
2024-09-23,Standard Queen with Kitchen,False,2026-04-01,config,False,,,,,09-23,0.0,1.0,2026,False,4,High
2024-09-24,Standard Queen with Kitchen,False,2026-04-01,config,False,,,,,09-24,0.0,1.0,2026,False,4,High
2024-09-25,Standard Queen with Kitchen,False,2026-04-01,config,False,,,,,09-25,0.0,1.0,2026,False,4,High
2024-09-26,Standard Queen with Kitchen,False,2026-04-01,config,False,,,,,09-26,0.0,1.0,2026,False,4,High
2024-09-27,Standard Queen with Kitchen,False,2026-04-01,config,False,,,,,09-27,0.0,1.0,2026,False,4,High
2024-09-28,Standard Queen with Kitchen,False,2026-04-01,config,False,,,,,09-28,0.0,1.0,2026,False,4,High
2024-09-29,Standard Queen with Kitchen,False,2026-04-01,config,False,,,,,09-29,0.0,1.0,2026,False,4,High
2024-09-30,Standard Queen with Kitchen,False,2026-04-01,config,False,,,,,09-30,0.0,1.0,2026,False,4,High
2024-10-01,Standard Queen with Kitchen,False,2026-04-01,config,False,,,,,10-01,87.806,1.0,2026,False,4,High
2024-10-02,Standard Queen with Kitchen,False,2026-04-01,config,False,,,,,10-02,87.806,1.0,2026,False,4,High
2024-10-03,Standard Queen with Kitchen,False,2026-04-01,config,False,,,,,10-03,87.806,1.0,2026,False,4,High
2024-10-04,Standard Queen with Kitchen,False,2026-04-01,config,False,,,,,10-04,87.806,1.0,2026,False,4,High
2024-10-05,Standard Queen with Kitchen,False,2026-04-01,config,False,,,,,10-05,87.806,1.0,2026,False,4,High
2024-10-06,Standard Queen with Kitchen,False,2026-04-01,config,False,,,,,10-06,0.0,1.0,2026,False,4,High
2024-10-07,Standard Queen with Kitchen,False,2026-04-01,config,False,,,,,10-07,0.0,1.0,2026,False,4,High
2024-10-08,Standard Queen with Kitchen,False,2026-04-01,config,False,,,,,10-08,0.0,1.0,2026,False,4,High
2024-10-09,Standard Queen with Kitchen,False,2026-04-01,config,False,,,,,10-09,0.0,1.0,2026,False,4,High
2024-10-10,Standard Queen with Kitchen,False,2026-04-01,config,False,,,,,10-10,85.24,1.0,2026,False,4,High
2024-10-11,Standard Queen with Kitchen,False,2026-04-01,config,False,,,,,10-11,85.24,1.0,2026,False,3,Shoulder
2024-10-12,Standard Queen with Kitchen,False,2026-04-01,config,False,,,,,10-12,0.0,1.0,2026,False,3,Shoulder
2024-10-13,Standard Queen with Kitchen,False,2026-04-01,config,False,,,,,10-13,0.0,1.0,2026,False,3,Shoulder
2024-10-14,Standard Queen with Kitchen,False,2026-04-01,config,False,,,,,10-14,0.0,1.0,2026,False,3,Shoulder
2024-10-15,Standard Queen with Kitchen,False,2026-04-01,config,False,,,,,10-15,0.0,1.0,2026,False,3,Shoulder
2024-10-16,Standard Queen with Kitchen,False,2026-04-01,config,False,,,,,10-16,0.0,1.0,2026,False,3,Shoulder
2024-10-17,Standard Queen with Kitchen,False,2026-04-01,config,False,,,,,10-17,0.0,1.0,2026,False,3,Shoulder
2024-10-18,Standard Queen with Kitchen,False,2026-04-01,config,False,,,,,10-18,0.0,1.0,2026,False,3,Shoulder
2024-10-19,Standard Queen with Kitchen,False,2026-04-01,config,False,,,,,10-19,0.0,1.0,2026,False,3,Shoulder
2024-10-20,Standard Queen with Kitchen,False,2026-04-01,config,False,,,,,10-20,0.0,1.0,2026,False,3,Shoulder
2024-10-21,Standard Queen with Kitchen,False,2026-04-01,config,False,,,,,10-21,0.0,1.0,2026,False,3,Shoulder
2024-10-22,Standard Queen with Kitchen,False,2026-04-01,config,False,,,,,10-22,0.0,1.0,2026,False,3,Shoulder
2024-10-23,Standard Queen with Kitchen,False,2026-04-01,config,False,,,,,10-23,0.0,1.0,2026,False,3,Shoulder
2024-10-24,Standard Queen with Kitchen,False,2026-04-01,config,False,,,,,10-24,0.0,1.0,2026,False,3,Shoulder
2024-10-25,Standard Queen with Kitchen,False,2026-04-01,config,False,,,,,10-25,0.0,1.0,2026,False,3,Shoulder
2024-10-26,Standard Queen with Kitchen,False,2026-04-01,config,False,,,,,10-26,0.0,1.0,2026,False,2,Low
2024-10-27,Standard Queen with Kitchen,False,2026-04-01,config,False,,,,,10-27,0.0,1.0,2026,False,2,Low
2024-10-28,Standard Queen with Kitchen,False,2026-04-01,config,False,,,,,10-28,0.0,1.0,2026,False,2,Low
2024-10-29,Standard Queen with Kitchen,False,2026-04-01,config,False,,,,,10-29,0.0,1.0,2026,False,2,Low
2024-10-30,Standard Queen with Kitchen,False,2026-04-01,config,False,,,,,10-30,0.0,1.0,2026,False,2,Low
2024-10-31,Standard Queen with Kitchen,False,2026-04-01,config,False,,,,,10-31,0.0,1.0,2026,False,2,Low
2024-11-01,Standard Queen with Kitchen,False,2026-04-01,config,False,,,,,11-01,0.0,1.0,2026,False,1,Soft
2024-11-02,Standard Queen with Kitchen,False,2026-04-01,config,False,,,,,11-02,0.0,1.0,2026,False,1,Soft
2024-11-03,Standard Queen with Kitchen,False,2026-04-01,config,False,,,,,11-03,0.0,1.0,2026,False,1,Soft
2024-11-04,Standard Queen with Kitchen,False,2026-04-01,config,False,,,,,11-04,0.0,1.0,2026,False,1,Soft
2024-11-05,Standard Queen with Kitchen,False,2026-04-01,config,False,,,,,11-05,0.0,1.0,2026,False,1,Soft
2024-11-06,Standard Queen with Kitchen,False,2026-04-01,config,False,,,,,11-06,0.0,1.0,2026,False,1,Soft
2024-11-07,Standard Queen with Kitchen,False,2026-04-01,config,False,,,,,11-07,0.0,1.0,2026,False,1,Soft
2024-11-08,Standard Queen with Kitchen,False,2026-04-01,config,False,,,,,11-08,0.0,1.0,2026,False,1,Soft
2024-11-09,Standard Queen with Kitchen,False,2026-04-01,config,False,,,,,11-09,0.0,1.0,2026,False,1,Soft
2024-11-10,Standard Queen with Kitchen,False,2026-04-01,config,False,,,,,11-10,0.0,1.0,2026,False,1,Soft
2024-11-11,Standard Queen with Kitchen,False,2026-04-01,config,False,,,,,11-11,0.0,1.0,2026,False,1,Soft
2024-11-12,Standard Queen with Kitchen,False,2026-04-01,config,False,,,,,11-12,0.0,1.0,2026,False,1,Soft
2024-11-13,Standard Queen with Kitchen,False,2026-04-01,config,False,,,,,11-13,0.0,1.0,2026,False,1,Soft
2024-11-14,Standard Queen with Kitchen,False,2026-04-01,config,False,,,,,11-14,0.0,1.0,2026,False,1,Soft
2024-11-15,Standard Queen with Kitchen,False,2026-04-01,config,False,,,,,11-15,0.0,1.0,2026,False,1,Soft
2024-11-16,Standard Queen with Kitchen,False,2026-04-01,config,False,,,,,11-16,0.0,1.0,2026,False,1,Soft
2024-11-17,Standard Queen with Kitchen,False,2026-04-01,config,False,,,,,11-17,0.0,1.0,2026,False,1,Soft
2024-11-18,Standard Queen with Kitchen,False,2026-04-01,config,False,,,,,11-18,0.0,1.0,2026,False,1,Soft
2024-11-19,Standard Queen with Kitchen,False,2026-04-01,config,False,,,,,11-19,0.0,1.0,2026,False,1,Soft
2024-11-20,Standard Queen with Kitchen,False,2026-04-01,config,False,,,,,11-20,0.0,1.0,2026,False,1,Soft
2024-11-21,Standard Queen with Kitchen,False,2026-04-01,config,False,,,,,11-21,0.0,1.0,2026,False,1,Soft
2024-11-22,Standard Queen with Kitchen,False,2026-04-01,config,False,,,,,11-22,0.0,1.0,2026,False,1,Soft
2024-11-23,Standard Queen with Kitchen,False,2026-04-01,config,False,,,,,11-23,0.0,1.0,2026,False,1,Soft
2024-11-24,Standard Queen with Kitchen,False,2026-04-01,config,False,,,,,11-24,0.0,1.0,2026,False,1,Soft
2024-11-25,Standard Queen with Kitchen,False,2026-04-01,config,False,,,,,11-25,0.0,1.0,2026,False,1,Soft
2024-11-26,Standard Queen with Kitchen,False,2026-04-01,config,False,,,,,11-26,0.0,1.0,2026,False,1,Soft
2024-11-27,Standard Queen with Kitchen,False,2026-04-01,config,False,,,,,11-27,0.0,1.0,2026,False,1,Soft
2024-11-28,Standard Queen with Kitchen,False,2026-04-01,config,False,,,,,11-28,0.0,1.0,2026,False,2,Low
2024-11-29,Standard Queen with Kitchen,False,2026-04-01,config,False,,,,,11-29,0.0,1.0,2026,False,2,Low
2024-11-30,Standard Queen with Kitchen,False,2026-04-01,config,False,,,,,11-30,0.0,1.0,2026,False,1,Soft
2024-12-01,Standard Queen with Kitchen,False,2026-04-01,config,False,,,,,12-01,0.0,1.0,2026,False,1,Soft
2024-12-02,Standard Queen with Kitchen,False,2026-04-01,config,False,,,,,12-02,0.0,1.0,2026,False,1,Soft
2024-12-03,Standard Queen with Kitchen,False,2026-04-01,config,False,,,,,12-03,0.0,1.0,2026,False,1,Soft
2024-12-04,Standard Queen with Kitchen,False,2026-04-01,config,False,,,,,12-04,0.0,1.0,2026,False,1,Soft
2024-12-05,Standard Queen with Kitchen,False,2026-04-01,config,False,,,,,12-05,0.0,1.0,2026,False,1,Soft
2024-12-06,Standard Queen with Kitchen,False,2026-04-01,config,False,,,,,12-06,0.0,1.0,2026,False,1,Soft
2024-12-07,Standard Queen with Kitchen,False,2026-04-01,config,False,,,,,12-07,0.0,1.0,2026,False,1,Soft
2024-12-08,Standard Queen with Kitchen,False,2026-04-01,config,False,,,,,12-08,0.0,1.0,2026,False,1,Soft
2024-12-09,Standard Queen with Kitchen,False,2026-04-01,config,False,,,,,12-09,0.0,1.0,2026,False,1,Soft
2024-12-10,Standard Queen with Kitchen,False,2026-04-01,config,False,,,,,12-10,0.0,1.0,2026,False,1,Soft
2024-12-11,Standard Queen with Kitchen,False,2026-04-01,config,False,,,,,12-11,0.0,1.0,2026,False,1,Soft
2024-12-12,Standard Queen with Kitchen,False,2026-04-01,config,False,,,,,12-12,0.0,1.0,2026,False,1,Soft
2024-12-13,Standard Queen with Kitchen,False,2026-04-01,config,False,,,,,12-13,0.0,1.0,2026,False,1,Soft
2024-12-14,Standard Queen with Kitchen,False,2026-04-01,config,False,,,,,12-14,0.0,1.0,2026,False,1,Soft
2024-12-15,Standard Queen with Kitchen,False,2026-04-01,config,False,,,,,12-15,0.0,1.0,2026,False,2,Low
2024-12-16,Standard Queen with Kitchen,False,2026-04-01,config,False,,,,,12-16,0.0,1.0,2026,False,2,Low
2024-12-17,Standard Queen with Kitchen,False,2026-04-01,config,False,,,,,12-17,0.0,1.0,2026,False,2,Low
2024-12-18,Standard Queen with Kitchen,False,2026-04-01,config,False,,,,,12-18,0.0,1.0,2026,False,2,Low
2024-12-19,Standard Queen with Kitchen,False,2026-04-01,config,False,,,,,12-19,0.0,1.0,2026,False,2,Low
2024-12-20,Standard Queen with Kitchen,False,2026-04-01,config,False,,,,,12-20,0.0,1.0,2026,False,2,Low
2024-12-21,Standard Queen with Kitchen,False,2026-04-01,config,False,,,,,12-21,0.0,1.0,2026,False,2,Low
2024-12-22,Standard Queen with Kitchen,False,2026-04-01,config,False,,,,,12-22,0.0,1.0,2026,False,3,Shoulder
2024-12-23,Standard Queen with Kitchen,False,2026-04-01,config,False,,,,,12-23,0.0,1.0,2026,False,3,Shoulder
2024-12-24,Standard Queen with Kitchen,False,2026-04-01,config,False,,,,,12-24,0.0,1.0,2026,False,3,Shoulder
2024-12-25,Standard Queen with Kitchen,False,2026-04-01,config,False,,,,,12-25,0.0,1.0,2026,False,3,Shoulder
2024-12-26,Standard Queen with Kitchen,False,2026-04-01,config,False,,,,,12-26,0.0,1.0,2026,False,3,Shoulder
2024-12-27,Standard Queen with Kitchen,False,2026-04-01,config,False,,,,,12-27,0.0,1.0,2026,False,3,Shoulder
2024-12-28,Standard Queen with Kitchen,False,2026-04-01,config,False,,,,,12-28,0.0,1.0,2026,False,3,Shoulder
2024-12-29,Standard Queen with Kitchen,False,2026-04-01,config,False,,,,,12-29,0.0,1.0,2026,False,3,Shoulder
2024-12-30,Standard Queen with Kitchen,False,2026-04-01,config,False,,,,,12-30,0.0,1.0,2026,False,3,Shoulder
2024-12-31,Standard Queen with Kitchen,False,2026-04-01,config,False,,,,,12-31,0.0,1.0,2026,False,3,Shoulder
2025-01-01,Standard Queen with Kitchen,False,2026-04-01,config,False,,,,,01-01,,,,False,3,Shoulder
2025-01-02,Standard Queen with Kitchen,False,2026-04-01,config,False,,,,,01-02,,,,False,3,Shoulder
2025-01-03,Standard Queen with Kitchen,False,2026-04-01,config,False,,,,,01-03,,,,False,3,Shoulder
2025-01-04,Standard Queen with Kitchen,False,2026-04-01,config,False,,,,,01-04,,,,False,3,Shoulder
2025-01-05,Standard Queen with Kitchen,False,2026-04-01,config,False,,,,,01-05,,,,False,3,Shoulder
2025-01-06,Standard Queen with Kitchen,False,2026-04-01,config,False,,,,,01-06,,,,False,3,Shoulder
2025-01-07,Standard Queen with Kitchen,False,2026-04-01,config,False,,,,,01-07,,,,False,2,Low
2025-01-08,Standard Queen with Kitchen,False,2026-04-01,config,False,,,,,01-08,,,,False,2,Low
2025-01-09,Standard Queen with Kitchen,False,2026-04-01,config,False,,,,,01-09,,,,False,2,Low
2025-01-10,Standard Queen with Kitchen,False,2026-04-01,config,False,,,,,01-10,,,,False,2,Low
2025-01-11,Standard Queen with Kitchen,False,2026-04-01,config,False,,,,,01-11,,,,False,2,Low
2025-01-12,Standard Queen with Kitchen,False,2026-04-01,config,False,,,,,01-12,,,,False,2,Low
2025-01-13,Standard Queen with Kitchen,False,2026-04-01,config,False,,,,,01-13,,,,False,2,Low
2025-01-14,Standard Queen with Kitchen,False,2026-04-01,config,False,,,,,01-14,,,,False,2,Low
2025-01-15,Standard Queen with Kitchen,False,2026-04-01,config,False,,,,,01-15,,,,False,2,Low
2025-01-16,Standard Queen with Kitchen,False,2026-04-01,config,False,,,,,01-16,,,,False,2,Low
2025-01-17,Standard Queen with Kitchen,False,2026-04-01,config,False,,,,,01-17,,,,False,2,Low
2025-01-18,Standard Queen with Kitchen,False,2026-04-01,config,False,,,,,01-18,,,,False,2,Low
2025-01-19,Standard Queen with Kitchen,False,2026-04-01,config,False,,,,,01-19,,,,False,2,Low
2025-01-20,Standard Queen with Kitchen,False,2026-04-01,config,False,,,,,01-20,,,,False,2,Low
2025-01-21,Standard Queen with Kitchen,False,2026-04-01,config,False,,,,,01-21,,,,False,1,Soft
2025-01-22,Standard Queen with Kitchen,False,2026-04-01,config,False,,,,,01-22,,,,False,1,Soft
2025-01-23,Standard Queen with Kitchen,False,2026-04-01,config,False,,,,,01-23,,,,False,1,Soft
2025-01-24,Standard Queen with Kitchen,False,2026-04-01,config,False,,,,,01-24,,,,False,1,Soft
2025-01-25,Standard Queen with Kitchen,False,2026-04-01,config,False,,,,,01-25,,,,False,1,Soft
2025-01-26,Standard Queen with Kitchen,False,2026-04-01,config,False,,,,,01-26,,,,False,1,Soft
2025-01-27,Standard Queen with Kitchen,False,2026-04-01,config,False,,,,,01-27,,,,False,1,Soft
2025-01-28,Standard Queen with Kitchen,False,2026-04-01,config,False,,,,,01-28,,,,False,1,Soft
2025-01-29,Standard Queen with Kitchen,False,2026-04-01,config,False,,,,,01-29,,,,False,1,Soft
2025-01-30,Standard Queen with Kitchen,False,2026-04-01,config,False,,,,,01-30,,,,False,1,Soft
2025-01-31,Standard Queen with Kitchen,False,2026-04-01,config,False,,,,,01-31,,,,False,1,Soft
2025-02-01,Standard Queen with Kitchen,False,2026-04-01,config,False,,,,,02-01,,,,False,1,Soft
2025-02-02,Standard Queen with Kitchen,False,2026-04-01,config,False,,,,,02-02,,,,False,1,Soft
2025-02-03,Standard Queen with Kitchen,False,2026-04-01,config,False,,,,,02-03,,,,False,1,Soft
2025-02-04,Standard Queen with Kitchen,False,2026-04-01,config,False,,,,,02-04,,,,False,1,Soft
2025-02-05,Standard Queen with Kitchen,False,2026-04-01,config,False,,,,,02-05,,,,False,1,Soft
2025-02-06,Standard Queen with Kitchen,False,2026-04-01,config,False,,,,,02-06,,,,False,1,Soft
2025-02-07,Standard Queen with Kitchen,False,2026-04-01,config,False,,,,,02-07,,,,False,1,Soft
2025-02-08,Standard Queen with Kitchen,False,2026-04-01,config,False,,,,,02-08,,,,False,1,Soft
2025-02-09,Standard Queen with Kitchen,False,2026-04-01,config,False,,,,,02-09,,,,False,1,Soft
2025-02-10,Standard Queen with Kitchen,False,2026-04-01,config,False,,,,,02-10,,,,False,2,Low
2025-02-11,Standard Queen with Kitchen,False,2026-04-01,config,False,,,,,02-11,,,,False,2,Low
2025-02-12,Standard Queen with Kitchen,False,2026-04-01,config,False,,,,,02-12,,,,False,2,Low
2025-02-13,Standard Queen with Kitchen,False,2026-04-01,config,False,,,,,02-13,,,,False,2,Low
2025-02-14,Standard Queen with Kitchen,False,2026-04-01,config,False,,,,,02-14,,,,False,2,Low
2025-02-15,Standard Queen with Kitchen,False,2026-04-01,config,False,,,,,02-15,,,,False,2,Low
2025-02-16,Standard Queen with Kitchen,False,2026-04-01,config,False,,,,,02-16,,,,False,2,Low
2025-02-17,Standard Queen with Kitchen,False,2026-04-01,config,False,,,,,02-17,,,,False,2,Low
2025-02-18,Standard Queen with Kitchen,False,2026-04-01,config,False,,,,,02-18,,,,False,2,Low
2025-02-19,Standard Queen with Kitchen,False,2026-04-01,config,False,,,,,02-19,,,,False,2,Low
2025-02-20,Standard Queen with Kitchen,False,2026-04-01,config,False,,,,,02-20,,,,False,2,Low
2025-02-21,Standard Queen with Kitchen,False,2026-04-01,config,False,,,,,02-21,,,,False,2,Low
2025-02-22,Standard Queen with Kitchen,False,2026-04-01,config,False,,,,,02-22,,,,False,2,Low
2025-02-23,Standard Queen with Kitchen,False,2026-04-01,config,False,,,,,02-23,,,,False,2,Low
2025-02-24,Standard Queen with Kitchen,False,2026-04-01,config,False,,,,,02-24,,,,False,2,Low
2025-02-25,Standard Queen with Kitchen,False,2026-04-01,config,False,,,,,02-25,,,,False,1,Soft
2025-02-26,Standard Queen with Kitchen,False,2026-04-01,config,False,,,,,02-26,,,,False,1,Soft
2025-02-27,Standard Queen with Kitchen,False,2026-04-01,config,False,,,,,02-27,,,,False,1,Soft
2025-02-28,Standard Queen with Kitchen,False,2026-04-01,config,False,,,,,02-28,,,,False,1,Soft
2025-03-01,Standard Queen with Kitchen,False,2026-04-01,config,False,,,,,03-01,,,,False,1,Soft
2025-03-02,Standard Queen with Kitchen,False,2026-04-01,config,False,,,,,03-02,,,,False,1,Soft
2025-03-03,Standard Queen with Kitchen,False,2026-04-01,config,False,,,,,03-03,,,,False,1,Soft
2025-03-04,Standard Queen with Kitchen,False,2026-04-01,config,False,,,,,03-04,,,,False,1,Soft
2025-03-05,Standard Queen with Kitchen,False,2026-04-01,config,False,,,,,03-05,,,,False,1,Soft
2025-03-06,Standard Queen with Kitchen,False,2026-04-01,config,False,,,,,03-06,,,,False,2,Low
2025-03-07,Standard Queen with Kitchen,False,2026-04-01,config,False,,,,,03-07,,,,False,2,Low
2025-03-08,Standard Queen with Kitchen,False,2026-04-01,config,False,,,,,03-08,,,,False,2,Low
2025-03-09,Standard Queen with Kitchen,False,2026-04-01,config,False,,,,,03-09,,,,False,2,Low
2025-03-10,Standard Queen with Kitchen,False,2026-04-01,config,False,,,,,03-10,,,,False,2,Low
2025-03-11,Standard Queen with Kitchen,False,2026-04-01,config,False,,,,,03-11,,,,False,2,Low
2025-03-12,Standard Queen with Kitchen,False,2026-04-01,config,False,,,,,03-12,,,,False,2,Low
2025-03-13,Standard Queen with Kitchen,False,2026-04-01,config,False,,,,,03-13,,,,False,3,Shoulder
2025-03-14,Standard Queen with Kitchen,False,2026-04-01,config,False,,,,,03-14,,,,False,3,Shoulder
2025-03-15,Standard Queen with Kitchen,False,2026-04-01,config,False,,,,,03-15,,,,False,3,Shoulder
2025-03-16,Standard Queen with Kitchen,False,2026-04-01,config,False,,,,,03-16,,,,False,3,Shoulder
2025-03-17,Standard Queen with Kitchen,False,2026-04-01,config,False,,,,,03-17,,,,False,3,Shoulder
2025-03-18,Standard Queen with Kitchen,False,2026-04-01,config,False,,,,,03-18,,,,False,3,Shoulder
2025-03-19,Standard Queen with Kitchen,False,2026-04-01,config,False,,,,,03-19,,,,False,3,Shoulder
2025-03-20,Standard Queen with Kitchen,False,2026-04-01,config,False,,,,,03-20,,,,False,3,Shoulder
2025-03-21,Standard Queen with Kitchen,False,2026-04-01,config,False,,,,,03-21,,,,False,3,Shoulder
2025-03-22,Standard Queen with Kitchen,False,2026-04-01,config,False,,,,,03-22,,,,False,3,Shoulder
2025-03-23,Standard Queen with Kitchen,False,2026-04-01,config,False,,,,,03-23,,,,False,3,Shoulder
2025-03-24,Standard Queen with Kitchen,False,2026-04-01,config,False,,,,,03-24,,,,False,3,Shoulder
2025-03-25,Standard Queen with Kitchen,False,2026-04-01,config,False,,,,,03-25,,,,False,3,Shoulder
2025-03-26,Standard Queen with Kitchen,False,2026-04-01,config,False,,,,,03-26,,,,False,2,Low
2025-03-27,Standard Queen with Kitchen,False,2026-04-01,config,False,,,,,03-27,,,,False,2,Low
2025-03-28,Standard Queen with Kitchen,False,2026-04-01,config,False,,,,,03-28,,,,False,2,Low
2025-03-29,Standard Queen with Kitchen,False,2026-04-01,config,False,,,,,03-29,,,,False,2,Low
2025-03-30,Standard Queen with Kitchen,False,2026-04-01,config,False,,,,,03-30,,,,False,2,Low
2025-03-31,Standard Queen with Kitchen,False,2026-04-01,config,False,,,,,03-31,,,,False,2,Low
2025-04-01,Standard Queen with Kitchen,False,2026-04-01,config,False,,,,,04-01,0.0,1.0,2026,False,3,Shoulder
2025-04-02,Standard Queen with Kitchen,False,2026-04-01,config,False,,,,,04-02,0.0,1.0,2026,False,3,Shoulder
2025-04-03,Standard Queen with Kitchen,False,2026-04-01,config,False,,,,,04-03,0.0,1.0,2026,False,2,Low
2025-04-04,Standard Queen with Kitchen,False,2026-04-01,config,False,,,,,04-04,0.0,1.0,2026,False,2,Low
2025-04-05,Standard Queen with Kitchen,False,2026-04-01,config,False,,,,,04-05,0.0,1.0,2026,False,2,Low
2025-04-06,Standard Queen with Kitchen,False,2026-04-01,config,False,,,,,04-06,0.0,1.0,2026,False,2,Low
2025-04-07,Standard Queen with Kitchen,False,2026-04-01,config,False,,,,,04-07,62.77,1.0,2026,False,2,Low
2025-04-08,Standard Queen with Kitchen,False,2026-04-01,config,False,,,,,04-08,62.77,1.0,2026,False,2,Low
2025-04-09,Standard Queen with Kitchen,False,2026-04-01,config,False,,,,,04-09,0.0,1.0,2026,False,2,Low
2025-04-10,Standard Queen with Kitchen,False,2026-04-01,config,False,,,,,04-10,0.0,1.0,2026,False,2,Low
2025-04-11,Standard Queen with Kitchen,False,2026-04-01,config,False,,,,,04-11,0.0,1.0,2026,False,2,Low
2025-04-12,Standard Queen with Kitchen,False,2026-04-01,config,False,,,,,04-12,0.0,1.0,2026,False,2,Low
2025-04-13,Standard Queen with Kitchen,False,2026-04-01,config,False,,,,,04-13,0.0,1.0,2026,False,2,Low
2025-04-14,Standard Queen with Kitchen,False,2026-04-01,config,False,,,,,04-14,0.0,1.0,2026,False,2,Low
2025-04-15,Standard Queen with Kitchen,False,2026-04-01,config,False,,,,,04-15,0.0,1.0,2026,False,2,Low
2025-04-16,Standard Queen with Kitchen,False,2026-04-01,config,False,,,,,04-16,99.0,1.0,2026,False,2,Low
2025-04-17,Standard Queen with Kitchen,False,2026-04-01,config,False,,,,,04-17,71.00333333333333,1.0,2026,False,3,Shoulder
2025-04-18,Standard Queen with Kitchen,False,2026-04-01,config,False,,,,,04-18,71.00333333333333,1.0,2026,False,3,Shoulder
2025-04-19,Standard Queen with Kitchen,False,2026-04-01,config,False,,,,,04-19,71.00333333333333,1.0,2026,False,3,Shoulder
2025-04-20,Standard Queen with Kitchen,False,2026-04-01,config,False,,,,,04-20,87.0,1.0,2026,False,3,Shoulder
2025-04-21,Standard Queen with Kitchen,False,2026-04-01,config,False,,,,,04-21,0.0,1.0,2026,False,3,Shoulder
2025-04-22,Standard Queen with Kitchen,False,2026-04-01,config,False,,,,,04-22,65.7625,1.0,2026,False,3,Shoulder
2025-04-23,Standard Queen with Kitchen,False,2026-04-01,config,False,,,,,04-23,65.7625,1.0,2026,False,3,Shoulder
2025-04-24,Standard Queen with Kitchen,False,2026-04-01,config,False,,,,,04-24,65.7625,1.0,2026,False,3,Shoulder
2025-04-25,Standard Queen with Kitchen,False,2026-04-01,config,False,,,,,04-25,65.7625,1.0,2026,False,3,Shoulder
2025-04-26,Standard Queen with Kitchen,False,2026-04-01,config,False,,,,,04-26,88.25,1.0,2026,False,3,Shoulder
2025-04-27,Standard Queen with Kitchen,False,2026-04-01,config,False,,,,,04-27,88.25,1.0,2026,False,3,Shoulder
2025-04-28,Standard Queen with Kitchen,False,2026-04-01,config,False,,,,,04-28,88.25,1.0,2026,False,3,Shoulder
2025-04-29,Standard Queen with Kitchen,False,2026-04-01,config,False,,,,,04-29,88.25,1.0,2026,False,3,Shoulder
2025-04-30,Standard Queen with Kitchen,False,2026-04-01,config,False,,,,,04-30,0.0,1.0,2026,False,3,Shoulder
2025-05-01,Standard Queen with Kitchen,False,2026-04-01,config,False,,,,,05-01,115.42,1.0,2026,False,3,Shoulder
2025-05-02,Standard Queen with Kitchen,False,2026-04-01,config,False,,,,,05-02,0.0,1.0,2026,False,3,Shoulder
2025-05-03,Standard Queen with Kitchen,False,2026-04-01,config,False,,,,,05-03,0.0,1.0,2026,False,3,Shoulder
2025-05-04,Standard Queen with Kitchen,False,2026-04-01,config,False,,,,,05-04,0.0,1.0,2026,False,3,Shoulder
2025-05-05,Standard Queen with Kitchen,False,2026-04-01,config,False,,,,,05-05,79.22,1.0,2026,False,3,Shoulder
2025-05-06,Standard Queen with Kitchen,False,2026-04-01,config,False,,,,,05-06,0.0,1.0,2026,False,3,Shoulder
2025-05-07,Standard Queen with Kitchen,False,2026-04-01,config,False,,,,,05-07,0.0,1.0,2026,False,3,Shoulder
2025-05-08,Standard Queen with Kitchen,False,2026-04-01,config,False,,,,,05-08,181.915,1.0,2026,False,3,Shoulder
2025-05-09,Standard Queen with Kitchen,False,2026-04-01,config,False,,,,,05-09,181.915,1.0,2026,False,3,Shoulder
2025-05-10,Standard Queen with Kitchen,False,2026-04-01,config,False,,,,,05-10,0.0,1.0,2026,False,3,Shoulder
2025-05-11,Standard Queen with Kitchen,False,2026-04-01,config,False,,,,,05-11,150.33333333333334,1.0,2026,False,3,Shoulder
2025-05-12,Standard Queen with Kitchen,False,2026-04-01,config,False,,,,,05-12,150.33333333333334,1.0,2026,False,3,Shoulder
2025-05-13,Standard Queen with Kitchen,False,2026-04-01,config,False,,,,,05-13,150.33333333333334,1.0,2026,False,3,Shoulder
2025-05-14,Standard Queen with Kitchen,False,2026-04-01,config,False,,,,,05-14,0.0,1.0,2026,False,3,Shoulder
2025-05-15,Standard Queen with Kitchen,False,2026-04-01,config,False,,,,,05-15,0.0,1.0,2026,False,3,Shoulder
2025-05-16,Standard Queen with Kitchen,False,2026-04-01,config,False,,,,,05-16,79.22,1.0,2026,False,3,Shoulder
2025-05-17,Standard Queen with Kitchen,False,2026-04-01,config,False,,,,,05-17,0.0,1.0,2026,False,4,High
2025-05-18,Standard Queen with Kitchen,False,2026-04-01,config,False,,,,,05-18,81.34,1.0,2026,False,4,High
2025-05-19,Standard Queen with Kitchen,False,2026-04-01,config,False,,,,,05-19,0.0,1.0,2026,False,4,High
2025-05-20,Standard Queen with Kitchen,False,2026-04-01,config,False,,,,,05-20,0.0,1.0,2026,False,4,High
2025-05-21,Standard Queen with Kitchen,False,2026-04-01,config,False,,,,,05-21,116.505,1.0,2026,False,4,High
2025-05-22,Standard Queen with Kitchen,False,2026-04-01,config,False,,,,,05-22,116.505,1.0,2026,False,4,High
2025-05-23,Standard Queen with Kitchen,False,2026-04-01,config,False,,,,,05-23,222.0,1.0,2026,False,4,High
2025-05-24,Standard Queen with Kitchen,False,2026-04-01,config,False,,,,,05-24,222.0,1.0,2026,False,4,High
2025-05-25,Standard Queen with Kitchen,False,2026-04-01,config,False,,,,,05-25,69.40666666666667,1.0,2026,False,4,High
2025-05-26,Standard Queen with Kitchen,False,2026-04-01,config,False,,,,,05-26,69.40666666666667,1.0,2026,False,5,Peak
2025-05-27,Standard Queen with Kitchen,False,2026-04-01,config,False,,,,,05-27,69.40666666666667,1.0,2026,False,5,Peak
2025-05-28,Standard Queen with Kitchen,False,2026-04-01,config,False,,,,,05-28,0.0,1.0,2026,False,5,Peak
2025-05-29,Standard Queen with Kitchen,False,2026-04-01,config,False,,,,,05-29,124.08,1.0,2026,False,5,Peak
2025-05-30,Standard Queen with Kitchen,False,2026-04-01,config,False,,,,,05-30,124.08,1.0,2026,False,5,Peak
2025-05-31,Standard Queen with Kitchen,False,2026-04-01,config,False,,,,,05-31,144.325,1.0,2026,False,5,Peak
2025-06-01,Standard Queen with Kitchen,False,2026-04-01,config,False,,,,,06-01,144.325,1.0,2026,False,5,Peak
2025-06-02,Standard Queen with Kitchen,False,2026-04-01,config,False,,,,,06-02,152.95,1.0,2026,False,5,Peak
2025-06-03,Standard Queen with Kitchen,False,2026-04-01,config,False,,,,,06-03,74.95,1.0,2026,False,5,Peak
2025-06-04,Standard Queen with Kitchen,False,2026-04-01,config,False,,,,,06-04,115.57,1.0,2026,False,5,Peak
2025-06-05,Standard Queen with Kitchen,False,2026-04-01,config,False,,,,,06-05,130.28,1.0,2026,False,5,Peak
2025-06-06,Standard Queen with Kitchen,False,2026-04-01,config,False,,,,,06-06,130.28,1.0,2026,False,5,Peak
2025-06-07,Standard Queen with Kitchen,False,2026-04-01,config,False,,,,,06-07,0.0,1.0,2026,False,5,Peak
2025-06-08,Standard Queen with Kitchen,False,2026-04-01,config,False,,,,,06-08,193.5,1.0,2026,False,5,Peak
2025-06-09,Standard Queen with Kitchen,False,2026-04-01,config,False,,,,,06-09,193.5,1.0,2026,False,5,Peak
2025-06-10,Standard Queen with Kitchen,False,2026-04-01,config,False,,,,,06-10,193.5,1.0,2026,False,5,Peak
2025-06-11,Standard Queen with Kitchen,False,2026-04-01,config,False,,,,,06-11,193.5,1.0,2026,False,5,Peak
2025-06-12,Standard Queen with Kitchen,False,2026-04-01,config,False,,,,,06-12,153.5,1.0,2026,False,5,Peak
2025-06-13,Standard Queen with Kitchen,False,2026-04-01,config,False,,,,,06-13,153.5,1.0,2026,False,5,Peak
2025-06-14,Standard Queen with Kitchen,False,2026-04-01,config,False,,,,,06-14,100.605,1.0,2026,False,5,Peak
2025-06-15,Standard Queen with Kitchen,False,2026-04-01,config,False,,,,,06-15,100.605,1.0,2026,False,5,Peak
2025-06-16,Standard Queen with Kitchen,False,2026-04-01,config,False,,,,,06-16,123.065,1.0,2026,False,5,Peak
2025-06-17,Standard Queen with Kitchen,False,2026-04-01,config,False,,,,,06-17,123.065,1.0,2026,False,5,Peak
2025-06-18,Standard Queen with Kitchen,False,2026-04-01,config,False,,,,,06-18,162.0,1.0,2026,False,5,Peak
2025-06-19,Standard Queen with Kitchen,False,2026-04-01,config,False,,,,,06-19,178.2475,1.0,2026,False,5,Peak
2025-06-20,Standard Queen with Kitchen,False,2026-04-01,config,False,,,,,06-20,178.2475,1.0,2026,False,5,Peak
2025-06-21,Standard Queen with Kitchen,False,2026-04-01,config,False,,,,,06-21,178.2475,1.0,2026,False,5,Peak
2025-06-22,Standard Queen with Kitchen,False,2026-04-01,config,False,,,,,06-22,178.2475,1.0,2026,False,5,Peak
2025-06-23,Standard Queen with Kitchen,False,2026-04-01,config,False,,,,,06-23,184.0,1.0,2026,False,5,Peak
2025-06-24,Standard Queen with Kitchen,False,2026-04-01,config,False,,,,,06-24,179.5,1.0,2026,False,5,Peak
2025-06-25,Standard Queen with Kitchen,False,2026-04-01,config,False,,,,,06-25,179.5,1.0,2026,False,5,Peak
2025-06-26,Standard Queen with Kitchen,False,2026-04-01,config,False,,,,,06-26,255.0,1.0,2026,False,5,Peak
2025-06-27,Standard Queen with Kitchen,False,2026-04-01,config,False,,,,,06-27,255.0,1.0,2026,False,5,Peak
2025-06-28,Standard Queen with Kitchen,False,2026-04-01,config,False,,,,,06-28,139.56,1.0,2026,False,5,Peak
2025-06-29,Standard Queen with Kitchen,False,2026-04-01,config,False,,,,,06-29,184.0,1.0,2026,False,5,Peak
2025-06-30,Standard Queen with Kitchen,False,2026-04-01,config,False,,,,,06-30,87.5,1.0,2026,False,5,Peak
2025-07-01,Standard Queen with Kitchen,False,2026-04-01,config,False,,,,,07-01,87.5,1.0,2026,False,5,Peak
2025-07-02,Standard Queen with Kitchen,False,2026-04-01,config,False,,,,,07-02,0.0,1.0,2026,False,5,Peak
2025-07-03,Standard Queen with Kitchen,False,2026-04-01,config,False,,,,,07-03,0.0,1.0,2026,False,5,Peak
2025-07-04,Standard Queen with Kitchen,False,2026-04-01,config,False,,,,,07-04,0.0,1.0,2026,False,5,Peak
2025-07-05,Standard Queen with Kitchen,False,2026-04-01,config,False,,,,,07-05,102.4,1.0,2026,False,5,Peak
2025-07-06,Standard Queen with Kitchen,False,2026-04-01,config,False,,,,,07-06,160.0,1.0,2026,False,5,Peak
2025-07-07,Standard Queen with Kitchen,False,2026-04-01,config,False,,,,,07-07,172.0,1.0,2026,False,5,Peak
2025-07-08,Standard Queen with Kitchen,False,2026-04-01,config,False,,,,,07-08,211.0,1.0,2026,False,5,Peak
2025-07-09,Standard Queen with Kitchen,False,2026-04-01,config,False,,,,,07-09,150.0,1.0,2026,False,5,Peak
2025-07-10,Standard Queen with Kitchen,False,2026-04-01,config,False,,,,,07-10,198.55,1.0,2026,False,5,Peak
2025-07-11,Standard Queen with Kitchen,False,2026-04-01,config,False,,,,,07-11,195.0,1.0,2026,False,5,Peak
2025-07-12,Standard Queen with Kitchen,False,2026-04-01,config,False,,,,,07-12,117.24,1.0,2026,False,5,Peak
2025-07-13,Standard Queen with Kitchen,False,2026-04-01,config,False,,,,,07-13,178.5,1.0,2026,False,5,Peak
2025-07-14,Standard Queen with Kitchen,False,2026-04-01,config,False,,,,,07-14,148.4,1.0,2026,False,5,Peak
2025-07-15,Standard Queen with Kitchen,False,2026-04-01,config,False,,,,,07-15,148.4,1.0,2026,False,5,Peak
2025-07-16,Standard Queen with Kitchen,False,2026-04-01,config,False,,,,,07-16,148.4,1.0,2026,False,5,Peak
2025-07-17,Standard Queen with Kitchen,False,2026-04-01,config,False,,,,,07-17,148.4,1.0,2026,False,5,Peak
2025-07-18,Standard Queen with Kitchen,False,2026-04-01,config,False,,,,,07-18,148.4,1.0,2026,False,5,Peak
2025-07-19,Standard Queen with Kitchen,False,2026-04-01,config,False,,,,,07-19,148.4,1.0,2026,False,5,Peak
2025-07-20,Standard Queen with Kitchen,False,2026-04-01,config,False,,,,,07-20,173.25,1.0,2026,False,5,Peak
2025-07-21,Standard Queen with Kitchen,False,2026-04-01,config,False,,,,,07-21,0.0,1.0,2026,False,5,Peak
2025-07-22,Standard Queen with Kitchen,False,2026-04-01,config,False,,,,,07-22,0.0,1.0,2026,False,5,Peak
2025-07-23,Standard Queen with Kitchen,False,2026-04-01,config,False,,,,,07-23,0.0,1.0,2026,False,5,Peak
2025-07-24,Standard Queen with Kitchen,False,2026-04-01,config,False,,,,,07-24,0.0,1.0,2026,False,5,Peak
2025-07-25,Standard Queen with Kitchen,False,2026-04-01,config,False,,,,,07-25,0.0,1.0,2026,False,5,Peak
2025-07-26,Standard Queen with Kitchen,False,2026-04-01,config,False,,,,,07-26,0.0,1.0,2026,False,5,Peak
2025-07-27,Standard Queen with Kitchen,False,2026-04-01,config,False,,,,,07-27,0.0,1.0,2026,False,5,Peak
2025-07-28,Standard Queen with Kitchen,False,2026-04-01,config,False,,,,,07-28,0.0,1.0,2026,False,5,Peak
2025-07-29,Standard Queen with Kitchen,False,2026-04-01,config,False,,,,,07-29,0.0,1.0,2026,False,5,Peak
2025-07-30,Standard Queen with Kitchen,False,2026-04-01,config,False,,,,,07-30,0.0,1.0,2026,False,5,Peak
2025-07-31,Standard Queen with Kitchen,False,2026-04-01,config,False,,,,,07-31,0.0,1.0,2026,False,5,Peak
2025-08-01,Standard Queen with Kitchen,False,2026-04-01,config,False,,,,,08-01,0.0,1.0,2026,False,5,Peak
2025-08-02,Standard Queen with Kitchen,False,2026-04-01,config,False,,,,,08-02,0.0,1.0,2026,False,5,Peak
2025-08-03,Standard Queen with Kitchen,False,2026-04-01,config,False,,,,,08-03,0.0,1.0,2026,False,5,Peak
2025-08-04,Standard Queen with Kitchen,False,2026-04-01,config,False,,,,,08-04,0.0,1.0,2026,False,5,Peak
2025-08-05,Standard Queen with Kitchen,False,2026-04-01,config,False,,,,,08-05,0.0,1.0,2026,False,4,High
2025-08-06,Standard Queen with Kitchen,False,2026-04-01,config,False,,,,,08-06,0.0,1.0,2026,False,4,High
2025-08-07,Standard Queen with Kitchen,False,2026-04-01,config,False,,,,,08-07,0.0,1.0,2026,False,4,High
2025-08-08,Standard Queen with Kitchen,False,2026-04-01,config,False,,,,,08-08,0.0,1.0,2026,False,4,High
2025-08-09,Standard Queen with Kitchen,False,2026-04-01,config,False,,,,,08-09,0.0,1.0,2026,False,4,High
2025-08-10,Standard Queen with Kitchen,False,2026-04-01,config,False,,,,,08-10,0.0,1.0,2026,False,4,High
2025-08-11,Standard Queen with Kitchen,False,2026-04-01,config,False,,,,,08-11,0.0,1.0,2026,False,4,High
2025-08-12,Standard Queen with Kitchen,False,2026-04-01,config,False,,,,,08-12,0.0,1.0,2026,False,4,High
2025-08-13,Standard Queen with Kitchen,False,2026-04-01,config,False,,,,,08-13,0.0,1.0,2026,False,4,High
2025-08-14,Standard Queen with Kitchen,False,2026-04-01,config,False,,,,,08-14,0.0,1.0,2026,False,4,High
2025-08-15,Standard Queen with Kitchen,False,2026-04-01,config,False,,,,,08-15,0.0,1.0,2026,False,4,High
2025-08-16,Standard Queen with Kitchen,False,2026-04-01,config,False,,,,,08-16,0.0,1.0,2026,False,4,High
2025-08-17,Standard Queen with Kitchen,False,2026-04-01,config,False,,,,,08-17,0.0,1.0,2026,False,4,High
2025-08-18,Standard Queen with Kitchen,False,2026-04-01,config,False,,,,,08-18,0.0,1.0,2026,False,4,High
2025-08-19,Standard Queen with Kitchen,False,2026-04-01,config,False,,,,,08-19,0.0,1.0,2026,False,4,High
2025-08-20,Standard Queen with Kitchen,False,2026-04-01,config,False,,,,,08-20,0.0,1.0,2026,False,4,High
2025-08-21,Standard Queen with Kitchen,False,2026-04-01,config,False,,,,,08-21,0.0,1.0,2026,False,4,High
2025-08-22,Standard Queen with Kitchen,False,2026-04-01,config,False,,,,,08-22,0.0,1.0,2026,False,4,High
2025-08-23,Standard Queen with Kitchen,False,2026-04-01,config,False,,,,,08-23,0.0,1.0,2026,False,4,High
2025-08-24,Standard Queen with Kitchen,False,2026-04-01,config,False,,,,,08-24,0.0,1.0,2026,False,4,High
2025-08-25,Standard Queen with Kitchen,False,2026-04-01,config,False,,,,,08-25,0.0,1.0,2026,False,4,High
2025-08-26,Standard Queen with Kitchen,False,2026-04-01,config,False,,,,,08-26,0.0,1.0,2026,False,5,Peak
2025-08-27,Standard Queen with Kitchen,False,2026-04-01,config,False,,,,,08-27,0.0,1.0,2026,False,4,High
2025-08-28,Standard Queen with Kitchen,False,2026-04-01,config,False,,,,,08-28,0.0,1.0,2026,False,4,High
2025-08-29,Standard Queen with Kitchen,False,2026-04-01,config,False,,,,,08-29,0.0,1.0,2026,False,4,High
2025-08-30,Standard Queen with Kitchen,False,2026-04-01,config,False,,,,,08-30,0.0,1.0,2026,False,4,High
2025-08-31,Standard Queen with Kitchen,False,2026-04-01,config,False,,,,,08-31,0.0,1.0,2026,False,4,High
2025-09-01,Standard Queen with Kitchen,False,2026-04-01,config,False,,,,,09-01,0.0,1.0,2026,False,4,High
2025-09-02,Standard Queen with Kitchen,False,2026-04-01,config,False,,,,,09-02,0.0,1.0,2026,False,4,High
2025-09-03,Standard Queen with Kitchen,False,2026-04-01,config,False,,,,,09-03,0.0,1.0,2026,False,4,High
2025-09-04,Standard Queen with Kitchen,False,2026-04-01,config,False,,,,,09-04,0.0,1.0,2026,False,5,Peak
2025-09-05,Standard Queen with Kitchen,False,2026-04-01,config,False,,,,,09-05,190.0,1.0,2026,False,5,Peak
2025-09-06,Standard Queen with Kitchen,False,2026-04-01,config,False,,,,,09-06,0.0,1.0,2026,False,5,Peak
2025-09-07,Standard Queen with Kitchen,False,2026-04-01,config,False,,,,,09-07,0.0,1.0,2026,False,4,High
2025-09-08,Standard Queen with Kitchen,False,2026-04-01,config,False,,,,,09-08,0.0,1.0,2026,False,4,High
2025-09-09,Standard Queen with Kitchen,False,2026-04-01,config,False,,,,,09-09,0.0,1.0,2026,False,4,High
2025-09-10,Standard Queen with Kitchen,False,2026-04-01,config,False,,,,,09-10,0.0,1.0,2026,False,4,High
2025-09-11,Standard Queen with Kitchen,False,2026-04-01,config,False,,,,,09-11,0.0,1.0,2026,False,4,High
2025-09-12,Standard Queen with Kitchen,False,2026-04-01,config,False,,,,,09-12,0.0,1.0,2026,False,4,High
2025-09-13,Standard Queen with Kitchen,False,2026-04-01,config,False,,,,,09-13,0.0,1.0,2026,False,4,High
2025-09-14,Standard Queen with Kitchen,False,2026-04-01,config,False,,,,,09-14,0.0,1.0,2026,False,5,Peak
2025-09-15,Standard Queen with Kitchen,False,2026-04-01,config,False,,,,,09-15,0.0,1.0,2026,False,5,Peak
2025-09-16,Standard Queen with Kitchen,False,2026-04-01,config,False,,,,,09-16,0.0,1.0,2026,False,4,High
2025-09-17,Standard Queen with Kitchen,False,2026-04-01,config,False,,,,,09-17,0.0,1.0,2026,False,5,Peak
2025-09-18,Standard Queen with Kitchen,False,2026-04-01,config,False,,,,,09-18,0.0,1.0,2026,False,5,Peak
2025-09-19,Standard Queen with Kitchen,False,2026-04-01,config,False,,,,,09-19,0.0,1.0,2026,False,5,Peak
2025-09-20,Standard Queen with Kitchen,False,2026-04-01,config,False,,,,,09-20,0.0,1.0,2026,False,4,High
2025-09-21,Standard Queen with Kitchen,False,2026-04-01,config,False,,,,,09-21,0.0,1.0,2026,False,4,High
2025-09-22,Standard Queen with Kitchen,False,2026-04-01,config,False,,,,,09-22,0.0,1.0,2026,False,5,Peak
2025-09-23,Standard Queen with Kitchen,False,2026-04-01,config,False,,,,,09-23,0.0,1.0,2026,False,4,High
2025-09-24,Standard Queen with Kitchen,False,2026-04-01,config,False,,,,,09-24,0.0,1.0,2026,False,4,High
2025-09-25,Standard Queen with Kitchen,False,2026-04-01,config,False,,,,,09-25,0.0,1.0,2026,False,4,High
2025-09-26,Standard Queen with Kitchen,False,2026-04-01,config,False,,,,,09-26,0.0,1.0,2026,False,4,High
2025-09-27,Standard Queen with Kitchen,False,2026-04-01,config,False,,,,,09-27,0.0,1.0,2026,False,4,High
2025-09-28,Standard Queen with Kitchen,False,2026-04-01,config,False,,,,,09-28,0.0,1.0,2026,False,4,High
2025-09-29,Standard Queen with Kitchen,False,2026-04-01,config,False,,,,,09-29,0.0,1.0,2026,False,4,High
2025-09-30,Standard Queen with Kitchen,False,2026-04-01,config,False,,,,,09-30,0.0,1.0,2026,False,4,High
2025-10-01,Standard Queen with Kitchen,False,2026-04-01,config,False,,,,,10-01,87.806,1.0,2026,False,4,High
2025-10-02,Standard Queen with Kitchen,False,2026-04-01,config,False,,,,,10-02,87.806,1.0,2026,False,4,High
2025-10-03,Standard Queen with Kitchen,False,2026-04-01,config,False,,,,,10-03,87.806,1.0,2026,False,4,High
2025-10-04,Standard Queen with Kitchen,False,2026-04-01,config,False,,,,,10-04,87.806,1.0,2026,False,4,High
2025-10-05,Standard Queen with Kitchen,False,2026-04-01,config,False,,,,,10-05,87.806,1.0,2026,False,4,High
2025-10-06,Standard Queen with Kitchen,False,2026-04-01,config,False,,,,,10-06,0.0,1.0,2026,False,4,High
2025-10-07,Standard Queen with Kitchen,False,2026-04-01,config,False,,,,,10-07,0.0,1.0,2026,False,4,High
2025-10-08,Standard Queen with Kitchen,False,2026-04-01,config,False,,,,,10-08,0.0,1.0,2026,False,4,High
2025-10-09,Standard Queen with Kitchen,False,2026-04-01,config,False,,,,,10-09,0.0,1.0,2026,False,4,High
2025-10-10,Standard Queen with Kitchen,False,2026-04-01,config,False,,,,,10-10,85.24,1.0,2026,False,4,High
2025-10-11,Standard Queen with Kitchen,False,2026-04-01,config,False,,,,,10-11,85.24,1.0,2026,False,3,Shoulder
2025-10-12,Standard Queen with Kitchen,False,2026-04-01,config,False,,,,,10-12,0.0,1.0,2026,False,3,Shoulder
2025-10-13,Standard Queen with Kitchen,False,2026-04-01,config,False,,,,,10-13,0.0,1.0,2026,False,3,Shoulder
2025-10-14,Standard Queen with Kitchen,False,2026-04-01,config,False,,,,,10-14,0.0,1.0,2026,False,3,Shoulder
2025-10-15,Standard Queen with Kitchen,False,2026-04-01,config,False,,,,,10-15,0.0,1.0,2026,False,3,Shoulder
2025-10-16,Standard Queen with Kitchen,False,2026-04-01,config,False,,,,,10-16,0.0,1.0,2026,False,3,Shoulder
2025-10-17,Standard Queen with Kitchen,False,2026-04-01,config,False,,,,,10-17,0.0,1.0,2026,False,3,Shoulder
2025-10-18,Standard Queen with Kitchen,False,2026-04-01,config,False,,,,,10-18,0.0,1.0,2026,False,3,Shoulder
2025-10-19,Standard Queen with Kitchen,False,2026-04-01,config,False,,,,,10-19,0.0,1.0,2026,False,3,Shoulder
2025-10-20,Standard Queen with Kitchen,False,2026-04-01,config,False,,,,,10-20,0.0,1.0,2026,False,3,Shoulder
2025-10-21,Standard Queen with Kitchen,False,2026-04-01,config,False,,,,,10-21,0.0,1.0,2026,False,3,Shoulder
2025-10-22,Standard Queen with Kitchen,False,2026-04-01,config,False,,,,,10-22,0.0,1.0,2026,False,3,Shoulder
2025-10-23,Standard Queen with Kitchen,False,2026-04-01,config,False,,,,,10-23,0.0,1.0,2026,False,3,Shoulder
2025-10-24,Standard Queen with Kitchen,False,2026-04-01,config,False,,,,,10-24,0.0,1.0,2026,False,3,Shoulder
2025-10-25,Standard Queen with Kitchen,False,2026-04-01,config,False,,,,,10-25,0.0,1.0,2026,False,3,Shoulder
2025-10-26,Standard Queen with Kitchen,False,2026-04-01,config,False,,,,,10-26,0.0,1.0,2026,False,2,Low
2025-10-27,Standard Queen with Kitchen,False,2026-04-01,config,False,,,,,10-27,0.0,1.0,2026,False,2,Low
2025-10-28,Standard Queen with Kitchen,False,2026-04-01,config,False,,,,,10-28,0.0,1.0,2026,False,2,Low
2025-10-29,Standard Queen with Kitchen,False,2026-04-01,config,False,,,,,10-29,0.0,1.0,2026,False,2,Low
2025-10-30,Standard Queen with Kitchen,False,2026-04-01,config,False,,,,,10-30,0.0,1.0,2026,False,2,Low
2025-10-31,Standard Queen with Kitchen,False,2026-04-01,config,False,,,,,10-31,0.0,1.0,2026,False,2,Low
2025-11-01,Standard Queen with Kitchen,False,2026-04-01,config,False,,,,,11-01,0.0,1.0,2026,False,1,Soft
2025-11-02,Standard Queen with Kitchen,False,2026-04-01,config,False,,,,,11-02,0.0,1.0,2026,False,1,Soft
2025-11-03,Standard Queen with Kitchen,False,2026-04-01,config,False,,,,,11-03,0.0,1.0,2026,False,1,Soft
2025-11-04,Standard Queen with Kitchen,False,2026-04-01,config,False,,,,,11-04,0.0,1.0,2026,False,1,Soft
2025-11-05,Standard Queen with Kitchen,False,2026-04-01,config,False,,,,,11-05,0.0,1.0,2026,False,1,Soft
2025-11-06,Standard Queen with Kitchen,False,2026-04-01,config,False,,,,,11-06,0.0,1.0,2026,False,1,Soft
2025-11-07,Standard Queen with Kitchen,False,2026-04-01,config,False,,,,,11-07,0.0,1.0,2026,False,1,Soft
2025-11-08,Standard Queen with Kitchen,False,2026-04-01,config,False,,,,,11-08,0.0,1.0,2026,False,1,Soft
2025-11-09,Standard Queen with Kitchen,False,2026-04-01,config,False,,,,,11-09,0.0,1.0,2026,False,1,Soft
2025-11-10,Standard Queen with Kitchen,False,2026-04-01,config,False,,,,,11-10,0.0,1.0,2026,False,1,Soft
2025-11-11,Standard Queen with Kitchen,False,2026-04-01,config,False,,,,,11-11,0.0,1.0,2026,False,1,Soft
2025-11-12,Standard Queen with Kitchen,False,2026-04-01,config,False,,,,,11-12,0.0,1.0,2026,False,1,Soft
2025-11-13,Standard Queen with Kitchen,False,2026-04-01,config,False,,,,,11-13,0.0,1.0,2026,False,1,Soft
2025-11-14,Standard Queen with Kitchen,False,2026-04-01,config,False,,,,,11-14,0.0,1.0,2026,False,1,Soft
2025-11-15,Standard Queen with Kitchen,False,2026-04-01,config,False,,,,,11-15,0.0,1.0,2026,False,1,Soft
2025-11-16,Standard Queen with Kitchen,False,2026-04-01,config,False,,,,,11-16,0.0,1.0,2026,False,1,Soft
2025-11-17,Standard Queen with Kitchen,False,2026-04-01,config,False,,,,,11-17,0.0,1.0,2026,False,1,Soft
2025-11-18,Standard Queen with Kitchen,False,2026-04-01,config,False,,,,,11-18,0.0,1.0,2026,False,1,Soft
2025-11-19,Standard Queen with Kitchen,False,2026-04-01,config,False,,,,,11-19,0.0,1.0,2026,False,1,Soft
2025-11-20,Standard Queen with Kitchen,False,2026-04-01,config,False,,,,,11-20,0.0,1.0,2026,False,1,Soft
2025-11-21,Standard Queen with Kitchen,False,2026-04-01,config,False,,,,,11-21,0.0,1.0,2026,False,1,Soft
2025-11-22,Standard Queen with Kitchen,False,2026-04-01,config,False,,,,,11-22,0.0,1.0,2026,False,1,Soft
2025-11-23,Standard Queen with Kitchen,False,2026-04-01,config,False,,,,,11-23,0.0,1.0,2026,False,1,Soft
2025-11-24,Standard Queen with Kitchen,False,2026-04-01,config,False,,,,,11-24,0.0,1.0,2026,False,1,Soft
2025-11-25,Standard Queen with Kitchen,False,2026-04-01,config,False,,,,,11-25,0.0,1.0,2026,False,1,Soft
2025-11-26,Standard Queen with Kitchen,False,2026-04-01,config,False,,,,,11-26,0.0,1.0,2026,False,1,Soft
2025-11-27,Standard Queen with Kitchen,False,2026-04-01,config,False,,,,,11-27,0.0,1.0,2026,False,1,Soft
2025-11-28,Standard Queen with Kitchen,False,2026-04-01,config,False,,,,,11-28,0.0,1.0,2026,False,2,Low
2025-11-29,Standard Queen with Kitchen,False,2026-04-01,config,False,,,,,11-29,0.0,1.0,2026,False,2,Low
2025-11-30,Standard Queen with Kitchen,False,2026-04-01,config,False,,,,,11-30,0.0,1.0,2026,False,1,Soft
2025-12-01,Standard Queen with Kitchen,False,2026-04-01,config,False,,,,,12-01,0.0,1.0,2026,False,1,Soft
2025-12-02,Standard Queen with Kitchen,False,2026-04-01,config,False,,,,,12-02,0.0,1.0,2026,False,1,Soft
2025-12-03,Standard Queen with Kitchen,False,2026-04-01,config,False,,,,,12-03,0.0,1.0,2026,False,1,Soft
2025-12-04,Standard Queen with Kitchen,False,2026-04-01,config,False,,,,,12-04,0.0,1.0,2026,False,1,Soft
2025-12-05,Standard Queen with Kitchen,False,2026-04-01,config,False,,,,,12-05,0.0,1.0,2026,False,1,Soft
2025-12-06,Standard Queen with Kitchen,False,2026-04-01,config,False,,,,,12-06,0.0,1.0,2026,False,1,Soft
2025-12-07,Standard Queen with Kitchen,False,2026-04-01,config,False,,,,,12-07,0.0,1.0,2026,False,1,Soft
2025-12-08,Standard Queen with Kitchen,False,2026-04-01,config,False,,,,,12-08,0.0,1.0,2026,False,1,Soft
2025-12-09,Standard Queen with Kitchen,False,2026-04-01,config,False,,,,,12-09,0.0,1.0,2026,False,1,Soft
2025-12-10,Standard Queen with Kitchen,False,2026-04-01,config,False,,,,,12-10,0.0,1.0,2026,False,1,Soft
2025-12-11,Standard Queen with Kitchen,False,2026-04-01,config,False,,,,,12-11,0.0,1.0,2026,False,1,Soft
2025-12-12,Standard Queen with Kitchen,False,2026-04-01,config,False,,,,,12-12,0.0,1.0,2026,False,1,Soft
2025-12-13,Standard Queen with Kitchen,False,2026-04-01,config,False,,,,,12-13,0.0,1.0,2026,False,1,Soft
2025-12-14,Standard Queen with Kitchen,False,2026-04-01,config,False,,,,,12-14,0.0,1.0,2026,False,1,Soft
2025-12-15,Standard Queen with Kitchen,False,2026-04-01,config,False,,,,,12-15,0.0,1.0,2026,False,2,Low
2025-12-16,Standard Queen with Kitchen,False,2026-04-01,config,False,,,,,12-16,0.0,1.0,2026,False,2,Low
2025-12-17,Standard Queen with Kitchen,False,2026-04-01,config,False,,,,,12-17,0.0,1.0,2026,False,2,Low
2025-12-18,Standard Queen with Kitchen,False,2026-04-01,config,False,,,,,12-18,0.0,1.0,2026,False,2,Low
2025-12-19,Standard Queen with Kitchen,False,2026-04-01,config,False,,,,,12-19,0.0,1.0,2026,False,2,Low
2025-12-20,Standard Queen with Kitchen,False,2026-04-01,config,False,,,,,12-20,0.0,1.0,2026,False,2,Low
2025-12-21,Standard Queen with Kitchen,False,2026-04-01,config,False,,,,,12-21,0.0,1.0,2026,False,2,Low
2025-12-22,Standard Queen with Kitchen,False,2026-04-01,config,False,,,,,12-22,0.0,1.0,2026,False,3,Shoulder
2025-12-23,Standard Queen with Kitchen,False,2026-04-01,config,False,,,,,12-23,0.0,1.0,2026,False,3,Shoulder
2025-12-24,Standard Queen with Kitchen,False,2026-04-01,config,False,,,,,12-24,0.0,1.0,2026,False,3,Shoulder
2025-12-25,Standard Queen with Kitchen,False,2026-04-01,config,False,,,,,12-25,0.0,1.0,2026,False,3,Shoulder
2025-12-26,Standard Queen with Kitchen,False,2026-04-01,config,False,,,,,12-26,0.0,1.0,2026,False,3,Shoulder
2025-12-27,Standard Queen with Kitchen,False,2026-04-01,config,False,,,,,12-27,0.0,1.0,2026,False,3,Shoulder
2025-12-28,Standard Queen with Kitchen,False,2026-04-01,config,False,,,,,12-28,0.0,1.0,2026,False,3,Shoulder
2025-12-29,Standard Queen with Kitchen,False,2026-04-01,config,False,,,,,12-29,0.0,1.0,2026,False,3,Shoulder
2025-12-30,Standard Queen with Kitchen,False,2026-04-01,config,False,,,,,12-30,0.0,1.0,2026,False,3,Shoulder
2025-12-31,Standard Queen with Kitchen,False,2026-04-01,config,False,,,,,12-31,0.0,1.0,2026,False,3,Shoulder
2026-01-01,Standard Queen with Kitchen,False,2026-04-01,config,False,,,,,01-01,,,,False,3,Shoulder
2026-01-02,Standard Queen with Kitchen,False,2026-04-01,config,False,,,,,01-02,,,,False,3,Shoulder
2026-01-03,Standard Queen with Kitchen,False,2026-04-01,config,False,,,,,01-03,,,,False,3,Shoulder
2026-01-04,Standard Queen with Kitchen,False,2026-04-01,config,False,,,,,01-04,,,,False,3,Shoulder
2026-01-05,Standard Queen with Kitchen,False,2026-04-01,config,False,,,,,01-05,,,,False,3,Shoulder
2026-01-06,Standard Queen with Kitchen,False,2026-04-01,config,False,,,,,01-06,,,,False,3,Shoulder
2026-01-07,Standard Queen with Kitchen,False,2026-04-01,config,False,,,,,01-07,,,,False,2,Low
2026-01-08,Standard Queen with Kitchen,False,2026-04-01,config,False,,,,,01-08,,,,False,2,Low
2026-01-09,Standard Queen with Kitchen,False,2026-04-01,config,False,,,,,01-09,,,,False,2,Low
2026-01-10,Standard Queen with Kitchen,False,2026-04-01,config,False,,,,,01-10,,,,False,2,Low
2026-01-11,Standard Queen with Kitchen,False,2026-04-01,config,False,,,,,01-11,,,,False,2,Low
2026-01-12,Standard Queen with Kitchen,False,2026-04-01,config,False,,,,,01-12,,,,False,2,Low
2026-01-13,Standard Queen with Kitchen,False,2026-04-01,config,False,,,,,01-13,,,,False,2,Low
2026-01-14,Standard Queen with Kitchen,False,2026-04-01,config,False,,,,,01-14,,,,False,2,Low
2026-01-15,Standard Queen with Kitchen,False,2026-04-01,config,False,,,,,01-15,,,,False,2,Low
2026-01-16,Standard Queen with Kitchen,False,2026-04-01,config,False,,,,,01-16,,,,False,2,Low
2026-01-17,Standard Queen with Kitchen,False,2026-04-01,config,False,,,,,01-17,,,,False,2,Low
2026-01-18,Standard Queen with Kitchen,False,2026-04-01,config,False,,,,,01-18,,,,False,2,Low
2026-01-19,Standard Queen with Kitchen,False,2026-04-01,config,False,,,,,01-19,,,,False,2,Low
2026-01-20,Standard Queen with Kitchen,False,2026-04-01,config,False,,,,,01-20,,,,False,2,Low
2026-01-21,Standard Queen with Kitchen,False,2026-04-01,config,False,,,,,01-21,,,,False,1,Soft
2026-01-22,Standard Queen with Kitchen,False,2026-04-01,config,False,,,,,01-22,,,,False,1,Soft
2026-01-23,Standard Queen with Kitchen,False,2026-04-01,config,False,,,,,01-23,,,,False,1,Soft
2026-01-24,Standard Queen with Kitchen,False,2026-04-01,config,False,,,,,01-24,,,,False,1,Soft
2026-01-25,Standard Queen with Kitchen,False,2026-04-01,config,False,,,,,01-25,,,,False,1,Soft
2026-01-26,Standard Queen with Kitchen,False,2026-04-01,config,False,,,,,01-26,,,,False,1,Soft
2026-01-27,Standard Queen with Kitchen,False,2026-04-01,config,False,,,,,01-27,,,,False,1,Soft
2026-01-28,Standard Queen with Kitchen,False,2026-04-01,config,False,,,,,01-28,,,,False,1,Soft
2026-01-29,Standard Queen with Kitchen,False,2026-04-01,config,False,,,,,01-29,,,,False,1,Soft
2026-01-30,Standard Queen with Kitchen,False,2026-04-01,config,False,,,,,01-30,,,,False,1,Soft
2026-01-31,Standard Queen with Kitchen,False,2026-04-01,config,False,,,,,01-31,,,,False,1,Soft
2026-02-01,Standard Queen with Kitchen,False,2026-04-01,config,False,,,,,02-01,,,,False,1,Soft
2026-02-02,Standard Queen with Kitchen,False,2026-04-01,config,False,,,,,02-02,,,,False,1,Soft
2026-02-03,Standard Queen with Kitchen,False,2026-04-01,config,False,,,,,02-03,,,,False,1,Soft
2026-02-04,Standard Queen with Kitchen,False,2026-04-01,config,False,,,,,02-04,,,,False,1,Soft
2026-02-05,Standard Queen with Kitchen,False,2026-04-01,config,False,,,,,02-05,,,,False,1,Soft
2026-02-06,Standard Queen with Kitchen,False,2026-04-01,config,False,,,,,02-06,,,,False,1,Soft
2026-02-07,Standard Queen with Kitchen,False,2026-04-01,config,False,,,,,02-07,,,,False,1,Soft
2026-02-08,Standard Queen with Kitchen,False,2026-04-01,config,False,,,,,02-08,,,,False,1,Soft
2026-02-09,Standard Queen with Kitchen,False,2026-04-01,config,False,,,,,02-09,,,,False,1,Soft
2026-02-10,Standard Queen with Kitchen,False,2026-04-01,config,False,,,,,02-10,,,,False,2,Low
2026-02-11,Standard Queen with Kitchen,False,2026-04-01,config,False,,,,,02-11,,,,False,2,Low
2026-02-12,Standard Queen with Kitchen,False,2026-04-01,config,False,,,,,02-12,,,,False,2,Low
2026-02-13,Standard Queen with Kitchen,False,2026-04-01,config,False,,,,,02-13,,,,False,2,Low
2026-02-14,Standard Queen with Kitchen,False,2026-04-01,config,False,,,,,02-14,,,,False,2,Low
2026-02-15,Standard Queen with Kitchen,False,2026-04-01,config,False,,,,,02-15,,,,False,2,Low
2026-02-16,Standard Queen with Kitchen,False,2026-04-01,config,False,,,,,02-16,,,,False,2,Low
2026-02-17,Standard Queen with Kitchen,False,2026-04-01,config,False,,,,,02-17,,,,False,2,Low
2026-02-18,Standard Queen with Kitchen,False,2026-04-01,config,False,,,,,02-18,,,,False,2,Low
2026-02-19,Standard Queen with Kitchen,False,2026-04-01,config,False,,,,,02-19,,,,False,2,Low
2026-02-20,Standard Queen with Kitchen,False,2026-04-01,config,False,,,,,02-20,,,,False,2,Low
2026-02-21,Standard Queen with Kitchen,False,2026-04-01,config,False,,,,,02-21,,,,False,2,Low
2026-02-22,Standard Queen with Kitchen,False,2026-04-01,config,False,,,,,02-22,,,,False,2,Low
2026-02-23,Standard Queen with Kitchen,False,2026-04-01,config,False,,,,,02-23,,,,False,2,Low
2026-02-24,Standard Queen with Kitchen,False,2026-04-01,config,False,,,,,02-24,,,,False,2,Low
2026-02-25,Standard Queen with Kitchen,False,2026-04-01,config,False,,,,,02-25,,,,False,1,Soft
2026-02-26,Standard Queen with Kitchen,False,2026-04-01,config,False,,,,,02-26,,,,False,1,Soft
2026-02-27,Standard Queen with Kitchen,False,2026-04-01,config,False,,,,,02-27,,,,False,1,Soft
2026-02-28,Standard Queen with Kitchen,False,2026-04-01,config,False,,,,,02-28,,,,False,1,Soft
2026-03-01,Standard Queen with Kitchen,False,2026-04-01,config,False,,,,,03-01,,,,False,1,Soft
2026-03-02,Standard Queen with Kitchen,False,2026-04-01,config,False,,,,,03-02,,,,False,1,Soft
2026-03-03,Standard Queen with Kitchen,False,2026-04-01,config,False,,,,,03-03,,,,False,1,Soft
2026-03-04,Standard Queen with Kitchen,False,2026-04-01,config,False,,,,,03-04,,,,False,1,Soft
2026-03-05,Standard Queen with Kitchen,False,2026-04-01,config,False,,,,,03-05,,,,False,1,Soft
2026-03-06,Standard Queen with Kitchen,False,2026-04-01,config,False,,,,,03-06,,,,False,2,Low
2026-03-07,Standard Queen with Kitchen,False,2026-04-01,config,False,,,,,03-07,,,,False,2,Low
2026-03-08,Standard Queen with Kitchen,False,2026-04-01,config,False,,,,,03-08,,,,False,2,Low
2026-03-09,Standard Queen with Kitchen,False,2026-04-01,config,False,,,,,03-09,,,,False,2,Low
2026-03-10,Standard Queen with Kitchen,False,2026-04-01,config,False,,,,,03-10,,,,False,2,Low
2026-03-11,Standard Queen with Kitchen,False,2026-04-01,config,False,,,,,03-11,,,,False,2,Low
2026-03-12,Standard Queen with Kitchen,False,2026-04-01,config,False,,,,,03-12,,,,False,2,Low
2026-03-13,Standard Queen with Kitchen,False,2026-04-01,config,False,,,,,03-13,,,,False,3,Shoulder
2026-03-14,Standard Queen with Kitchen,False,2026-04-01,config,False,,,,,03-14,,,,False,3,Shoulder
2026-03-15,Standard Queen with Kitchen,False,2026-04-01,config,False,,,,,03-15,,,,False,3,Shoulder
2026-03-16,Standard Queen with Kitchen,False,2026-04-01,config,False,,,,,03-16,,,,False,3,Shoulder
2026-03-17,Standard Queen with Kitchen,False,2026-04-01,config,False,,,,,03-17,,,,False,3,Shoulder
2026-03-18,Standard Queen with Kitchen,False,2026-04-01,config,False,,,,,03-18,,,,False,3,Shoulder
2026-03-19,Standard Queen with Kitchen,False,2026-04-01,config,False,,,,,03-19,,,,False,3,Shoulder
2026-03-20,Standard Queen with Kitchen,False,2026-04-01,config,False,,,,,03-20,,,,False,3,Shoulder
2026-03-21,Standard Queen with Kitchen,False,2026-04-01,config,False,,,,,03-21,,,,False,3,Shoulder
2026-03-22,Standard Queen with Kitchen,False,2026-04-01,config,False,,,,,03-22,,,,False,3,Shoulder
2026-03-23,Standard Queen with Kitchen,False,2026-04-01,config,False,,,,,03-23,,,,False,3,Shoulder
2026-03-24,Standard Queen with Kitchen,False,2026-04-01,config,False,,,,,03-24,,,,False,3,Shoulder
2026-03-25,Standard Queen with Kitchen,False,2026-04-01,config,False,,,,,03-25,,,,False,3,Shoulder
2026-03-26,Standard Queen with Kitchen,False,2026-04-01,config,False,,,,,03-26,,,,False,2,Low
2026-03-27,Standard Queen with Kitchen,False,2026-04-01,config,False,,,,,03-27,,,,False,2,Low
2026-03-28,Standard Queen with Kitchen,False,2026-04-01,config,False,,,,,03-28,,,,False,2,Low
2026-03-29,Standard Queen with Kitchen,False,2026-04-01,config,False,,,,,03-29,,,,False,2,Low
2026-03-30,Standard Queen with Kitchen,False,2026-04-01,config,False,,,,,03-30,,,,False,2,Low
2026-03-31,Standard Queen with Kitchen,False,2026-04-01,config,False,,,,,03-31,,,,False,2,Low
2026-04-01,Standard Queen with Kitchen,True,2026-04-01,config,False,0.0,0.0,0.0,0.0,04-01,0.0,1.0,2026,False,2,Low
2026-04-02,Standard Queen with Kitchen,True,2026-04-01,config,False,0.0,0.0,0.0,0.0,04-02,0.0,1.0,2026,False,2,Low
2026-04-03,Standard Queen with Kitchen,True,2026-04-01,config,False,0.0,0.0,0.0,0.0,04-03,0.0,1.0,2026,False,2,Low
2026-04-04,Standard Queen with Kitchen,True,2026-04-01,config,False,0.0,0.0,0.0,0.0,04-04,0.0,1.0,2026,False,2,Low
2026-04-05,Standard Queen with Kitchen,True,2026-04-01,config,False,0.0,0.0,0.0,0.0,04-05,0.0,1.0,2026,False,2,Low
2026-04-06,Standard Queen with Kitchen,True,2026-04-01,config,False,0.0,0.0,0.0,0.0,04-06,0.0,1.0,2026,False,2,Low
2026-04-07,Standard Queen with Kitchen,True,2026-04-01,config,False,62.77,1.0,1.0,62.77,04-07,62.77,1.0,2026,False,2,Low
2026-04-08,Standard Queen with Kitchen,True,2026-04-01,config,False,62.77,1.0,0.0,62.77,04-08,62.77,1.0,2026,False,2,Low
2026-04-09,Standard Queen with Kitchen,True,2026-04-01,config,False,0.0,0.0,0.0,0.0,04-09,0.0,1.0,2026,False,2,Low
2026-04-10,Standard Queen with Kitchen,True,2026-04-01,config,False,0.0,0.0,0.0,0.0,04-10,0.0,1.0,2026,False,2,Low
2026-04-11,Standard Queen with Kitchen,True,2026-04-01,config,False,0.0,0.0,0.0,0.0,04-11,0.0,1.0,2026,False,2,Low
2026-04-12,Standard Queen with Kitchen,True,2026-04-01,config,False,0.0,0.0,0.0,0.0,04-12,0.0,1.0,2026,False,2,Low
2026-04-13,Standard Queen with Kitchen,True,2026-04-01,config,False,0.0,0.0,0.0,0.0,04-13,0.0,1.0,2026,False,2,Low
2026-04-14,Standard Queen with Kitchen,True,2026-04-01,config,False,0.0,0.0,0.0,0.0,04-14,0.0,1.0,2026,False,2,Low
2026-04-15,Standard Queen with Kitchen,True,2026-04-01,config,False,0.0,0.0,0.0,0.0,04-15,0.0,1.0,2026,False,2,Low
2026-04-16,Standard Queen with Kitchen,True,2026-04-01,config,False,99.0,1.0,1.0,99.0,04-16,99.0,1.0,2026,False,2,Low
2026-04-17,Standard Queen with Kitchen,True,2026-04-01,config,False,71.00333333333333,1.0,1.0,71.00333333333333,04-17,71.00333333333333,1.0,2026,False,2,Low
2026-04-18,Standard Queen with Kitchen,True,2026-04-01,config,False,71.00333333333333,1.0,0.0,71.00333333333333,04-18,71.00333333333333,1.0,2026,False,2,Low
2026-04-19,Standard Queen with Kitchen,True,2026-04-01,config,False,71.00333333333333,1.0,0.0,71.00333333333333,04-19,71.00333333333333,1.0,2026,False,2,Low
2026-04-20,Standard Queen with Kitchen,True,2026-04-01,config,False,87.0,1.0,1.0,87.0,04-20,87.0,1.0,2026,False,2,Low
2026-04-21,Standard Queen with Kitchen,True,2026-04-01,config,False,0.0,0.0,0.0,0.0,04-21,0.0,1.0,2026,False,2,Low
2026-04-22,Standard Queen with Kitchen,True,2026-04-01,config,False,65.7625,1.0,1.0,65.7625,04-22,65.7625,1.0,2026,False,3,Shoulder
2026-04-23,Standard Queen with Kitchen,True,2026-04-01,config,False,65.7625,1.0,0.0,65.7625,04-23,65.7625,1.0,2026,False,3,Shoulder
2026-04-24,Standard Queen with Kitchen,True,2026-04-01,config,False,65.7625,1.0,0.0,65.7625,04-24,65.7625,1.0,2026,False,3,Shoulder
2026-04-25,Standard Queen with Kitchen,True,2026-04-01,config,False,65.7625,1.0,0.0,65.7625,04-25,65.7625,1.0,2026,False,3,Shoulder
2026-04-26,Standard Queen with Kitchen,True,2026-04-01,config,False,88.25,1.0,1.0,88.25,04-26,88.25,1.0,2026,False,3,Shoulder
2026-04-27,Standard Queen with Kitchen,True,2026-04-01,config,False,88.25,1.0,0.0,88.25,04-27,88.25,1.0,2026,False,3,Shoulder
2026-04-28,Standard Queen with Kitchen,True,2026-04-01,config,False,88.25,1.0,0.0,88.25,04-28,88.25,1.0,2026,False,3,Shoulder
2026-04-29,Standard Queen with Kitchen,True,2026-04-01,config,False,88.25,1.0,0.0,88.25,04-29,88.25,1.0,2026,False,3,Shoulder
2026-04-30,Standard Queen with Kitchen,True,2026-04-01,config,False,0.0,0.0,0.0,0.0,04-30,0.0,1.0,2026,False,3,Shoulder
2026-05-01,Standard Queen with Kitchen,True,2026-04-01,config,False,115.42,1.0,1.0,115.42,05-01,115.42,1.0,2026,False,3,Shoulder
2026-05-02,Standard Queen with Kitchen,True,2026-04-01,config,False,0.0,0.0,0.0,0.0,05-02,0.0,1.0,2026,False,3,Shoulder
2026-05-03,Standard Queen with Kitchen,True,2026-04-01,config,False,0.0,0.0,0.0,0.0,05-03,0.0,1.0,2026,False,3,Shoulder
2026-05-04,Standard Queen with Kitchen,True,2026-04-01,config,False,0.0,0.0,0.0,0.0,05-04,0.0,1.0,2026,False,3,Shoulder
2026-05-05,Standard Queen with Kitchen,True,2026-04-01,config,False,79.22,1.0,1.0,79.22,05-05,79.22,1.0,2026,False,3,Shoulder
2026-05-06,Standard Queen with Kitchen,True,2026-04-01,config,False,0.0,0.0,0.0,0.0,05-06,0.0,1.0,2026,False,3,Shoulder
2026-05-07,Standard Queen with Kitchen,True,2026-04-01,config,False,0.0,0.0,0.0,0.0,05-07,0.0,1.0,2026,False,3,Shoulder
2026-05-08,Standard Queen with Kitchen,True,2026-04-01,config,False,181.915,1.0,1.0,181.915,05-08,181.915,1.0,2026,False,3,Shoulder
2026-05-09,Standard Queen with Kitchen,True,2026-04-01,config,False,181.915,1.0,0.0,181.915,05-09,181.915,1.0,2026,False,3,Shoulder
2026-05-10,Standard Queen with Kitchen,True,2026-04-01,config,False,0.0,0.0,0.0,0.0,05-10,0.0,1.0,2026,False,3,Shoulder
2026-05-11,Standard Queen with Kitchen,True,2026-04-01,config,False,150.33333333333334,1.0,1.0,150.33333333333334,05-11,150.33333333333334,1.0,2026,False,3,Shoulder
2026-05-12,Standard Queen with Kitchen,True,2026-04-01,config,False,150.33333333333334,1.0,0.0,150.33333333333334,05-12,150.33333333333334,1.0,2026,False,3,Shoulder
2026-05-13,Standard Queen with Kitchen,True,2026-04-01,config,False,150.33333333333334,1.0,0.0,150.33333333333334,05-13,150.33333333333334,1.0,2026,False,3,Shoulder
2026-05-14,Standard Queen with Kitchen,True,2026-04-01,config,False,0.0,0.0,0.0,0.0,05-14,0.0,1.0,2026,False,3,Shoulder
2026-05-15,Standard Queen with Kitchen,True,2026-04-01,config,False,0.0,0.0,0.0,0.0,05-15,0.0,1.0,2026,False,3,Shoulder
2026-05-16,Standard Queen with Kitchen,True,2026-04-01,config,False,79.22,1.0,1.0,79.22,05-16,79.22,1.0,2026,False,3,Shoulder
2026-05-17,Standard Queen with Kitchen,True,2026-04-01,config,False,0.0,0.0,0.0,0.0,05-17,0.0,1.0,2026,False,3,Shoulder
2026-05-18,Standard Queen with Kitchen,True,2026-04-01,config,False,81.34,1.0,1.0,81.34,05-18,81.34,1.0,2026,False,4,High
2026-05-19,Standard Queen with Kitchen,True,2026-04-01,config,False,0.0,0.0,0.0,0.0,05-19,0.0,1.0,2026,False,4,High
2026-05-20,Standard Queen with Kitchen,True,2026-04-01,config,False,0.0,0.0,0.0,0.0,05-20,0.0,1.0,2026,False,4,High
2026-05-21,Standard Queen with Kitchen,True,2026-04-01,config,False,116.505,1.0,1.0,116.505,05-21,116.505,1.0,2026,False,4,High
2026-05-22,Standard Queen with Kitchen,True,2026-04-01,config,False,116.505,1.0,0.0,116.505,05-22,116.505,1.0,2026,False,4,High
2026-05-23,Standard Queen with Kitchen,True,2026-04-01,config,False,222.0,1.0,1.0,222.0,05-23,222.0,1.0,2026,False,4,High
2026-05-24,Standard Queen with Kitchen,True,2026-04-01,config,False,222.0,1.0,0.0,222.0,05-24,222.0,1.0,2026,False,4,High
2026-05-25,Standard Queen with Kitchen,True,2026-04-01,config,False,69.40666666666667,1.0,1.0,69.40666666666667,05-25,69.40666666666667,1.0,2026,False,4,High
2026-05-26,Standard Queen with Kitchen,True,2026-04-01,config,False,69.40666666666667,1.0,0.0,69.40666666666667,05-26,69.40666666666667,1.0,2026,False,4,High
2026-05-27,Standard Queen with Kitchen,True,2026-04-01,config,False,69.40666666666667,1.0,0.0,69.40666666666667,05-27,69.40666666666667,1.0,2026,False,4,High
2026-05-28,Standard Queen with Kitchen,True,2026-04-01,config,False,0.0,0.0,0.0,0.0,05-28,0.0,1.0,2026,False,5,Peak
2026-05-29,Standard Queen with Kitchen,True,2026-04-01,config,False,124.08,1.0,1.0,124.08,05-29,124.08,1.0,2026,False,5,Peak
2026-05-30,Standard Queen with Kitchen,True,2026-04-01,config,False,124.08,1.0,0.0,124.08,05-30,124.08,1.0,2026,False,5,Peak
2026-05-31,Standard Queen with Kitchen,True,2026-04-01,config,False,144.325,1.0,1.0,144.325,05-31,144.325,1.0,2026,False,4,High
2026-06-01,Standard Queen with Kitchen,True,2026-04-01,config,False,144.325,1.0,0.0,144.325,06-01,144.325,1.0,2026,False,4,High
2026-06-02,Standard Queen with Kitchen,True,2026-04-01,config,False,152.95,1.0,1.0,152.95,06-02,152.95,1.0,2026,False,4,High
2026-06-03,Standard Queen with Kitchen,True,2026-04-01,config,False,74.95,1.0,1.0,74.95,06-03,74.95,1.0,2026,False,4,High
2026-06-04,Standard Queen with Kitchen,True,2026-04-01,config,False,115.57,1.0,1.0,115.57,06-04,115.57,1.0,2026,False,4,High
2026-06-05,Standard Queen with Kitchen,True,2026-04-01,config,False,130.28,1.0,1.0,130.28,06-05,130.28,1.0,2026,False,5,Peak
2026-06-06,Standard Queen with Kitchen,True,2026-04-01,config,False,130.28,1.0,0.0,130.28,06-06,130.28,1.0,2026,False,5,Peak
2026-06-07,Standard Queen with Kitchen,True,2026-04-01,config,False,0.0,0.0,0.0,0.0,06-07,0.0,1.0,2026,False,5,Peak
2026-06-08,Standard Queen with Kitchen,True,2026-04-01,config,False,193.5,1.0,1.0,193.5,06-08,193.5,1.0,2026,False,5,Peak
2026-06-09,Standard Queen with Kitchen,True,2026-04-01,config,False,193.5,1.0,0.0,193.5,06-09,193.5,1.0,2026,False,5,Peak
2026-06-10,Standard Queen with Kitchen,True,2026-04-01,config,False,193.5,1.0,0.0,193.5,06-10,193.5,1.0,2026,False,5,Peak
2026-06-11,Standard Queen with Kitchen,True,2026-04-01,config,False,193.5,1.0,0.0,193.5,06-11,193.5,1.0,2026,False,5,Peak
2026-06-12,Standard Queen with Kitchen,True,2026-04-01,config,False,153.5,1.0,1.0,153.5,06-12,153.5,1.0,2026,False,5,Peak
2026-06-13,Standard Queen with Kitchen,True,2026-04-01,config,False,153.5,1.0,0.0,153.5,06-13,153.5,1.0,2026,False,5,Peak
2026-06-14,Standard Queen with Kitchen,True,2026-04-01,config,False,100.605,1.0,1.0,100.605,06-14,100.605,1.0,2026,False,5,Peak
2026-06-15,Standard Queen with Kitchen,True,2026-04-01,config,False,100.605,1.0,0.0,100.605,06-15,100.605,1.0,2026,False,5,Peak
2026-06-16,Standard Queen with Kitchen,True,2026-04-01,config,False,123.065,1.0,1.0,123.065,06-16,123.065,1.0,2026,False,5,Peak
2026-06-17,Standard Queen with Kitchen,True,2026-04-01,config,False,123.065,1.0,0.0,123.065,06-17,123.065,1.0,2026,False,5,Peak
2026-06-18,Standard Queen with Kitchen,True,2026-04-01,config,False,162.0,1.0,1.0,162.0,06-18,162.0,1.0,2026,False,5,Peak
2026-06-19,Standard Queen with Kitchen,True,2026-04-01,config,False,178.2475,1.0,1.0,178.2475,06-19,178.2475,1.0,2026,False,5,Peak
2026-06-20,Standard Queen with Kitchen,True,2026-04-01,config,False,178.2475,1.0,0.0,178.2475,06-20,178.2475,1.0,2026,False,5,Peak
2026-06-21,Standard Queen with Kitchen,True,2026-04-01,config,False,178.2475,1.0,0.0,178.2475,06-21,178.2475,1.0,2026,False,5,Peak
2026-06-22,Standard Queen with Kitchen,True,2026-04-01,config,False,178.2475,1.0,0.0,178.2475,06-22,178.2475,1.0,2026,False,5,Peak
2026-06-23,Standard Queen with Kitchen,True,2026-04-01,config,False,184.0,1.0,1.0,184.0,06-23,184.0,1.0,2026,False,5,Peak
2026-06-24,Standard Queen with Kitchen,True,2026-04-01,config,False,179.5,1.0,1.0,179.5,06-24,179.5,1.0,2026,False,5,Peak
2026-06-25,Standard Queen with Kitchen,True,2026-04-01,config,False,179.5,1.0,0.0,179.5,06-25,179.5,1.0,2026,False,5,Peak
2026-06-26,Standard Queen with Kitchen,True,2026-04-01,config,False,255.0,1.0,1.0,255.0,06-26,255.0,1.0,2026,False,5,Peak
2026-06-27,Standard Queen with Kitchen,True,2026-04-01,config,False,255.0,1.0,0.0,255.0,06-27,255.0,1.0,2026,False,5,Peak
2026-06-28,Standard Queen with Kitchen,True,2026-04-01,config,False,139.56,1.0,1.0,139.56,06-28,139.56,1.0,2026,False,5,Peak
2026-06-29,Standard Queen with Kitchen,True,2026-04-01,config,False,184.0,1.0,1.0,184.0,06-29,184.0,1.0,2026,False,5,Peak
2026-06-30,Standard Queen with Kitchen,True,2026-04-01,config,False,87.5,1.0,1.0,87.5,06-30,87.5,1.0,2026,False,5,Peak
2026-07-01,Standard Queen with Kitchen,True,2026-04-01,config,False,87.5,1.0,0.0,87.5,07-01,87.5,1.0,2026,False,5,Peak
2026-07-02,Standard Queen with Kitchen,True,2026-04-01,config,False,0.0,0.0,0.0,0.0,07-02,0.0,1.0,2026,False,5,Peak
2026-07-03,Standard Queen with Kitchen,True,2026-04-01,config,False,0.0,0.0,0.0,0.0,07-03,0.0,1.0,2026,False,5,Peak
2026-07-04,Standard Queen with Kitchen,True,2026-04-01,config,False,0.0,0.0,0.0,0.0,07-04,0.0,1.0,2026,False,5,Peak
2026-07-05,Standard Queen with Kitchen,True,2026-04-01,config,False,102.4,1.0,1.0,102.4,07-05,102.4,1.0,2026,False,5,Peak
2026-07-06,Standard Queen with Kitchen,True,2026-04-01,config,False,160.0,1.0,1.0,160.0,07-06,160.0,1.0,2026,False,5,Peak
2026-07-07,Standard Queen with Kitchen,True,2026-04-01,config,False,172.0,1.0,1.0,172.0,07-07,172.0,1.0,2026,False,5,Peak
2026-07-08,Standard Queen with Kitchen,True,2026-04-01,config,False,211.0,1.0,1.0,211.0,07-08,211.0,1.0,2026,False,5,Peak
2026-07-09,Standard Queen with Kitchen,True,2026-04-01,config,False,150.0,1.0,1.0,150.0,07-09,150.0,1.0,2026,False,5,Peak
2026-07-10,Standard Queen with Kitchen,True,2026-04-01,config,False,198.55,1.0,1.0,198.55,07-10,198.55,1.0,2026,False,5,Peak
2026-07-11,Standard Queen with Kitchen,True,2026-04-01,config,False,195.0,1.0,1.0,195.0,07-11,195.0,1.0,2026,False,5,Peak
2026-07-12,Standard Queen with Kitchen,True,2026-04-01,config,False,117.24,1.0,1.0,117.24,07-12,117.24,1.0,2026,False,5,Peak
2026-07-13,Standard Queen with Kitchen,True,2026-04-01,config,False,178.5,1.0,1.0,178.5,07-13,178.5,1.0,2026,False,5,Peak
2026-07-14,Standard Queen with Kitchen,True,2026-04-01,config,False,148.4,1.0,1.0,148.4,07-14,148.4,1.0,2026,False,5,Peak
2026-07-15,Standard Queen with Kitchen,True,2026-04-01,config,False,148.4,1.0,0.0,148.4,07-15,148.4,1.0,2026,False,5,Peak
2026-07-16,Standard Queen with Kitchen,True,2026-04-01,config,False,148.4,1.0,0.0,148.4,07-16,148.4,1.0,2026,False,5,Peak
2026-07-17,Standard Queen with Kitchen,True,2026-04-01,config,False,148.4,1.0,0.0,148.4,07-17,148.4,1.0,2026,False,5,Peak
2026-07-18,Standard Queen with Kitchen,True,2026-04-01,config,False,148.4,1.0,0.0,148.4,07-18,148.4,1.0,2026,False,5,Peak
2026-07-19,Standard Queen with Kitchen,True,2026-04-01,config,False,148.4,1.0,0.0,148.4,07-19,148.4,1.0,2026,False,5,Peak
2026-07-20,Standard Queen with Kitchen,True,2026-04-01,config,False,173.25,1.0,1.0,173.25,07-20,173.25,1.0,2026,False,5,Peak
2026-07-21,Standard Queen with Kitchen,True,2026-04-01,config,False,0.0,0.0,0.0,0.0,07-21,0.0,1.0,2026,False,5,Peak
2026-07-22,Standard Queen with Kitchen,True,2026-04-01,config,False,0.0,0.0,0.0,0.0,07-22,0.0,1.0,2026,False,5,Peak
2026-07-23,Standard Queen with Kitchen,True,2026-04-01,config,False,0.0,0.0,0.0,0.0,07-23,0.0,1.0,2026,False,5,Peak
2026-07-24,Standard Queen with Kitchen,True,2026-04-01,config,False,0.0,0.0,0.0,0.0,07-24,0.0,1.0,2026,False,5,Peak
2026-07-25,Standard Queen with Kitchen,True,2026-04-01,config,False,0.0,0.0,0.0,0.0,07-25,0.0,1.0,2026,False,5,Peak
2026-07-26,Standard Queen with Kitchen,True,2026-04-01,config,False,0.0,0.0,0.0,0.0,07-26,0.0,1.0,2026,False,5,Peak
2026-07-27,Standard Queen with Kitchen,True,2026-04-01,config,False,0.0,0.0,0.0,0.0,07-27,0.0,1.0,2026,False,5,Peak
2026-07-28,Standard Queen with Kitchen,True,2026-04-01,config,False,0.0,0.0,0.0,0.0,07-28,0.0,1.0,2026,False,5,Peak
2026-07-29,Standard Queen with Kitchen,True,2026-04-01,config,False,0.0,0.0,0.0,0.0,07-29,0.0,1.0,2026,False,4,High
2026-07-30,Standard Queen with Kitchen,True,2026-04-01,config,False,0.0,0.0,0.0,0.0,07-30,0.0,1.0,2026,False,4,High
2026-07-31,Standard Queen with Kitchen,True,2026-04-01,config,False,0.0,0.0,0.0,0.0,07-31,0.0,1.0,2026,False,4,High
2026-08-01,Standard Queen with Kitchen,True,2026-04-01,config,False,0.0,0.0,0.0,0.0,08-01,0.0,1.0,2026,False,4,High
2026-08-02,Standard Queen with Kitchen,True,2026-04-01,config,False,0.0,0.0,0.0,0.0,08-02,0.0,1.0,2026,False,4,High
2026-08-03,Standard Queen with Kitchen,True,2026-04-01,config,False,0.0,0.0,0.0,0.0,08-03,0.0,1.0,2026,False,4,High
2026-08-04,Standard Queen with Kitchen,True,2026-04-01,config,False,0.0,0.0,0.0,0.0,08-04,0.0,1.0,2026,False,4,High
2026-08-05,Standard Queen with Kitchen,True,2026-04-01,config,False,0.0,0.0,0.0,0.0,08-05,0.0,1.0,2026,False,4,High
2026-08-06,Standard Queen with Kitchen,True,2026-04-01,config,False,0.0,0.0,0.0,0.0,08-06,0.0,1.0,2026,False,4,High
2026-08-07,Standard Queen with Kitchen,True,2026-04-01,config,False,0.0,0.0,0.0,0.0,08-07,0.0,1.0,2026,False,4,High
2026-08-08,Standard Queen with Kitchen,True,2026-04-01,config,False,0.0,0.0,0.0,0.0,08-08,0.0,1.0,2026,False,4,High
2026-08-09,Standard Queen with Kitchen,True,2026-04-01,config,False,0.0,0.0,0.0,0.0,08-09,0.0,1.0,2026,False,4,High
2026-08-10,Standard Queen with Kitchen,True,2026-04-01,config,False,0.0,0.0,0.0,0.0,08-10,0.0,1.0,2026,False,4,High
2026-08-11,Standard Queen with Kitchen,True,2026-04-01,config,False,0.0,0.0,0.0,0.0,08-11,0.0,1.0,2026,False,4,High
2026-08-12,Standard Queen with Kitchen,True,2026-04-01,config,False,0.0,0.0,0.0,0.0,08-12,0.0,1.0,2026,False,4,High
2026-08-13,Standard Queen with Kitchen,True,2026-04-01,config,False,0.0,0.0,0.0,0.0,08-13,0.0,1.0,2026,False,4,High
2026-08-14,Standard Queen with Kitchen,True,2026-04-01,config,False,0.0,0.0,0.0,0.0,08-14,0.0,1.0,2026,False,4,High
2026-08-15,Standard Queen with Kitchen,True,2026-04-01,config,False,0.0,0.0,0.0,0.0,08-15,0.0,1.0,2026,False,4,High
2026-08-16,Standard Queen with Kitchen,True,2026-04-01,config,False,0.0,0.0,0.0,0.0,08-16,0.0,1.0,2026,False,4,High
2026-08-17,Standard Queen with Kitchen,True,2026-04-01,config,False,0.0,0.0,0.0,0.0,08-17,0.0,1.0,2026,False,4,High
2026-08-18,Standard Queen with Kitchen,True,2026-04-01,config,False,0.0,0.0,0.0,0.0,08-18,0.0,1.0,2026,False,4,High
2026-08-19,Standard Queen with Kitchen,True,2026-04-01,config,False,0.0,0.0,0.0,0.0,08-19,0.0,1.0,2026,False,4,High
2026-08-20,Standard Queen with Kitchen,True,2026-04-01,config,False,0.0,0.0,0.0,0.0,08-20,0.0,1.0,2026,False,4,High
2026-08-21,Standard Queen with Kitchen,True,2026-04-01,config,False,0.0,0.0,0.0,0.0,08-21,0.0,1.0,2026,False,4,High
2026-08-22,Standard Queen with Kitchen,True,2026-04-01,config,False,0.0,0.0,0.0,0.0,08-22,0.0,1.0,2026,False,4,High
2026-08-23,Standard Queen with Kitchen,True,2026-04-01,config,False,0.0,0.0,0.0,0.0,08-23,0.0,1.0,2026,False,4,High
2026-08-24,Standard Queen with Kitchen,True,2026-04-01,config,False,0.0,0.0,0.0,0.0,08-24,0.0,1.0,2026,False,4,High
2026-08-25,Standard Queen with Kitchen,True,2026-04-01,config,False,0.0,0.0,0.0,0.0,08-25,0.0,1.0,2026,False,4,High
2026-08-26,Standard Queen with Kitchen,True,2026-04-01,config,False,0.0,0.0,0.0,0.0,08-26,0.0,1.0,2026,False,4,High
2026-08-27,Standard Queen with Kitchen,True,2026-04-01,config,False,0.0,0.0,0.0,0.0,08-27,0.0,1.0,2026,False,4,High
2026-08-28,Standard Queen with Kitchen,True,2026-04-01,config,False,0.0,0.0,0.0,0.0,08-28,0.0,1.0,2026,False,4,High
2026-08-29,Standard Queen with Kitchen,True,2026-04-01,config,False,0.0,0.0,0.0,0.0,08-29,0.0,1.0,2026,False,4,High
2026-08-30,Standard Queen with Kitchen,True,2026-04-01,config,False,0.0,0.0,0.0,0.0,08-30,0.0,1.0,2026,False,4,High
2026-08-31,Standard Queen with Kitchen,True,2026-04-01,config,False,0.0,0.0,0.0,0.0,08-31,0.0,1.0,2026,False,4,High
2026-09-01,Standard Queen with Kitchen,True,2026-04-01,config,False,0.0,0.0,0.0,0.0,09-01,0.0,1.0,2026,False,4,High
2026-09-02,Standard Queen with Kitchen,True,2026-04-01,config,False,0.0,0.0,0.0,0.0,09-02,0.0,1.0,2026,False,4,High
2026-09-03,Standard Queen with Kitchen,True,2026-04-01,config,False,0.0,0.0,0.0,0.0,09-03,0.0,1.0,2026,False,4,High
2026-09-04,Standard Queen with Kitchen,True,2026-04-01,config,False,0.0,0.0,0.0,0.0,09-04,0.0,1.0,2026,False,4,High
2026-09-05,Standard Queen with Kitchen,True,2026-04-01,config,False,190.0,1.0,1.0,190.0,09-05,190.0,1.0,2026,False,4,High
2026-09-06,Standard Queen with Kitchen,True,2026-04-01,config,False,0.0,0.0,0.0,0.0,09-06,0.0,1.0,2026,False,4,High
2026-09-07,Standard Queen with Kitchen,True,2026-04-01,config,False,0.0,0.0,0.0,0.0,09-07,0.0,1.0,2026,False,4,High
2026-09-08,Standard Queen with Kitchen,True,2026-04-01,config,False,0.0,0.0,0.0,0.0,09-08,0.0,1.0,2026,False,4,High
2026-09-09,Standard Queen with Kitchen,True,2026-04-01,config,False,0.0,0.0,0.0,0.0,09-09,0.0,1.0,2026,False,4,High
2026-09-10,Standard Queen with Kitchen,True,2026-04-01,config,False,0.0,0.0,0.0,0.0,09-10,0.0,1.0,2026,False,4,High
2026-09-11,Standard Queen with Kitchen,True,2026-04-01,config,False,0.0,0.0,0.0,0.0,09-11,0.0,1.0,2026,False,4,High
2026-09-12,Standard Queen with Kitchen,True,2026-04-01,config,False,0.0,0.0,0.0,0.0,09-12,0.0,1.0,2026,False,4,High
2026-09-13,Standard Queen with Kitchen,True,2026-04-01,config,False,0.0,0.0,0.0,0.0,09-13,0.0,1.0,2026,False,4,High
2026-09-14,Standard Queen with Kitchen,True,2026-04-01,config,False,0.0,0.0,0.0,0.0,09-14,0.0,1.0,2026,False,4,High
2026-09-15,Standard Queen with Kitchen,True,2026-04-01,config,False,0.0,0.0,0.0,0.0,09-15,0.0,1.0,2026,False,4,High
2026-09-16,Standard Queen with Kitchen,True,2026-04-01,config,False,0.0,0.0,0.0,0.0,09-16,0.0,1.0,2026,False,4,High
2026-09-17,Standard Queen with Kitchen,True,2026-04-01,config,False,0.0,0.0,0.0,0.0,09-17,0.0,1.0,2026,False,4,High
2026-09-18,Standard Queen with Kitchen,True,2026-04-01,config,False,0.0,0.0,0.0,0.0,09-18,0.0,1.0,2026,False,4,High
2026-09-19,Standard Queen with Kitchen,True,2026-04-01,config,False,0.0,0.0,0.0,0.0,09-19,0.0,1.0,2026,False,4,High
2026-09-20,Standard Queen with Kitchen,True,2026-04-01,config,False,0.0,0.0,0.0,0.0,09-20,0.0,1.0,2026,False,4,High
2026-09-21,Standard Queen with Kitchen,True,2026-04-01,config,False,0.0,0.0,0.0,0.0,09-21,0.0,1.0,2026,False,4,High
2026-09-22,Standard Queen with Kitchen,True,2026-04-01,config,False,0.0,0.0,0.0,0.0,09-22,0.0,1.0,2026,False,4,High
2026-09-23,Standard Queen with Kitchen,True,2026-04-01,config,False,0.0,0.0,0.0,0.0,09-23,0.0,1.0,2026,False,4,High
2026-09-24,Standard Queen with Kitchen,True,2026-04-01,config,False,0.0,0.0,0.0,0.0,09-24,0.0,1.0,2026,False,4,High
2026-09-25,Standard Queen with Kitchen,True,2026-04-01,config,False,0.0,0.0,0.0,0.0,09-25,0.0,1.0,2026,False,4,High
2026-09-26,Standard Queen with Kitchen,True,2026-04-01,config,False,0.0,0.0,0.0,0.0,09-26,0.0,1.0,2026,False,4,High
2026-09-27,Standard Queen with Kitchen,True,2026-04-01,config,False,0.0,0.0,0.0,0.0,09-27,0.0,1.0,2026,False,4,High
2026-09-28,Standard Queen with Kitchen,True,2026-04-01,config,False,0.0,0.0,0.0,0.0,09-28,0.0,1.0,2026,False,4,High
2026-09-29,Standard Queen with Kitchen,True,2026-04-01,config,False,0.0,0.0,0.0,0.0,09-29,0.0,1.0,2026,False,4,High
2026-09-30,Standard Queen with Kitchen,True,2026-04-01,config,False,0.0,0.0,0.0,0.0,09-30,0.0,1.0,2026,False,4,High
2026-10-01,Standard Queen with Kitchen,True,2026-04-01,config,False,87.806,1.0,1.0,87.806,10-01,87.806,1.0,2026,False,4,High
2026-10-02,Standard Queen with Kitchen,True,2026-04-01,config,False,87.806,1.0,0.0,87.806,10-02,87.806,1.0,2026,False,4,High
2026-10-03,Standard Queen with Kitchen,True,2026-04-01,config,False,87.806,1.0,0.0,87.806,10-03,87.806,1.0,2026,False,4,High
2026-10-04,Standard Queen with Kitchen,True,2026-04-01,config,False,87.806,1.0,0.0,87.806,10-04,87.806,1.0,2026,False,4,High
2026-10-05,Standard Queen with Kitchen,True,2026-04-01,config,False,87.806,1.0,0.0,87.806,10-05,87.806,1.0,2026,False,4,High
2026-10-06,Standard Queen with Kitchen,True,2026-04-01,config,False,0.0,0.0,0.0,0.0,10-06,0.0,1.0,2026,False,4,High
2026-10-07,Standard Queen with Kitchen,True,2026-04-01,config,False,0.0,0.0,0.0,0.0,10-07,0.0,1.0,2026,False,4,High
2026-10-08,Standard Queen with Kitchen,True,2026-04-01,config,False,0.0,0.0,0.0,0.0,10-08,0.0,1.0,2026,False,4,High
2026-10-09,Standard Queen with Kitchen,True,2026-04-01,config,False,0.0,0.0,0.0,0.0,10-09,0.0,1.0,2026,False,3,Shoulder
2026-10-10,Standard Queen with Kitchen,True,2026-04-01,config,False,85.24,1.0,1.0,85.24,10-10,85.24,1.0,2026,False,3,Shoulder
2026-10-11,Standard Queen with Kitchen,True,2026-04-01,config,False,85.24,1.0,0.0,85.24,10-11,85.24,1.0,2026,False,3,Shoulder
2026-10-12,Standard Queen with Kitchen,True,2026-04-01,config,False,0.0,0.0,0.0,0.0,10-12,0.0,1.0,2026,False,3,Shoulder
2026-10-13,Standard Queen with Kitchen,True,2026-04-01,config,False,0.0,0.0,0.0,0.0,10-13,0.0,1.0,2026,False,3,Shoulder
2026-10-14,Standard Queen with Kitchen,True,2026-04-01,config,False,0.0,0.0,0.0,0.0,10-14,0.0,1.0,2026,False,3,Shoulder
2026-10-15,Standard Queen with Kitchen,True,2026-04-01,config,False,0.0,0.0,0.0,0.0,10-15,0.0,1.0,2026,False,3,Shoulder
2026-10-16,Standard Queen with Kitchen,True,2026-04-01,config,False,0.0,0.0,0.0,0.0,10-16,0.0,1.0,2026,False,3,Shoulder
2026-10-17,Standard Queen with Kitchen,True,2026-04-01,config,False,0.0,0.0,0.0,0.0,10-17,0.0,1.0,2026,False,3,Shoulder
2026-10-18,Standard Queen with Kitchen,True,2026-04-01,config,False,0.0,0.0,0.0,0.0,10-18,0.0,1.0,2026,False,3,Shoulder
2026-10-19,Standard Queen with Kitchen,True,2026-04-01,config,False,0.0,0.0,0.0,0.0,10-19,0.0,1.0,2026,False,3,Shoulder
2026-10-20,Standard Queen with Kitchen,True,2026-04-01,config,False,0.0,0.0,0.0,0.0,10-20,0.0,1.0,2026,False,3,Shoulder
2026-10-21,Standard Queen with Kitchen,True,2026-04-01,config,False,0.0,0.0,0.0,0.0,10-21,0.0,1.0,2026,False,3,Shoulder
2026-10-22,Standard Queen with Kitchen,True,2026-04-01,config,False,0.0,0.0,0.0,0.0,10-22,0.0,1.0,2026,False,3,Shoulder
2026-10-23,Standard Queen with Kitchen,True,2026-04-01,config,False,0.0,0.0,0.0,0.0,10-23,0.0,1.0,2026,False,3,Shoulder
2026-10-24,Standard Queen with Kitchen,True,2026-04-01,config,False,0.0,0.0,0.0,0.0,10-24,0.0,1.0,2026,False,3,Shoulder
2026-10-25,Standard Queen with Kitchen,True,2026-04-01,config,False,0.0,0.0,0.0,0.0,10-25,0.0,1.0,2026,False,2,Low
2026-10-26,Standard Queen with Kitchen,True,2026-04-01,config,False,0.0,0.0,0.0,0.0,10-26,0.0,1.0,2026,False,2,Low
2026-10-27,Standard Queen with Kitchen,True,2026-04-01,config,False,0.0,0.0,0.0,0.0,10-27,0.0,1.0,2026,False,2,Low
2026-10-28,Standard Queen with Kitchen,True,2026-04-01,config,False,0.0,0.0,0.0,0.0,10-28,0.0,1.0,2026,False,2,Low
2026-10-29,Standard Queen with Kitchen,True,2026-04-01,config,False,0.0,0.0,0.0,0.0,10-29,0.0,1.0,2026,False,2,Low
2026-10-30,Standard Queen with Kitchen,True,2026-04-01,config,False,0.0,0.0,0.0,0.0,10-30,0.0,1.0,2026,False,2,Low
2026-10-31,Standard Queen with Kitchen,True,2026-04-01,config,False,0.0,0.0,0.0,0.0,10-31,0.0,1.0,2026,False,1,Soft
2026-11-01,Standard Queen with Kitchen,True,2026-04-01,config,False,0.0,0.0,0.0,0.0,11-01,0.0,1.0,2026,False,1,Soft
2026-11-02,Standard Queen with Kitchen,True,2026-04-01,config,False,0.0,0.0,0.0,0.0,11-02,0.0,1.0,2026,False,1,Soft
2026-11-03,Standard Queen with Kitchen,True,2026-04-01,config,False,0.0,0.0,0.0,0.0,11-03,0.0,1.0,2026,False,1,Soft
2026-11-04,Standard Queen with Kitchen,True,2026-04-01,config,False,0.0,0.0,0.0,0.0,11-04,0.0,1.0,2026,False,1,Soft
2026-11-05,Standard Queen with Kitchen,True,2026-04-01,config,False,0.0,0.0,0.0,0.0,11-05,0.0,1.0,2026,False,1,Soft
2026-11-06,Standard Queen with Kitchen,True,2026-04-01,config,False,0.0,0.0,0.0,0.0,11-06,0.0,1.0,2026,False,1,Soft
2026-11-07,Standard Queen with Kitchen,True,2026-04-01,config,False,0.0,0.0,0.0,0.0,11-07,0.0,1.0,2026,False,1,Soft
2026-11-08,Standard Queen with Kitchen,True,2026-04-01,config,False,0.0,0.0,0.0,0.0,11-08,0.0,1.0,2026,False,1,Soft
2026-11-09,Standard Queen with Kitchen,True,2026-04-01,config,False,0.0,0.0,0.0,0.0,11-09,0.0,1.0,2026,False,1,Soft
2026-11-10,Standard Queen with Kitchen,True,2026-04-01,config,False,0.0,0.0,0.0,0.0,11-10,0.0,1.0,2026,False,1,Soft
2026-11-11,Standard Queen with Kitchen,True,2026-04-01,config,False,0.0,0.0,0.0,0.0,11-11,0.0,1.0,2026,False,1,Soft
2026-11-12,Standard Queen with Kitchen,True,2026-04-01,config,False,0.0,0.0,0.0,0.0,11-12,0.0,1.0,2026,False,1,Soft
2026-11-13,Standard Queen with Kitchen,True,2026-04-01,config,False,0.0,0.0,0.0,0.0,11-13,0.0,1.0,2026,False,1,Soft
2026-11-14,Standard Queen with Kitchen,True,2026-04-01,config,False,0.0,0.0,0.0,0.0,11-14,0.0,1.0,2026,False,1,Soft
2026-11-15,Standard Queen with Kitchen,True,2026-04-01,config,False,0.0,0.0,0.0,0.0,11-15,0.0,1.0,2026,False,1,Soft
2026-11-16,Standard Queen with Kitchen,True,2026-04-01,config,False,0.0,0.0,0.0,0.0,11-16,0.0,1.0,2026,False,1,Soft
2026-11-17,Standard Queen with Kitchen,True,2026-04-01,config,False,0.0,0.0,0.0,0.0,11-17,0.0,1.0,2026,False,1,Soft
2026-11-18,Standard Queen with Kitchen,True,2026-04-01,config,False,0.0,0.0,0.0,0.0,11-18,0.0,1.0,2026,False,1,Soft
2026-11-19,Standard Queen with Kitchen,True,2026-04-01,config,False,0.0,0.0,0.0,0.0,11-19,0.0,1.0,2026,False,1,Soft
2026-11-20,Standard Queen with Kitchen,True,2026-04-01,config,False,0.0,0.0,0.0,0.0,11-20,0.0,1.0,2026,False,1,Soft
2026-11-21,Standard Queen with Kitchen,True,2026-04-01,config,False,0.0,0.0,0.0,0.0,11-21,0.0,1.0,2026,False,1,Soft
2026-11-22,Standard Queen with Kitchen,True,2026-04-01,config,False,0.0,0.0,0.0,0.0,11-22,0.0,1.0,2026,False,1,Soft
2026-11-23,Standard Queen with Kitchen,True,2026-04-01,config,False,0.0,0.0,0.0,0.0,11-23,0.0,1.0,2026,False,1,Soft
2026-11-24,Standard Queen with Kitchen,True,2026-04-01,config,False,0.0,0.0,0.0,0.0,11-24,0.0,1.0,2026,False,1,Soft
2026-11-25,Standard Queen with Kitchen,True,2026-04-01,config,False,0.0,0.0,0.0,0.0,11-25,0.0,1.0,2026,False,1,Soft
2026-11-26,Standard Queen with Kitchen,True,2026-04-01,config,False,0.0,0.0,0.0,0.0,11-26,0.0,1.0,2026,False,1,Soft
2026-11-27,Standard Queen with Kitchen,True,2026-04-01,config,False,0.0,0.0,0.0,0.0,11-27,0.0,1.0,2026,False,1,Soft
2026-11-28,Standard Queen with Kitchen,True,2026-04-01,config,False,0.0,0.0,0.0,0.0,11-28,0.0,1.0,2026,False,1,Soft
2026-11-29,Standard Queen with Kitchen,True,2026-04-01,config,False,0.0,0.0,0.0,0.0,11-29,0.0,1.0,2026,False,1,Soft
2026-11-30,Standard Queen with Kitchen,True,2026-04-01,config,False,0.0,0.0,0.0,0.0,11-30,0.0,1.0,2026,False,1,Soft
2026-12-01,Standard Queen with Kitchen,True,2026-04-01,config,False,0.0,0.0,0.0,0.0,12-01,0.0,1.0,2026,False,1,Soft
2026-12-02,Standard Queen with Kitchen,True,2026-04-01,config,False,0.0,0.0,0.0,0.0,12-02,0.0,1.0,2026,False,1,Soft
2026-12-03,Standard Queen with Kitchen,True,2026-04-01,config,False,0.0,0.0,0.0,0.0,12-03,0.0,1.0,2026,False,1,Soft
2026-12-04,Standard Queen with Kitchen,True,2026-04-01,config,False,0.0,0.0,0.0,0.0,12-04,0.0,1.0,2026,False,1,Soft
2026-12-05,Standard Queen with Kitchen,True,2026-04-01,config,False,0.0,0.0,0.0,0.0,12-05,0.0,1.0,2026,False,1,Soft
2026-12-06,Standard Queen with Kitchen,True,2026-04-01,config,False,0.0,0.0,0.0,0.0,12-06,0.0,1.0,2026,False,1,Soft
2026-12-07,Standard Queen with Kitchen,True,2026-04-01,config,False,0.0,0.0,0.0,0.0,12-07,0.0,1.0,2026,False,1,Soft
2026-12-08,Standard Queen with Kitchen,True,2026-04-01,config,False,0.0,0.0,0.0,0.0,12-08,0.0,1.0,2026,False,1,Soft
2026-12-09,Standard Queen with Kitchen,True,2026-04-01,config,False,0.0,0.0,0.0,0.0,12-09,0.0,1.0,2026,False,1,Soft
2026-12-10,Standard Queen with Kitchen,True,2026-04-01,config,False,0.0,0.0,0.0,0.0,12-10,0.0,1.0,2026,False,1,Soft
2026-12-11,Standard Queen with Kitchen,True,2026-04-01,config,False,0.0,0.0,0.0,0.0,12-11,0.0,1.0,2026,False,1,Soft
2026-12-12,Standard Queen with Kitchen,True,2026-04-01,config,False,0.0,0.0,0.0,0.0,12-12,0.0,1.0,2026,False,1,Soft
2026-12-13,Standard Queen with Kitchen,True,2026-04-01,config,False,0.0,0.0,0.0,0.0,12-13,0.0,1.0,2026,False,1,Soft
2026-12-14,Standard Queen with Kitchen,True,2026-04-01,config,False,0.0,0.0,0.0,0.0,12-14,0.0,1.0,2026,False,1,Soft
2026-12-15,Standard Queen with Kitchen,True,2026-04-01,config,False,0.0,0.0,0.0,0.0,12-15,0.0,1.0,2026,False,1,Soft
2026-12-16,Standard Queen with Kitchen,True,2026-04-01,config,False,0.0,0.0,0.0,0.0,12-16,0.0,1.0,2026,False,1,Soft
2026-12-17,Standard Queen with Kitchen,True,2026-04-01,config,False,0.0,0.0,0.0,0.0,12-17,0.0,1.0,2026,False,2,Low
2026-12-18,Standard Queen with Kitchen,True,2026-04-01,config,False,0.0,0.0,0.0,0.0,12-18,0.0,1.0,2026,False,2,Low
2026-12-19,Standard Queen with Kitchen,True,2026-04-01,config,False,0.0,0.0,0.0,0.0,12-19,0.0,1.0,2026,False,2,Low
2026-12-20,Standard Queen with Kitchen,True,2026-04-01,config,False,0.0,0.0,0.0,0.0,12-20,0.0,1.0,2026,False,2,Low
2026-12-21,Standard Queen with Kitchen,True,2026-04-01,config,False,0.0,0.0,0.0,0.0,12-21,0.0,1.0,2026,False,2,Low
2026-12-22,Standard Queen with Kitchen,True,2026-04-01,config,False,0.0,0.0,0.0,0.0,12-22,0.0,1.0,2026,False,2,Low
2026-12-23,Standard Queen with Kitchen,True,2026-04-01,config,False,0.0,0.0,0.0,0.0,12-23,0.0,1.0,2026,False,3,Shoulder
2026-12-24,Standard Queen with Kitchen,True,2026-04-01,config,False,0.0,0.0,0.0,0.0,12-24,0.0,1.0,2026,False,3,Shoulder
2026-12-25,Standard Queen with Kitchen,True,2026-04-01,config,False,0.0,0.0,0.0,0.0,12-25,0.0,1.0,2026,False,3,Shoulder
2026-12-26,Standard Queen with Kitchen,True,2026-04-01,config,False,0.0,0.0,0.0,0.0,12-26,0.0,1.0,2026,False,3,Shoulder
2026-12-27,Standard Queen with Kitchen,True,2026-04-01,config,False,0.0,0.0,0.0,0.0,12-27,0.0,1.0,2026,False,3,Shoulder
2026-12-28,Standard Queen with Kitchen,True,2026-04-01,config,False,0.0,0.0,0.0,0.0,12-28,0.0,1.0,2026,False,3,Shoulder
2026-12-29,Standard Queen with Kitchen,True,2026-04-01,config,False,0.0,0.0,0.0,0.0,12-29,0.0,1.0,2026,False,3,Shoulder
2026-12-30,Standard Queen with Kitchen,True,2026-04-01,config,False,0.0,0.0,0.0,0.0,12-30,0.0,1.0,2026,False,3,Shoulder
2026-12-31,Standard Queen with Kitchen,True,2026-04-01,config,False,0.0,0.0,0.0,0.0,12-31,0.0,1.0,2026,False,3,Shoulder
