reservation_id,arrival_date,departure_date,nights,unit_id,guest_name,revenue,amount_paid,booking_date,lead_time_days,adr,channel,arrival_day_of_week,arrival_year_month,source_file,source_pms_id
6009795190252,2025-02-13,2025-02-15,2,Sage Safari,,1460.98,0.0,2025-01-01,43,730.49,Expedia,Thursday,2025-02,fbg_data.csv,cloudbeds
2544217397095,2025-01-31,2025-02-02,2,Bluebonnet,,688.0,777.44,2025-01-01,30,344.0,Direct,Friday,2025-01,fbg_data.csv,cloudbeds
3150624283402,2025-01-24,2025-01-26,2,Sage Safari,,968.0,1093.84,2025-01-01,23,484.0,Direct,Friday,2025-01,fbg_data.csv,cloudbeds
7149584695821,2025-01-25,2025-01-26,1,Lantana Dome,,484.0,546.92,2025-01-01,24,484.0,Direct,Saturday,2025-01,fbg_data.csv,cloudbeds
6870195792491,2025-01-07,2025-01-08,1,Spyglass,,314.0,354.82,2025-01-01,6,314.0,Direct,Tuesday,2025-01,fbg_data.csv,cloudbeds
9123002411309,2025-01-05,2025-01-06,1,Spyglass,,275.0,0.0,2025-01-01,4,275.0,Airbnb,Sunday,2025-01,fbg_data.csv,cloudbeds
2006339518729,2025-01-05,2025-01-06,1,Pecan Haus,,164.0,185.32,2025-01-01,4,164.0,Direct,Sunday,2025-01,fbg_data.csv,cloudbeds
4127776670205,2025-01-05,2025-01-06,1,Sage Safari,,213.0,240.69,2025-01-01,4,213.0,Direct,Sunday,2025-01,fbg_data.csv,cloudbeds
1281235226848,2025-01-01,2025-01-02,1,Buckeye Bungalow,,390.0,440.7,2025-01-01,0,390.0,Direct,Wednesday,2025-01,fbg_data.csv,cloudbeds
9111388811473,2025-01-01,2025-01-02,1,Spyglass,,444.0,501.72,2025-01-01,0,444.0,Direct,Wednesday,2025-01,fbg_data.csv,cloudbeds
7385907333876,2025-01-04,2025-01-05,1,Sage Safari,,392.0,442.96,2025-01-02,2,392.0,Direct,Saturday,2025-01,fbg_data.csv,cloudbeds
3554462541502,2025-02-26,2025-02-27,1,Monarch,,305.0,0.0,2025-01-02,55,305.0,Airbnb,Wednesday,2025-02,fbg_data.csv,cloudbeds
8335763962739,2025-01-24,2025-01-25,1,Cedar Haus,,314.0,354.82,2025-01-02,22,314.0,Direct,Friday,2025-01,fbg_data.csv,cloudbeds
8229074709690,2025-01-13,2025-01-14,1,Walnut House,,274.0,309.62,2025-01-02,11,274.0,Direct,Monday,2025-01,fbg_data.csv,cloudbeds
6401118789308,2025-01-12,2025-01-13,1,Walnut House,,584.0,659.92,2025-01-02,10,584.0,Direct,Sunday,2025-01,fbg_data.csv,cloudbeds
5569555833199,2025-01-05,2025-01-07,2,Lantana Dome,,487.0,550.31,2025-01-02,3,243.5,Direct,Sunday,2025-01,fbg_data.csv,cloudbeds
8652984504964,2025-01-06,2025-01-07,1,Spyglass,,314.0,354.82,2025-01-02,4,314.0,Direct,Monday,2025-01,fbg_data.csv,cloudbeds
8911930703377,2025-01-04,2025-01-05,1,Buckeye Bungalow,,409.0,0.0,2025-01-02,2,409.0,Airbnb,Saturday,2025-01,fbg_data.csv,cloudbeds
3007261356405,2025-01-04,2025-01-05,1,Monarch,,525.0,0.0,2025-01-02,2,525.0,Airbnb,Saturday,2025-01,fbg_data.csv,cloudbeds
8148183629836,2025-01-02,2025-01-03,1,Lantana Dome,,331.0,374.03,2025-01-02,0,331.0,Direct,Thursday,2025-01,fbg_data.csv,cloudbeds
1804946867826,2025-01-03,2025-01-05,2,Lantana Dome,,678.0,0.0,2025-01-02,1,339.0,Airbnb,Friday,2025-01,fbg_data.csv,cloudbeds
5769727569999,2025-01-04,2025-01-05,1,Spyglass,,525.0,0.0,2025-01-02,2,525.0,Airbnb,Saturday,2025-01,fbg_data.csv,cloudbeds
2675420230581,2025-03-07,2025-03-10,3,Bluebonnet,,1432.0,1618.16,2025-01-03,63,477.3333333333333,Direct,Friday,2025-03,fbg_data.csv,cloudbeds
4286569355555,2025-02-10,2025-02-12,2,Monarch,,728.0,822.64,2025-01-03,38,364.0,Direct,Monday,2025-02,fbg_data.csv,cloudbeds
2862528088582,2025-02-03,2025-02-06,3,Spyglass,,822.0,928.86,2025-01-03,31,274.0,Direct,Monday,2025-02,fbg_data.csv,cloudbeds
8194618410759,2025-01-04,2025-01-05,1,Live Oak Lodge,,535.0,0.0,2025-01-03,1,535.0,Airbnb,Saturday,2025-01,fbg_data.csv,cloudbeds
4650385531450,2025-01-05,2025-01-06,1,Buckeye Bungalow,,213.0,240.69,2025-01-03,2,213.0,Direct,Sunday,2025-01,fbg_data.csv,cloudbeds
2656922148109,2025-01-03,2025-01-04,1,Sage Safari,,374.0,0.0,2025-01-03,0,374.0,Airbnb,Friday,2025-01,fbg_data.csv,cloudbeds
2309508042736,2025-01-05,2025-01-06,1,Cedar Haus,,156.45,0.0,2025-01-03,2,156.45,Airbnb,Sunday,2025-01,fbg_data.csv,cloudbeds
7644627643324,2025-05-29,2025-06-01,3,Live Oak Lodge,,1932.0,2183.16,2025-01-04,145,644.0,Direct,Thursday,2025-05,fbg_data.csv,cloudbeds
8370125551307,2025-04-20,2025-04-22,2,Monarch,,904.1,1021.63,2025-01-04,106,452.05,Direct,Sunday,2025-04,fbg_data.csv,cloudbeds
9582918796425,2025-03-30,2025-04-01,2,Monarch,,805.0,0.0,2025-01-04,85,402.5,Airbnb,Sunday,2025-03,fbg_data.csv,cloudbeds
8032135204538,2025-03-11,2025-03-15,4,Live Oak Lodge,,3056.0,3453.28,2025-01-04,66,764.0,Direct,Tuesday,2025-03,fbg_data.csv,cloudbeds
4849964130208,2025-02-06,2025-02-08,2,Pecan Haus,,678.0,766.14,2025-01-04,33,339.0,Direct,Thursday,2025-02,fbg_data.csv,cloudbeds
3168758082544,2025-02-01,2025-02-03,2,Sage Safari,,848.0,958.24,2025-01-04,28,424.0,Direct,Saturday,2025-02,fbg_data.csv,cloudbeds
6666988651871,2025-01-05,2025-01-06,1,Juniper Haus,,164.0,185.32,2025-01-04,1,164.0,Direct,Sunday,2025-01,fbg_data.csv,cloudbeds
2241933919644,2026-02-06,2026-02-08,2,Cypress Lodge | Sleeps 2,,1194.0,2429.15,2025-01-04,398,597.0,Direct,Friday,2026-02,fbg_data.csv,cloudbeds
9643041506646,2025-05-02,2025-05-05,3,Juniper Haus,,1120.29,0.0,2025-01-05,117,373.43,Airbnb,Friday,2025-05,fbg_data.csv,cloudbeds
9251380125902,2025-02-23,2025-02-27,4,Spyglass,,1336.0,1509.68,2025-01-05,49,334.0,Direct,Sunday,2025-02,fbg_data.csv,cloudbeds
8688403082211,2025-02-21,2025-02-23,2,Live Oak Lodge,,819.0,1771.84,2025-01-05,47,409.5,Direct,Friday,2025-02,fbg_data.csv,cloudbeds
5981188082610,2025-02-08,2025-02-10,2,Cedar Haus,,709.0,801.17,2025-01-05,34,354.5,Direct,Saturday,2025-02,fbg_data.csv,cloudbeds
7453056499202,2025-02-03,2025-02-04,1,Sage Safari,,244.0,275.72,2025-01-05,29,244.0,Direct,Monday,2025-02,fbg_data.csv,cloudbeds
4493801662728,2025-02-03,2025-02-05,2,Lantana Dome,,434.78,0.0,2025-01-05,29,217.39,Expedia,Monday,2025-02,fbg_data.csv,cloudbeds
5887839106682,2025-01-28,2025-01-30,2,Bluebonnet,,548.0,619.24,2025-01-05,23,274.0,Direct,Tuesday,2025-01,fbg_data.csv,cloudbeds
1923639271692,2025-01-08,2025-01-10,2,Juniper Haus,,370.95,0.0,2025-01-05,3,185.475,Airbnb,Wednesday,2025-01,fbg_data.csv,cloudbeds
5939950844072,2025-01-06,2025-01-07,1,Cedar Haus,,234.0,264.42,2025-01-05,1,234.0,Direct,Monday,2025-01,fbg_data.csv,cloudbeds
9777960239034,2025-01-07,2025-01-08,1,Lantana Dome,,247.28,0.0,2025-01-05,2,247.28,Expedia,Tuesday,2025-01,fbg_data.csv,cloudbeds
9999337302100,2025-01-05,2025-01-06,1,Cocoon,,213.0,240.69,2025-01-05,0,213.0,Direct,Sunday,2025-01,fbg_data.csv,cloudbeds
8764393213007,2025-02-25,2025-02-28,3,Cocoon,,795.65,899.08,2025-01-06,50,265.21666666666664,Direct,Tuesday,2025-02,fbg_data.csv,cloudbeds
2911333316227,2025-02-14,2025-02-16,2,Cedar Haus,,1058.18,0.0,2025-01-06,39,529.09,Airbnb,Friday,2025-02,fbg_data.csv,cloudbeds
5023036824730,2025-02-08,2025-02-10,2,Pecan Haus,,709.0,801.17,2025-01-06,33,354.5,Direct,Saturday,2025-02,fbg_data.csv,cloudbeds
1436520366085,2025-02-06,2025-02-07,1,Spyglass,,304.0,343.52,2025-01-06,31,304.0,Direct,Thursday,2025-02,fbg_data.csv,cloudbeds
6077699615671,2025-01-07,2025-01-08,1,Pecan Haus,,234.0,264.42,2025-01-06,1,234.0,Direct,Tuesday,2025-01,fbg_data.csv,cloudbeds
5978016198062,2025-06-10,2025-06-12,2,Cocoon,,628.0,709.64,2025-01-07,154,314.0,Direct,Tuesday,2025-06,fbg_data.csv,cloudbeds
4517731570195,2025-02-17,2025-02-19,2,Spyglass,,828.0,935.64,2025-01-07,41,414.0,Direct,Monday,2025-02,fbg_data.csv,cloudbeds
1009526599695,2025-02-14,2025-02-16,2,Lantana Dome,,2220.93,0.0,2025-01-07,38,1110.465,Airbnb,Friday,2025-02,fbg_data.csv,cloudbeds
2787602063728,2025-02-10,2025-02-11,1,Bluebonnet,,254.0,287.02,2025-01-07,34,254.0,Direct,Monday,2025-02,fbg_data.csv,cloudbeds
6495779854873,2025-01-07,2025-01-08,1,Sage Safari,,270.87,0.0,2025-01-07,0,270.87,Expedia,Tuesday,2025-01,fbg_data.csv,cloudbeds
2259231251518,2025-05-06,2025-05-08,2,Monarch,,728.0,822.64,2025-01-08,118,364.0,Direct,Tuesday,2025-05,fbg_data.csv,cloudbeds
8258841955939,2025-03-02,2025-03-03,1,Buckeye Bungalow,,363.0,0.0,2025-01-08,53,363.0,Airbnb,Sunday,2025-03,fbg_data.csv,cloudbeds
6143241842355,2025-02-07,2025-02-09,2,Sage Safari,,1528.0,1726.64,2025-01-08,30,764.0,Direct,Friday,2025-02,fbg_data.csv,cloudbeds
4735077070927,2025-01-19,2025-01-20,1,Spyglass,,451.0,509.63,2025-01-08,11,451.0,Direct,Sunday,2025-01,fbg_data.csv,cloudbeds
6189466599376,2025-01-19,2025-01-20,1,Bluebonnet,,294.0,332.22,2025-01-08,11,294.0,Direct,Sunday,2025-01,fbg_data.csv,cloudbeds
7566381361768,2025-01-15,2025-01-17,2,Pecan Haus,,378.99,0.0,2025-01-08,7,189.495,Expedia,Wednesday,2025-01,fbg_data.csv,cloudbeds
1925579985650,2025-03-28,2025-03-30,2,Bluebonnet,,868.0,980.84,2025-01-09,78,434.0,Direct,Friday,2025-03,fbg_data.csv,cloudbeds
8000540841012,2025-02-28,2025-03-04,4,Monarch,,2732.65,0.0,2025-01-09,50,683.1625,Expedia,Friday,2025-02,fbg_data.csv,cloudbeds
7183893153299,2025-03-03,2025-03-05,2,Sage Safari,,628.0,709.64,2025-01-09,53,314.0,Direct,Monday,2025-03,fbg_data.csv,cloudbeds
1320771393206,2025-03-02,2025-03-03,1,Cocoon,,344.0,388.72,2025-01-09,52,344.0,Direct,Sunday,2025-03,fbg_data.csv,cloudbeds
3261461730256,2025-02-21,2025-02-24,3,Cedar Haus,,692.87,0.0,2025-01-09,43,230.95666666666668,Airbnb,Friday,2025-02,fbg_data.csv,cloudbeds
7120679781609,2025-01-24,2025-01-26,2,Walnut House,,1568.0,1771.84,2025-01-09,15,784.0,Direct,Friday,2025-01,fbg_data.csv,cloudbeds
4134332394933,2025-01-20,2025-01-21,1,Live Oak Lodge,,414.0,467.82,2025-01-09,11,414.0,Direct,Monday,2025-01,fbg_data.csv,cloudbeds
2653646921528,2025-01-19,2025-01-20,1,Monarch,,459.0,0.0,2025-01-09,10,459.0,Airbnb,Sunday,2025-01,fbg_data.csv,cloudbeds
3654368958077,2025-01-14,2025-01-16,2,Walnut House,,548.0,619.24,2025-01-09,5,274.0,Direct,Tuesday,2025-01,fbg_data.csv,cloudbeds
2313269252931,2025-11-23,2025-11-26,3,Live Oak Lodge,,1502.0,1697.26,2025-01-10,317,500.6666666666667,Direct,Sunday,2025-11,fbg_data.csv,cloudbeds
5303368382794,2025-02-24,2025-02-28,4,Walnut House,,1236.0,1396.68,2025-01-10,45,309.0,Direct,Monday,2025-02,fbg_data.csv,cloudbeds
9052707415711,2025-01-26,2025-01-27,1,Spyglass,,451.0,509.63,2025-01-10,16,451.0,Direct,Sunday,2025-01,fbg_data.csv,cloudbeds
2566891352393,2025-01-23,2025-01-24,1,Sage Safari,,434.0,490.42,2025-01-10,13,434.0,Direct,Thursday,2025-01,fbg_data.csv,cloudbeds
2152588305122,2025-04-19,2025-04-21,2,Bluebonnet,,898.0,1014.74,2025-01-11,98,449.0,Direct,Saturday,2025-04,fbg_data.csv,cloudbeds
5872484820998,2025-03-24,2025-03-28,4,Live Oak Lodge,,1606.0,1814.78,2025-01-11,72,401.5,Direct,Monday,2025-03,fbg_data.csv,cloudbeds
1578616301260,2025-03-08,2025-03-12,4,Sage Safari,,1954.07,0.0,2025-01-11,56,488.5175,Airbnb,Saturday,2025-03,fbg_data.csv,cloudbeds
9000458003353,2025-02-15,2025-02-18,3,Sage Safari,,1882.0,2126.66,2025-01-11,35,627.3333333333334,Direct,Saturday,2025-02,fbg_data.csv,cloudbeds
5013387838611,2025-02-19,2025-02-20,1,Live Oak Lodge,,364.0,411.32,2025-01-11,39,364.0,Direct,Wednesday,2025-02,fbg_data.csv,cloudbeds
7952148668320,2025-02-11,2025-02-12,1,Walnut House,,364.0,411.32,2025-01-11,31,364.0,Direct,Tuesday,2025-02,fbg_data.csv,cloudbeds
5508661716067,2025-02-09,2025-02-10,1,Spyglass,,396.0,447.48,2025-01-11,29,396.0,Direct,Sunday,2025-02,fbg_data.csv,cloudbeds
9988745204769,2025-02-13,2025-02-14,1,Monarch,,459.0,0.0,2025-01-11,33,459.0,Airbnb,Thursday,2025-02,fbg_data.csv,cloudbeds
7256300580796,2025-02-05,2025-02-07,2,Juniper Haus,,376.0,0.0,2025-01-11,25,188.0,Airbnb,Wednesday,2025-02,fbg_data.csv,cloudbeds
7819371458933,2025-11-22,2025-11-25,3,Buckeye Bungalow,,1452.0,1640.76,2025-01-12,314,484.0,Direct,Saturday,2025-11,fbg_data.csv,cloudbeds
4417540220815,2025-03-31,2025-04-03,3,Spyglass,,1092.0,1233.96,2025-01-12,78,364.0,Direct,Monday,2025-03,fbg_data.csv,cloudbeds
2911248349905,2025-03-27,2025-03-30,3,Juniper Haus,,1162.0,1313.06,2025-01-12,74,387.3333333333333,Direct,Thursday,2025-03,fbg_data.csv,cloudbeds
9665646917935,2025-02-12,2025-02-13,1,Spyglass,,364.0,411.32,2025-01-12,31,364.0,Direct,Wednesday,2025-02,fbg_data.csv,cloudbeds
5931918288017,2025-01-21,2025-01-22,1,Lantana Dome,,336.95,0.0,2025-01-12,9,336.95,Expedia,Tuesday,2025-01,fbg_data.csv,cloudbeds
4268037209352,2025-01-19,2025-01-20,1,Cedar Haus,,294.0,416.97,2025-01-12,7,294.0,Direct,Sunday,2025-01,fbg_data.csv,cloudbeds
3588381730343,2025-01-16,2025-01-17,1,Juniper Haus,,188.63,0.0,2025-01-12,4,188.63,Expedia,Thursday,2025-01,fbg_data.csv,cloudbeds
4595785142183,2025-01-12,2025-01-13,1,Buckeye Bungalow,,231.0,261.03,2025-01-12,0,231.0,Direct,Sunday,2025-01,fbg_data.csv,cloudbeds
2155145863623,2025-02-25,2025-02-27,2,Cedar Haus,,352.6,0.0,2025-01-13,43,176.3,Airbnb,Tuesday,2025-02,fbg_data.csv,cloudbeds
3314281453432,2025-02-21,2025-02-23,2,Cocoon,,1168.0,1319.84,2025-01-13,39,584.0,Direct,Friday,2025-02,fbg_data.csv,cloudbeds
9067651243743,2025-02-11,2025-02-12,1,Cedar Haus,,254.0,371.77,2025-01-13,29,254.0,Direct,Tuesday,2025-02,fbg_data.csv,cloudbeds
5305438556807,2025-02-04,2025-02-05,1,Buckeye Bungalow,,244.0,275.72,2025-01-13,22,244.0,Direct,Tuesday,2025-02,fbg_data.csv,cloudbeds
1794674989305,2025-01-31,2025-02-02,2,Juniper Haus,,688.0,777.44,2025-01-13,18,344.0,Direct,Friday,2025-01,fbg_data.csv,cloudbeds
4255911048902,2025-01-14,2025-01-15,1,Bluebonnet,,184.64,0.0,2025-01-13,1,184.64,Expedia,Tuesday,2025-01,fbg_data.csv,cloudbeds
7670525099059,2025-01-16,2025-01-17,1,Cedar Haus,,218.0,246.34,2025-01-13,3,218.0,Direct,Thursday,2025-01,fbg_data.csv,cloudbeds
3299048631029,2025-01-14,2025-01-16,2,Buckeye Bungalow,,434.78,0.0,2025-01-13,1,217.39,Expedia,Tuesday,2025-01,fbg_data.csv,cloudbeds
3299048631029,2025-01-14,2025-01-16,2,Bluebonnet,,434.78,0.0,2025-01-13,1,217.39,Expedia,Tuesday,2025-01,fbg_data.csv,cloudbeds
2601793823418,2025-04-11,2025-04-13,2,Spyglass,,2068.0,2336.84,2025-01-14,87,1034.0,Direct,Friday,2025-04,fbg_data.csv,cloudbeds
8483422533020,2025-03-01,2025-03-02,1,Juniper Haus,,833.0,980.84,2025-01-14,46,833.0,Direct,Saturday,2025-03,fbg_data.csv,cloudbeds
8483422533020,2025-03-01,2025-03-02,1,Pecan Haus,,833.0,980.84,2025-01-14,46,833.0,Direct,Saturday,2025-03,fbg_data.csv,cloudbeds
7030159878208,2025-02-18,2025-02-20,2,Walnut House,,770.0,879.14,2025-01-14,35,385.0,Direct,Tuesday,2025-02,fbg_data.csv,cloudbeds
3515760733998,2025-02-14,2025-02-16,2,Walnut House,,3318.0,3749.34,2025-01-14,31,1659.0,Direct,Friday,2025-02,fbg_data.csv,cloudbeds
8986073606274,2025-02-09,2025-02-10,1,Live Oak Lodge,,396.0,447.48,2025-01-14,26,396.0,Direct,Sunday,2025-02,fbg_data.csv,cloudbeds
7852540784829,2025-02-03,2025-02-04,1,Live Oak Lodge,,274.0,309.62,2025-01-14,20,274.0,Direct,Monday,2025-02,fbg_data.csv,cloudbeds
8403888300769,2025-01-24,2025-01-25,1,Live Oak Lodge,,834.0,942.42,2025-01-14,10,834.0,Direct,Friday,2025-01,fbg_data.csv,cloudbeds
4395517251394,2025-01-19,2025-01-20,1,Juniper Haus,,243.66,0.0,2025-01-14,5,243.66,Airbnb,Sunday,2025-01,fbg_data.csv,cloudbeds
7803540070992,2025-01-15,2025-01-16,1,Monarch,,304.0,0.0,2025-01-14,1,304.0,Airbnb,Wednesday,2025-01,fbg_data.csv,cloudbeds
3713613114619,2025-03-02,2025-03-05,3,Spyglass,,1142.0,1290.46,2025-01-15,46,380.6666666666667,Direct,Sunday,2025-03,fbg_data.csv,cloudbeds
4787719754425,2025-02-02,2025-02-03,1,Cocoon,,264.0,298.32,2025-01-15,18,264.0,Direct,Sunday,2025-02,fbg_data.csv,cloudbeds
5659081924776,2025-02-01,2025-02-03,2,Live Oak Lodge,,1088.0,1229.44,2025-01-15,17,544.0,Direct,Saturday,2025-02,fbg_data.csv,cloudbeds
5472731647678,2025-01-23,2025-01-24,1,Buckeye Bungalow,,294.0,332.22,2025-01-15,8,294.0,Direct,Thursday,2025-01,fbg_data.csv,cloudbeds
6359046853546,2025-01-15,2025-01-16,1,Live Oak Lodge,,274.0,222.05,2025-01-15,0,274.0,Direct,Wednesday,2025-01,fbg_data.csv,cloudbeds
9652130508496,2025-05-19,2025-05-21,2,Lantana Dome,,628.0,709.64,2025-01-16,123,314.0,Direct,Monday,2025-05,fbg_data.csv,cloudbeds
7498411915764,2025-04-20,2025-04-22,2,Cedar Haus,,590.6,667.37,2025-01-16,94,295.3,Direct,Sunday,2025-04,fbg_data.csv,cloudbeds
1375644519613,2025-02-16,2025-02-19,3,Lantana Dome,,1125.0,1271.25,2025-01-16,31,375.0,Direct,Sunday,2025-02,fbg_data.csv,cloudbeds
8158703462261,2025-01-19,2025-01-20,1,Walnut House,,414.0,552.57,2025-01-16,3,414.0,Direct,Sunday,2025-01,fbg_data.csv,cloudbeds
4933624428954,2025-03-20,2025-03-23,3,Pecan Haus,,1289.73,0.0,2025-01-17,62,429.91,Expedia,Thursday,2025-03,fbg_data.csv,cloudbeds
4266152348157,2025-02-16,2025-02-18,2,Cedar Haus,,511.0,0.0,2025-01-17,30,255.5,Airbnb,Sunday,2025-02,fbg_data.csv,cloudbeds
3114318451522,2025-02-10,2025-02-12,2,Sage Safari,,546.0,616.98,2025-01-17,24,273.0,Direct,Monday,2025-02,fbg_data.csv,cloudbeds
5324314678299,2025-01-21,2025-01-23,2,Sage Safari,,488.0,551.44,2025-01-17,4,244.0,Direct,Tuesday,2025-01,fbg_data.csv,cloudbeds
7891560668968,2025-03-26,2025-03-30,4,Sage Safari,,2326.0,2628.38,2025-01-18,67,581.5,Direct,Wednesday,2025-03,fbg_data.csv,cloudbeds
2934459628233,2025-01-19,2025-01-21,2,Buckeye Bungalow,,728.0,822.64,2025-01-18,1,364.0,Direct,Sunday,2025-01,fbg_data.csv,cloudbeds
1184185240225,2025-02-23,2025-02-24,1,Live Oak Lodge,,514.0,580.82,2025-01-19,35,514.0,Direct,Sunday,2025-02,fbg_data.csv,cloudbeds
8712115772582,2025-06-05,2025-06-08,3,Sage Safari,,1512.0,1708.56,2025-01-20,136,504.0,Direct,Thursday,2025-06,fbg_data.csv,cloudbeds
2104804290771,2025-04-11,2025-04-13,2,Bluebonnet,,1068.0,1206.84,2025-01-20,81,534.0,Direct,Friday,2025-04,fbg_data.csv,cloudbeds
6345354422026,2025-03-31,2025-04-03,3,Bluebonnet,,1092.0,1233.96,2025-01-20,70,364.0,Direct,Monday,2025-03,fbg_data.csv,cloudbeds
7381807184555,2025-02-21,2025-02-22,1,Pecan Haus,,344.0,388.72,2025-01-20,32,344.0,Direct,Friday,2025-02,fbg_data.csv,cloudbeds
6755407813303,2025-01-26,2025-01-28,2,Cocoon,,571.0,645.23,2025-01-20,6,285.5,Direct,Sunday,2025-01,fbg_data.csv,cloudbeds
2477127652214,2025-01-26,2025-01-27,1,Bluebonnet,,255.0,288.15,2025-01-20,6,255.0,Direct,Sunday,2025-01,fbg_data.csv,cloudbeds
7919883581679,2025-10-11,2025-10-13,2,Spyglass,,1848.0,2088.24,2025-01-21,263,924.0,Direct,Saturday,2025-10,fbg_data.csv,cloudbeds
1226787057691,2025-03-14,2025-03-16,2,Monarch,,2668.0,3014.84,2025-01-21,52,1334.0,Direct,Friday,2025-03,fbg_data.csv,cloudbeds
9002812439237,2025-02-12,2025-02-13,1,Bluebonnet,,254.0,287.02,2025-01-21,22,254.0,Direct,Wednesday,2025-02,fbg_data.csv,cloudbeds
8083422072033,2025-02-11,2025-02-13,2,Lantana Dome,,571.0,0.0,2025-01-21,21,285.5,Airbnb,Tuesday,2025-02,fbg_data.csv,cloudbeds
2413720825644,2025-02-16,2025-02-18,2,Walnut House,,664.93,0.0,2025-01-22,25,332.465,Expedia,Sunday,2025-02,fbg_data.csv,cloudbeds
9745274937164,2025-01-23,2025-01-24,1,Juniper Haus,,200.0,226.0,2025-01-22,1,200.0,Direct,Thursday,2025-01,fbg_data.csv,cloudbeds
9666822068737,2025-01-23,2025-01-24,1,Pecan Haus,,200.0,226.0,2025-01-22,1,200.0,Direct,Thursday,2025-01,fbg_data.csv,cloudbeds
4768675887407,2025-05-26,2025-05-30,4,Pecan Haus,,1490.0,1683.7,2025-01-23,123,372.5,Direct,Monday,2025-05,fbg_data.csv,cloudbeds
2643965143645,2025-02-16,2025-02-17,1,Bluebonnet,,215.0,242.95,2025-01-23,24,215.0,Direct,Sunday,2025-02,fbg_data.csv,cloudbeds
8168228422196,2025-01-24,2025-01-25,1,Monarch,,534.0,603.42,2025-01-23,1,534.0,Direct,Friday,2025-01,fbg_data.csv,cloudbeds
1880992276468,2025-03-28,2025-03-30,2,Monarch,,1846.93,0.0,2025-01-24,63,923.465,Airbnb,Friday,2025-03,fbg_data.csv,cloudbeds
8947290219595,2025-02-16,2025-02-17,1,Cocoon,,270.0,305.1,2025-01-24,23,270.0,Direct,Sunday,2025-02,fbg_data.csv,cloudbeds
1949294463897,2025-02-16,2025-02-17,1,Spyglass,,342.0,0.0,2025-01-24,23,342.0,Airbnb,Sunday,2025-02,fbg_data.csv,cloudbeds
7541639762232,2025-01-29,2025-01-31,2,Monarch,,613.0,0.0,2025-01-24,5,306.5,Airbnb,Wednesday,2025-01,fbg_data.csv,cloudbeds
2746152268790,2025-01-28,2025-01-29,1,Buckeye Bungalow,,244.0,275.72,2025-01-24,4,244.0,Direct,Tuesday,2025-01,fbg_data.csv,cloudbeds
7401145470582,2025-02-21,2025-02-23,2,Sage Safari,,1039.0,0.0,2025-01-25,27,519.5,Airbnb,Friday,2025-02,fbg_data.csv,cloudbeds
6548876500568,2025-02-04,2025-02-06,2,Sage Safari,,423.6,549.18,2025-01-25,10,211.8,Direct,Tuesday,2025-02,fbg_data.csv,cloudbeds
4871435723680,2025-01-31,2025-02-01,1,Live Oak Lodge,,668.0,0.0,2025-01-25,6,668.0,Airbnb,Friday,2025-01,fbg_data.csv,cloudbeds
2374120796411,2025-01-26,2025-01-27,1,Pecan Haus,,199.0,224.87,2025-01-25,1,199.0,Direct,Sunday,2025-01,fbg_data.csv,cloudbeds
9243642150761,2025-06-23,2025-06-26,3,Spyglass,,1239.0,1400.07,2025-01-26,148,413.0,Direct,Monday,2025-06,fbg_data.csv,cloudbeds
2623907924244,2025-04-14,2025-04-17,3,Lantana Dome,,1089.0,1230.57,2025-01-26,78,363.0,Direct,Monday,2025-04,fbg_data.csv,cloudbeds
7273498959225,2025-02-16,2025-02-17,1,Monarch,,329.0,0.0,2025-01-26,21,329.0,Airbnb,Sunday,2025-02,fbg_data.csv,cloudbeds
5177901858480,2025-02-07,2025-02-09,2,Spyglass,,2064.0,2332.32,2025-01-26,12,1032.0,Direct,Friday,2025-02,fbg_data.csv,cloudbeds
6016069358118,2025-01-31,2025-02-01,1,Monarch,,627.33,0.0,2025-01-26,5,627.33,Expedia,Friday,2025-01,fbg_data.csv,cloudbeds
2358908704299,2025-03-08,2025-03-10,2,Cocoon,,1586.0,1792.18,2025-01-27,40,793.0,Direct,Saturday,2025-03,fbg_data.csv,cloudbeds
9300067781560,2025-02-21,2025-02-22,1,Lantana Dome,,609.0,688.17,2025-01-27,25,609.0,Direct,Friday,2025-02,fbg_data.csv,cloudbeds
4764451333514,2025-02-16,2025-02-17,1,Pecan Haus,,188.5,0.0,2025-01-27,20,188.5,Expedia,Sunday,2025-02,fbg_data.csv,cloudbeds
4817932664429,2025-01-27,2025-01-28,1,Live Oak Lodge,,259.24,0.0,2025-01-27,0,259.24,Expedia,Monday,2025-01,fbg_data.csv,cloudbeds
1935026602861,2025-03-17,2025-03-21,4,Lantana Dome,,1570.0,0.0,2025-01-28,48,392.5,Airbnb,Monday,2025-03,fbg_data.csv,cloudbeds
3007332505966,2025-03-13,2025-03-15,2,Walnut House,,2058.0,2325.54,2025-01-28,44,1029.0,Direct,Thursday,2025-03,fbg_data.csv,cloudbeds
8820857359466,2025-02-27,2025-02-28,1,Monarch,,319.0,360.47,2025-01-28,30,319.0,Direct,Thursday,2025-02,fbg_data.csv,cloudbeds
6364029609470,2025-02-11,2025-02-12,1,Live Oak Lodge,,313.0,353.69,2025-01-28,14,313.0,Direct,Tuesday,2025-02,fbg_data.csv,cloudbeds
1288638837257,2025-02-12,2025-02-13,1,Live Oak Lodge,,313.0,353.69,2025-01-28,15,313.0,Direct,Wednesday,2025-02,fbg_data.csv,cloudbeds
5707485137519,2025-02-13,2025-02-14,1,Lantana Dome,,225.37,0.0,2025-01-28,16,225.37,Expedia,Thursday,2025-02,fbg_data.csv,cloudbeds
7911988172760,2025-01-29,2025-01-31,2,Juniper Haus,,342.71,0.0,2025-01-28,1,171.355,Airbnb,Wednesday,2025-01,fbg_data.csv,cloudbeds
5866212795886,2025-03-18,2025-03-20,2,Monarch,,1104.0,1247.52,2025-01-29,48,552.0,Direct,Tuesday,2025-03,fbg_data.csv,cloudbeds
7638005484281,2025-03-16,2025-03-18,2,Spyglass,,1107.0,1250.91,2025-01-29,46,553.5,Direct,Sunday,2025-03,fbg_data.csv,cloudbeds
1245497063403,2025-02-17,2025-02-19,2,Live Oak Lodge,,862.0,1196.67,2025-01-29,19,431.0,Direct,Monday,2025-02,fbg_data.csv,cloudbeds
5903157719079,2025-02-08,2025-02-10,2,Walnut House,,1492.0,1685.96,2025-01-29,10,746.0,Direct,Saturday,2025-02,fbg_data.csv,cloudbeds
9862723937530,2025-01-30,2025-01-31,1,Pecan Haus,,182.53,0.0,2025-01-29,1,182.53,Expedia,Thursday,2025-01,fbg_data.csv,cloudbeds
7085685550701,2025-02-25,2025-02-27,2,Pecan Haus,,546.0,616.98,2025-01-30,26,273.0,Direct,Tuesday,2025-02,fbg_data.csv,cloudbeds
6388742204090,2025-02-21,2025-02-23,2,Walnut House,,1556.0,1758.28,2025-01-30,22,778.0,Direct,Friday,2025-02,fbg_data.csv,cloudbeds
9187602800055,2025-02-19,2025-02-21,2,Cedar Haus,,817.0,913.46,2025-01-30,20,408.5,Direct,Wednesday,2025-02,fbg_data.csv,cloudbeds
3327215837400,2025-02-05,2025-02-06,1,Lantana Dome,,241.0,272.33,2025-01-30,6,241.0,Direct,Wednesday,2025-02,fbg_data.csv,cloudbeds
6154003448319,2025-02-01,2025-02-03,2,Cedar Haus,,419.15,0.0,2025-01-30,2,209.575,Airbnb,Saturday,2025-02,fbg_data.csv,cloudbeds
8852110685324,2025-02-03,2025-02-06,3,Cocoon,,630.3,712.26,2025-01-30,4,210.1,Direct,Monday,2025-02,fbg_data.csv,cloudbeds
6409545522035,2025-01-31,2025-02-01,1,Sage Safari,,444.0,501.72,2025-01-30,1,444.0,Direct,Friday,2025-01,fbg_data.csv,cloudbeds
6657632487857,2025-03-17,2025-03-20,3,Buckeye Bungalow,,1416.0,1600.08,2025-01-31,45,472.0,Direct,Monday,2025-03,fbg_data.csv,cloudbeds
3803657458335,2025-02-17,2025-02-20,3,Lantana Dome,,835.0,943.55,2025-01-31,17,278.3333333333333,Direct,Monday,2025-02,fbg_data.csv,cloudbeds
3803657458335,2025-02-17,2025-02-20,3,Bluebonnet,,835.0,943.55,2025-01-31,17,278.3333333333333,Direct,Monday,2025-02,fbg_data.csv,cloudbeds
1957983534794,2025-02-15,2025-02-17,2,Buckeye Bungalow,,1580.0,1785.4,2025-01-31,15,790.0,Direct,Saturday,2025-02,fbg_data.csv,cloudbeds
9930573144334,2025-02-10,2025-02-12,2,Cocoon,,570.0,644.1,2025-01-31,10,285.0,Direct,Monday,2025-02,fbg_data.csv,cloudbeds
8581375279790,2025-01-31,2025-02-02,2,Pecan Haus,,488.0,551.44,2025-01-31,0,244.0,Direct,Friday,2025-01,fbg_data.csv,cloudbeds
2336183938249,2025-02-01,2025-02-02,1,Walnut House,,294.0,332.22,2025-01-31,1,294.0,Direct,Saturday,2025-02,fbg_data.csv,cloudbeds
3119013602424,2025-02-17,2025-02-18,1,Pecan Haus,,285.0,322.05,2025-02-01,16,285.0,Direct,Monday,2025-02,fbg_data.csv,cloudbeds
2235356807167,2025-02-12,2025-02-13,1,Cocoon,,285.0,322.05,2025-02-01,11,285.0,Direct,Wednesday,2025-02,fbg_data.csv,cloudbeds
2660080707007,2025-02-02,2025-02-03,1,Walnut House,,314.0,354.82,2025-02-01,1,314.0,Direct,Sunday,2025-02,fbg_data.csv,cloudbeds
6361794299003,2025-04-14,2025-04-17,3,Monarch,,1542.0,1742.46,2025-02-02,71,514.0,Direct,Monday,2025-04,fbg_data.csv,cloudbeds
9543518232614,2025-02-24,2025-02-25,1,Cocoon,,285.0,322.05,2025-02-02,22,285.0,Direct,Monday,2025-02,fbg_data.csv,cloudbeds
3130191053687,2025-02-23,2025-02-24,1,Monarch,,411.0,464.43,2025-02-02,21,411.0,Direct,Sunday,2025-02,fbg_data.csv,cloudbeds
5576585458039,2025-02-19,2025-02-21,2,Monarch,,678.0,766.14,2025-02-02,17,339.0,Direct,Wednesday,2025-02,fbg_data.csv,cloudbeds
7019275621287,2025-02-13,2025-02-14,1,Live Oak Lodge,,605.0,683.65,2025-02-02,11,605.0,Direct,Thursday,2025-02,fbg_data.csv,cloudbeds
6019357699034,2025-02-03,2025-02-04,1,Cedar Haus,,196.23,0.0,2025-02-02,1,196.23,Airbnb,Monday,2025-02,fbg_data.csv,cloudbeds
4028177833487,2025-02-04,2025-02-05,1,Pecan Haus,,223.0,251.99,2025-02-03,1,223.0,Direct,Tuesday,2025-02,fbg_data.csv,cloudbeds
7257691856277,2025-02-07,2025-02-08,1,Cedar Haus,,451.0,509.63,2025-02-03,4,451.0,Direct,Friday,2025-02,fbg_data.csv,cloudbeds
2137506893308,2025-02-03,2025-02-04,1,Bluebonnet,,223.0,251.99,2025-02-03,0,223.0,Direct,Monday,2025-02,fbg_data.csv,cloudbeds
8908875451466,2025-05-18,2025-05-20,2,Sage Safari,,860.0,971.8,2025-02-04,103,430.0,Direct,Sunday,2025-05,fbg_data.csv,cloudbeds
3422383398635,2025-04-22,2025-04-24,2,Lantana Dome,,860.0,971.8,2025-02-04,77,430.0,Direct,Tuesday,2025-04,fbg_data.csv,cloudbeds
4009245387286,2025-03-10,2025-03-13,3,Buckeye Bungalow,,1290.0,1457.7,2025-02-04,34,430.0,Direct,Monday,2025-03,fbg_data.csv,cloudbeds
5754365237605,2025-02-14,2025-02-16,2,Live Oak Lodge,,2594.09,0.0,2025-02-04,10,1297.045,Airbnb,Friday,2025-02,fbg_data.csv,cloudbeds
7614910625562,2025-02-12,2025-02-13,1,Juniper Haus,,214.0,241.82,2025-02-04,8,214.0,Direct,Wednesday,2025-02,fbg_data.csv,cloudbeds
4911870299786,2025-02-05,2025-02-06,1,Live Oak Lodge,,273.0,0.0,2025-02-04,1,273.0,Expedia,Wednesday,2025-02,fbg_data.csv,cloudbeds
1919122452866,2025-02-04,2025-02-05,1,Live Oak Lodge,,269.77,0.0,2025-02-04,0,269.77,Expedia,Tuesday,2025-02,fbg_data.csv,cloudbeds
8561386585669,2025-03-10,2025-03-12,2,Monarch,,980.0,1107.4,2025-02-05,33,490.0,Direct,Monday,2025-03,fbg_data.csv,cloudbeds
8008146005676,2025-03-10,2025-03-12,2,Cocoon,,860.0,971.8,2025-02-05,33,430.0,Direct,Monday,2025-03,fbg_data.csv,cloudbeds
8231777086895,2025-02-16,2025-02-17,1,Live Oak Lodge,,485.0,548.05,2025-02-05,11,485.0,Direct,Sunday,2025-02,fbg_data.csv,cloudbeds
4091443436122,2025-02-09,2025-02-12,3,Buckeye Bungalow,,883.0,997.79,2025-02-05,4,294.3333333333333,Direct,Sunday,2025-02,fbg_data.csv,cloudbeds
8568296519016,2025-02-08,2025-02-09,1,Live Oak Lodge,,576.0,650.88,2025-02-05,3,576.0,Direct,Saturday,2025-02,fbg_data.csv,cloudbeds
1890405608953,2025-02-08,2025-02-09,1,Buckeye Bungalow,,418.0,0.0,2025-02-05,3,418.0,Airbnb,Saturday,2025-02,fbg_data.csv,cloudbeds
9854396909677,2025-02-06,2025-02-08,2,Live Oak Lodge,,834.0,942.42,2025-02-05,1,417.0,Direct,Thursday,2025-02,fbg_data.csv,cloudbeds
6991750724837,2025-10-17,2025-10-20,3,Cedar Haus,,819.75,1146.95,2025-02-06,253,273.25,Direct,Friday,2025-10,fbg_data.csv,cloudbeds
9402124746663,2025-03-05,2025-03-06,1,Monarch,,530.0,598.9,2025-02-06,27,530.0,Direct,Wednesday,2025-03,fbg_data.csv,cloudbeds
3576930086906,2025-03-09,2025-03-11,2,Spyglass,,1117.0,1262.21,2025-02-06,31,558.5,Direct,Sunday,2025-03,fbg_data.csv,cloudbeds
2088053128296,2025-03-03,2025-03-07,4,Bluebonnet,,1398.2,1579.95,2025-02-06,25,349.55,Direct,Monday,2025-03,fbg_data.csv,cloudbeds
8493399806285,2025-02-11,2025-02-12,1,Bluebonnet,,231.0,261.03,2025-02-06,5,231.0,Direct,Tuesday,2025-02,fbg_data.csv,cloudbeds
9043037336210,2025-02-08,2025-02-10,2,Lantana Dome,,578.0,653.14,2025-02-06,2,289.0,Direct,Saturday,2025-02,fbg_data.csv,cloudbeds
5594677290565,2025-02-09,2025-02-10,1,Sage Safari,,264.0,298.32,2025-02-06,3,264.0,Direct,Sunday,2025-02,fbg_data.csv,cloudbeds
9726966445035,2025-02-06,2025-02-07,1,Lantana Dome,,244.0,275.72,2025-02-06,0,244.0,Direct,Thursday,2025-02,fbg_data.csv,cloudbeds
3438845914567,2025-02-06,2025-02-07,1,Sage Safari,,294.0,323.12,2025-02-06,0,294.0,Direct,Thursday,2025-02,fbg_data.csv,cloudbeds
2674299119810,2025-02-07,2025-02-08,1,Monarch,,314.0,354.82,2025-02-06,1,314.0,Direct,Friday,2025-02,fbg_data.csv,cloudbeds
9633178239808,2025-05-12,2025-05-14,2,Spyglass,,978.0,1105.14,2025-02-07,94,489.0,Direct,Monday,2025-05,fbg_data.csv,cloudbeds
6126448592359,2025-02-13,2025-02-14,1,Cedar Haus,,204.44,0.0,2025-02-07,6,204.44,Expedia,Thursday,2025-02,fbg_data.csv,cloudbeds
8850616102869,2025-02-12,2025-02-13,1,Sage Safari,,237.0,267.81,2025-02-07,5,237.0,Direct,Wednesday,2025-02,fbg_data.csv,cloudbeds
9696105909795,2025-02-07,2025-02-08,1,Buckeye Bungalow,,290.0,0.0,2025-02-07,0,290.0,Airbnb,Friday,2025-02,fbg_data.csv,cloudbeds
6742204650079,2025-02-07,2025-02-08,1,Walnut House,,294.0,0.0,2025-02-07,0,294.0,Airbnb,Friday,2025-02,fbg_data.csv,cloudbeds
4557978507074,2025-02-07,2025-02-08,1,Lantana Dome,,300.0,339.0,2025-02-07,0,300.0,Direct,Friday,2025-02,fbg_data.csv,cloudbeds
9610776808226,2025-02-24,2025-02-26,2,Monarch,,718.0,811.34,2025-02-08,16,359.0,Direct,Monday,2025-02,fbg_data.csv,cloudbeds
3018170389211,2025-02-10,2025-02-11,1,Lantana Dome,,237.0,267.81,2025-02-08,2,237.0,Direct,Monday,2025-02,fbg_data.csv,cloudbeds
4485125060643,2025-02-09,2025-02-10,1,Cocoon,,253.0,285.89,2025-02-08,1,253.0,Direct,Sunday,2025-02,fbg_data.csv,cloudbeds
3412489863721,2025-08-20,2025-08-22,2,Post Oak,,636.0,718.68,2025-02-09,192,318.0,Direct,Wednesday,2025-08,fbg_data.csv,cloudbeds
5470619081529,2025-02-28,2025-03-02,2,Spyglass,,2048.0,2314.24,2025-02-09,19,1024.0,Direct,Friday,2025-02,fbg_data.csv,cloudbeds
4310463755565,2025-02-21,2025-02-22,1,Buckeye Bungalow,,576.0,650.88,2025-02-09,12,576.0,Direct,Friday,2025-02,fbg_data.csv,cloudbeds
4107720388179,2025-02-13,2025-02-14,1,Juniper Haus,,231.0,261.03,2025-02-09,4,231.0,Direct,Thursday,2025-02,fbg_data.csv,cloudbeds
2472185428926,2025-04-13,2025-04-18,5,Cocoon,,2125.0,2401.25,2025-02-10,62,425.0,Direct,Sunday,2025-04,fbg_data.csv,cloudbeds
5037318561291,2025-02-13,2025-02-14,1,Pecan Haus,,214.41,0.0,2025-02-10,3,214.41,Expedia,Thursday,2025-02,fbg_data.csv,cloudbeds
8548463724736,2025-03-12,2025-03-14,2,Monarch,,1021.0,1153.73,2025-02-11,29,510.5,Direct,Wednesday,2025-03,fbg_data.csv,cloudbeds
8653514299137,2025-02-27,2025-02-28,1,Spyglass,,309.0,349.17,2025-02-11,16,309.0,Direct,Thursday,2025-02,fbg_data.csv,cloudbeds
6894656568866,2025-04-08,2025-04-10,2,Monarch,,1022.0,1154.86,2025-02-12,55,511.0,Direct,Tuesday,2025-04,fbg_data.csv,cloudbeds
2065969326620,2025-04-04,2025-04-06,2,Walnut House,,4458.0,5201.39,2025-02-12,51,2229.0,Direct,Friday,2025-04,fbg_data.csv,cloudbeds
2065969326620,2025-04-04,2025-04-06,2,Monarch,,4458.0,5201.39,2025-02-12,51,2229.0,Direct,Friday,2025-04,fbg_data.csv,cloudbeds
2700578268778,2025-03-11,2025-03-13,2,Bluebonnet,,660.0,745.8,2025-02-12,27,330.0,Direct,Tuesday,2025-03,fbg_data.csv,cloudbeds
9886162091646,2025-03-07,2025-03-10,3,Cedar Haus,,826.53,0.0,2025-02-12,23,275.51,Airbnb,Friday,2025-03,fbg_data.csv,cloudbeds
9383171111280,2025-02-12,2025-02-13,1,Cedar Haus,,214.0,241.82,2025-02-12,0,214.0,Direct,Wednesday,2025-02,fbg_data.csv,cloudbeds
1743965206625,2025-03-18,2025-03-21,3,Spyglass,,1643.0,1856.59,2025-02-13,33,547.6666666666666,Direct,Tuesday,2025-03,fbg_data.csv,cloudbeds
2047376367278,2025-02-14,2025-02-15,1,Buckeye Bungalow,,703.0,0.0,2025-02-13,1,703.0,Airbnb,Friday,2025-02,fbg_data.csv,cloudbeds
1905441897826,2025-02-13,2025-02-14,1,Buckeye Bungalow,,291.0,328.83,2025-02-13,0,291.0,Direct,Thursday,2025-02,fbg_data.csv,cloudbeds
4299212238158,2025-02-13,2025-02-14,1,Cocoon,,253.0,285.89,2025-02-13,0,253.0,Direct,Thursday,2025-02,fbg_data.csv,cloudbeds
2620935311796,2025-06-26,2025-06-29,3,Diamond,,2009.0,2270.17,2025-02-14,132,669.6666666666666,Direct,Thursday,2025-06,fbg_data.csv,cloudbeds
5514770080084,2025-04-06,2025-04-09,3,Live Oak Lodge,,1537.91,0.0,2025-02-14,51,512.6366666666667,Expedia,Sunday,2025-04,fbg_data.csv,cloudbeds
4947625438721,2025-03-04,2025-03-05,1,Monarch,,527.0,595.51,2025-02-14,18,527.0,Direct,Tuesday,2025-03,fbg_data.csv,cloudbeds
5358974668176,2025-02-14,2025-02-16,2,Cocoon,,1118.0,1263.34,2025-02-14,0,559.0,Direct,Friday,2025-02,fbg_data.csv,cloudbeds
6249750456370,2025-07-13,2025-07-16,3,Monarch,,1023.0,0.0,2025-02-15,148,341.0,Airbnb,Sunday,2025-07,fbg_data.csv,cloudbeds
5661882275694,2025-04-04,2025-04-06,2,Pecan Haus,,1104.0,1247.52,2025-02-15,48,552.0,Direct,Friday,2025-04,fbg_data.csv,cloudbeds
7094003787368,2025-03-07,2025-03-09,2,Juniper Haus,,704.0,0.0,2025-02-15,20,352.0,Airbnb,Friday,2025-03,fbg_data.csv,cloudbeds
3405892778295,2025-03-07,2025-03-09,2,Lantana Dome,,1520.0,1717.6,2025-02-15,20,760.0,Direct,Friday,2025-03,fbg_data.csv,cloudbeds
3807435693102,2025-02-28,2025-03-01,1,Juniper Haus,,365.0,412.45,2025-02-15,13,365.0,Direct,Friday,2025-02,fbg_data.csv,cloudbeds
8908679279528,2025-10-07,2025-10-09,2,Live Oak Lodge,,852.0,962.76,2025-02-16,233,426.0,Direct,Tuesday,2025-10,fbg_data.csv,cloudbeds
6801579118782,2025-06-26,2025-06-28,2,Live Oak Lodge,,1249.0,1411.37,2025-02-16,130,624.5,Direct,Thursday,2025-06,fbg_data.csv,cloudbeds
3655028504744,2025-06-09,2025-06-13,4,Monarch,,1516.0,0.0,2025-02-16,113,379.0,Airbnb,Monday,2025-06,fbg_data.csv,cloudbeds
1758376504443,2025-04-06,2025-04-09,3,Sage Safari,,1244.0,1405.72,2025-02-16,49,414.6666666666667,Direct,Sunday,2025-04,fbg_data.csv,cloudbeds
5525266941587,2025-03-13,2025-03-16,3,Lantana Dome,,2478.0,2800.14,2025-02-16,25,826.0,Direct,Thursday,2025-03,fbg_data.csv,cloudbeds
6947974279641,2025-03-15,2025-03-17,2,Pecan Haus,,978.0,1105.14,2025-02-16,27,489.0,Direct,Saturday,2025-03,fbg_data.csv,cloudbeds
1475340927938,2025-02-24,2025-02-25,1,Live Oak Lodge,,333.0,376.29,2025-02-16,8,333.0,Direct,Monday,2025-02,fbg_data.csv,cloudbeds
1929689590660,2025-02-23,2025-02-24,1,Walnut House,,330.0,372.9,2025-02-16,7,330.0,Direct,Sunday,2025-02,fbg_data.csv,cloudbeds
9999063695002,2025-02-18,2025-02-19,1,Sage Safari,,333.0,376.29,2025-02-16,2,333.0,Direct,Tuesday,2025-02,fbg_data.csv,cloudbeds
4580355385785,2025-06-30,2025-07-02,2,Monarch,,712.0,804.56,2025-02-17,133,356.0,Direct,Monday,2025-06,fbg_data.csv,cloudbeds
9908057984329,2025-04-24,2025-04-25,1,Walnut House,,387.0,437.31,2025-02-17,66,387.0,Direct,Thursday,2025-04,fbg_data.csv,cloudbeds
9383481555864,2025-02-20,2025-02-21,1,Lantana Dome,,231.0,261.03,2025-02-17,3,231.0,Direct,Thursday,2025-02,fbg_data.csv,cloudbeds
3580680582164,2025-04-28,2025-04-30,2,Lantana Dome,,689.84,0.0,2025-02-18,69,344.92,Expedia,Monday,2025-04,fbg_data.csv,cloudbeds
7742351052036,2025-03-28,2025-03-30,2,Lantana Dome,,1694.0,1914.22,2025-02-18,38,847.0,Direct,Friday,2025-03,fbg_data.csv,cloudbeds
9734289109942,2025-02-28,2025-03-02,2,Lantana Dome,,1272.0,1437.36,2025-02-18,10,636.0,Direct,Friday,2025-02,fbg_data.csv,cloudbeds
6758774868108,2025-04-12,2025-04-13,1,Cocoon,,1208.0,1365.04,2025-02-19,52,1208.0,Direct,Saturday,2025-04,fbg_data.csv,cloudbeds
1542650599792,2025-02-28,2025-03-01,1,Sage Safari,,606.0,684.78,2025-02-19,9,606.0,Direct,Friday,2025-02,fbg_data.csv,cloudbeds
7758371203316,2025-02-27,2025-02-28,1,Lantana Dome,,276.0,311.88,2025-02-19,8,276.0,Direct,Thursday,2025-02,fbg_data.csv,cloudbeds
4454428235081,2025-02-23,2025-02-24,1,Cocoon,,357.22,0.0,2025-02-19,4,357.22,Expedia,Sunday,2025-02,fbg_data.csv,cloudbeds
3364581625198,2025-04-23,2025-04-25,2,Live Oak Lodge,,945.0,1067.85,2025-02-20,62,472.5,Direct,Wednesday,2025-04,fbg_data.csv,cloudbeds
1690108822018,2025-07-18,2025-07-20,2,Bluebonnet,,640.0,723.2,2025-02-21,147,320.0,Direct,Friday,2025-07,fbg_data.csv,cloudbeds
1426607658566,2025-06-30,2025-07-02,2,Spyglass,,760.0,858.8,2025-02-21,129,380.0,Direct,Monday,2025-06,fbg_data.csv,cloudbeds
4143047595254,2025-03-06,2025-03-07,1,Juniper Haus,,307.0,346.91,2025-02-21,13,307.0,Direct,Thursday,2025-03,fbg_data.csv,cloudbeds
3947261903079,2025-03-05,2025-03-07,2,Cocoon,,745.0,841.85,2025-02-21,12,372.5,Direct,Wednesday,2025-03,fbg_data.csv,cloudbeds
4537855401767,2025-02-26,2025-02-27,1,Juniper Haus,,195.46,0.0,2025-02-21,5,195.46,Airbnb,Wednesday,2025-02,fbg_data.csv,cloudbeds
8083935554025,2025-02-28,2025-03-02,2,Buckeye Bungalow,,1208.0,1365.04,2025-02-21,7,604.0,Direct,Friday,2025-02,fbg_data.csv,cloudbeds
1828971765251,2025-03-16,2025-03-18,2,Monarch,,1193.0,0.0,2025-02-22,22,596.5,Airbnb,Sunday,2025-03,fbg_data.csv,cloudbeds
5436512159294,2025-03-15,2025-03-17,2,Bluebonnet,,929.0,1049.77,2025-02-22,21,464.5,Direct,Saturday,2025-03,fbg_data.csv,cloudbeds
5531755621334,2025-03-07,2025-03-09,2,Pecan Haus,,752.0,849.76,2025-02-22,13,376.0,Direct,Friday,2025-03,fbg_data.csv,cloudbeds
5217141037346,2025-02-28,2025-03-02,2,Cocoon,,1208.0,1365.04,2025-02-22,6,604.0,Direct,Friday,2025-02,fbg_data.csv,cloudbeds
5935135532943,2025-02-28,2025-03-01,1,Pecan Haus,,348.0,393.24,2025-02-22,6,348.0,Direct,Friday,2025-02,fbg_data.csv,cloudbeds
2164587936854,2025-02-24,2025-02-26,2,Buckeye Bungalow,,570.0,644.1,2025-02-22,2,285.0,Direct,Monday,2025-02,fbg_data.csv,cloudbeds
9274797667163,2025-02-23,2025-02-24,1,Juniper Haus,,208.51,0.0,2025-02-22,1,208.51,Airbnb,Sunday,2025-02,fbg_data.csv,cloudbeds
8734867209395,2025-06-16,2025-06-19,3,Sage Safari,,921.0,0.0,2025-02-23,113,307.0,Airbnb,Monday,2025-06,fbg_data.csv,cloudbeds
7901854943292,2025-05-15,2025-05-18,3,Live Oak Lodge,,2524.0,2852.12,2025-02-23,81,841.3333333333334,Direct,Thursday,2025-05,fbg_data.csv,cloudbeds
5894421963629,2025-03-14,2025-03-16,2,Spyglass,,2604.0,2942.52,2025-02-23,19,1302.0,Direct,Friday,2025-03,fbg_data.csv,cloudbeds
4142862427335,2025-03-09,2025-03-11,2,Lantana Dome,,898.0,1014.74,2025-02-23,14,449.0,Direct,Sunday,2025-03,fbg_data.csv,cloudbeds
2851423343616,2025-03-02,2025-03-03,1,Lantana Dome,,418.0,472.34,2025-02-23,7,418.0,Direct,Sunday,2025-03,fbg_data.csv,cloudbeds
3170947958761,2025-11-22,2025-11-24,2,Sage Safari,,857.0,0.0,2025-02-24,271,428.5,Airbnb,Saturday,2025-11,fbg_data.csv,cloudbeds
2434688934498,2025-04-28,2025-05-01,3,Walnut House,,1128.0,1274.64,2025-02-24,63,376.0,Direct,Monday,2025-04,fbg_data.csv,cloudbeds
1979829536314,2025-03-21,2025-03-23,2,Juniper Haus,,1160.98,1866.76,2025-02-24,25,580.49,Direct,Friday,2025-03,fbg_data.csv,cloudbeds
8364686248533,2025-03-03,2025-03-05,2,Live Oak Lodge,,631.66,0.0,2025-02-24,7,315.83,Expedia,Monday,2025-03,fbg_data.csv,cloudbeds
3312380464390,2025-02-27,2025-02-28,1,Juniper Haus,,194.74,0.0,2025-02-24,3,194.74,Airbnb,Thursday,2025-02,fbg_data.csv,cloudbeds
4190693376329,2025-02-26,2025-02-28,2,Live Oak Lodge,,504.0,569.52,2025-02-24,2,252.0,Direct,Wednesday,2025-02,fbg_data.csv,cloudbeds
8838210577782,2025-06-21,2025-06-24,3,Live Oak Lodge,,1735.01,0.0,2025-02-25,116,578.3366666666667,Airbnb,Saturday,2025-06,fbg_data.csv,cloudbeds
7218068640235,2025-03-10,2025-03-12,2,Walnut House,,966.0,1091.58,2025-02-25,13,483.0,Direct,Monday,2025-03,fbg_data.csv,cloudbeds
9872549031634,2025-03-07,2025-03-09,2,Live Oak Lodge,,1842.0,2081.46,2025-02-25,10,921.0,Direct,Friday,2025-03,fbg_data.csv,cloudbeds
6974265259057,2025-03-03,2025-03-04,1,Cedar Haus,,210.0,237.3,2025-02-25,6,210.0,Direct,Monday,2025-03,fbg_data.csv,cloudbeds
3929014124395,2025-03-07,2025-03-08,1,Cocoon,,720.0,813.6,2025-02-25,10,720.0,Direct,Friday,2025-03,fbg_data.csv,cloudbeds
2813762593533,2025-02-28,2025-03-02,2,Walnut House,,1328.0,1500.64,2025-02-25,3,664.0,Direct,Friday,2025-02,fbg_data.csv,cloudbeds
5786223784370,2025-03-02,2025-03-03,1,Live Oak Lodge,,290.2,327.92,2025-02-25,5,290.2,Direct,Sunday,2025-03,fbg_data.csv,cloudbeds
6403389131260,2025-03-09,2025-03-11,2,Juniper Haus,,681.0,769.53,2025-02-26,11,340.5,Direct,Sunday,2025-03,fbg_data.csv,cloudbeds
4007100200434,2025-03-03,2025-03-04,1,Lantana Dome,,224.37,0.0,2025-02-26,5,224.37,Expedia,Monday,2025-03,fbg_data.csv,cloudbeds
1559410077674,2025-02-26,2025-02-28,2,Bluebonnet,,430.81,0.0,2025-02-26,0,215.405,Expedia,Wednesday,2025-02,fbg_data.csv,cloudbeds
6778978012618,2025-04-09,2025-04-11,2,Spyglass,,966.0,1091.58,2025-02-27,41,483.0,Direct,Wednesday,2025-04,fbg_data.csv,cloudbeds
1550020155880,2025-03-21,2025-03-22,1,Spyglass,,1065.0,1203.45,2025-02-27,22,1065.0,Direct,Friday,2025-03,fbg_data.csv,cloudbeds
4612075921366,2025-03-13,2025-03-15,2,Bluebonnet,,928.0,1048.64,2025-02-27,14,464.0,Direct,Thursday,2025-03,fbg_data.csv,cloudbeds
1954914813994,2025-03-11,2025-03-13,2,Spyglass,,873.0,0.0,2025-02-27,12,436.5,Airbnb,Tuesday,2025-03,fbg_data.csv,cloudbeds
5066761850548,2025-03-12,2025-03-14,2,Sage Safari,,994.0,1123.22,2025-02-27,13,497.0,Direct,Wednesday,2025-03,fbg_data.csv,cloudbeds
7348560609616,2025-03-05,2025-03-07,2,Lantana Dome,,556.0,628.28,2025-02-27,6,278.0,Direct,Wednesday,2025-03,fbg_data.csv,cloudbeds
7740392835608,2025-08-30,2025-09-01,2,Live Oak Lodge,,1284.0,1535.67,2025-02-28,183,642.0,Direct,Saturday,2025-08,fbg_data.csv,cloudbeds
9374164107289,2025-04-22,2025-04-24,2,Monarch,,911.0,0.0,2025-02-28,53,455.5,Airbnb,Tuesday,2025-04,fbg_data.csv,cloudbeds
6543803691453,2025-03-10,2025-03-11,1,Bluebonnet,,313.0,353.69,2025-02-28,10,313.0,Direct,Monday,2025-03,fbg_data.csv,cloudbeds
9068730275873,2025-03-03,2025-03-05,2,Cocoon,,486.0,549.18,2025-02-28,3,243.0,Direct,Monday,2025-03,fbg_data.csv,cloudbeds
1837240393156,2025-03-05,2025-03-07,2,Buckeye Bungalow,,593.0,670.09,2025-02-28,5,296.5,Direct,Wednesday,2025-03,fbg_data.csv,cloudbeds
9884383904287,2025-03-06,2025-03-07,1,Spyglass,,489.0,552.57,2025-02-28,6,489.0,Direct,Thursday,2025-03,fbg_data.csv,cloudbeds
2128294790206,2025-03-01,2025-03-02,1,Sage Safari,,575.0,649.75,2025-02-28,1,575.0,Direct,Saturday,2025-03,fbg_data.csv,cloudbeds
6509674557301,2025-03-02,2025-03-03,1,Walnut House,,281.0,317.53,2025-02-28,2,281.0,Direct,Sunday,2025-03,fbg_data.csv,cloudbeds
2878452906196,2025-12-04,2025-12-07,3,Spyglass,,1843.0,2297.29,2025-03-01,278,614.3333333333334,Direct,Thursday,2025-12,fbg_data.csv,cloudbeds
8850720139742,2025-08-28,2025-08-31,3,Sage Safari,,1402.0,1584.26,2025-03-01,180,467.3333333333333,Direct,Thursday,2025-08,fbg_data.csv,cloudbeds
8779441606948,2025-03-21,2025-03-23,2,Lantana Dome,,1530.0,1728.9,2025-03-01,20,765.0,Direct,Friday,2025-03,fbg_data.csv,cloudbeds
9463801090628,2025-03-21,2025-03-23,2,Bluebonnet,,1530.0,1728.9,2025-03-01,20,765.0,Direct,Friday,2025-03,fbg_data.csv,cloudbeds
8545971371702,2025-03-09,2025-03-11,2,Live Oak Lodge,,1041.0,1176.33,2025-03-01,8,520.5,Direct,Sunday,2025-03,fbg_data.csv,cloudbeds
1117896611996,2025-03-09,2025-03-10,1,Pecan Haus,,337.0,380.81,2025-03-01,8,337.0,Direct,Sunday,2025-03,fbg_data.csv,cloudbeds
9297014218130,2025-03-07,2025-03-09,2,Spyglass,,1754.0,1982.02,2025-03-01,6,877.0,Direct,Friday,2025-03,fbg_data.csv,cloudbeds
6276685632195,2025-03-04,2025-03-05,1,Lantana Dome,,272.0,0.0,2025-03-01,3,272.0,Airbnb,Tuesday,2025-03,fbg_data.csv,cloudbeds
4696853951776,2025-03-06,2025-03-07,1,Monarch,,466.0,526.58,2025-03-01,5,466.0,Direct,Thursday,2025-03,fbg_data.csv,cloudbeds
3428979594831,2025-07-07,2025-07-11,4,Sage Safari,,1203.0,1359.39,2025-03-02,127,300.75,Direct,Monday,2025-07,fbg_data.csv,cloudbeds
6242605152189,2025-06-16,2025-06-19,3,Live Oak Lodge,,1235.04,0.0,2025-03-02,106,411.68,Expedia,Monday,2025-06,fbg_data.csv,cloudbeds
6342888637098,2025-04-08,2025-04-11,3,Bluebonnet,,1204.0,1360.52,2025-03-02,37,401.3333333333333,Direct,Tuesday,2025-04,fbg_data.csv,cloudbeds
2113991247699,2025-03-05,2025-03-06,1,Cedar Haus,,257.19,290.62,2025-03-02,3,257.19,Booking.com,Wednesday,2025-03,fbg_data.csv,cloudbeds
2636907087842,2025-03-04,2025-03-06,2,Pecan Haus,,402.0,454.26,2025-03-02,2,201.0,Direct,Tuesday,2025-03,fbg_data.csv,cloudbeds
2158324385305,2025-03-06,2025-03-07,1,Pecan Haus,,224.0,253.12,2025-03-02,4,224.0,Direct,Thursday,2025-03,fbg_data.csv,cloudbeds
6084252610360,2025-03-03,2025-03-04,1,Juniper Haus,,201.0,227.13,2025-03-02,1,201.0,Direct,Monday,2025-03,fbg_data.csv,cloudbeds
5992347246936,2025-03-02,2025-03-04,2,Pecan Haus,,435.0,491.55,2025-03-02,0,217.5,Direct,Sunday,2025-03,fbg_data.csv,cloudbeds
9971267744904,2025-03-02,2025-03-03,1,Sage Safari,,267.21,0.0,2025-03-02,0,267.21,Expedia,Sunday,2025-03,fbg_data.csv,cloudbeds
5353452560048,2025-04-04,2025-04-06,2,Spyglass,,2690.78,3040.58,2025-03-03,32,1345.39,Booking.com,Friday,2025-04,fbg_data.csv,cloudbeds
7642151829511,2025-03-20,2025-03-22,2,Walnut House,,1570.0,1774.1,2025-03-03,17,785.0,Direct,Thursday,2025-03,fbg_data.csv,cloudbeds
2191107437889,2025-03-18,2025-03-21,3,Juniper Haus,,1080.0,1220.4,2025-03-03,15,360.0,Direct,Tuesday,2025-03,fbg_data.csv,cloudbeds
9919151705424,2025-03-13,2025-03-14,1,Spyglass,,513.0,579.69,2025-03-03,10,513.0,Direct,Thursday,2025-03,fbg_data.csv,cloudbeds
7778280796065,2025-03-07,2025-03-09,2,Monarch,,1754.0,1982.02,2025-03-03,4,877.0,Direct,Friday,2025-03,fbg_data.csv,cloudbeds
8783229271203,2025-03-05,2025-03-07,2,Live Oak Lodge,,452.73,0.0,2025-03-03,2,226.365,Expedia,Wednesday,2025-03,fbg_data.csv,cloudbeds
9447870497776,2025-03-06,2025-03-07,1,Cedar Haus,,224.0,253.12,2025-03-03,3,224.0,Direct,Thursday,2025-03,fbg_data.csv,cloudbeds
2395033148272,2025-03-03,2025-03-05,2,Buckeye Bungalow,,486.0,549.18,2025-03-03,0,243.0,Direct,Monday,2025-03,fbg_data.csv,cloudbeds
5495314818429,2025-03-21,2025-03-23,2,Buckeye Bungalow,,1530.0,1728.9,2025-03-04,17,765.0,Direct,Friday,2025-03,fbg_data.csv,cloudbeds
8943307075276,2025-03-08,2025-03-10,2,Buckeye Bungalow,,1136.0,1283.68,2025-03-04,4,568.0,Direct,Saturday,2025-03,fbg_data.csv,cloudbeds
3847238304587,2025-06-19,2025-06-22,3,Bluebonnet,,1886.0,2131.18,2025-03-05,106,628.6666666666666,Direct,Thursday,2025-06,fbg_data.csv,cloudbeds
9475373386839,2025-04-26,2025-04-28,2,Monarch,,2109.0,2383.17,2025-03-05,52,1054.5,Direct,Saturday,2025-04,fbg_data.csv,cloudbeds
7110811430654,2025-04-03,2025-04-05,2,Bluebonnet,,1475.0,1666.75,2025-03-05,29,737.5,Direct,Thursday,2025-04,fbg_data.csv,cloudbeds
5747324780554,2025-03-27,2025-03-28,1,Bluebonnet,,385.0,435.05,2025-03-05,22,385.0,Direct,Thursday,2025-03,fbg_data.csv,cloudbeds
2212907382438,2025-03-16,2025-03-19,3,Cocoon,,1613.0,1822.69,2025-03-05,11,537.6666666666666,Direct,Sunday,2025-03,fbg_data.csv,cloudbeds
3877444821198,2025-03-14,2025-03-16,2,Juniper Haus,,1044.0,1179.72,2025-03-05,9,522.0,Direct,Friday,2025-03,fbg_data.csv,cloudbeds
8600228136303,2025-03-07,2025-03-09,2,Walnut House,,1838.0,2076.94,2025-03-05,2,919.0,Direct,Friday,2025-03,fbg_data.csv,cloudbeds
7649117848628,2025-03-09,2025-03-10,1,Monarch,,567.0,640.71,2025-03-05,4,567.0,Direct,Sunday,2025-03,fbg_data.csv,cloudbeds
9378168455176,2025-03-06,2025-03-07,1,Walnut House,,354.0,400.02,2025-03-05,1,354.0,Direct,Thursday,2025-03,fbg_data.csv,cloudbeds
7253037033550,2025-07-11,2025-07-13,2,Spyglass,,1412.0,2160.56,2025-03-06,127,706.0,Direct,Friday,2025-07,fbg_data.csv,cloudbeds
8779670690591,2025-04-30,2025-05-04,4,Monarch,,3790.0,4282.7,2025-03-06,55,947.5,Direct,Wednesday,2025-04,fbg_data.csv,cloudbeds
4501530598605,2025-04-15,2025-04-17,2,Live Oak Lodge,,1048.0,1184.24,2025-03-06,40,524.0,Direct,Tuesday,2025-04,fbg_data.csv,cloudbeds
1767174462448,2025-03-20,2025-03-22,2,Monarch,,1396.0,0.0,2025-03-06,14,698.0,Airbnb,Thursday,2025-03,fbg_data.csv,cloudbeds
4477520752739,2025-03-20,2025-03-23,3,Live Oak Lodge,,2579.0,2914.27,2025-03-06,14,859.6666666666666,Direct,Thursday,2025-03,fbg_data.csv,cloudbeds
6837281941511,2025-03-11,2025-03-12,1,Juniper Haus,,255.9,0.0,2025-03-06,5,255.9,Airbnb,Tuesday,2025-03,fbg_data.csv,cloudbeds
9353663528078,2025-03-10,2025-03-11,1,Cedar Haus,,262.46,0.0,2025-03-06,4,262.46,Airbnb,Monday,2025-03,fbg_data.csv,cloudbeds
9736694825702,2025-04-04,2025-04-06,2,Juniper Haus,,996.0,1125.48,2025-03-07,28,498.0,Direct,Friday,2025-04,fbg_data.csv,cloudbeds
1108595192540,2025-03-19,2025-03-20,1,Sage Safari,,522.0,589.86,2025-03-07,12,522.0,Direct,Wednesday,2025-03,fbg_data.csv,cloudbeds
5508725274168,2025-03-14,2025-03-16,2,Cocoon,,1616.0,1826.08,2025-03-07,7,808.0,Direct,Friday,2025-03,fbg_data.csv,cloudbeds
6628992843448,2025-03-14,2025-03-16,2,Cedar Haus,,996.0,1210.23,2025-03-07,7,498.0,Direct,Friday,2025-03,fbg_data.csv,cloudbeds
9428478252585,2025-03-09,2025-03-10,1,Walnut House,,370.0,418.1,2025-03-07,2,370.0,Direct,Sunday,2025-03,fbg_data.csv,cloudbeds
2079581495683,2025-03-07,2025-03-08,1,Sage Safari,,433.0,489.29,2025-03-07,0,433.0,Direct,Friday,2025-03,fbg_data.csv,cloudbeds
5929360808267,2025-03-07,2025-03-08,1,Buckeye Bungalow,,464.0,524.32,2025-03-07,0,464.0,Direct,Friday,2025-03,fbg_data.csv,cloudbeds
5902209951949,2025-09-04,2025-09-06,2,Bluebonnet,,638.0,720.94,2025-03-08,180,319.0,Direct,Thursday,2025-09,fbg_data.csv,cloudbeds
7568985766709,2025-04-10,2025-04-12,2,Lantana Dome,,1699.0,1919.87,2025-03-08,33,849.5,Direct,Thursday,2025-04,fbg_data.csv,cloudbeds
5813050071884,2025-03-21,2025-03-23,2,Cocoon,,1600.0,1808.0,2025-03-08,13,800.0,Direct,Friday,2025-03,fbg_data.csv,cloudbeds
9389431270753,2025-03-15,2025-03-17,2,Live Oak Lodge,,1695.72,1916.16,2025-03-08,7,847.86,Direct,Saturday,2025-03,fbg_data.csv,cloudbeds
6673979057934,2025-06-16,2025-06-18,2,Spyglass,,916.0,1035.08,2025-03-09,99,458.0,Direct,Monday,2025-06,fbg_data.csv,cloudbeds
2523260416088,2025-06-04,2025-06-06,2,Buckeye Bungalow,,776.0,876.88,2025-03-09,87,388.0,Direct,Wednesday,2025-06,fbg_data.csv,cloudbeds
4737863367380,2025-05-21,2025-05-25,4,Buckeye Bungalow,,2899.0,3275.87,2025-03-09,73,724.75,Direct,Wednesday,2025-05,fbg_data.csv,cloudbeds
2773432485329,2025-04-03,2025-04-05,2,Cedar Haus,,872.0,985.36,2025-03-09,25,436.0,Direct,Thursday,2025-04,fbg_data.csv,cloudbeds
2114503272879,2025-03-24,2025-03-25,1,Monarch,,458.0,517.54,2025-03-09,15,458.0,Direct,Monday,2025-03,fbg_data.csv,cloudbeds
3662334923917,2025-03-12,2025-03-14,2,Cedar Haus,,627.09,0.0,2025-03-09,3,313.545,Expedia,Wednesday,2025-03,fbg_data.csv,cloudbeds
8292882999590,2025-03-13,2025-03-14,1,Juniper Haus,,284.97,0.0,2025-03-09,4,284.97,Airbnb,Thursday,2025-03,fbg_data.csv,cloudbeds
3568385365578,2025-10-10,2025-10-12,2,Bluebonnet,,994.0,1123.22,2025-03-10,214,497.0,Direct,Friday,2025-10,fbg_data.csv,cloudbeds
2538407514624,2025-07-06,2025-07-08,2,Spyglass,,878.0,992.14,2025-03-10,118,439.0,Direct,Sunday,2025-07,fbg_data.csv,cloudbeds
5219891816075,2025-04-18,2025-04-21,3,Pecan Haus,,1944.0,2196.72,2025-03-10,39,648.0,Direct,Friday,2025-04,fbg_data.csv,cloudbeds
5559589859441,2025-03-31,2025-04-02,2,Sage Safari,,670.0,757.1,2025-03-10,21,335.0,Direct,Monday,2025-03,fbg_data.csv,cloudbeds
9347515492348,2025-03-30,2025-04-01,2,Lantana Dome,,766.0,865.58,2025-03-10,20,383.0,Direct,Sunday,2025-03,fbg_data.csv,cloudbeds
5031174248455,2025-03-28,2025-03-30,2,Spyglass,,2020.0,2282.6,2025-03-10,18,1010.0,Direct,Friday,2025-03,fbg_data.csv,cloudbeds
2378383452597,2025-03-21,2025-03-23,2,Cedar Haus,,1152.0,1386.51,2025-03-10,11,576.0,Direct,Friday,2025-03,fbg_data.csv,cloudbeds
2425720606508,2025-03-11,2025-03-12,1,Cedar Haus,,255.13,0.0,2025-03-10,1,255.13,Airbnb,Tuesday,2025-03,fbg_data.csv,cloudbeds
9124369329419,2025-07-11,2025-07-13,2,Bluebonnet,,795.46,0.0,2025-03-11,122,397.73,Expedia,Friday,2025-07,fbg_data.csv,cloudbeds
6336170274287,2025-06-12,2025-06-15,3,Sage Safari,,2247.0,2539.11,2025-03-11,93,749.0,Direct,Thursday,2025-06,fbg_data.csv,cloudbeds
7187974295779,2025-04-18,2025-04-20,2,Juniper Haus,,1538.0,1737.94,2025-03-11,38,769.0,Direct,Friday,2025-04,fbg_data.csv,cloudbeds
7250727032536,2025-03-14,2025-03-16,2,Sage Safari,,1259.0,0.0,2025-03-11,3,629.5,Airbnb,Friday,2025-03,fbg_data.csv,cloudbeds
6426931175245,2025-07-13,2025-07-15,2,Spyglass,,781.0,882.53,2025-03-12,123,390.5,Direct,Sunday,2025-07,fbg_data.csv,cloudbeds
5811759893023,2025-03-24,2025-03-26,2,Walnut House,,769.56,75.0,2025-03-12,12,384.78,Expedia,Monday,2025-03,fbg_data.csv,cloudbeds
2572887053243,2025-03-19,2025-03-20,1,Walnut House,,516.0,0.0,2025-03-12,7,516.0,Airbnb,Wednesday,2025-03,fbg_data.csv,cloudbeds
5781082116263,2025-03-17,2025-03-19,2,Cedar Haus,,606.0,684.78,2025-03-12,5,303.0,Direct,Monday,2025-03,fbg_data.csv,cloudbeds
7255943488199,2025-03-14,2025-03-15,1,Pecan Haus,,447.0,505.11,2025-03-12,2,447.0,Direct,Friday,2025-03,fbg_data.csv,cloudbeds
7548599315463,2025-03-17,2025-03-18,1,Juniper Haus,,249.78,0.0,2025-03-13,4,249.78,Airbnb,Monday,2025-03,fbg_data.csv,cloudbeds
2045290823631,2025-06-20,2025-06-22,2,Sage Safari,,1482.0,1674.66,2025-03-14,98,741.0,Direct,Friday,2025-06,fbg_data.csv,cloudbeds
4992584804635,2025-06-08,2025-06-12,4,Spyglass,,1824.0,2061.12,2025-03-14,86,456.0,Direct,Sunday,2025-06,fbg_data.csv,cloudbeds
7152890509387,2025-04-09,2025-04-11,2,Sage Safari,,811.0,916.44,2025-03-14,26,405.5,Direct,Wednesday,2025-04,fbg_data.csv,cloudbeds
2335481158667,2025-03-26,2025-03-27,1,Juniper Haus,,328.0,370.64,2025-03-14,12,328.0,Direct,Wednesday,2025-03,fbg_data.csv,cloudbeds
2492174104901,2025-03-14,2025-03-16,2,Buckeye Bungalow,,1017.0,0.0,2025-03-14,0,508.5,Airbnb,Friday,2025-03,fbg_data.csv,cloudbeds
5555028263267,2025-03-15,2025-03-17,2,Walnut House,,1590.54,1797.31,2025-03-14,1,795.27,Booking.com,Saturday,2025-03,fbg_data.csv,cloudbeds
9594511346573,2025-05-28,2025-05-30,2,Sage Safari,,850.0,960.5,2025-03-15,74,425.0,Direct,Wednesday,2025-05,fbg_data.csv,cloudbeds
1631679795821,2025-04-27,2025-04-28,1,Lantana Dome,,413.0,466.69,2025-03-15,43,413.0,Direct,Sunday,2025-04,fbg_data.csv,cloudbeds
7688562413106,2025-03-16,2025-03-17,1,Sage Safari,,264.0,298.32,2025-03-15,1,264.0,Direct,Sunday,2025-03,fbg_data.csv,cloudbeds
5735202853097,2025-03-16,2025-03-17,1,Juniper Haus,,216.61,0.0,2025-03-15,1,216.61,Airbnb,Sunday,2025-03,fbg_data.csv,cloudbeds
2540891927835,2025-03-28,2025-03-30,2,Cocoon,,1596.0,1803.48,2025-03-16,12,798.0,Direct,Friday,2025-03,fbg_data.csv,cloudbeds
8944183148281,2025-03-22,2025-03-24,2,Spyglass,,1269.0,0.0,2025-03-16,6,634.5,Airbnb,Saturday,2025-03,fbg_data.csv,cloudbeds
1584649292089,2025-03-24,2025-03-25,1,Spyglass,,318.0,359.34,2025-03-16,8,318.0,Direct,Monday,2025-03,fbg_data.csv,cloudbeds
4333592849333,2025-03-20,2025-03-21,1,Cedar Haus,,383.0,432.79,2025-03-16,4,383.0,Direct,Thursday,2025-03,fbg_data.csv,cloudbeds
4953543046907,2025-03-22,2025-03-24,2,Monarch,,1477.0,1669.01,2025-03-16,6,738.5,Direct,Saturday,2025-03,fbg_data.csv,cloudbeds
4154503200338,2025-03-22,2025-03-23,1,Sage Safari,,876.0,989.88,2025-03-16,6,876.0,Direct,Saturday,2025-03,fbg_data.csv,cloudbeds
6796663331816,2025-03-17,2025-03-19,2,Walnut House,,1038.0,1172.94,2025-03-16,1,519.0,Direct,Monday,2025-03,fbg_data.csv,cloudbeds
7219699836379,2025-04-08,2025-04-09,1,Lantana Dome,,405.0,457.65,2025-03-17,22,405.0,Direct,Tuesday,2025-04,fbg_data.csv,cloudbeds
8885854721451,2025-04-03,2025-04-04,1,Spyglass,,384.0,433.92,2025-03-17,17,384.0,Direct,Thursday,2025-04,fbg_data.csv,cloudbeds
7226098227899,2025-03-26,2025-03-27,1,Monarch,,304.0,343.52,2025-03-17,9,304.0,Direct,Wednesday,2025-03,fbg_data.csv,cloudbeds
5230232081010,2025-03-24,2025-03-25,1,Cocoon,,242.0,273.46,2025-03-17,7,242.0,Direct,Monday,2025-03,fbg_data.csv,cloudbeds
8319378811002,2025-03-24,2025-03-25,1,Bluebonnet,,248.0,280.24,2025-03-17,7,248.0,Direct,Monday,2025-03,fbg_data.csv,cloudbeds
6126943757769,2025-03-18,2025-03-20,2,Pecan Haus,,408.0,461.04,2025-03-17,1,204.0,Direct,Tuesday,2025-03,fbg_data.csv,cloudbeds
3464001426800,2025-03-19,2025-03-20,1,Cocoon,,237.32,0.0,2025-03-17,2,237.32,Expedia,Wednesday,2025-03,fbg_data.csv,cloudbeds
6706768726791,2025-03-17,2025-03-18,1,Pecan Haus,,261.21,295.16,2025-03-17,0,261.21,Booking.com,Monday,2025-03,fbg_data.csv,cloudbeds
2461922840639,2025-07-20,2025-07-22,2,Cypress Lodge | Sleeps 2,,780.0,1274.64,2025-03-18,124,390.0,Direct,Sunday,2025-07,fbg_data.csv,cloudbeds
8211385194135,2025-04-17,2025-04-19,2,Lantana Dome,,1664.0,1880.32,2025-03-18,30,832.0,Direct,Thursday,2025-04,fbg_data.csv,cloudbeds
8707663096788,2025-04-02,2025-04-04,2,Lantana Dome,,697.0,787.61,2025-03-18,15,348.5,Direct,Wednesday,2025-04,fbg_data.csv,cloudbeds
4933004149897,2025-03-28,2025-03-30,2,Buckeye Bungalow,,1596.0,1803.48,2025-03-18,10,798.0,Direct,Friday,2025-03,fbg_data.csv,cloudbeds
6202024548486,2025-03-19,2025-03-20,1,Cedar Haus,,204.0,230.52,2025-03-18,1,204.0,Direct,Wednesday,2025-03,fbg_data.csv,cloudbeds
2787472283425,2025-04-25,2025-04-27,2,Cedar Haus,,991.5,1120.4,2025-03-19,37,495.75,Direct,Friday,2025-04,fbg_data.csv,cloudbeds
4192469478829,2025-03-28,2025-03-30,2,Pecan Haus,,1206.0,1362.78,2025-03-19,9,603.0,Direct,Friday,2025-03,fbg_data.csv,cloudbeds
4025968962745,2025-03-25,2025-03-27,2,Spyglass,,513.0,0.0,2025-03-19,6,256.5,Airbnb,Tuesday,2025-03,fbg_data.csv,cloudbeds
4033771091436,2025-03-27,2025-03-28,1,Monarch,,352.0,0.0,2025-03-19,8,352.0,Airbnb,Thursday,2025-03,fbg_data.csv,cloudbeds
1140903054976,2025-07-18,2025-07-20,2,Spyglass,,1522.0,1719.86,2025-03-20,120,761.0,Direct,Friday,2025-07,fbg_data.csv,cloudbeds
6290279700761,2025-07-18,2025-07-20,2,Monarch,,1522.0,1719.86,2025-03-20,120,761.0,Direct,Friday,2025-07,fbg_data.csv,cloudbeds
3837983623725,2025-07-18,2025-07-20,2,Great Lodge: King Room,,1078.0,1218.14,2025-03-20,120,539.0,Direct,Friday,2025-07,fbg_data.csv,cloudbeds
4003238074969,2025-03-28,2025-03-30,2,Live Oak Lodge,,1848.0,2088.24,2025-03-20,8,924.0,Direct,Friday,2025-03,fbg_data.csv,cloudbeds
7627311906280,2025-03-28,2025-03-30,2,Cedar Haus,,1281.0,1437.78,2025-03-20,8,640.5,Direct,Friday,2025-03,fbg_data.csv,cloudbeds
4338384290323,2025-03-27,2025-03-30,3,Walnut House,,2231.0,2521.03,2025-03-20,7,743.6666666666666,Direct,Thursday,2025-03,fbg_data.csv,cloudbeds
6856451697244,2025-03-20,2025-03-21,1,Cocoon,,212.42,0.0,2025-03-20,0,212.42,Expedia,Thursday,2025-03,fbg_data.csv,cloudbeds
6944633577617,2025-03-20,2025-03-21,1,Buckeye Bungalow,,290.0,0.0,2025-03-20,0,290.0,Airbnb,Thursday,2025-03,fbg_data.csv,cloudbeds
8044768611684,2025-03-23,2025-03-24,1,Sage Safari,,230.0,259.9,2025-03-20,3,230.0,Direct,Sunday,2025-03,fbg_data.csv,cloudbeds
3912641231664,2025-05-26,2025-05-28,2,Live Oak Lodge,,1250.0,1412.5,2025-03-21,66,625.0,Direct,Monday,2025-05,fbg_data.csv,cloudbeds
5202056719916,2025-05-26,2025-05-28,2,Bluebonnet,,989.0,1117.57,2025-03-21,66,494.5,Direct,Monday,2025-05,fbg_data.csv,cloudbeds
8237407736291,2025-05-09,2025-05-11,2,Pecan Haus,,1040.0,1175.2,2025-03-21,49,520.0,Direct,Friday,2025-05,fbg_data.csv,cloudbeds
6704036583625,2025-04-06,2025-04-08,2,Monarch,,1055.15,1192.32,2025-03-21,16,527.575,Direct,Sunday,2025-04,fbg_data.csv,cloudbeds
1932707558165,2025-03-23,2025-03-24,1,Live Oak Lodge,,271.0,390.98,2025-03-21,2,271.0,Direct,Sunday,2025-03,fbg_data.csv,cloudbeds
8178995009946,2025-03-22,2025-03-23,1,Walnut House,,534.0,603.42,2025-03-21,1,534.0,Direct,Saturday,2025-03,fbg_data.csv,cloudbeds
3742622800433,2025-03-23,2025-03-24,1,Buckeye Bungalow,,230.0,259.9,2025-03-21,2,230.0,Direct,Sunday,2025-03,fbg_data.csv,cloudbeds
8275363966977,2025-08-01,2025-08-03,2,Spyglass,,1160.0,1310.8,2025-03-22,132,580.0,Direct,Friday,2025-08,fbg_data.csv,cloudbeds
5724506187374,2025-04-04,2025-04-06,2,Live Oak Lodge,,2580.0,2915.4,2025-03-22,13,1290.0,Direct,Friday,2025-04,fbg_data.csv,cloudbeds
9885590475499,2025-03-24,2025-03-26,2,Pecan Haus,,483.17,837.33,2025-03-22,2,241.585,Direct,Monday,2025-03,fbg_data.csv,cloudbeds
3522035586447,2025-03-31,2025-04-01,1,Pecan Haus,,264.0,298.32,2025-03-22,9,264.0,Direct,Monday,2025-03,fbg_data.csv,cloudbeds
8803453840847,2025-03-27,2025-03-28,1,Cocoon,,254.0,287.02,2025-03-22,5,254.0,Direct,Thursday,2025-03,fbg_data.csv,cloudbeds
1804489086496,2025-03-23,2025-03-24,1,Cedar Haus,,183.22,0.0,2025-03-22,1,183.22,Airbnb,Sunday,2025-03,fbg_data.csv,cloudbeds
9190798883733,2025-06-03,2025-06-06,3,Cocoon,,1125.0,1271.25,2025-03-23,72,375.0,Direct,Tuesday,2025-06,fbg_data.csv,cloudbeds
4404161752328,2025-04-05,2025-04-07,2,Cocoon,,1729.0,1953.77,2025-03-23,13,864.5,Direct,Saturday,2025-04,fbg_data.csv,cloudbeds
7517833043035,2025-04-04,2025-04-06,2,Sage Safari,,2390.0,2700.7,2025-03-23,12,1195.0,Direct,Friday,2025-04,fbg_data.csv,cloudbeds
9365027175184,2025-03-30,2025-03-31,1,Cocoon,,383.0,432.79,2025-03-24,6,383.0,Direct,Sunday,2025-03,fbg_data.csv,cloudbeds
6794032400346,2025-03-25,2025-03-26,1,Juniper Haus,,222.0,250.86,2025-03-24,1,222.0,Direct,Tuesday,2025-03,fbg_data.csv,cloudbeds
3816071075728,2025-07-29,2025-08-02,4,Walnut House,,1737.0,1962.81,2025-03-25,126,434.25,Direct,Tuesday,2025-07,fbg_data.csv,cloudbeds
7345292371556,2025-06-01,2025-06-03,2,Sage Safari,,775.0,875.75,2025-03-25,68,387.5,Direct,Sunday,2025-06,fbg_data.csv,cloudbeds
9230400943113,2025-04-05,2025-04-07,2,Buckeye Bungalow,,1729.0,1953.77,2025-03-25,11,864.5,Direct,Saturday,2025-04,fbg_data.csv,cloudbeds
8802636610821,2025-03-27,2025-03-28,1,Cedar Haus,,444.0,541.27,2025-03-25,2,444.0,Direct,Thursday,2025-03,fbg_data.csv,cloudbeds
8802636610821,2025-03-27,2025-03-28,1,Pecan Haus,,444.0,541.27,2025-03-25,2,444.0,Direct,Thursday,2025-03,fbg_data.csv,cloudbeds
7074918489822,2025-03-27,2025-03-28,1,Lantana Dome,,246.0,277.98,2025-03-25,2,246.0,Direct,Thursday,2025-03,fbg_data.csv,cloudbeds
2638589153960,2025-03-26,2025-03-27,1,Pecan Haus,,222.0,250.86,2025-03-25,1,222.0,Direct,Wednesday,2025-03,fbg_data.csv,cloudbeds
1859685743621,2025-03-25,2025-03-26,1,Buckeye Bungalow,,211.66,416.69,2025-03-25,0,211.66,Direct,Tuesday,2025-03,fbg_data.csv,cloudbeds
1646752146153,2025-03-26,2025-03-27,1,Bluebonnet,,239.0,270.07,2025-03-26,0,239.0,Direct,Wednesday,2025-03,fbg_data.csv,cloudbeds
4840652759709,2025-06-27,2025-06-29,2,Bluebonnet,,1284.0,1450.92,2025-03-27,92,642.0,Direct,Friday,2025-06,fbg_data.csv,cloudbeds
3309587973069,2025-05-01,2025-05-04,3,Spyglass,,3221.0,3639.73,2025-03-27,35,1073.6666666666667,Direct,Thursday,2025-05,fbg_data.csv,cloudbeds
3696703928502,2025-04-01,2025-04-03,2,Monarch,,515.0,0.0,2025-03-27,5,257.5,Airbnb,Tuesday,2025-04,fbg_data.csv,cloudbeds
1767086485430,2025-03-31,2025-04-04,4,Live Oak Lodge,,1132.0,1279.16,2025-03-27,4,283.0,Direct,Monday,2025-03,fbg_data.csv,cloudbeds
2727132546120,2025-04-01,2025-04-03,2,Cocoon,,499.0,0.0,2025-03-27,5,249.5,Airbnb,Tuesday,2025-04,fbg_data.csv,cloudbeds
6632669193187,2025-03-30,2025-03-31,1,Bluebonnet,,176.92,0.0,2025-03-27,3,176.92,Airbnb,Sunday,2025-03,fbg_data.csv,cloudbeds
1658071863001,2025-05-28,2025-05-30,2,Spyglass,,1064.0,1202.32,2025-03-28,61,532.0,Direct,Wednesday,2025-05,fbg_data.csv,cloudbeds
1172141581323,2025-04-18,2025-04-20,2,Live Oak Lodge,,2580.0,3000.15,2025-03-28,21,1290.0,Direct,Friday,2025-04,fbg_data.csv,cloudbeds
7705416766462,2025-04-11,2025-04-13,2,Monarch,,1924.0,0.0,2025-03-28,14,962.0,Airbnb,Friday,2025-04,fbg_data.csv,cloudbeds
9044582995876,2025-04-04,2025-04-05,1,Cocoon,,824.0,931.12,2025-03-28,7,824.0,Direct,Friday,2025-04,fbg_data.csv,cloudbeds
5735000268489,2025-03-30,2025-03-31,1,Spyglass,,262.0,0.0,2025-03-28,2,262.0,Airbnb,Sunday,2025-03,fbg_data.csv,cloudbeds
4817305688462,2025-12-18,2025-12-21,3,Bluebonnet,,1121.0,1266.73,2025-03-29,264,373.6666666666667,Direct,Thursday,2025-12,fbg_data.csv,cloudbeds
3932053116450,2025-10-13,2025-10-15,2,Quonset,,534.0,603.42,2025-03-29,198,267.0,Direct,Monday,2025-10,fbg_data.csv,cloudbeds
2174615326963,2025-08-25,2025-08-29,4,Live Oak Lodge,,1530.0,1728.9,2025-03-29,149,382.5,Direct,Monday,2025-08,fbg_data.csv,cloudbeds
4864061568057,2025-06-27,2025-06-29,2,Pecan Haus,,900.0,1017.0,2025-03-29,90,450.0,Direct,Friday,2025-06,fbg_data.csv,cloudbeds
2115943378198,2025-05-04,2025-05-06,2,Monarch,,1161.0,1311.93,2025-03-29,36,580.5,Direct,Sunday,2025-05,fbg_data.csv,cloudbeds
3573479055519,2025-04-23,2025-04-24,1,Spyglass,,524.0,592.12,2025-03-29,25,524.0,Direct,Wednesday,2025-04,fbg_data.csv,cloudbeds
7725435799562,2025-04-23,2025-04-25,2,Sage Safari,,903.0,1020.39,2025-03-29,25,451.5,Direct,Wednesday,2025-04,fbg_data.csv,cloudbeds
3480566882458,2025-04-02,2025-04-03,1,Sage Safari,,168.78,0.0,2025-03-29,4,168.78,Expedia,Wednesday,2025-04,fbg_data.csv,cloudbeds
6553321973179,2025-04-03,2025-04-04,1,Sage Safari,,230.0,259.9,2025-03-29,5,230.0,Direct,Thursday,2025-04,fbg_data.csv,cloudbeds
2322772420654,2025-03-30,2025-03-31,1,Pecan Haus,,186.0,210.18,2025-03-29,1,186.0,Direct,Sunday,2025-03,fbg_data.csv,cloudbeds
5085240782599,2025-08-01,2025-08-04,3,Sage Safari,,1616.0,1826.08,2025-03-30,124,538.6666666666666,Direct,Friday,2025-08,fbg_data.csv,cloudbeds
9800655459103,2025-06-28,2025-06-30,2,Lantana Dome,,1027.0,1160.51,2025-03-30,90,513.5,Direct,Saturday,2025-06,fbg_data.csv,cloudbeds
6717595022062,2025-05-21,2025-05-25,4,Sage Safari,,2366.07,0.0,2025-03-30,52,591.5175,Airbnb,Wednesday,2025-05,fbg_data.csv,cloudbeds
9898392151439,2025-03-30,2025-03-31,1,Walnut House,,314.75,355.67,2025-03-30,0,314.75,Booking.com,Sunday,2025-03,fbg_data.csv,cloudbeds
9036340066539,2025-03-30,2025-03-31,1,Sage Safari,,227.0,256.51,2025-03-30,0,227.0,Direct,Sunday,2025-03,fbg_data.csv,cloudbeds
9860734970441,2025-04-28,2025-04-29,1,Sage Safari,,414.0,467.82,2025-03-31,28,414.0,Direct,Monday,2025-04,fbg_data.csv,cloudbeds
3970897799115,2025-04-16,2025-04-17,1,Spyglass,,342.0,386.46,2025-03-31,16,342.0,Direct,Wednesday,2025-04,fbg_data.csv,cloudbeds
5158845802053,2025-04-10,2025-04-11,1,Monarch,,524.0,592.12,2025-03-31,10,524.0,Direct,Thursday,2025-04,fbg_data.csv,cloudbeds
8386913775197,2025-04-01,2025-04-02,1,Buckeye Bungalow,,186.52,0.0,2025-03-31,1,186.52,Expedia,Tuesday,2025-04,fbg_data.csv,cloudbeds
8310644541133,2025-10-27,2025-10-31,4,Spyglass,,1778.0,2009.14,2025-04-01,209,444.5,Direct,Monday,2025-10,fbg_data.csv,cloudbeds
2144300524618,2025-04-14,2025-04-17,3,Bluebonnet,,792.0,894.96,2025-04-01,13,264.0,Direct,Monday,2025-04,fbg_data.csv,cloudbeds
4398449420258,2025-04-09,2025-04-11,2,Buckeye Bungalow,,558.0,630.54,2025-04-01,8,279.0,Direct,Wednesday,2025-04,fbg_data.csv,cloudbeds
4484448824884,2025-04-09,2025-04-10,1,Walnut House,,304.0,0.0,2025-04-01,8,304.0,Airbnb,Wednesday,2025-04,fbg_data.csv,cloudbeds
3929230766858,2025-04-05,2025-04-06,1,Bluebonnet,,806.0,910.78,2025-04-01,4,806.0,Direct,Saturday,2025-04,fbg_data.csv,cloudbeds
5030828624714,2025-04-01,2025-04-02,1,Juniper Haus,,181.0,204.53,2025-04-01,0,181.0,Direct,Tuesday,2025-04,fbg_data.csv,cloudbeds
4210873263949,2025-04-02,2025-04-03,1,Cedar Haus,,181.0,204.53,2025-04-01,1,181.0,Direct,Wednesday,2025-04,fbg_data.csv,cloudbeds
9368883422442,2025-04-01,2025-04-02,1,Lantana Dome,,213.0,240.69,2025-04-01,0,213.0,Direct,Tuesday,2025-04,fbg_data.csv,cloudbeds
8588738768303,2025-04-02,2025-04-03,1,Juniper Haus,,185.2,0.0,2025-04-01,1,185.2,Airbnb,Wednesday,2025-04,fbg_data.csv,cloudbeds
5858329158563,2025-04-03,2025-04-04,1,Walnut House,,232.34,0.0,2025-04-01,2,232.34,Expedia,Thursday,2025-04,fbg_data.csv,cloudbeds
8621778083046,2025-04-01,2025-04-02,1,Pecan Haus,,181.0,409.06,2025-04-01,0,181.0,Direct,Tuesday,2025-04,fbg_data.csv,cloudbeds
8444044602783,2025-04-01,2025-04-02,1,Cedar Haus,,181.0,204.53,2025-04-01,0,181.0,Direct,Tuesday,2025-04,fbg_data.csv,cloudbeds
9737955590523,2025-05-17,2025-05-19,2,Lantana Dome,,1267.0,1431.71,2025-04-02,45,633.5,Direct,Saturday,2025-05,fbg_data.csv,cloudbeds
9988816344895,2025-04-23,2025-04-25,2,Buckeye Bungalow,,775.0,875.75,2025-04-02,21,387.5,Direct,Wednesday,2025-04,fbg_data.csv,cloudbeds
2205847859751,2025-04-17,2025-04-18,1,Walnut House,,564.0,637.32,2025-04-02,15,564.0,Direct,Thursday,2025-04,fbg_data.csv,cloudbeds
7382779806816,2025-04-02,2025-04-03,1,Pecan Haus,,181.0,204.53,2025-04-02,0,181.0,Direct,Wednesday,2025-04,fbg_data.csv,cloudbeds
4800865642757,2025-04-03,2025-04-04,1,Monarch,,301.0,340.13,2025-04-02,1,301.0,Direct,Thursday,2025-04,fbg_data.csv,cloudbeds
1053935747150,2025-04-03,2025-04-04,1,Juniper Haus,,196.0,0.0,2025-04-02,1,196.0,Airbnb,Thursday,2025-04,fbg_data.csv,cloudbeds
3263393323074,2025-07-21,2025-07-24,3,Spyglass,,1242.0,1403.46,2025-04-03,109,414.0,Direct,Monday,2025-07,fbg_data.csv,cloudbeds
3906553856863,2025-05-24,2025-05-26,2,Spyglass,,2290.0,2587.7,2025-04-03,51,1145.0,Direct,Saturday,2025-05,fbg_data.csv,cloudbeds
6442193520398,2025-05-16,2025-05-18,2,Sage Safari,,2000.0,2260.0,2025-04-03,43,1000.0,Direct,Friday,2025-05,fbg_data.csv,cloudbeds
6562592069301,2025-05-01,2025-05-03,2,Lantana Dome,,1664.0,1880.32,2025-04-03,28,832.0,Direct,Thursday,2025-05,fbg_data.csv,cloudbeds
8352212463006,2025-04-13,2025-04-14,1,Pecan Haus,,350.0,395.5,2025-04-03,10,350.0,Direct,Sunday,2025-04,fbg_data.csv,cloudbeds
7483383728617,2025-04-05,2025-04-07,2,Cedar Haus,,818.0,924.34,2025-04-03,2,409.0,Direct,Saturday,2025-04,fbg_data.csv,cloudbeds
4753489502018,2025-04-08,2025-04-09,1,Spyglass,,335.0,0.0,2025-04-03,5,335.0,Airbnb,Tuesday,2025-04,fbg_data.csv,cloudbeds
5517451027853,2025-04-03,2025-04-04,1,Pecan Haus,,195.0,220.35,2025-04-03,0,195.0,Direct,Thursday,2025-04,fbg_data.csv,cloudbeds
8148644515625,2025-04-15,2025-04-16,1,Spyglass,,362.0,0.0,2025-04-04,11,362.0,Airbnb,Tuesday,2025-04,fbg_data.csv,cloudbeds
9494170348362,2025-04-15,2025-04-18,3,Cedar Haus,,800.0,904.0,2025-04-04,11,266.6666666666667,Direct,Tuesday,2025-04,fbg_data.csv,cloudbeds
4985609846443,2025-04-14,2025-04-15,1,Juniper Haus,,227.5,0.0,2025-04-04,10,227.5,Airbnb,Monday,2025-04,fbg_data.csv,cloudbeds
1298242337018,2025-04-10,2025-04-13,3,Walnut House,,2600.0,2938.0,2025-04-04,6,866.6666666666666,Direct,Thursday,2025-04,fbg_data.csv,cloudbeds
6184341937130,2025-04-06,2025-04-07,1,Pecan Haus,,234.0,264.42,2025-04-04,2,234.0,Direct,Sunday,2025-04,fbg_data.csv,cloudbeds
8498677373391,2025-04-27,2025-04-30,3,Cocoon,,1393.0,1574.09,2025-04-05,22,464.3333333333333,Direct,Sunday,2025-04,fbg_data.csv,cloudbeds
4489044116400,2025-04-20,2025-04-21,1,Live Oak Lodge,,585.0,661.05,2025-04-05,15,585.0,Direct,Sunday,2025-04,fbg_data.csv,cloudbeds
2209510788673,2025-04-14,2025-04-16,2,Sage Safari,,626.0,707.38,2025-04-05,9,313.0,Direct,Monday,2025-04,fbg_data.csv,cloudbeds
3928474258234,2025-04-14,2025-04-15,1,Spyglass,,342.0,386.46,2025-04-05,9,342.0,Direct,Monday,2025-04,fbg_data.csv,cloudbeds
1133763022773,2025-04-14,2025-04-15,1,Cedar Haus,,234.0,264.42,2025-04-05,9,234.0,Direct,Monday,2025-04,fbg_data.csv,cloudbeds
7215750350808,2025-04-14,2025-04-15,1,Pecan Haus,,234.0,264.42,2025-04-05,9,234.0,Direct,Monday,2025-04,fbg_data.csv,cloudbeds
7062303896422,2025-04-08,2025-04-10,2,Juniper Haus,,321.51,0.0,2025-04-05,3,160.755,Airbnb,Tuesday,2025-04,fbg_data.csv,cloudbeds
4771373656437,2025-05-28,2025-05-29,1,Live Oak Lodge,,520.0,587.6,2025-04-06,52,520.0,Direct,Wednesday,2025-05,fbg_data.csv,cloudbeds
2487770968633,2025-05-14,2025-05-15,1,Lantana Dome,,326.0,0.0,2025-04-06,38,326.0,Airbnb,Wednesday,2025-05,fbg_data.csv,cloudbeds
3321089155748,2025-05-12,2025-05-15,3,Walnut House,,1440.0,1627.2,2025-04-06,36,480.0,Direct,Monday,2025-05,fbg_data.csv,cloudbeds
9373503850883,2025-04-14,2025-04-16,2,Buckeye Bungalow,,626.0,707.38,2025-04-06,8,313.0,Direct,Monday,2025-04,fbg_data.csv,cloudbeds
5920401636608,2025-04-17,2025-04-18,1,Live Oak Lodge,,564.0,637.32,2025-04-06,11,564.0,Direct,Thursday,2025-04,fbg_data.csv,cloudbeds
7793487279397,2025-04-17,2025-04-18,1,Monarch,,564.0,637.32,2025-04-06,11,564.0,Direct,Thursday,2025-04,fbg_data.csv,cloudbeds
7473445773589,2025-04-11,2025-04-13,2,Pecan Haus,,1304.0,1473.52,2025-04-06,5,652.0,Direct,Friday,2025-04,fbg_data.csv,cloudbeds
1221327137897,2025-04-08,2025-04-09,1,Buckeye Bungalow,,244.0,275.72,2025-04-06,2,244.0,Direct,Tuesday,2025-04,fbg_data.csv,cloudbeds
2644846884802,2025-05-12,2025-05-15,3,Bluebonnet,,918.0,1037.34,2025-04-07,35,306.0,Direct,Monday,2025-05,fbg_data.csv,cloudbeds
8166110136838,2025-05-11,2025-05-15,4,Sage Safari,,1278.0,1444.14,2025-04-07,34,319.5,Direct,Sunday,2025-05,fbg_data.csv,cloudbeds
5259134000806,2025-05-04,2025-05-07,3,Bluebonnet,,1081.0,1221.53,2025-04-07,27,360.3333333333333,Direct,Sunday,2025-05,fbg_data.csv,cloudbeds
8168496798563,2025-04-12,2025-04-14,2,Lantana Dome,,1197.0,1352.61,2025-04-07,5,598.5,Direct,Saturday,2025-04,fbg_data.csv,cloudbeds
7048743085809,2025-04-07,2025-04-09,2,Pecan Haus,,428.0,483.64,2025-04-07,0,214.0,Direct,Monday,2025-04,fbg_data.csv,cloudbeds
2921354327043,2025-04-07,2025-04-08,1,Cocoon,,244.0,275.72,2025-04-07,0,244.0,Direct,Monday,2025-04,fbg_data.csv,cloudbeds
8936986383335,2025-05-24,2025-05-26,2,Pecan Haus,,1028.0,1161.64,2025-04-08,46,514.0,Direct,Saturday,2025-05,fbg_data.csv,cloudbeds
7648967746799,2025-04-15,2025-04-16,1,Juniper Haus,,234.0,264.42,2025-04-08,7,234.0,Direct,Tuesday,2025-04,fbg_data.csv,cloudbeds
6272354246583,2025-04-12,2025-04-13,1,Cedar Haus,,406.6,0.0,2025-04-08,4,406.6,Airbnb,Saturday,2025-04,fbg_data.csv,cloudbeds
9429038834593,2025-04-12,2025-04-13,1,Sage Safari,,794.0,897.22,2025-04-08,4,794.0,Direct,Saturday,2025-04,fbg_data.csv,cloudbeds
9688113986548,2025-04-09,2025-04-10,1,Live Oak Lodge,,304.0,0.0,2025-04-08,1,304.0,Airbnb,Wednesday,2025-04,fbg_data.csv,cloudbeds
2419355289432,2025-04-08,2025-04-09,1,Cedar Haus,,214.0,241.82,2025-04-08,0,214.0,Direct,Tuesday,2025-04,fbg_data.csv,cloudbeds
2053098085555,2025-04-11,2025-04-12,1,Juniper Haus,,519.0,586.47,2025-04-09,2,519.0,Direct,Friday,2025-04,fbg_data.csv,cloudbeds
1297882910625,2025-05-20,2025-05-22,2,Spyglass,,960.0,1084.8,2025-04-10,40,480.0,Direct,Tuesday,2025-05,fbg_data.csv,cloudbeds
5262726498181,2025-04-25,2025-04-27,2,Live Oak Lodge,,2096.0,2368.48,2025-04-10,15,1048.0,Direct,Friday,2025-04,fbg_data.csv,cloudbeds
6029525446142,2025-04-25,2025-04-27,2,Spyglass,,2096.0,2368.48,2025-04-10,15,1048.0,Direct,Friday,2025-04,fbg_data.csv,cloudbeds
3978236601865,2025-04-17,2025-04-19,2,Buckeye Bungalow,,1105.0,1248.65,2025-04-10,7,552.5,Direct,Thursday,2025-04,fbg_data.csv,cloudbeds
5970721477441,2025-04-19,2025-04-20,1,Walnut House,,833.0,0.0,2025-04-10,9,833.0,Airbnb,Saturday,2025-04,fbg_data.csv,cloudbeds
7240802022403,2025-04-18,2025-04-19,1,Cedar Haus,,440.8,0.0,2025-04-10,8,440.8,Airbnb,Friday,2025-04,fbg_data.csv,cloudbeds
9020817325016,2025-04-16,2025-04-17,1,Juniper Haus,,224.0,253.12,2025-04-10,6,224.0,Direct,Wednesday,2025-04,fbg_data.csv,cloudbeds
2532691335587,2025-04-12,2025-04-13,1,Juniper Haus,,285.46,0.0,2025-04-10,2,285.46,Airbnb,Saturday,2025-04,fbg_data.csv,cloudbeds
8547705133072,2026-01-25,2026-01-28,3,Live Oak Lodge,,2223.0,2511.99,2025-04-10,290,741.0,Direct,Sunday,2026-01,fbg_data.csv,cloudbeds
6808534305140,2025-04-27,2025-04-28,1,Bluebonnet,,564.0,637.32,2025-04-11,16,564.0,Direct,Sunday,2025-04,fbg_data.csv,cloudbeds
3607633325838,2025-04-18,2025-04-20,2,Spyglass,,1419.0,0.0,2025-04-11,7,709.5,Airbnb,Friday,2025-04,fbg_data.csv,cloudbeds
4684342710757,2025-04-11,2025-04-12,1,Sage Safari,,470.0,521.35,2025-04-11,0,470.0,Direct,Friday,2025-04,fbg_data.csv,cloudbeds
2264198139467,2025-04-13,2025-04-14,1,Live Oak Lodge,,313.0,0.0,2025-04-11,2,313.0,Airbnb,Sunday,2025-04,fbg_data.csv,cloudbeds
8291051394263,2025-04-11,2025-04-12,1,Cedar Haus,,304.6,0.0,2025-04-11,0,304.6,Airbnb,Friday,2025-04,fbg_data.csv,cloudbeds
1373087311201,2025-04-11,2025-04-13,2,Buckeye Bungalow,,946.0,0.0,2025-04-11,0,473.0,Airbnb,Friday,2025-04,fbg_data.csv,cloudbeds
1586686420066,2025-06-01,2025-06-03,2,Spyglass,,898.0,1014.74,2025-04-12,50,449.0,Direct,Sunday,2025-06,fbg_data.csv,cloudbeds
8496873258146,2025-05-02,2025-05-04,2,Buckeye Bungalow,,2268.0,2562.84,2025-04-12,20,1134.0,Direct,Friday,2025-05,fbg_data.csv,cloudbeds
8372873810545,2025-04-30,2025-05-01,1,Cocoon,,394.0,445.22,2025-04-12,18,394.0,Direct,Wednesday,2025-04,fbg_data.csv,cloudbeds
5881252381448,2025-04-18,2025-04-19,1,Walnut House,,462.0,522.06,2025-04-12,6,462.0,Direct,Friday,2025-04,fbg_data.csv,cloudbeds
1273679101728,2025-04-21,2025-04-22,1,Juniper Haus,,221.2,0.0,2025-04-12,9,221.2,Airbnb,Monday,2025-04,fbg_data.csv,cloudbeds
7020033723314,2025-04-17,2025-04-18,1,Juniper Haus,,185.52,0.0,2025-04-12,5,185.52,Airbnb,Thursday,2025-04,fbg_data.csv,cloudbeds
5878090753111,2025-07-10,2025-07-12,2,Winecup,,593.0,1670.14,2025-04-13,88,296.5,Direct,Thursday,2025-07,fbg_data.csv,cloudbeds
6595973731627,2025-05-23,2025-05-25,2,Cedar Haus,,1202.0,1358.26,2025-04-13,40,601.0,Direct,Friday,2025-05,fbg_data.csv,cloudbeds
7748876040090,2025-05-05,2025-05-07,2,Walnut House,,956.0,1080.28,2025-04-13,22,478.0,Direct,Monday,2025-05,fbg_data.csv,cloudbeds
7388937620536,2025-05-08,2025-05-09,1,Sage Safari,,331.0,374.03,2025-04-13,25,331.0,Direct,Thursday,2025-05,fbg_data.csv,cloudbeds
6763350504721,2025-04-13,2025-04-14,1,Sage Safari,,253.0,285.89,2025-04-13,0,253.0,Direct,Sunday,2025-04,fbg_data.csv,cloudbeds
1671688656275,2025-04-13,2025-04-14,1,Monarch,,302.0,0.0,2025-04-13,0,302.0,Airbnb,Sunday,2025-04,fbg_data.csv,cloudbeds
2560603267209,2025-04-13,2025-04-14,1,Walnut House,,274.0,309.62,2025-04-13,0,274.0,Direct,Sunday,2025-04,fbg_data.csv,cloudbeds
1552853911909,2025-06-16,2025-06-18,2,Cedar Haus,,702.0,793.26,2025-04-14,63,351.0,Direct,Monday,2025-06,fbg_data.csv,cloudbeds
2421879899561,2025-05-17,2025-05-19,2,Monarch,,1627.0,1838.51,2025-04-14,33,813.5,Direct,Saturday,2025-05,fbg_data.csv,cloudbeds
3847453738521,2025-04-27,2025-04-28,1,Spyglass,,429.0,484.77,2025-04-14,13,429.0,Direct,Sunday,2025-04,fbg_data.csv,cloudbeds
9906811911581,2025-04-20,2025-04-21,1,Walnut House,,327.0,369.51,2025-04-14,6,327.0,Direct,Sunday,2025-04,fbg_data.csv,cloudbeds
9325472867754,2025-04-18,2025-04-20,2,Monarch,,1668.0,1884.84,2025-04-14,4,834.0,Direct,Friday,2025-04,fbg_data.csv,cloudbeds
5181360165415,2025-04-21,2025-04-22,1,Lantana Dome,,253.0,285.89,2025-04-14,7,253.0,Direct,Monday,2025-04,fbg_data.csv,cloudbeds
4887999116689,2025-04-14,2025-04-15,1,Live Oak Lodge,,312.0,352.56,2025-04-14,0,312.0,Direct,Monday,2025-04,fbg_data.csv,cloudbeds
6544837675032,2025-05-06,2025-05-08,2,Cedar Haus,,472.8,534.26,2025-04-15,21,236.4,Direct,Tuesday,2025-05,fbg_data.csv,cloudbeds
5156723303046,2025-04-22,2025-04-23,1,Walnut House,,297.63,290.27,2025-04-15,7,297.63,Expedia,Tuesday,2025-04,fbg_data.csv,cloudbeds
3728449137679,2025-04-17,2025-04-18,1,Spyglass,,371.0,419.23,2025-04-15,2,371.0,Direct,Thursday,2025-04,fbg_data.csv,cloudbeds
7728131558507,2025-05-17,2025-05-19,2,Spyglass,,1623.0,1833.99,2025-04-16,31,811.5,Direct,Saturday,2025-05,fbg_data.csv,cloudbeds
9972003267559,2025-04-18,2025-04-20,2,Buckeye Bungalow,,1616.0,1826.08,2025-04-16,2,808.0,Direct,Friday,2025-04,fbg_data.csv,cloudbeds
9972003267559,2025-04-18,2025-04-20,2,Cocoon,,1616.0,1826.08,2025-04-16,2,808.0,Direct,Friday,2025-04,fbg_data.csv,cloudbeds
7830318769493,2025-04-18,2025-04-19,1,Sage Safari,,808.0,913.04,2025-04-16,2,808.0,Direct,Friday,2025-04,fbg_data.csv,cloudbeds
3127387949267,2025-04-17,2025-04-18,1,Bluebonnet,,237.32,0.0,2025-04-16,1,237.32,Expedia,Thursday,2025-04,fbg_data.csv,cloudbeds
4071934726386,2025-04-21,2025-04-23,2,Live Oak Lodge,,461.0,0.0,2025-04-17,4,230.5,Airbnb,Monday,2025-04,fbg_data.csv,cloudbeds
9329182125573,2025-07-14,2025-07-16,2,Post Oak,,589.0,655.82,2025-04-18,87,294.5,Direct,Monday,2025-07,fbg_data.csv,cloudbeds
3563834448631,2025-05-24,2025-05-26,2,Monarch,,2376.0,2684.88,2025-04-18,36,1188.0,Direct,Saturday,2025-05,fbg_data.csv,cloudbeds
1989082283250,2025-04-27,2025-04-28,1,Walnut House,,385.0,435.05,2025-04-18,9,385.0,Direct,Sunday,2025-04,fbg_data.csv,cloudbeds
3130758364160,2025-04-18,2025-04-19,1,Bluebonnet,,348.0,393.24,2025-04-18,0,348.0,Direct,Friday,2025-04,fbg_data.csv,cloudbeds
7799680133878,2025-04-19,2025-04-20,1,Sage Safari,,697.0,0.0,2025-04-18,1,697.0,Airbnb,Saturday,2025-04,fbg_data.csv,cloudbeds
9991886839803,2025-04-20,2025-04-21,1,Spyglass,,314.0,354.82,2025-04-18,2,314.0,Direct,Sunday,2025-04,fbg_data.csv,cloudbeds
1716138766633,2025-05-23,2025-05-25,2,Lantana Dome,,2668.0,3014.84,2025-04-19,34,1334.0,Direct,Friday,2025-05,fbg_data.csv,cloudbeds
2143654415460,2025-05-23,2025-05-25,2,Live Oak Lodge,,2804.0,3168.52,2025-04-19,34,1402.0,Direct,Friday,2025-05,fbg_data.csv,cloudbeds
1221404987566,2025-04-25,2025-04-26,1,Monarch,,955.0,0.0,2025-04-19,6,955.0,Airbnb,Friday,2025-04,fbg_data.csv,cloudbeds
4986870334273,2025-04-25,2025-04-27,2,Pecan Haus,,1042.0,1177.46,2025-04-19,6,521.0,Direct,Friday,2025-04,fbg_data.csv,cloudbeds
4918658238316,2025-04-21,2025-04-22,1,Pecan Haus,,205.0,231.65,2025-04-19,2,205.0,Direct,Monday,2025-04,fbg_data.csv,cloudbeds
9043904584665,2025-07-14,2025-07-15,1,Great Lodge: King Room,,268.0,302.84,2025-04-20,85,268.0,Direct,Monday,2025-07,fbg_data.csv,cloudbeds
9731496980796,2025-05-18,2025-05-20,2,Walnut House,,1064.0,1202.32,2025-04-20,28,532.0,Direct,Sunday,2025-05,fbg_data.csv,cloudbeds
1106898754767,2025-05-09,2025-05-11,2,Monarch,,2094.0,2366.22,2025-04-20,19,1047.0,Direct,Friday,2025-05,fbg_data.csv,cloudbeds
2527078954267,2025-04-27,2025-04-30,3,Buckeye Bungalow,,1059.0,1196.67,2025-04-20,7,353.0,Direct,Sunday,2025-04,fbg_data.csv,cloudbeds
1352249888399,2025-04-24,2025-04-26,2,Cocoon,,1058.95,1255.43,2025-04-20,4,529.475,Direct,Thursday,2025-04,fbg_data.csv,cloudbeds
5201320875742,2025-04-26,2025-04-27,1,Buckeye Bungalow,,767.0,866.71,2025-04-20,6,767.0,Direct,Saturday,2025-04,fbg_data.csv,cloudbeds
1542612801830,2025-04-26,2025-04-27,1,Sage Safari,,730.0,0.0,2025-04-20,6,730.0,Airbnb,Saturday,2025-04,fbg_data.csv,cloudbeds
7988041715261,2025-07-14,2025-07-16,2,Cocoon,,501.58,610.2,2025-04-21,84,250.79,Direct,Monday,2025-07,fbg_data.csv,cloudbeds
6964834228919,2025-06-15,2025-06-18,3,Walnut House,,1774.0,2004.62,2025-04-21,55,591.3333333333334,Direct,Sunday,2025-06,fbg_data.csv,cloudbeds
6333629584349,2025-04-23,2025-04-25,2,Juniper Haus,,768.0,946.94,2025-04-21,2,384.0,Direct,Wednesday,2025-04,fbg_data.csv,cloudbeds
6333629584349,2025-04-23,2025-04-25,2,Pecan Haus,,768.0,946.94,2025-04-21,2,384.0,Direct,Wednesday,2025-04,fbg_data.csv,cloudbeds
2138463843550,2025-04-21,2025-04-24,3,Bluebonnet,,648.0,732.24,2025-04-21,0,216.0,Direct,Monday,2025-04,fbg_data.csv,cloudbeds
9091929118624,2025-04-21,2025-04-22,1,Cocoon,,249.0,0.0,2025-04-21,0,249.0,Airbnb,Monday,2025-04,fbg_data.csv,cloudbeds
5685732544801,2025-04-21,2025-04-22,1,Walnut House,,271.0,0.0,2025-04-21,0,271.0,Airbnb,Monday,2025-04,fbg_data.csv,cloudbeds
9775535433816,2025-06-16,2025-06-18,2,Bluebonnet,,840.0,949.2,2025-04-22,55,420.0,Direct,Monday,2025-06,fbg_data.csv,cloudbeds
2567202548267,2025-05-11,2025-05-12,1,Buckeye Bungalow,,395.0,446.35,2025-04-22,19,395.0,Direct,Sunday,2025-05,fbg_data.csv,cloudbeds
8638113345766,2025-05-05,2025-05-07,2,Live Oak Lodge,,357.55,809.08,2025-04-22,13,178.775,Direct,Monday,2025-05,fbg_data.csv,cloudbeds
8638113345766,2025-05-05,2025-05-07,2,Cedar Haus,,357.55,809.08,2025-04-22,13,178.775,Direct,Monday,2025-05,fbg_data.csv,cloudbeds
3433208039032,2025-05-07,2025-05-09,2,Walnut House,,832.0,1024.91,2025-04-22,15,416.0,Direct,Wednesday,2025-05,fbg_data.csv,cloudbeds
2539790022787,2025-04-27,2025-04-28,1,Sage Safari,,294.0,332.22,2025-04-22,5,294.0,Direct,Sunday,2025-04,fbg_data.csv,cloudbeds
6834481379667,2025-04-26,2025-04-27,1,Cocoon,,591.0,667.83,2025-04-22,4,591.0,Direct,Saturday,2025-04,fbg_data.csv,cloudbeds
2788513510092,2025-04-24,2025-04-25,1,Monarch,,337.0,0.0,2025-04-22,2,337.0,Airbnb,Thursday,2025-04,fbg_data.csv,cloudbeds
5610865505190,2025-04-25,2025-04-27,2,Walnut House,,1528.88,1727.64,2025-04-22,3,764.44,Direct,Friday,2025-04,fbg_data.csv,cloudbeds
3782660230814,2025-04-25,2025-04-26,1,Sage Safari,,484.0,0.0,2025-04-22,3,484.0,Airbnb,Friday,2025-04,fbg_data.csv,cloudbeds
8365485426958,2025-06-22,2025-06-23,1,Sage Safari,,486.0,549.18,2025-04-23,60,486.0,Direct,Sunday,2025-06,fbg_data.csv,cloudbeds
1445749110171,2025-04-27,2025-04-29,2,Juniper Haus,,433.0,489.29,2025-04-23,4,216.5,Direct,Sunday,2025-04,fbg_data.csv,cloudbeds
1349126829041,2025-04-24,2025-04-25,1,Spyglass,,563.0,675.74,2025-04-23,1,563.0,Direct,Thursday,2025-04,fbg_data.csv,cloudbeds
1349126829041,2025-04-24,2025-04-25,1,Lantana Dome,,563.0,675.74,2025-04-23,1,563.0,Direct,Thursday,2025-04,fbg_data.csv,cloudbeds
9712745766217,2025-04-23,2025-04-25,2,Cedar Haus,,405.11,0.0,2025-04-23,0,202.555,Airbnb,Wednesday,2025-04,fbg_data.csv,cloudbeds
8623328666139,2025-05-16,2025-05-19,3,Buckeye Bungalow,,2035.0,2510.99,2025-04-24,22,678.3333333333334,Direct,Friday,2025-05,fbg_data.csv,cloudbeds
4932904220528,2025-05-16,2025-05-18,2,Cocoon,,1572.0,1776.36,2025-04-24,22,786.0,Direct,Friday,2025-05,fbg_data.csv,cloudbeds
3952908426433,2025-05-06,2025-05-08,2,Buckeye Bungalow,,600.0,678.0,2025-04-24,12,300.0,Direct,Tuesday,2025-05,fbg_data.csv,cloudbeds
6339551989474,2025-05-07,2025-05-09,2,Spyglass,,794.0,897.22,2025-04-24,13,397.0,Direct,Wednesday,2025-05,fbg_data.csv,cloudbeds
3397251131890,2025-05-05,2025-05-06,1,Buckeye Bungalow,,273.19,0.0,2025-04-24,11,273.19,Expedia,Monday,2025-05,fbg_data.csv,cloudbeds
1358470875668,2025-05-01,2025-05-03,2,Live Oak Lodge,,1323.0,1494.99,2025-04-24,7,661.5,Direct,Thursday,2025-05,fbg_data.csv,cloudbeds
5573700167285,2025-04-25,2025-04-26,1,Buckeye Bungalow,,455.0,0.0,2025-04-24,1,455.0,Airbnb,Friday,2025-04,fbg_data.csv,cloudbeds
3808120882657,2025-04-25,2025-04-27,2,Bluebonnet,,1126.0,1272.38,2025-04-24,1,563.0,Direct,Friday,2025-04,fbg_data.csv,cloudbeds
3984896996890,2025-06-16,2025-06-19,3,Lantana Dome,,1257.0,1420.41,2025-04-25,52,419.0,Direct,Monday,2025-06,fbg_data.csv,cloudbeds
3690308202943,2025-05-06,2025-05-08,2,Sage Safari,,626.0,707.38,2025-04-25,11,313.0,Direct,Tuesday,2025-05,fbg_data.csv,cloudbeds
2511017784240,2025-04-30,2025-05-02,2,Juniper Haus,,414.0,467.82,2025-04-25,5,207.0,Direct,Wednesday,2025-04,fbg_data.csv,cloudbeds
9729806278583,2025-04-30,2025-05-01,1,Sage Safari,,300.0,0.0,2025-04-25,5,300.0,Airbnb,Wednesday,2025-04,fbg_data.csv,cloudbeds
6760393407293,2025-04-30,2025-05-01,1,Spyglass,,300.0,339.0,2025-04-25,5,300.0,Direct,Wednesday,2025-04,fbg_data.csv,cloudbeds
6447341148002,2025-04-25,2025-04-27,2,Lantana Dome,,1028.0,1161.64,2025-04-25,0,514.0,Direct,Friday,2025-04,fbg_data.csv,cloudbeds
8194481979638,2025-07-23,2025-07-24,1,Cocoon,,366.0,413.58,2025-04-26,88,366.0,Direct,Wednesday,2025-07,fbg_data.csv,cloudbeds
9710968834019,2025-04-28,2025-04-30,2,Bluebonnet,,528.0,596.64,2025-04-26,2,264.0,Direct,Monday,2025-04,fbg_data.csv,cloudbeds
5445184748631,2025-04-26,2025-04-27,1,Juniper Haus,,414.0,467.82,2025-04-26,0,414.0,Direct,Saturday,2025-04,fbg_data.csv,cloudbeds
7844473859970,2025-05-10,2025-05-13,3,Live Oak Lodge,,1824.0,2061.12,2025-04-27,13,608.0,Direct,Saturday,2025-05,fbg_data.csv,cloudbeds
8241624219654,2025-05-06,2025-05-07,1,Spyglass,,357.0,403.41,2025-04-27,9,357.0,Direct,Tuesday,2025-05,fbg_data.csv,cloudbeds
8515531535360,2025-05-04,2025-05-06,2,Sage Safari,,707.0,1063.47,2025-04-27,7,353.5,Direct,Sunday,2025-05,fbg_data.csv,cloudbeds
9984955277792,2025-04-27,2025-04-28,1,Pecan Haus,,206.44,0.0,2025-04-27,0,206.44,Expedia,Sunday,2025-04,fbg_data.csv,cloudbeds
5410329771014,2025-07-15,2025-07-16,1,Lantana Dome,,366.0,413.58,2025-04-28,78,366.0,Direct,Tuesday,2025-07,fbg_data.csv,cloudbeds
5066782901270,2025-06-11,2025-06-12,1,Walnut House,,499.0,563.87,2025-04-28,44,499.0,Direct,Wednesday,2025-06,fbg_data.csv,cloudbeds
3831998126769,2025-06-05,2025-06-08,3,Pecan Haus,,1800.0,2245.44,2025-04-28,38,600.0,Direct,Thursday,2025-06,fbg_data.csv,cloudbeds
4163891824078,2025-05-29,2025-06-01,3,Juniper Haus,,1475.0,1931.31,2025-04-28,31,491.6666666666667,Direct,Thursday,2025-05,fbg_data.csv,cloudbeds
8954267464911,2025-05-14,2025-05-15,1,Cocoon,,313.0,353.69,2025-04-28,16,313.0,Direct,Wednesday,2025-05,fbg_data.csv,cloudbeds
2253523460262,2025-05-14,2025-05-17,3,Pecan Haus,,1316.0,1487.08,2025-04-28,16,438.6666666666667,Direct,Wednesday,2025-05,fbg_data.csv,cloudbeds
4579453969024,2025-05-10,2025-05-11,1,Cedar Haus,,436.0,492.68,2025-04-28,12,436.0,Direct,Saturday,2025-05,fbg_data.csv,cloudbeds
3753669226993,2025-04-30,2025-05-01,1,Lantana Dome,,264.0,298.32,2025-04-28,2,264.0,Direct,Wednesday,2025-04,fbg_data.csv,cloudbeds
9880195472918,2025-04-29,2025-04-30,1,Pecan Haus,,199.0,224.87,2025-04-28,1,199.0,Direct,Tuesday,2025-04,fbg_data.csv,cloudbeds
9862104437212,2025-04-29,2025-04-30,1,Juniper Haus,,199.0,224.87,2025-04-28,1,199.0,Direct,Tuesday,2025-04,fbg_data.csv,cloudbeds
2531506165074,2025-07-14,2025-07-16,2,Cedar Haus,,510.0,576.3,2025-04-29,76,255.0,Direct,Monday,2025-07,fbg_data.csv,cloudbeds
4986931284952,2025-05-11,2025-05-13,2,Monarch,,683.0,771.79,2025-04-29,12,341.5,Direct,Sunday,2025-05,fbg_data.csv,cloudbeds
2471806067901,2025-05-08,2025-05-09,1,Juniper Haus,,299.0,0.0,2025-04-29,9,299.0,Airbnb,Thursday,2025-05,fbg_data.csv,cloudbeds
8045295080132,2025-05-09,2025-05-11,2,Walnut House,,1988.0,2246.44,2025-04-29,10,994.0,Direct,Friday,2025-05,fbg_data.csv,cloudbeds
5141997282411,2025-05-03,2025-05-05,2,Pecan Haus,,516.49,0.0,2025-04-29,4,258.245,Expedia,Saturday,2025-05,fbg_data.csv,cloudbeds
4410103702714,2025-04-30,2025-05-01,1,Bluebonnet,,199.0,224.87,2025-04-29,1,199.0,Direct,Wednesday,2025-04,fbg_data.csv,cloudbeds
5378290806389,2025-04-30,2025-05-02,2,Buckeye Bungalow,,401.0,0.0,2025-04-29,1,200.5,Airbnb,Wednesday,2025-04,fbg_data.csv,cloudbeds
5997289247983,2025-04-30,2025-05-01,1,Cedar Haus,,199.0,224.87,2025-04-29,1,199.0,Direct,Wednesday,2025-04,fbg_data.csv,cloudbeds
1306599256206,2025-05-03,2025-05-04,1,Cedar Haus,,285.6,0.0,2025-04-29,4,285.6,Airbnb,Saturday,2025-05,fbg_data.csv,cloudbeds
6343796754343,2025-05-02,2025-05-04,2,Sage Safari,,1372.0,1550.36,2025-04-29,3,686.0,Direct,Friday,2025-05,fbg_data.csv,cloudbeds
4051799330814,2025-04-29,2025-04-30,1,Sage Safari,,214.0,241.82,2025-04-29,0,214.0,Direct,Tuesday,2025-04,fbg_data.csv,cloudbeds
5158971140047,2025-05-19,2025-05-20,1,Spyglass,,314.0,354.82,2025-04-30,19,314.0,Direct,Monday,2025-05,fbg_data.csv,cloudbeds
7672543952728,2025-05-16,2025-05-18,2,Cedar Haus,,1074.0,1425.06,2025-04-30,16,537.0,Direct,Friday,2025-05,fbg_data.csv,cloudbeds
7129236283122,2025-05-15,2025-05-16,1,Monarch,,509.0,0.0,2025-04-30,15,509.0,Airbnb,Thursday,2025-05,fbg_data.csv,cloudbeds
9576649594554,2025-05-07,2025-05-08,1,Lantana Dome,,244.0,275.72,2025-04-30,7,244.0,Direct,Wednesday,2025-05,fbg_data.csv,cloudbeds
5001164996481,2025-05-04,2025-05-05,1,Cocoon,,244.0,275.72,2025-04-30,4,244.0,Direct,Sunday,2025-05,fbg_data.csv,cloudbeds
7704247789301,2025-05-04,2025-05-06,2,Lantana Dome,,451.0,0.0,2025-04-30,4,225.5,Airbnb,Sunday,2025-05,fbg_data.csv,cloudbeds
9557090449337,2025-05-01,2025-05-03,2,Cedar Haus,,443.16,0.0,2025-04-30,1,221.58,Airbnb,Thursday,2025-05,fbg_data.csv,cloudbeds
3825329951070,2025-05-02,2025-05-04,2,Bluebonnet,,1372.0,1761.8,2025-04-30,2,686.0,Direct,Friday,2025-05,fbg_data.csv,cloudbeds
6217226409247,2025-05-03,2025-05-04,1,Lantana Dome,,686.0,775.18,2025-04-30,3,686.0,Direct,Saturday,2025-05,fbg_data.csv,cloudbeds
6500942434204,2025-05-09,2025-05-10,1,Sage Safari,,595.0,0.0,2025-05-01,8,595.0,Airbnb,Friday,2025-05,fbg_data.csv,cloudbeds
3604648434934,2025-05-10,2025-05-11,1,Sage Safari,,595.0,0.0,2025-05-01,9,595.0,Airbnb,Saturday,2025-05,fbg_data.csv,cloudbeds
1961276424680,2025-05-06,2025-05-07,1,Juniper Haus,,195.8,0.0,2025-05-01,5,195.8,Airbnb,Tuesday,2025-05,fbg_data.csv,cloudbeds
8794169593124,2025-05-05,2025-05-07,2,Pecan Haus,,408.0,672.48,2025-05-01,4,204.0,Direct,Monday,2025-05,fbg_data.csv,cloudbeds
1521618941771,2025-05-03,2025-05-04,1,Cocoon,,588.0,664.44,2025-05-01,2,588.0,Direct,Saturday,2025-05,fbg_data.csv,cloudbeds
1591190012287,2025-07-30,2025-08-01,2,Spyglass,,846.0,955.98,2025-05-02,89,423.0,Direct,Wednesday,2025-07,fbg_data.csv,cloudbeds
1361651940301,2025-05-23,2025-05-24,1,Pecan Haus,,623.0,703.99,2025-05-02,21,623.0,Direct,Friday,2025-05,fbg_data.csv,cloudbeds
3773345594499,2025-05-12,2025-05-13,1,Lantana Dome,,254.0,287.02,2025-05-02,10,254.0,Direct,Monday,2025-05,fbg_data.csv,cloudbeds
3289852328525,2025-05-09,2025-05-11,2,Cocoon,,1218.0,1376.34,2025-05-02,7,609.0,Direct,Friday,2025-05,fbg_data.csv,cloudbeds
1727981982222,2025-05-09,2025-05-11,2,Juniper Haus,,632.0,0.0,2025-05-02,7,316.0,Airbnb,Friday,2025-05,fbg_data.csv,cloudbeds
1105810583024,2025-05-03,2025-05-05,2,Live Oak Lodge,,858.0,1180.98,2025-05-02,1,429.0,Direct,Saturday,2025-05,fbg_data.csv,cloudbeds
2179780397338,2025-05-02,2025-05-04,2,Walnut House,,954.0,0.0,2025-05-02,0,477.0,Airbnb,Friday,2025-05,fbg_data.csv,cloudbeds
7207934802408,2025-05-05,2025-05-06,1,Juniper Haus,,204.0,230.52,2025-05-02,3,204.0,Direct,Monday,2025-05,fbg_data.csv,cloudbeds
3745054265059,2025-05-22,2025-05-25,3,Juniper Haus,,1599.0,1806.87,2025-05-03,19,533.0,Direct,Thursday,2025-05,fbg_data.csv,cloudbeds
5839415149040,2025-05-07,2025-05-08,1,Bluebonnet,,244.0,275.72,2025-05-03,4,244.0,Direct,Wednesday,2025-05,fbg_data.csv,cloudbeds
3415210977105,2025-05-04,2025-05-06,2,Spyglass,,475.0,0.0,2025-05-03,1,237.5,Airbnb,Sunday,2025-05,fbg_data.csv,cloudbeds
4505387508157,2025-07-27,2025-07-28,1,Live Oak Lodge,,517.0,668.96,2025-05-04,84,517.0,Direct,Sunday,2025-07,fbg_data.csv,cloudbeds
1304700375102,2025-06-28,2025-06-30,2,Buckeye Bungalow,,1556.0,1758.28,2025-05-04,55,778.0,Direct,Saturday,2025-06,fbg_data.csv,cloudbeds
4649808276242,2025-05-25,2025-05-26,1,Live Oak Lodge,,676.0,0.0,2025-05-04,21,676.0,Airbnb,Sunday,2025-05,fbg_data.csv,cloudbeds
9297927700991,2025-05-14,2025-05-15,1,Live Oak Lodge,,284.0,532.36,2025-05-04,10,284.0,Direct,Wednesday,2025-05,fbg_data.csv,cloudbeds
7408588509323,2025-05-15,2025-05-16,1,Spyglass,,512.0,578.56,2025-05-04,11,512.0,Direct,Thursday,2025-05,fbg_data.csv,cloudbeds
7433444953350,2025-05-10,2025-05-11,1,Lantana Dome,,585.0,0.0,2025-05-04,6,585.0,Airbnb,Saturday,2025-05,fbg_data.csv,cloudbeds
1758472075330,2025-05-07,2025-05-08,1,Cocoon,,244.0,275.72,2025-05-04,3,244.0,Direct,Wednesday,2025-05,fbg_data.csv,cloudbeds
3952194986884,2025-05-06,2025-05-07,1,Lantana Dome,,244.0,275.72,2025-05-04,2,244.0,Direct,Tuesday,2025-05,fbg_data.csv,cloudbeds
2917566258325,2025-06-18,2025-06-20,2,Buckeye Bungalow,,903.0,1020.39,2025-05-05,44,451.5,Direct,Wednesday,2025-06,fbg_data.csv,cloudbeds
7867639098902,2025-05-15,2025-05-16,1,Sage Safari,,311.0,351.43,2025-05-05,10,311.0,Direct,Thursday,2025-05,fbg_data.csv,cloudbeds
3314482604822,2025-05-09,2025-05-10,1,Cedar Haus,,355.0,401.15,2025-05-05,4,355.0,Direct,Friday,2025-05,fbg_data.csv,cloudbeds
8990275671992,2025-05-05,2025-05-07,2,Cocoon,,451.0,0.0,2025-05-05,0,225.5,Airbnb,Monday,2025-05,fbg_data.csv,cloudbeds
3385509962646,2025-09-19,2025-09-21,2,Monarch,,1872.0,2115.36,2025-05-06,136,936.0,Direct,Friday,2025-09,fbg_data.csv,cloudbeds
5465901669941,2025-06-15,2025-06-17,2,Cocoon,,944.0,1066.72,2025-05-06,40,472.0,Direct,Sunday,2025-06,fbg_data.csv,cloudbeds
3037502717889,2025-05-20,2025-05-21,1,Juniper Haus,,262.0,0.0,2025-05-06,14,262.0,Airbnb,Tuesday,2025-05,fbg_data.csv,cloudbeds
1839450008658,2025-05-10,2025-05-11,1,Buckeye Bungalow,,638.0,932.38,2025-05-06,4,638.0,Direct,Saturday,2025-05,fbg_data.csv,cloudbeds
9250336117528,2025-05-09,2025-05-10,1,Lantana Dome,,461.0,0.0,2025-05-06,3,461.0,Airbnb,Friday,2025-05,fbg_data.csv,cloudbeds
8351525057551,2025-10-20,2025-10-22,2,Monolith,,1234.0,1394.42,2025-05-07,166,617.0,Direct,Monday,2025-10,fbg_data.csv,cloudbeds
1371591615024,2025-10-23,2025-10-26,3,Monolith,,3559.0,4021.67,2025-05-07,169,1186.3333333333333,Direct,Thursday,2025-10,fbg_data.csv,cloudbeds
5550721748099,2025-09-15,2025-09-18,3,Live Oak Lodge,,1131.0,1489.47,2025-05-07,131,377.0,Direct,Monday,2025-09,fbg_data.csv,cloudbeds
6214389656315,2025-05-21,2025-05-24,3,Cocoon,,2094.0,2630.78,2025-05-07,14,698.0,Direct,Wednesday,2025-05,fbg_data.csv,cloudbeds
5380775874074,2025-05-27,2025-05-29,2,Cocoon,,614.0,693.82,2025-05-07,20,307.0,Direct,Tuesday,2025-05,fbg_data.csv,cloudbeds
4520527615813,2025-05-21,2025-05-22,1,Lantana Dome,,307.0,346.91,2025-05-07,14,307.0,Direct,Wednesday,2025-05,fbg_data.csv,cloudbeds
2645122676293,2025-05-10,2025-05-11,1,Bluebonnet,,609.94,0.0,2025-05-07,3,609.94,Expedia,Saturday,2025-05,fbg_data.csv,cloudbeds
7056792598881,2025-05-07,2025-05-09,2,Live Oak Lodge,,698.0,1053.3,2025-05-07,0,349.0,Direct,Wednesday,2025-05,fbg_data.csv,cloudbeds
3634972060292,2025-05-27,2025-05-28,1,Juniper Haus,,254.0,287.02,2025-05-08,19,254.0,Direct,Tuesday,2025-05,fbg_data.csv,cloudbeds
5666739589330,2025-05-20,2025-05-21,1,Sage Safari,,337.0,0.0,2025-05-08,12,337.0,Airbnb,Tuesday,2025-05,fbg_data.csv,cloudbeds
7933413353219,2025-05-09,2025-05-11,2,Spyglass,,1066.57,1557.14,2025-05-08,1,533.285,Direct,Friday,2025-05,fbg_data.csv,cloudbeds
9253220090230,2025-05-09,2025-05-10,1,Live Oak Lodge,,608.0,0.0,2025-05-08,1,608.0,Airbnb,Friday,2025-05,fbg_data.csv,cloudbeds
8032671093437,2025-12-16,2025-12-18,2,Cypress Lodge | Sleeps 4,,654.0,739.02,2025-05-09,221,327.0,Direct,Tuesday,2025-12,fbg_data.csv,cloudbeds
9512754717174,2025-05-12,2025-05-16,4,Buckeye Bungalow,,1014.0,1357.26,2025-05-09,3,253.5,Direct,Monday,2025-05,fbg_data.csv,cloudbeds
8516236018366,2025-06-29,2025-07-01,2,Pecan Haus,,579.0,654.27,2025-05-10,50,289.5,Direct,Sunday,2025-06,fbg_data.csv,cloudbeds
7956402604151,2025-05-13,2025-05-15,2,Cedar Haus,,499.0,554.12,2025-05-10,3,249.5,Direct,Tuesday,2025-05,fbg_data.csv,cloudbeds
6561327382669,2025-05-17,2025-05-18,1,Juniper Haus,,373.0,421.49,2025-05-10,7,373.0,Direct,Saturday,2025-05,fbg_data.csv,cloudbeds
8393142610344,2025-05-12,2025-05-14,2,Pecan Haus,,408.0,461.04,2025-05-10,2,204.0,Direct,Monday,2025-05,fbg_data.csv,cloudbeds
8531579438269,2025-05-20,2025-05-22,2,Live Oak Lodge,,506.54,0.0,2025-05-11,9,253.27,Expedia,Tuesday,2025-05,fbg_data.csv,cloudbeds
4766956345104,2025-05-15,2025-05-16,1,Cocoon,,282.0,318.66,2025-05-11,4,282.0,Direct,Thursday,2025-05,fbg_data.csv,cloudbeds
8236473050410,2025-05-12,2025-05-13,1,Cocoon,,244.0,275.72,2025-05-11,1,244.0,Direct,Monday,2025-05,fbg_data.csv,cloudbeds
2720535947716,2025-07-04,2025-07-06,2,Cypress Lodge | Sleeps 6,,2419.34,2733.86,2025-05-12,53,1209.67,Direct,Friday,2025-07,fbg_data.csv,cloudbeds
1209678437775,2025-05-28,2025-05-29,1,Cedar Haus,,265.0,299.45,2025-05-12,16,265.0,Direct,Wednesday,2025-05,fbg_data.csv,cloudbeds
6339771463294,2025-05-20,2025-05-21,1,Walnut House,,264.0,298.32,2025-05-12,8,264.0,Direct,Tuesday,2025-05,fbg_data.csv,cloudbeds
6021737028512,2025-05-17,2025-05-18,1,Pecan Haus,,460.0,519.8,2025-05-12,5,460.0,Direct,Saturday,2025-05,fbg_data.csv,cloudbeds
3649335603203,2025-05-16,2025-05-18,2,Walnut House,,1752.0,1979.76,2025-05-12,4,876.0,Direct,Friday,2025-05,fbg_data.csv,cloudbeds
7206731946213,2025-05-13,2025-05-14,1,Live Oak Lodge,,356.24,402.55,2025-05-12,1,356.24,Booking.com,Tuesday,2025-05,fbg_data.csv,cloudbeds
7410408388020,2025-05-13,2025-05-14,1,Monarch,,303.0,0.0,2025-05-12,1,303.0,Airbnb,Tuesday,2025-05,fbg_data.csv,cloudbeds
2653217333814,2025-05-19,2025-05-22,3,Bluebonnet,,702.0,793.26,2025-05-13,6,234.0,Direct,Monday,2025-05,fbg_data.csv,cloudbeds
8530570609230,2025-05-19,2025-05-20,1,Live Oak Lodge,,226.37,0.0,2025-05-13,6,226.37,Expedia,Monday,2025-05,fbg_data.csv,cloudbeds
6443114597585,2025-05-18,2025-05-21,3,Pecan Haus,,645.0,728.85,2025-05-13,5,215.0,Direct,Sunday,2025-05,fbg_data.csv,cloudbeds
1131891432780,2025-05-17,2025-05-18,1,Bluebonnet,,567.55,0.0,2025-05-13,4,567.55,Expedia,Saturday,2025-05,fbg_data.csv,cloudbeds
4738109211239,2025-05-16,2025-05-17,1,Lantana Dome,,503.0,568.39,2025-05-13,3,503.0,Direct,Friday,2025-05,fbg_data.csv,cloudbeds
2210123189798,2025-10-24,2025-10-26,2,Lantana Dome,,1858.93,0.0,2025-05-14,163,929.465,Airbnb,Friday,2025-10,fbg_data.csv,cloudbeds
9144930964068,2025-09-12,2025-09-14,2,Monarch,,1580.4,2212.54,2025-05-14,121,790.2,Direct,Friday,2025-09,fbg_data.csv,cloudbeds
1088387591348,2025-05-27,2025-05-29,2,Lantana Dome,,835.62,944.26,2025-05-14,13,417.81,Booking.com,Tuesday,2025-05,fbg_data.csv,cloudbeds
4457280532384,2025-05-19,2025-05-21,2,Cocoon,,488.0,551.44,2025-05-14,5,244.0,Direct,Monday,2025-05,fbg_data.csv,cloudbeds
1906066949112,2025-05-14,2025-05-15,1,Spyglass,,264.0,298.32,2025-05-14,0,264.0,Direct,Wednesday,2025-05,fbg_data.csv,cloudbeds
5549933667373,2025-05-15,2025-05-16,1,Juniper Haus,,293.0,331.09,2025-05-14,1,293.0,Direct,Thursday,2025-05,fbg_data.csv,cloudbeds
6856362418262,2025-05-15,2025-05-16,1,Cedar Haus,,238.0,268.94,2025-05-14,1,238.0,Direct,Thursday,2025-05,fbg_data.csv,cloudbeds
7301839974996,2025-05-25,2025-05-27,2,Sage Safari,,1102.0,1456.7,2025-05-15,10,551.0,Direct,Sunday,2025-05,fbg_data.csv,cloudbeds
6796795178296,2025-05-16,2025-05-17,1,Spyglass,,548.0,0.0,2025-05-15,1,548.0,Airbnb,Friday,2025-05,fbg_data.csv,cloudbeds
6255744514498,2025-05-16,2025-05-17,1,Juniper Haus,,304.0,343.52,2025-05-15,1,304.0,Direct,Friday,2025-05,fbg_data.csv,cloudbeds
2101203492746,2025-07-18,2025-07-20,2,Lantana Dome,,1216.0,1374.08,2025-05-16,63,608.0,Direct,Friday,2025-07,fbg_data.csv,cloudbeds
6073753424173,2025-05-16,2025-05-17,1,Monarch,,453.0,511.89,2025-05-16,0,453.0,Direct,Friday,2025-05,fbg_data.csv,cloudbeds
8348911137940,2025-06-24,2025-06-27,3,Lantana Dome,,1430.0,1615.9,2025-05-17,38,476.6666666666667,Direct,Tuesday,2025-06,fbg_data.csv,cloudbeds
8662977625471,2025-05-24,2025-05-27,3,Cocoon,,2624.0,2965.12,2025-05-17,7,874.6666666666666,Direct,Saturday,2025-05,fbg_data.csv,cloudbeds
7811354140275,2025-05-22,2025-05-23,1,Live Oak Lodge,,398.0,0.0,2025-05-17,5,398.0,Airbnb,Thursday,2025-05,fbg_data.csv,cloudbeds
4751610265786,2025-05-18,2025-05-21,3,Cedar Haus,,615.0,694.95,2025-05-17,1,205.0,Direct,Sunday,2025-05,fbg_data.csv,cloudbeds
8126658772876,2025-05-18,2025-05-19,1,Live Oak Lodge,,309.0,0.0,2025-05-17,1,309.0,Airbnb,Sunday,2025-05,fbg_data.csv,cloudbeds
5836915292473,2025-07-21,2025-07-25,4,Live Oak Lodge,,1873.0,2116.49,2025-05-18,64,468.25,Direct,Monday,2025-07,fbg_data.csv,cloudbeds
3127115191183,2025-06-07,2025-06-09,2,Lantana Dome,,1487.0,1680.31,2025-05-18,20,743.5,Direct,Saturday,2025-06,fbg_data.csv,cloudbeds
3812715408137,2025-05-19,2025-05-20,1,Juniper Haus,,196.9,0.0,2025-05-18,1,196.9,Airbnb,Monday,2025-05,fbg_data.csv,cloudbeds
1396091218184,2025-07-01,2025-07-03,2,Sage Safari,,804.0,908.52,2025-05-19,43,402.0,Direct,Tuesday,2025-07,fbg_data.csv,cloudbeds
5463740765415,2025-06-04,2025-06-07,3,Lantana Dome,,1923.0,2172.99,2025-05-19,16,641.0,Direct,Wednesday,2025-06,fbg_data.csv,cloudbeds
3237539972877,2025-05-27,2025-05-28,1,Cedar Haus,,253.0,285.89,2025-05-19,8,253.0,Direct,Tuesday,2025-05,fbg_data.csv,cloudbeds
7805963383520,2025-05-21,2025-05-22,1,Walnut House,,253.0,285.89,2025-05-19,2,253.0,Direct,Wednesday,2025-05,fbg_data.csv,cloudbeds
3385297365396,2025-05-22,2025-05-23,1,Lantana Dome,,272.0,307.36,2025-05-19,3,272.0,Direct,Thursday,2025-05,fbg_data.csv,cloudbeds
9184272023600,2025-05-20,2025-05-21,1,Buckeye Bungalow,,234.0,264.42,2025-05-19,1,234.0,Direct,Tuesday,2025-05,fbg_data.csv,cloudbeds
8267965093246,2025-05-19,2025-05-20,1,Buckeye Bungalow,,234.0,264.42,2025-05-19,0,234.0,Direct,Monday,2025-05,fbg_data.csv,cloudbeds
9600379730472,2025-06-09,2025-06-10,1,Cocoon,,344.0,388.72,2025-05-20,20,344.0,Direct,Monday,2025-06,fbg_data.csv,cloudbeds
8751178739427,2025-05-21,2025-05-22,1,Pecan Haus,,196.0,221.48,2025-05-20,1,196.0,Direct,Wednesday,2025-05,fbg_data.csv,cloudbeds
6992314177376,2025-05-22,2025-05-23,1,Monarch,,365.0,412.45,2025-05-20,2,365.0,Direct,Thursday,2025-05,fbg_data.csv,cloudbeds
8791836531982,2025-05-22,2025-05-23,1,Spyglass,,365.0,412.45,2025-05-20,2,365.0,Direct,Thursday,2025-05,fbg_data.csv,cloudbeds
5078194384552,2025-06-26,2025-06-27,1,Bluebonnet,,476.0,537.88,2025-05-21,36,476.0,Direct,Thursday,2025-06,fbg_data.csv,cloudbeds
2436192847225,2025-05-24,2025-05-26,2,Walnut House,,1708.0,1930.04,2025-05-21,3,854.0,Direct,Saturday,2025-05,fbg_data.csv,cloudbeds
2282432754839,2025-05-25,2025-05-26,1,Cedar Haus,,328.0,370.64,2025-05-21,4,328.0,Direct,Sunday,2025-05,fbg_data.csv,cloudbeds
3337538061801,2025-08-05,2025-08-08,3,Live Oak Lodge,,942.0,1403.46,2025-05-22,75,314.0,Direct,Tuesday,2025-08,fbg_data.csv,cloudbeds
3349315896164,2025-06-23,2025-06-25,2,Monarch,,897.0,0.0,2025-05-22,32,448.5,Airbnb,Monday,2025-06,fbg_data.csv,cloudbeds
4920644399413,2025-06-15,2025-06-17,2,Pecan Haus,,781.0,882.53,2025-05-22,24,390.5,Direct,Sunday,2025-06,fbg_data.csv,cloudbeds
6970688259179,2025-06-01,2025-06-03,2,Walnut House,,929.0,1049.77,2025-05-22,10,464.5,Direct,Sunday,2025-06,fbg_data.csv,cloudbeds
1069482077392,2025-05-22,2025-05-23,1,Pecan Haus,,225.0,254.25,2025-05-22,0,225.0,Direct,Thursday,2025-05,fbg_data.csv,cloudbeds
8151288539230,2025-05-25,2025-05-26,1,Buckeye Bungalow,,582.0,647.91,2025-05-22,3,582.0,Direct,Sunday,2025-05,fbg_data.csv,cloudbeds
5079437732660,2025-05-22,2025-05-23,1,Cedar Haus,,211.95,0.0,2025-05-22,0,211.95,Airbnb,Thursday,2025-05,fbg_data.csv,cloudbeds
2336263642902,2025-07-01,2025-07-02,1,Cedar Haus,,266.0,300.58,2025-05-23,39,266.0,Direct,Tuesday,2025-07,fbg_data.csv,cloudbeds
5593768427711,2025-06-08,2025-06-10,2,Sage Safari,,726.0,820.38,2025-05-23,16,363.0,Direct,Sunday,2025-06,fbg_data.csv,cloudbeds
6630542779563,2025-06-04,2025-06-05,1,Live Oak Lodge,,433.0,0.0,2025-05-23,12,433.0,Airbnb,Wednesday,2025-06,fbg_data.csv,cloudbeds
8391051426421,2025-05-26,2025-05-28,2,Walnut House,,656.0,741.28,2025-05-23,3,328.0,Direct,Monday,2025-05,fbg_data.csv,cloudbeds
3055608175547,2025-05-25,2025-05-26,1,Juniper Haus,,301.3,0.0,2025-05-23,2,301.3,Airbnb,Sunday,2025-05,fbg_data.csv,cloudbeds
8371114073888,2025-05-26,2025-05-27,1,Monarch,,336.0,0.0,2025-05-23,3,336.0,Airbnb,Monday,2025-05,fbg_data.csv,cloudbeds
5777241648384,2025-05-25,2025-05-26,1,Lantana Dome,,483.0,545.79,2025-05-23,2,483.0,Direct,Sunday,2025-05,fbg_data.csv,cloudbeds
8183679659617,2025-07-24,2025-07-26,2,Spyglass,,1717.0,1940.21,2025-05-24,61,858.5,Direct,Thursday,2025-07,fbg_data.csv,cloudbeds
7465126691264,2025-07-13,2025-07-15,2,Buckeye Bungalow,,733.0,1039.73,2025-05-24,50,366.5,Direct,Sunday,2025-07,fbg_data.csv,cloudbeds
8725583787600,2025-11-14,2025-11-16,2,Post Oak,,1114.0,1258.82,2025-05-25,173,557.0,Direct,Friday,2025-11,fbg_data.csv,cloudbeds
8445704002666,2025-06-05,2025-06-07,2,Spyglass,,1614.0,1823.82,2025-05-25,11,807.0,Direct,Thursday,2025-06,fbg_data.csv,cloudbeds
7454196475057,2025-05-28,2025-05-30,2,Buckeye Bungalow,,578.0,864.58,2025-05-25,3,289.0,Direct,Wednesday,2025-05,fbg_data.csv,cloudbeds
6345230172687,2025-05-26,2025-05-27,1,Cedar Haus,,189.0,0.0,2025-05-25,1,189.0,Airbnb,Monday,2025-05,fbg_data.csv,cloudbeds
4693557923625,2025-09-12,2025-09-14,2,Juniper Haus,,619.0,904.0,2025-05-26,109,309.5,Direct,Friday,2025-09,fbg_data.csv,cloudbeds
9031356246706,2025-07-13,2025-07-16,3,Great Lodge: King Room,,738.0,1045.38,2025-05-26,48,246.0,Direct,Sunday,2025-07,fbg_data.csv,cloudbeds
3248838469770,2025-07-01,2025-07-03,2,Walnut House,,1030.0,0.0,2025-05-26,36,515.0,Airbnb,Tuesday,2025-07,fbg_data.csv,cloudbeds
4624965693949,2025-06-15,2025-06-17,2,Buckeye Bungalow,,935.0,1056.55,2025-05-26,20,467.5,Direct,Sunday,2025-06,fbg_data.csv,cloudbeds
8359181538716,2025-05-26,2025-05-27,1,Lantana Dome,,236.56,0.0,2025-05-26,0,236.56,Expedia,Monday,2025-05,fbg_data.csv,cloudbeds
3731896722190,2025-05-26,2025-05-27,1,Juniper Haus,,204.0,230.52,2025-05-26,0,204.0,Direct,Monday,2025-05,fbg_data.csv,cloudbeds
4129221946709,2025-11-21,2025-11-23,2,Lantana Dome,,1206.0,1362.78,2025-05-27,178,603.0,Direct,Friday,2025-11,fbg_data.csv,cloudbeds
8444659745044,2025-06-09,2025-06-12,3,Bluebonnet,,1026.0,1423.94,2025-05-27,13,342.0,Direct,Monday,2025-06,fbg_data.csv,cloudbeds
9698717600436,2025-05-31,2025-06-02,2,Lantana Dome,,723.0,1028.43,2025-05-27,4,361.5,Direct,Saturday,2025-05,fbg_data.csv,cloudbeds
6902105063981,2025-05-30,2025-06-02,3,Pecan Haus,,691.0,780.83,2025-05-27,3,230.33333333333334,Direct,Friday,2025-05,fbg_data.csv,cloudbeds
7763871284326,2025-05-30,2025-05-31,1,Lantana Dome,,372.0,631.8,2025-05-27,3,372.0,Direct,Friday,2025-05,fbg_data.csv,cloudbeds
6215083940236,2025-05-31,2025-06-01,1,Buckeye Bungalow,,420.0,474.6,2025-05-27,4,420.0,Direct,Saturday,2025-05,fbg_data.csv,cloudbeds
7104404205128,2025-05-30,2025-06-01,2,Sage Safari,,792.0,894.96,2025-05-27,3,396.0,Direct,Friday,2025-05,fbg_data.csv,cloudbeds
7632765062200,2025-05-27,2025-05-28,1,Buckeye Bungalow,,243.0,274.59,2025-05-27,0,243.0,Direct,Tuesday,2025-05,fbg_data.csv,cloudbeds
3198575413266,2025-05-30,2025-06-01,2,Monarch,,1183.4,1403.46,2025-05-27,3,591.7,Direct,Friday,2025-05,fbg_data.csv,cloudbeds
3269485654332,2025-05-27,2025-05-28,1,Sage Safari,,243.0,274.59,2025-05-27,0,243.0,Direct,Tuesday,2025-05,fbg_data.csv,cloudbeds
4972405787259,2025-07-28,2025-07-30,2,Live Oak Lodge,,884.0,998.92,2025-05-28,61,442.0,Direct,Monday,2025-07,fbg_data.csv,cloudbeds
7216425914112,2025-07-11,2025-07-13,2,Post Oak,,1076.0,1215.88,2025-05-28,44,538.0,Direct,Friday,2025-07,fbg_data.csv,cloudbeds
3380308291366,2025-06-15,2025-06-19,4,Juniper Haus,,1382.0,1561.66,2025-05-28,18,345.5,Direct,Sunday,2025-06,fbg_data.csv,cloudbeds
6374746705089,2025-06-08,2025-06-10,2,Buckeye Bungalow,,633.2,715.52,2025-05-28,11,316.6,Direct,Sunday,2025-06,fbg_data.csv,cloudbeds
4446395162552,2025-06-10,2025-06-12,2,Sage Safari,,568.9,0.0,2025-05-28,13,284.45,Expedia,Tuesday,2025-06,fbg_data.csv,cloudbeds
2422366141063,2025-05-31,2025-06-01,1,Walnut House,,621.0,701.73,2025-05-28,3,621.0,Direct,Saturday,2025-05,fbg_data.csv,cloudbeds
5222452212746,2025-05-31,2025-06-01,1,Spyglass,,621.0,701.73,2025-05-28,3,621.0,Direct,Saturday,2025-05,fbg_data.csv,cloudbeds
4781411262081,2025-05-28,2025-05-29,1,Juniper Haus,,203.0,229.39,2025-05-28,0,203.0,Direct,Wednesday,2025-05,fbg_data.csv,cloudbeds
5017659333938,2025-08-04,2025-08-06,2,Cedar Haus,,507.0,572.91,2025-05-29,67,253.5,Direct,Monday,2025-08,fbg_data.csv,cloudbeds
3420458824735,2025-05-30,2025-06-01,2,Cocoon,,775.0,875.75,2025-05-29,1,387.5,Direct,Friday,2025-05,fbg_data.csv,cloudbeds
4958264068670,2025-05-29,2025-05-31,2,Bluebonnet,,774.23,0.0,2025-05-29,0,387.115,Expedia,Thursday,2025-05,fbg_data.csv,cloudbeds
4542318548984,2025-06-20,2025-06-22,2,Pecan Haus,,1534.0,1944.86,2025-05-30,21,767.0,Direct,Friday,2025-06,fbg_data.csv,cloudbeds
3110333690531,2025-06-03,2025-06-05,2,Sage Safari,,556.0,628.28,2025-05-30,4,278.0,Direct,Tuesday,2025-06,fbg_data.csv,cloudbeds
7691665415641,2025-05-31,2025-06-01,1,Bluebonnet,,438.0,494.94,2025-05-30,1,438.0,Direct,Saturday,2025-05,fbg_data.csv,cloudbeds
1105508977586,2025-05-30,2025-05-31,1,Walnut House,,393.0,444.09,2025-05-30,0,393.0,Direct,Friday,2025-05,fbg_data.csv,cloudbeds
2389567497533,2025-05-30,2025-05-31,1,Spyglass,,394.0,445.22,2025-05-30,0,394.0,Direct,Friday,2025-05,fbg_data.csv,cloudbeds
4726302344511,2025-06-02,2025-06-03,1,Pecan Haus,,204.0,230.52,2025-05-30,3,204.0,Direct,Monday,2025-06,fbg_data.csv,cloudbeds
1878369990769,2025-06-03,2025-06-04,1,Spyglass,,313.0,353.69,2025-05-31,3,313.0,Direct,Tuesday,2025-06,fbg_data.csv,cloudbeds
9633704816705,2025-07-24,2025-07-27,3,Monolith,,1771.0,2585.44,2025-06-01,53,590.3333333333334,Direct,Thursday,2025-07,fbg_data.csv,cloudbeds
7948051771855,2025-07-10,2025-07-13,3,Lantana Dome,,2143.0,2421.59,2025-06-01,39,714.3333333333334,Direct,Thursday,2025-07,fbg_data.csv,cloudbeds
9504997948047,2025-06-22,2025-06-23,1,Spyglass,,633.0,715.29,2025-06-01,21,633.0,Direct,Sunday,2025-06,fbg_data.csv,cloudbeds
1256887994169,2025-06-02,2025-06-04,2,Cedar Haus,,319.88,0.0,2025-06-01,1,159.94,Airbnb,Monday,2025-06,fbg_data.csv,cloudbeds
9212380861905,2025-06-02,2025-06-03,1,Lantana Dome,,278.0,314.14,2025-06-01,1,278.0,Direct,Monday,2025-06,fbg_data.csv,cloudbeds
9546768111528,2025-06-01,2025-06-03,2,Juniper Haus,,350.81,0.0,2025-06-01,0,175.405,Airbnb,Sunday,2025-06,fbg_data.csv,cloudbeds
3545262412519,2025-10-09,2025-10-12,3,Post Oak,,9576.08,11176.91,2025-06-02,129,3192.0266666666666,Direct,Thursday,2025-10,fbg_data.csv,cloudbeds
3545262412519,2025-10-09,2025-10-12,3,Cypress Lodge | Sleeps 4,,9576.08,11176.91,2025-06-02,129,3192.0266666666666,Direct,Thursday,2025-10,fbg_data.csv,cloudbeds
3545262412519,2025-10-09,2025-10-12,3,Live Oak Lodge,,9576.08,11176.91,2025-06-02,129,3192.0266666666666,Direct,Thursday,2025-10,fbg_data.csv,cloudbeds
3545262412519,2025-10-09,2025-10-12,3,Quonset,,9576.08,11176.91,2025-06-02,129,3192.0266666666666,Direct,Thursday,2025-10,fbg_data.csv,cloudbeds
9521317493185,2025-07-10,2025-07-13,3,Cypress Lodge | Sleeps 4,,2595.0,3051.0,2025-06-02,38,865.0,Direct,Thursday,2025-07,fbg_data.csv,cloudbeds
9521317493185,2025-07-10,2025-07-13,3,Cypress Lodge | Sleeps 2,,2595.0,3051.0,2025-06-02,38,865.0,Direct,Thursday,2025-07,fbg_data.csv,cloudbeds
4840421437364,2025-06-23,2025-06-25,2,Pecan Haus,,554.0,626.02,2025-06-02,21,277.0,Direct,Monday,2025-06,fbg_data.csv,cloudbeds
5901298259770,2025-06-08,2025-06-09,1,Walnut House,,413.0,466.69,2025-06-02,6,413.0,Direct,Sunday,2025-06,fbg_data.csv,cloudbeds
9151789516225,2025-06-02,2025-06-03,1,Bluebonnet,,235.33,0.0,2025-06-02,0,235.33,Expedia,Monday,2025-06,fbg_data.csv,cloudbeds
2948537229033,2025-09-30,2025-10-02,2,Sage Safari,,776.0,876.88,2025-06-03,119,388.0,Direct,Tuesday,2025-09,fbg_data.csv,cloudbeds
4894244127114,2025-06-12,2025-06-13,1,Cocoon,,423.0,477.99,2025-06-03,9,423.0,Direct,Thursday,2025-06,fbg_data.csv,cloudbeds
9566007162381,2025-06-11,2025-06-12,1,Live Oak Lodge,,344.0,388.72,2025-06-03,8,344.0,Direct,Wednesday,2025-06,fbg_data.csv,cloudbeds
9745532815721,2025-06-06,2025-06-08,2,Cocoon,,1038.0,1172.94,2025-06-03,3,519.0,Direct,Friday,2025-06,fbg_data.csv,cloudbeds
9808623281856,2025-06-06,2025-06-08,2,Monarch,,1307.0,0.0,2025-06-03,3,653.5,Airbnb,Friday,2025-06,fbg_data.csv,cloudbeds
3779191376648,2025-06-07,2025-06-08,1,Bluebonnet,,519.0,586.47,2025-06-03,4,519.0,Direct,Saturday,2025-06,fbg_data.csv,cloudbeds
3224805464675,2025-06-06,2025-06-08,2,Buckeye Bungalow,,1282.0,1448.66,2025-06-03,3,641.0,Direct,Friday,2025-06,fbg_data.csv,cloudbeds
4925720383840,2025-06-03,2025-06-05,2,Walnut House,,493.0,0.0,2025-06-03,0,246.5,Airbnb,Tuesday,2025-06,fbg_data.csv,cloudbeds
1662025572895,2025-06-13,2025-06-15,2,Spyglass,,2062.0,2594.62,2025-06-03,10,1031.0,Direct,Friday,2025-06,fbg_data.csv,cloudbeds
3074335374866,2025-06-23,2025-06-24,1,Bluebonnet,,388.76,0.0,2025-06-04,19,388.76,Expedia,Monday,2025-06,fbg_data.csv,cloudbeds
9308147008203,2025-06-15,2025-06-16,1,Sage Safari,,395.0,0.0,2025-06-04,11,395.0,Airbnb,Sunday,2025-06,fbg_data.csv,cloudbeds
4710155722956,2025-06-10,2025-06-11,1,Walnut House,,344.0,388.72,2025-06-04,6,344.0,Direct,Tuesday,2025-06,fbg_data.csv,cloudbeds
2291454834779,2025-06-07,2025-06-08,1,Cedar Haus,,399.0,450.87,2025-06-04,3,399.0,Direct,Saturday,2025-06,fbg_data.csv,cloudbeds
2049611271137,2025-06-04,2025-06-07,3,Juniper Haus,,646.99,0.0,2025-06-04,0,215.66333333333333,Airbnb,Wednesday,2025-06,fbg_data.csv,cloudbeds
7160828301130,2025-07-18,2025-07-20,2,Quonset,,1330.0,1502.9,2025-06-05,43,665.0,Direct,Friday,2025-07,fbg_data.csv,cloudbeds
3671729664663,2025-07-11,2025-07-13,2,Monarch,,2236.0,2526.68,2025-06-05,36,1118.0,Direct,Friday,2025-07,fbg_data.csv,cloudbeds
2888551175079,2025-07-03,2025-07-05,2,Cedar Haus,,863.21,0.0,2025-06-05,28,431.605,Expedia,Thursday,2025-07,fbg_data.csv,cloudbeds
8261048482929,2025-06-10,2025-06-12,2,Lantana Dome,,588.0,664.44,2025-06-05,5,294.0,Direct,Tuesday,2025-06,fbg_data.csv,cloudbeds
6652740519026,2025-06-07,2025-06-08,1,Juniper Haus,,399.0,450.87,2025-06-05,2,399.0,Direct,Saturday,2025-06,fbg_data.csv,cloudbeds
5571482922817,2025-06-13,2025-06-15,2,Monarch,,2062.0,2330.06,2025-06-05,8,1031.0,Direct,Friday,2025-06,fbg_data.csv,cloudbeds
7725856358428,2025-06-08,2025-06-09,1,Juniper Haus,,234.0,264.42,2025-06-06,2,234.0,Direct,Sunday,2025-06,fbg_data.csv,cloudbeds
4150479747593,2025-06-06,2025-06-08,2,Walnut House,,828.0,935.64,2025-06-06,0,414.0,Direct,Friday,2025-06,fbg_data.csv,cloudbeds
4227734464639,2025-06-06,2025-06-07,1,Bluebonnet,,313.0,353.69,2025-06-06,0,313.0,Direct,Friday,2025-06,fbg_data.csv,cloudbeds
5652443450726,2025-06-06,2025-06-07,1,Live Oak Lodge,,433.0,0.0,2025-06-06,0,433.0,Airbnb,Friday,2025-06,fbg_data.csv,cloudbeds
7505052241889,2025-06-14,2025-06-15,1,Lantana Dome,,618.0,698.34,2025-06-06,8,618.0,Direct,Saturday,2025-06,fbg_data.csv,cloudbeds
2576231566110,2025-09-19,2025-09-21,2,Sage Safari,,1434.0,1620.42,2025-06-07,104,717.0,Direct,Friday,2025-09,fbg_data.csv,cloudbeds
8409432268909,2025-08-22,2025-08-24,2,Live Oak Lodge,,2226.0,2515.38,2025-06-07,76,1113.0,Direct,Friday,2025-08,fbg_data.csv,cloudbeds
2806243670818,2025-08-17,2025-08-19,2,Lantana Dome,,809.0,914.17,2025-06-07,71,404.5,Direct,Sunday,2025-08,fbg_data.csv,cloudbeds
6656899940849,2025-07-19,2025-07-20,1,Great Lodge: King Room,,494.0,558.22,2025-06-07,42,494.0,Direct,Saturday,2025-07,fbg_data.csv,cloudbeds
7060150823332,2025-07-09,2025-07-11,2,Monarch,,868.0,0.0,2025-06-07,32,434.0,Airbnb,Wednesday,2025-07,fbg_data.csv,cloudbeds
5852102164559,2025-07-10,2025-07-11,1,Spyglass,,407.8,460.82,2025-06-08,32,407.8,Direct,Thursday,2025-07,fbg_data.csv,cloudbeds
8566217509266,2025-06-25,2025-06-26,1,Monarch,,515.0,581.95,2025-06-08,17,515.0,Direct,Wednesday,2025-06,fbg_data.csv,cloudbeds
3536479766209,2025-06-14,2025-06-16,2,Live Oak Lodge,,1345.0,0.0,2025-06-08,6,672.5,Airbnb,Saturday,2025-06,fbg_data.csv,cloudbeds
6724339436491,2025-06-09,2025-06-10,1,Juniper Haus,,202.3,0.0,2025-06-08,1,202.3,Airbnb,Monday,2025-06,fbg_data.csv,cloudbeds
2738038552349,2025-06-08,2025-06-09,1,Monarch,,358.0,0.0,2025-06-08,0,358.0,Airbnb,Sunday,2025-06,fbg_data.csv,cloudbeds
7069628848677,2025-06-10,2025-06-12,2,Buckeye Bungalow,,586.0,662.18,2025-06-08,2,293.0,Direct,Tuesday,2025-06,fbg_data.csv,cloudbeds
7994476444051,2025-07-27,2025-07-30,3,Post Oak,,875.0,988.75,2025-06-09,48,291.6666666666667,Direct,Sunday,2025-07,fbg_data.csv,cloudbeds
3048027323306,2025-07-06,2025-07-08,2,Diamond,,824.0,931.12,2025-06-09,27,412.0,Direct,Sunday,2025-07,fbg_data.csv,cloudbeds
5665407102628,2025-07-02,2025-07-04,2,Post Oak,,698.0,788.74,2025-06-09,23,349.0,Direct,Wednesday,2025-07,fbg_data.csv,cloudbeds
8162952624143,2025-07-02,2025-07-03,1,Monolith,,255.0,288.15,2025-06-09,23,255.0,Direct,Wednesday,2025-07,fbg_data.csv,cloudbeds
8159972809765,2025-06-09,2025-06-10,1,Cedar Haus,,194.95,0.0,2025-06-09,0,194.95,Airbnb,Monday,2025-06,fbg_data.csv,cloudbeds
2619396575160,2025-06-10,2025-06-11,1,Juniper Haus,,203.0,229.39,2025-06-10,0,203.0,Direct,Tuesday,2025-06,fbg_data.csv,cloudbeds
7218019936011,2025-06-10,2025-06-11,1,Pecan Haus,,192.28,0.0,2025-06-10,0,192.28,Expedia,Tuesday,2025-06,fbg_data.csv,cloudbeds
2071548474115,2025-06-14,2025-06-15,1,Walnut House,,670.0,1021.66,2025-06-10,4,670.0,Direct,Saturday,2025-06,fbg_data.csv,cloudbeds
5587852654890,2025-08-06,2025-08-08,2,Monarch,,707.6,799.6,2025-06-11,56,353.8,Direct,Wednesday,2025-08,fbg_data.csv,cloudbeds
6401554246604,2025-07-01,2025-07-02,1,Live Oak Lodge,,399.0,0.0,2025-06-11,20,399.0,Airbnb,Tuesday,2025-07,fbg_data.csv,cloudbeds
3562151840034,2025-06-19,2025-06-20,1,Lantana Dome,,325.4,367.7,2025-06-11,8,325.4,Direct,Thursday,2025-06,fbg_data.csv,cloudbeds
7888373676564,2025-06-12,2025-06-13,1,Bluebonnet,,344.0,388.72,2025-06-11,1,344.0,Direct,Thursday,2025-06,fbg_data.csv,cloudbeds
4253016200391,2025-06-13,2025-06-14,1,Cedar Haus,,355.0,401.15,2025-06-11,2,355.0,Direct,Friday,2025-06,fbg_data.csv,cloudbeds
2399069229850,2025-06-11,2025-06-13,2,Juniper Haus,,507.0,572.91,2025-06-11,0,253.5,Direct,Wednesday,2025-06,fbg_data.csv,cloudbeds
5342149018863,2025-06-11,2025-06-12,1,Cedar Haus,,194.95,0.0,2025-06-11,0,194.95,Airbnb,Wednesday,2025-06,fbg_data.csv,cloudbeds
5504899340555,2025-06-13,2025-06-15,2,Buckeye Bungalow,,891.0,0.0,2025-06-11,2,445.5,Airbnb,Friday,2025-06,fbg_data.csv,cloudbeds
9171945124914,2025-06-13,2025-06-15,2,Juniper Haus,,575.82,0.0,2025-06-11,2,287.91,Airbnb,Friday,2025-06,fbg_data.csv,cloudbeds
2390452768612,2025-10-17,2025-10-19,2,Cypress Lodge | Sleeps 4,,1067.16,1067.16,2025-06-12,127,533.58,Direct,Friday,2025-10,fbg_data.csv,cloudbeds
5067568398471,2025-09-12,2025-09-14,2,Sage Safari,,777.0,878.01,2025-06-12,92,388.5,Direct,Friday,2025-09,fbg_data.csv,cloudbeds
5650799719556,2025-07-14,2025-07-16,2,Bluebonnet,,658.0,743.54,2025-06-12,32,329.0,Direct,Monday,2025-07,fbg_data.csv,cloudbeds
9623632147922,2025-06-20,2025-06-22,2,Juniper Haus,,820.0,926.6,2025-06-12,8,410.0,Direct,Friday,2025-06,fbg_data.csv,cloudbeds
3801969068969,2025-06-20,2025-06-22,2,Cedar Haus,,820.0,926.6,2025-06-12,8,410.0,Direct,Friday,2025-06,fbg_data.csv,cloudbeds
5621695938510,2025-06-14,2025-06-15,1,Bluebonnet,,346.91,0.0,2025-06-12,2,346.91,Expedia,Saturday,2025-06,fbg_data.csv,cloudbeds
4650398559243,2025-06-14,2025-06-15,1,Cedar Haus,,294.0,416.97,2025-06-12,2,294.0,Direct,Saturday,2025-06,fbg_data.csv,cloudbeds
6420233601440,2025-06-13,2025-06-15,2,Pecan Haus,,710.0,802.3,2025-06-12,1,355.0,Direct,Friday,2025-06,fbg_data.csv,cloudbeds
4452258053825,2025-09-07,2025-09-09,2,Quonset,,741.0,837.33,2025-06-13,86,370.5,Direct,Sunday,2025-09,fbg_data.csv,cloudbeds
6873659063983,2025-07-07,2025-07-09,2,Monarch,,788.0,890.44,2025-06-13,24,394.0,Direct,Monday,2025-07,fbg_data.csv,cloudbeds
1874078808263,2025-07-02,2025-07-04,2,Lantana Dome,,833.0,941.29,2025-06-13,19,416.5,Direct,Wednesday,2025-07,fbg_data.csv,cloudbeds
4691315645200,2025-06-13,2025-06-14,1,Bluebonnet,,354.0,390.27,2025-06-13,0,354.0,Direct,Friday,2025-06,fbg_data.csv,cloudbeds
7497033171020,2025-06-13,2025-06-14,1,Lantana Dome,,333.0,0.0,2025-06-13,0,333.0,Airbnb,Friday,2025-06,fbg_data.csv,cloudbeds
2745809040045,2025-06-13,2025-06-15,2,Cocoon,,571.0,0.0,2025-06-13,0,285.5,Airbnb,Friday,2025-06,fbg_data.csv,cloudbeds
8377508893784,2025-09-16,2025-09-18,2,Spyglass,,774.0,874.62,2025-06-14,94,387.0,Direct,Tuesday,2025-09,fbg_data.csv,cloudbeds
2744368867753,2025-07-25,2025-07-27,2,Cypress Lodge | Sleeps 4,,1154.0,1304.02,2025-06-14,41,577.0,Direct,Friday,2025-07,fbg_data.csv,cloudbeds
9591687139436,2025-07-23,2025-07-27,4,Monolith,,2745.0,3101.85,2025-06-14,39,686.25,Direct,Wednesday,2025-07,fbg_data.csv,cloudbeds
9494409339416,2025-06-30,2025-07-04,4,Cocoon,,1461.0,1650.93,2025-06-14,16,365.25,Direct,Monday,2025-06,fbg_data.csv,cloudbeds
7980567817025,2025-06-25,2025-06-27,2,Pecan Haus,,508.0,838.6,2025-06-14,11,254.0,Direct,Wednesday,2025-06,fbg_data.csv,cloudbeds
4068208653981,2025-06-20,2025-06-21,1,Lantana Dome,,507.21,658.79,2025-06-14,6,507.21,Direct,Friday,2025-06,fbg_data.csv,cloudbeds
7107134503970,2025-06-19,2025-06-20,1,Live Oak Lodge,,545.0,0.0,2025-06-14,5,545.0,Airbnb,Thursday,2025-06,fbg_data.csv,cloudbeds
5722490578741,2025-06-15,2025-06-16,1,Monarch,,264.0,298.32,2025-06-14,1,264.0,Direct,Sunday,2025-06,fbg_data.csv,cloudbeds
2871086692256,2025-06-15,2025-06-16,1,Spyglass,,254.0,287.02,2025-06-14,1,254.0,Direct,Sunday,2025-06,fbg_data.csv,cloudbeds
7252440647051,2025-08-01,2025-08-04,3,Quonset,,1715.0,1937.95,2025-06-15,47,571.6666666666666,Direct,Friday,2025-08,fbg_data.csv,cloudbeds
3715434563533,2025-07-14,2025-07-17,3,Quonset,,825.0,932.25,2025-06-15,29,275.0,Direct,Monday,2025-07,fbg_data.csv,cloudbeds
6474403922620,2025-06-23,2025-06-25,2,Walnut House,,748.0,1056.68,2025-06-15,8,374.0,Direct,Monday,2025-06,fbg_data.csv,cloudbeds
1920421391384,2025-06-15,2025-06-16,1,Bluebonnet,,244.0,275.72,2025-06-15,0,244.0,Direct,Sunday,2025-06,fbg_data.csv,cloudbeds
3447370958030,2025-07-01,2025-07-03,2,Monolith,,479.88,700.6,2025-06-16,15,239.94,Direct,Tuesday,2025-07,fbg_data.csv,cloudbeds
1637200985349,2025-06-29,2025-07-01,2,Live Oak Lodge,,1005.0,1135.65,2025-06-16,13,502.5,Direct,Sunday,2025-06,fbg_data.csv,cloudbeds
3283541067512,2025-06-19,2025-06-21,2,Cocoon,,1038.0,1172.94,2025-06-16,3,519.0,Direct,Thursday,2025-06,fbg_data.csv,cloudbeds
6732705024347,2025-06-17,2025-06-19,2,Monarch,,528.0,596.64,2025-06-16,1,264.0,Direct,Tuesday,2025-06,fbg_data.csv,cloudbeds
6619530083901,2025-07-08,2025-07-10,2,Diamond,,148.43,700.6,2025-06-17,21,74.215,Direct,Tuesday,2025-07,fbg_data.csv,cloudbeds
4336883051328,2025-07-10,2025-07-12,2,Walnut House,,1171.06,0.0,2025-06-17,23,585.53,Expedia,Thursday,2025-07,fbg_data.csv,cloudbeds
3269966707936,2025-07-11,2025-07-13,2,Great Lodge: King Room,,606.0,0.0,2025-06-17,24,303.0,Airbnb,Friday,2025-07,fbg_data.csv,cloudbeds
3033565753004,2025-07-12,2025-07-13,1,Great Lodge: King Room,,402.0,454.26,2025-06-17,25,402.0,Direct,Saturday,2025-07,fbg_data.csv,cloudbeds
3415155232026,2025-07-04,2025-07-06,2,Pecan Haus,,936.0,1057.68,2025-06-17,17,468.0,Direct,Friday,2025-07,fbg_data.csv,cloudbeds
5897808634371,2025-06-17,2025-06-18,1,Cocoon,,293.01,0.0,2025-06-17,0,293.01,Expedia,Tuesday,2025-06,fbg_data.csv,cloudbeds
8584958748421,2025-06-19,2025-06-20,1,Sage Safari,,268.6,303.52,2025-06-17,2,268.6,Direct,Thursday,2025-06,fbg_data.csv,cloudbeds
5137045353660,2025-06-17,2025-06-19,2,Pecan Haus,,448.0,506.24,2025-06-17,0,224.0,Direct,Tuesday,2025-06,fbg_data.csv,cloudbeds
6791180537365,2025-06-18,2025-06-19,1,Cocoon,,196.58,0.0,2025-06-17,1,196.58,Expedia,Wednesday,2025-06,fbg_data.csv,cloudbeds
1000160416759,2025-06-19,2025-06-20,1,Monarch,,298.2,336.96,2025-06-17,2,298.2,Direct,Thursday,2025-06,fbg_data.csv,cloudbeds
3081417354286,2025-06-18,2025-06-20,2,Walnut House,,610.8,774.95,2025-06-17,1,305.4,Direct,Wednesday,2025-06,fbg_data.csv,cloudbeds
2999893559092,2025-06-20,2025-06-22,2,Monarch,,1758.0,1986.54,2025-06-17,3,879.0,Direct,Friday,2025-06,fbg_data.csv,cloudbeds
6932068374210,2025-11-29,2025-12-01,2,Sage Safari,,883.0,997.79,2025-06-18,164,441.5,Direct,Saturday,2025-11,fbg_data.csv,cloudbeds
5740842420456,2025-06-21,2025-06-24,3,Lantana Dome,,1295.0,1463.35,2025-06-18,3,431.6666666666667,Direct,Saturday,2025-06,fbg_data.csv,cloudbeds
2739176164423,2025-06-19,2025-06-20,1,Spyglass,,454.52,0.0,2025-06-18,1,454.52,Expedia,Thursday,2025-06,fbg_data.csv,cloudbeds
3508809873809,2025-10-31,2025-11-02,2,Walnut House,,2978.0,3365.14,2025-06-19,134,1489.0,Direct,Friday,2025-10,fbg_data.csv,cloudbeds
9367382999829,2025-08-11,2025-08-14,3,Monarch,,1245.0,1406.85,2025-06-19,53,415.0,Direct,Monday,2025-08,fbg_data.csv,cloudbeds
3316489761790,2025-07-11,2025-07-14,3,Sage Safari,,1568.0,1771.84,2025-06-19,22,522.6666666666666,Direct,Friday,2025-07,fbg_data.csv,cloudbeds
8163877386742,2025-07-14,2025-07-16,2,Great Lodge: King Room,,422.0,476.86,2025-06-19,25,211.0,Direct,Monday,2025-07,fbg_data.csv,cloudbeds
8955299094183,2025-06-24,2025-06-26,2,Buckeye Bungalow,,628.0,709.64,2025-06-19,5,314.0,Direct,Tuesday,2025-06,fbg_data.csv,cloudbeds
8205906221334,2025-06-21,2025-06-23,2,Walnut House,,1131.0,0.0,2025-06-19,2,565.5,Airbnb,Saturday,2025-06,fbg_data.csv,cloudbeds
9754778930790,2025-06-22,2025-06-23,1,Cedar Haus,,262.05,380.86,2025-06-19,3,262.05,Direct,Sunday,2025-06,fbg_data.csv,cloudbeds
6726054644884,2025-06-19,2025-06-20,1,Juniper Haus,,274.0,309.62,2025-06-19,0,274.0,Direct,Thursday,2025-06,fbg_data.csv,cloudbeds
6591702517952,2025-06-19,2025-06-20,1,Cedar Haus,,274.0,309.62,2025-06-19,0,274.0,Direct,Thursday,2025-06,fbg_data.csv,cloudbeds
1739257335106,2025-08-11,2025-08-13,2,Monolith,,870.0,983.1,2025-06-20,52,435.0,Direct,Monday,2025-08,fbg_data.csv,cloudbeds
3156660471467,2025-07-01,2025-07-02,1,Lantana Dome,,333.0,0.0,2025-06-20,11,333.0,Airbnb,Tuesday,2025-07,fbg_data.csv,cloudbeds
7920654862913,2025-06-24,2025-06-26,2,Live Oak Lodge,,625.0,0.0,2025-06-20,4,312.5,Airbnb,Tuesday,2025-06,fbg_data.csv,cloudbeds
6882015898694,2025-06-24,2025-06-26,2,Cocoon,,628.0,709.64,2025-06-20,4,314.0,Direct,Tuesday,2025-06,fbg_data.csv,cloudbeds
6570426967821,2025-06-24,2025-06-25,1,Bluebonnet,,244.0,275.72,2025-06-20,4,244.0,Direct,Tuesday,2025-06,fbg_data.csv,cloudbeds
1861084407314,2025-06-22,2025-06-23,1,Monarch,,414.0,467.82,2025-06-20,2,414.0,Direct,Sunday,2025-06,fbg_data.csv,cloudbeds
6712537104159,2025-06-22,2025-06-23,1,Juniper Haus,,234.7,0.0,2025-06-20,2,234.7,Airbnb,Sunday,2025-06,fbg_data.csv,cloudbeds
1477920420105,2025-06-21,2025-06-22,1,Spyglass,,642.0,0.0,2025-06-20,1,642.0,Airbnb,Saturday,2025-06,fbg_data.csv,cloudbeds
7367471940160,2025-06-20,2025-06-21,1,Spyglass,,484.0,546.92,2025-06-20,0,484.0,Direct,Friday,2025-06,fbg_data.csv,cloudbeds
5315914110205,2025-06-20,2025-06-21,1,Buckeye Bungalow,,583.0,658.79,2025-06-20,0,583.0,Direct,Friday,2025-06,fbg_data.csv,cloudbeds
6870353042002,2025-07-07,2025-07-09,2,Quonset,,658.0,743.54,2025-06-21,16,329.0,Direct,Monday,2025-07,fbg_data.csv,cloudbeds
3718524719841,2025-07-17,2025-07-19,2,Live Oak Lodge,,1326.0,1498.38,2025-06-21,26,663.0,Direct,Thursday,2025-07,fbg_data.csv,cloudbeds
9500161755280,2025-07-02,2025-07-04,2,Pecan Haus,,508.0,574.04,2025-06-21,11,254.0,Direct,Wednesday,2025-07,fbg_data.csv,cloudbeds
1780016448231,2025-06-28,2025-06-30,2,Sage Safari,,1292.0,1459.96,2025-06-21,7,646.0,Direct,Saturday,2025-06,fbg_data.csv,cloudbeds
3017128094258,2025-06-24,2025-06-27,3,Cedar Haus,,554.21,0.0,2025-06-21,3,184.73666666666668,Airbnb,Tuesday,2025-06,fbg_data.csv,cloudbeds
9987016404243,2025-06-24,2025-06-26,2,Juniper Haus,,408.0,461.04,2025-06-21,3,204.0,Direct,Tuesday,2025-06,fbg_data.csv,cloudbeds
9774266859626,2025-06-22,2025-06-24,2,Cocoon,,598.0,675.74,2025-06-21,1,299.0,Direct,Sunday,2025-06,fbg_data.csv,cloudbeds
2931060620635,2025-06-22,2025-06-23,1,Buckeye Bungalow,,285.4,322.5,2025-06-21,1,285.4,Direct,Sunday,2025-06,fbg_data.csv,cloudbeds
1818753952572,2025-08-04,2025-08-06,2,Monolith,,562.0,635.06,2025-06-22,43,281.0,Direct,Monday,2025-08,fbg_data.csv,cloudbeds
3382757712656,2025-07-19,2025-07-21,2,Live Oak Lodge,,1326.0,1498.38,2025-06-22,27,663.0,Direct,Saturday,2025-07,fbg_data.csv,cloudbeds
4549095618331,2025-07-19,2025-07-20,1,Great Lodge: King Room,,356.0,402.28,2025-06-22,27,356.0,Direct,Saturday,2025-07,fbg_data.csv,cloudbeds
8925781251664,2025-07-17,2025-07-20,3,Sage Safari,,1706.0,1927.78,2025-06-22,25,568.6666666666666,Direct,Thursday,2025-07,fbg_data.csv,cloudbeds
9972969536619,2025-07-14,2025-07-15,1,Lantana Dome,,270.2,305.32,2025-06-22,22,270.2,Direct,Monday,2025-07,fbg_data.csv,cloudbeds
2765481587823,2025-07-03,2025-07-06,3,Juniper Haus,,947.49,0.0,2025-06-22,11,315.83,Airbnb,Thursday,2025-07,fbg_data.csv,cloudbeds
7068791111138,2025-06-25,2025-06-26,1,Walnut House,,314.0,354.82,2025-06-22,3,314.0,Direct,Wednesday,2025-06,fbg_data.csv,cloudbeds
8993837911393,2025-06-22,2025-06-23,1,Bluebonnet,,294.0,332.22,2025-06-22,0,294.0,Direct,Sunday,2025-06,fbg_data.csv,cloudbeds
2841598854190,2025-06-22,2025-06-23,1,Pecan Haus,,278.0,0.0,2025-06-22,0,278.0,Airbnb,Sunday,2025-06,fbg_data.csv,cloudbeds
4194542260074,2025-06-26,2025-06-28,2,Juniper Haus,,869.0,981.97,2025-06-22,4,434.5,Direct,Thursday,2025-06,fbg_data.csv,cloudbeds
4069700088597,2025-07-06,2025-07-09,3,Monolith,,252.6,1151.02,2025-06-23,13,84.2,Direct,Sunday,2025-07,fbg_data.csv,cloudbeds
5682654745494,2025-07-31,2025-08-01,1,Sage Safari,,336.6,380.36,2025-06-23,38,336.6,Direct,Thursday,2025-07,fbg_data.csv,cloudbeds
9766717211751,2025-07-02,2025-07-04,2,Bluebonnet,,736.0,831.68,2025-06-23,9,368.0,Direct,Wednesday,2025-07,fbg_data.csv,cloudbeds
8141356499768,2025-06-30,2025-07-01,1,Sage Safari,,314.0,354.82,2025-06-23,7,314.0,Direct,Monday,2025-06,fbg_data.csv,cloudbeds
8303423675205,2025-07-02,2025-07-04,2,Diamond,,726.0,820.38,2025-06-23,9,363.0,Direct,Wednesday,2025-07,fbg_data.csv,cloudbeds
4649423471223,2025-07-04,2025-07-06,2,Post Oak,,1188.0,1427.19,2025-06-23,11,594.0,Direct,Friday,2025-07,fbg_data.csv,cloudbeds
8194058682234,2025-07-21,2025-07-23,2,Great Lodge: King Room,,422.0,476.86,2025-06-24,27,211.0,Direct,Monday,2025-07,fbg_data.csv,cloudbeds
3693280946182,2025-07-19,2025-07-20,1,Great Lodge: King Room,,356.0,402.28,2025-06-24,25,356.0,Direct,Saturday,2025-07,fbg_data.csv,cloudbeds
1719404595304,2025-07-07,2025-07-08,1,Cedar Haus,,281.0,0.0,2025-06-24,13,281.0,Airbnb,Monday,2025-07,fbg_data.csv,cloudbeds
8677755385361,2025-06-30,2025-07-04,4,Buckeye Bungalow,,1037.0,0.0,2025-06-24,6,259.25,Airbnb,Monday,2025-06,fbg_data.csv,cloudbeds
5612973783418,2025-07-04,2025-07-06,2,Monolith,,1920.0,2169.6,2025-06-24,10,960.0,Direct,Friday,2025-07,fbg_data.csv,cloudbeds
1109570583031,2025-06-25,2025-06-26,1,Sage Safari,,218.2,246.56,2025-06-24,1,218.2,Direct,Wednesday,2025-06,fbg_data.csv,cloudbeds
6093274014381,2025-06-26,2025-06-27,1,Monarch,,412.0,465.56,2025-06-24,2,412.0,Direct,Thursday,2025-06,fbg_data.csv,cloudbeds
9060411919285,2025-06-27,2025-06-28,1,Monarch,,641.0,724.33,2025-06-24,3,641.0,Direct,Friday,2025-06,fbg_data.csv,cloudbeds
3051302903592,2025-06-28,2025-06-29,1,Monolith,,627.0,708.51,2025-06-24,4,627.0,Direct,Saturday,2025-06,fbg_data.csv,cloudbeds
3702444197143,2025-06-28,2025-06-29,1,Cedar Haus,,282.08,0.0,2025-06-24,4,282.08,Airbnb,Saturday,2025-06,fbg_data.csv,cloudbeds
1610750188821,2025-06-28,2025-06-29,1,Juniper Haus,,282.08,0.0,2025-06-24,4,282.08,Airbnb,Saturday,2025-06,fbg_data.csv,cloudbeds
4595107512671,2025-07-25,2025-07-27,2,Monarch,,1736.0,1961.68,2025-06-25,30,868.0,Direct,Friday,2025-07,fbg_data.csv,cloudbeds
3310524015516,2025-07-18,2025-07-20,2,Cocoon,,586.0,662.18,2025-06-25,23,293.0,Direct,Friday,2025-07,fbg_data.csv,cloudbeds
5321254559016,2025-07-01,2025-07-02,1,Pecan Haus,,204.0,230.52,2025-06-25,6,204.0,Direct,Tuesday,2025-07,fbg_data.csv,cloudbeds
7130405301818,2025-07-01,2025-07-02,1,Juniper Haus,,218.0,0.0,2025-06-25,6,218.0,Airbnb,Tuesday,2025-07,fbg_data.csv,cloudbeds
4379671450985,2025-07-03,2025-07-06,3,Monarch,,2092.93,0.0,2025-06-25,8,697.6433333333333,Airbnb,Thursday,2025-07,fbg_data.csv,cloudbeds
1393639135544,2025-06-28,2025-06-29,1,Cypress Lodge | Sleeps 6,,587.0,663.31,2025-06-25,3,587.0,Direct,Saturday,2025-06,fbg_data.csv,cloudbeds
5910883353043,2025-06-28,2025-06-29,1,Great Lodge: King Room,,377.0,0.0,2025-06-25,3,377.0,Airbnb,Saturday,2025-06,fbg_data.csv,cloudbeds
9038318013796,2025-08-03,2025-08-05,2,Monolith,,949.0,1072.37,2025-06-26,38,474.5,Direct,Sunday,2025-08,fbg_data.csv,cloudbeds
9361222809738,2025-07-18,2025-07-20,2,Diamond,,1174.0,1326.62,2025-06-26,22,587.0,Direct,Friday,2025-07,fbg_data.csv,cloudbeds
7877467847798,2025-07-19,2025-07-20,1,Great Lodge: King Room,,356.0,402.28,2025-06-26,23,356.0,Direct,Saturday,2025-07,fbg_data.csv,cloudbeds
6499509243908,2025-07-04,2025-07-06,2,Spyglass,,1974.0,2230.62,2025-06-26,8,987.0,Direct,Friday,2025-07,fbg_data.csv,cloudbeds
8978224574051,2025-06-28,2025-06-29,1,Live Oak Lodge,,641.0,724.33,2025-06-26,2,641.0,Direct,Saturday,2025-06,fbg_data.csv,cloudbeds
8182308347837,2025-06-29,2025-06-30,1,Cypress Lodge | Sleeps 2,,314.0,354.82,2025-06-26,3,314.0,Direct,Sunday,2025-06,fbg_data.csv,cloudbeds
8139014055745,2025-06-27,2025-06-28,1,Lantana Dome,,475.0,0.0,2025-06-26,1,475.0,Airbnb,Friday,2025-06,fbg_data.csv,cloudbeds
5332672788045,2025-06-28,2025-06-29,1,Great Lodge: King Room,,274.0,309.62,2025-06-26,2,274.0,Direct,Saturday,2025-06,fbg_data.csv,cloudbeds
1779299842271,2025-06-27,2025-06-28,1,Sage Safari,,480.0,542.4,2025-06-26,1,480.0,Direct,Friday,2025-06,fbg_data.csv,cloudbeds
5181024849910,2025-06-27,2025-06-28,1,Cedar Haus,,349.85,0.0,2025-06-26,1,349.85,Airbnb,Friday,2025-06,fbg_data.csv,cloudbeds
8569409929164,2025-06-27,2025-06-28,1,Post Oak,,334.0,377.42,2025-06-26,1,334.0,Direct,Friday,2025-06,fbg_data.csv,cloudbeds
5458819849368,2025-07-24,2025-07-27,3,Post Oak,,1119.0,1264.47,2025-06-27,27,373.0,Direct,Thursday,2025-07,fbg_data.csv,cloudbeds
9237477872687,2025-07-02,2025-07-03,1,Monarch,,274.2,309.84,2025-06-27,5,274.2,Direct,Wednesday,2025-07,fbg_data.csv,cloudbeds
7369624246222,2025-07-05,2025-07-07,2,Sage Safari,,1282.0,1448.66,2025-06-27,8,641.0,Direct,Saturday,2025-07,fbg_data.csv,cloudbeds
6702808619499,2025-07-06,2025-07-07,1,Bluebonnet,,268.0,0.0,2025-06-27,9,268.0,Airbnb,Sunday,2025-07,fbg_data.csv,cloudbeds
7730223999182,2025-06-27,2025-06-29,2,Walnut House,,876.0,0.0,2025-06-27,0,438.0,Airbnb,Friday,2025-06,fbg_data.csv,cloudbeds
9739464079209,2025-06-28,2025-06-30,2,Monolith,,880.0,994.4,2025-06-27,1,440.0,Direct,Saturday,2025-06,fbg_data.csv,cloudbeds
5514692829089,2025-06-28,2025-06-29,1,Cocoon,,399.0,0.0,2025-06-27,1,399.0,Airbnb,Saturday,2025-06,fbg_data.csv,cloudbeds
4026416952656,2025-06-28,2025-06-29,1,Monarch,,494.0,0.0,2025-06-27,1,494.0,Airbnb,Saturday,2025-06,fbg_data.csv,cloudbeds
7084171791023,2025-06-28,2025-06-29,1,Spyglass,,424.0,0.0,2025-06-27,1,424.0,Airbnb,Saturday,2025-06,fbg_data.csv,cloudbeds
3381115965299,2025-06-28,2025-06-29,1,Post Oak,,284.0,320.92,2025-06-27,1,284.0,Direct,Saturday,2025-06,fbg_data.csv,cloudbeds
4145901761057,2025-08-01,2025-08-03,2,Post Oak,,1114.0,1343.57,2025-06-28,34,557.0,Direct,Friday,2025-08,fbg_data.csv,cloudbeds
8202272925685,2025-07-12,2025-07-13,1,Cedar Haus,,340.0,384.2,2025-06-28,14,340.0,Direct,Saturday,2025-07,fbg_data.csv,cloudbeds
7019741817212,2025-07-02,2025-07-03,1,Diamond,,255.0,288.15,2025-06-28,4,255.0,Direct,Wednesday,2025-07,fbg_data.csv,cloudbeds
7966169772064,2025-06-28,2025-06-29,1,Winecup,,369.0,416.97,2025-06-28,0,369.0,Direct,Saturday,2025-06,fbg_data.csv,cloudbeds
4841122851346,2025-06-28,2025-06-30,2,Quonset,,685.0,774.05,2025-06-28,0,342.5,Direct,Saturday,2025-06,fbg_data.csv,cloudbeds
3737564709032,2025-09-15,2025-09-17,2,Pecan Haus,,455.0,619.24,2025-06-29,78,227.5,Direct,Monday,2025-09,fbg_data.csv,cloudbeds
5660720494191,2025-09-07,2025-09-09,2,Live Oak Lodge,,964.0,1089.32,2025-06-29,70,482.0,Direct,Sunday,2025-09,fbg_data.csv,cloudbeds
3697314274499,2025-08-28,2025-08-30,2,Cypress Lodge | Sleeps 4,,1316.0,1487.08,2025-06-29,60,658.0,Direct,Thursday,2025-08,fbg_data.csv,cloudbeds
3764457225146,2025-08-17,2025-08-18,1,Buckeye Bungalow,,315.05,343.52,2025-06-29,49,315.05,Direct,Sunday,2025-08,fbg_data.csv,cloudbeds
8665105937893,2025-07-27,2025-07-29,2,Cypress Lodge | Sleeps 6,,824.78,931.12,2025-06-29,28,412.39,Direct,Sunday,2025-07,fbg_data.csv,cloudbeds
8663362519540,2025-07-28,2025-07-31,3,Winecup,,681.0,769.53,2025-06-29,29,227.0,Direct,Monday,2025-07,fbg_data.csv,cloudbeds
9217245272138,2025-07-08,2025-07-09,1,Spiral,,310.0,350.3,2025-06-29,9,310.0,Direct,Tuesday,2025-07,fbg_data.csv,cloudbeds
4595417309972,2025-07-06,2025-07-09,3,Walnut House,,1080.0,0.0,2025-06-29,7,360.0,Airbnb,Sunday,2025-07,fbg_data.csv,cloudbeds
4255835912045,2025-07-08,2025-07-10,2,Cypress Lodge | Sleeps 6,,620.0,700.6,2025-06-29,9,310.0,Direct,Tuesday,2025-07,fbg_data.csv,cloudbeds
7801658706384,2025-07-02,2025-07-03,1,Spyglass,,355.0,0.0,2025-06-29,3,355.0,Airbnb,Wednesday,2025-07,fbg_data.csv,cloudbeds
6180817229806,2025-07-02,2025-07-03,1,Cypress Lodge | Sleeps 4,,237.0,267.81,2025-06-29,3,237.0,Direct,Wednesday,2025-07,fbg_data.csv,cloudbeds
7996878036917,2025-06-29,2025-06-30,1,Bluebonnet,,302.0,341.26,2025-06-29,0,302.0,Direct,Sunday,2025-06,fbg_data.csv,cloudbeds
6687182678157,2025-06-29,2025-06-30,1,Diamond,,278.2,314.36,2025-06-29,0,278.2,Direct,Sunday,2025-06,fbg_data.csv,cloudbeds
9998845709832,2026-06-12,2026-06-14,2,Monolith,,1728.0,1952.64,2025-06-29,348,864.0,Direct,Friday,2026-06,fbg_data.csv,cloudbeds
8793911777347,2025-12-15,2025-12-17,2,Diamond,,774.0,874.62,2025-06-30,168,387.0,Direct,Monday,2025-12,fbg_data.csv,cloudbeds
1057563862766,2025-08-25,2025-08-27,2,Buckeye Bungalow,,678.0,766.14,2025-06-30,56,339.0,Direct,Monday,2025-08,fbg_data.csv,cloudbeds
7353332380301,2025-07-31,2025-08-02,2,Diamond,,1302.0,1471.26,2025-06-30,31,651.0,Direct,Thursday,2025-07,fbg_data.csv,cloudbeds
8405372979061,2025-07-08,2025-07-10,2,Cocoon,,540.4,610.64,2025-06-30,8,270.2,Direct,Tuesday,2025-07,fbg_data.csv,cloudbeds
1740264010396,2025-06-30,2025-07-02,2,Cypress Lodge | Sleeps 2,,458.0,517.54,2025-06-30,0,229.0,Direct,Monday,2025-06,fbg_data.csv,cloudbeds
4588614047421,2025-07-01,2025-07-02,1,Diamond,,310.0,350.3,2025-06-30,1,310.0,Direct,Tuesday,2025-07,fbg_data.csv,cloudbeds
7236176675002,2025-07-02,2025-07-03,1,Juniper Haus,,204.0,230.52,2025-06-30,2,204.0,Direct,Wednesday,2025-07,fbg_data.csv,cloudbeds
4548638807654,2025-07-04,2025-07-06,2,Monolith,,1920.0,2381.04,2025-06-30,4,960.0,Direct,Friday,2025-07,fbg_data.csv,cloudbeds
1072993378541,2025-07-05,2025-07-06,1,Quonset,,720.0,813.6,2025-06-30,5,720.0,Direct,Saturday,2025-07,fbg_data.csv,cloudbeds
2845282536245,2025-07-05,2025-07-06,1,Cocoon,,383.0,432.79,2025-06-30,5,383.0,Direct,Saturday,2025-07,fbg_data.csv,cloudbeds
9923494232047,2025-07-06,2025-07-07,1,Pecan Haus,,260.0,293.8,2025-06-30,6,260.0,Direct,Sunday,2025-07,fbg_data.csv,cloudbeds
6582568177018,2025-06-30,2025-07-01,1,Great Lodge: King Room,,211.0,238.43,2025-06-30,0,211.0,Direct,Monday,2025-06,fbg_data.csv,cloudbeds
1429960116582,2025-07-06,2025-07-07,1,Great Lodge: King Room,,333.0,587.73,2025-06-30,6,333.0,Direct,Sunday,2025-07,fbg_data.csv,cloudbeds
6136421917810,2025-07-22,2025-07-25,3,Bluebonnet,,759.4,858.12,2025-07-01,21,253.13333333333333,Direct,Tuesday,2025-07,fbg_data.csv,cloudbeds
9821297902698,2025-07-19,2025-07-21,2,Spiral,,690.0,779.7,2025-07-01,18,345.0,Direct,Saturday,2025-07,fbg_data.csv,cloudbeds
5639501059476,2025-07-11,2025-07-13,2,Cocoon,,1010.0,1141.3,2025-07-01,10,505.0,Direct,Friday,2025-07,fbg_data.csv,cloudbeds
5066040641844,2025-07-10,2025-07-11,1,Bluebonnet,,235.13,0.0,2025-07-01,9,235.13,Expedia,Thursday,2025-07,fbg_data.csv,cloudbeds
9087809760604,2025-07-07,2025-07-10,3,Buckeye Bungalow,,672.0,759.36,2025-07-01,6,224.0,Direct,Monday,2025-07,fbg_data.csv,cloudbeds
4485910627847,2025-07-03,2025-07-04,1,Spyglass,,297.0,335.61,2025-07-01,2,297.0,Direct,Thursday,2025-07,fbg_data.csv,cloudbeds
1963719422549,2025-07-02,2025-07-03,1,Cedar Haus,,204.0,230.52,2025-07-01,1,204.0,Direct,Wednesday,2025-07,fbg_data.csv,cloudbeds
3006364167149,2025-07-05,2025-07-07,2,Lantana Dome,,848.0,0.0,2025-07-01,4,424.0,Airbnb,Saturday,2025-07,fbg_data.csv,cloudbeds
7368139436095,2025-07-03,2025-07-06,3,Walnut House,,1677.0,0.0,2025-07-01,2,559.0,Airbnb,Thursday,2025-07,fbg_data.csv,cloudbeds
5335353156542,2025-07-03,2025-07-06,3,Great Lodge: King Room,,1128.0,1274.64,2025-07-01,2,376.0,Direct,Thursday,2025-07,fbg_data.csv,cloudbeds
1056037022352,2025-07-04,2025-07-06,2,Great Lodge: King Room,,795.0,898.35,2025-07-01,3,397.5,Direct,Friday,2025-07,fbg_data.csv,cloudbeds
5659267784729,2025-07-03,2025-07-04,1,Monolith,,276.6,312.56,2025-07-01,2,276.6,Direct,Thursday,2025-07,fbg_data.csv,cloudbeds
7257869848912,2025-08-03,2025-08-05,2,Live Oak Lodge,,792.0,894.96,2025-07-02,32,396.0,Direct,Sunday,2025-08,fbg_data.csv,cloudbeds
5045710617417,2025-07-21,2025-07-23,2,Sage Safari,,540.0,610.2,2025-07-02,19,270.0,Direct,Monday,2025-07,fbg_data.csv,cloudbeds
7939560054025,2025-07-13,2025-07-14,1,Post Oak,,215.0,242.95,2025-07-02,11,215.0,Direct,Sunday,2025-07,fbg_data.csv,cloudbeds
5978211507154,2025-07-11,2025-07-13,2,Monolith,,1546.0,2011.54,2025-07-02,9,773.0,Direct,Friday,2025-07,fbg_data.csv,cloudbeds
4667890006139,2025-07-11,2025-07-13,2,Monolith,,1546.0,1746.98,2025-07-02,9,773.0,Direct,Friday,2025-07,fbg_data.csv,cloudbeds
6789963928115,2025-07-10,2025-07-12,2,Buckeye Bungalow,,752.0,849.76,2025-07-02,8,376.0,Direct,Thursday,2025-07,fbg_data.csv,cloudbeds
6908002638573,2025-07-08,2025-07-10,2,Post Oak,,340.4,384.64,2025-07-02,6,170.2,Direct,Tuesday,2025-07,fbg_data.csv,cloudbeds
1797739865578,2025-07-03,2025-07-05,2,Great Lodge: King Room,,755.0,853.15,2025-07-02,1,377.5,Direct,Thursday,2025-07,fbg_data.csv,cloudbeds
2846787665654,2025-07-04,2025-07-05,1,Quonset,,583.0,658.79,2025-07-02,2,583.0,Direct,Friday,2025-07,fbg_data.csv,cloudbeds
7792773965147,2025-07-03,2025-07-05,2,Sage Safari,,959.0,0.0,2025-07-02,1,479.5,Airbnb,Thursday,2025-07,fbg_data.csv,cloudbeds
8055825396429,2025-07-04,2025-07-06,2,Great Lodge: King Room,,949.0,0.0,2025-07-02,2,474.5,Airbnb,Friday,2025-07,fbg_data.csv,cloudbeds
3186431133185,2025-07-04,2025-07-06,2,Bluebonnet,,1365.0,1807.01,2025-07-02,2,682.5,Direct,Friday,2025-07,fbg_data.csv,cloudbeds
2818402727403,2025-07-03,2025-07-04,1,Monolith,,337.0,380.81,2025-07-02,1,337.0,Direct,Thursday,2025-07,fbg_data.csv,cloudbeds
7185825677792,2025-07-10,2025-07-11,1,Diamond,,235.8,266.46,2025-07-03,7,235.8,Direct,Thursday,2025-07,fbg_data.csv,cloudbeds
4475452083168,2025-07-26,2025-07-27,1,Great Lodge: King Room,,356.0,402.28,2025-07-03,23,356.0,Direct,Saturday,2025-07,fbg_data.csv,cloudbeds
4643498363728,2025-07-11,2025-07-13,2,Quonset,,1168.0,1319.84,2025-07-03,8,584.0,Direct,Friday,2025-07,fbg_data.csv,cloudbeds
4863955044273,2025-07-05,2025-07-06,1,Great Lodge: King Room,,305.0,344.65,2025-07-03,2,305.0,Direct,Saturday,2025-07,fbg_data.csv,cloudbeds
9195112587411,2025-07-05,2025-07-06,1,Great Lodge: King Room,,305.0,344.65,2025-07-03,2,305.0,Direct,Saturday,2025-07,fbg_data.csv,cloudbeds
1569889553786,2025-10-15,2025-10-17,2,Monarch,,1068.0,1206.84,2025-07-04,103,534.0,Direct,Wednesday,2025-10,fbg_data.csv,cloudbeds
6183773190311,2025-08-06,2025-08-07,1,Monolith,,254.2,287.24,2025-07-04,33,254.2,Direct,Wednesday,2025-08,fbg_data.csv,cloudbeds
4566573795902,2025-07-28,2025-07-30,2,Monarch,,644.4,728.16,2025-07-04,24,322.2,Direct,Monday,2025-07,fbg_data.csv,cloudbeds
2499486167342,2025-07-27,2025-07-28,1,Bluebonnet,,313.4,354.14,2025-07-04,23,313.4,Direct,Sunday,2025-07,fbg_data.csv,cloudbeds
4017060091313,2025-07-19,2025-07-21,2,Great Lodge: King Room,,640.0,723.2,2025-07-04,15,320.0,Direct,Saturday,2025-07,fbg_data.csv,cloudbeds
5666985988788,2025-07-16,2025-07-18,2,Monarch,,712.0,804.56,2025-07-04,12,356.0,Direct,Wednesday,2025-07,fbg_data.csv,cloudbeds
7745263900004,2025-07-12,2025-07-13,1,Buckeye Bungalow,,496.0,0.0,2025-07-04,8,496.0,Airbnb,Saturday,2025-07,fbg_data.csv,cloudbeds
5711780446124,2025-07-15,2025-07-17,2,Spyglass,,644.0,727.72,2025-07-04,11,322.0,Direct,Tuesday,2025-07,fbg_data.csv,cloudbeds
1484275112892,2025-07-04,2025-07-05,1,Great Lodge: King Room,,422.0,476.86,2025-07-04,0,422.0,Direct,Friday,2025-07,fbg_data.csv,cloudbeds
6203930476309,2025-07-04,2025-07-05,1,Diamond,,616.0,696.08,2025-07-04,0,616.0,Direct,Friday,2025-07,fbg_data.csv,cloudbeds
4686520930978,2025-07-04,2025-07-05,1,Lantana Dome,,656.11,0.0,2025-07-04,0,656.11,Expedia,Friday,2025-07,fbg_data.csv,cloudbeds
6533384748484,2025-07-05,2025-07-06,1,Buckeye Bungalow,,518.0,585.34,2025-07-04,1,518.0,Direct,Saturday,2025-07,fbg_data.csv,cloudbeds
2009578999084,2025-10-31,2025-11-02,2,Pecan Haus,,1098.32,1241.1,2025-07-05,118,549.16,Expedia,Friday,2025-10,fbg_data.csv,cloudbeds
2009578999084,2025-10-31,2025-11-02,2,Quonset,,1098.32,1241.1,2025-07-05,118,549.16,Expedia,Friday,2025-10,fbg_data.csv,cloudbeds
4373339080703,2025-07-09,2025-07-10,1,Quonset,,218.2,246.56,2025-07-05,4,218.2,Direct,Wednesday,2025-07,fbg_data.csv,cloudbeds
7455951799721,2025-07-14,2025-07-16,2,Walnut House,,529.2,598.0,2025-07-05,9,264.6,Direct,Monday,2025-07,fbg_data.csv,cloudbeds
9169021004341,2025-07-08,2025-07-10,2,Spyglass,,457.0,0.0,2025-07-05,3,228.5,Airbnb,Tuesday,2025-07,fbg_data.csv,cloudbeds
9712814914940,2025-07-05,2025-07-06,1,Great Lodge: King Room,,305.0,344.65,2025-07-05,0,305.0,Direct,Saturday,2025-07,fbg_data.csv,cloudbeds
4037585758127,2025-07-07,2025-07-08,1,Juniper Haus,,204.0,230.52,2025-07-05,2,204.0,Direct,Monday,2025-07,fbg_data.csv,cloudbeds
2130234699543,2025-11-10,2025-11-12,2,Monarch,,719.72,813.28,2025-07-06,127,359.86,Expedia,Monday,2025-11,fbg_data.csv,cloudbeds
5686721731533,2025-08-06,2025-08-08,2,Monolith,,804.0,908.52,2025-07-06,31,402.0,Direct,Wednesday,2025-08,fbg_data.csv,cloudbeds
5033015415668,2025-07-23,2025-07-24,1,Sage Safari,,305.0,0.0,2025-07-06,17,305.0,Airbnb,Wednesday,2025-07,fbg_data.csv,cloudbeds
8444994128839,2025-07-16,2025-07-17,1,Spiral,,270.0,305.1,2025-07-06,10,270.0,Direct,Wednesday,2025-07,fbg_data.csv,cloudbeds
1814117912263,2025-07-11,2025-07-13,2,Great Lodge: King Room,,692.0,781.96,2025-07-06,5,346.0,Direct,Friday,2025-07,fbg_data.csv,cloudbeds
1871728337588,2025-07-14,2025-07-16,2,Cypress Lodge | Sleeps 4,,408.0,802.3,2025-07-06,8,204.0,Direct,Monday,2025-07,fbg_data.csv,cloudbeds
5647276497014,2025-07-15,2025-07-17,2,Monolith,,625.2,706.48,2025-07-06,9,312.6,Direct,Tuesday,2025-07,fbg_data.csv,cloudbeds
8387298679821,2025-07-09,2025-07-10,1,Great Lodge: King Room,,204.0,230.52,2025-07-06,3,204.0,Direct,Wednesday,2025-07,fbg_data.csv,cloudbeds
7226722572342,2025-07-10,2025-07-11,1,Post Oak,,199.36,0.0,2025-07-06,4,199.36,Airbnb,Thursday,2025-07,fbg_data.csv,cloudbeds
2127762143002,2025-07-06,2025-07-07,1,Cedar Haus,,204.0,230.52,2025-07-06,0,204.0,Direct,Sunday,2025-07,fbg_data.csv,cloudbeds
5534091852052,2025-07-07,2025-07-08,1,Bluebonnet,,363.0,0.0,2025-07-06,1,363.0,Airbnb,Monday,2025-07,fbg_data.csv,cloudbeds
9101629282295,2025-08-04,2025-08-06,2,Lantana Dome,,678.0,766.14,2025-07-07,28,339.0,Direct,Monday,2025-08,fbg_data.csv,cloudbeds
5735310120264,2025-07-28,2025-07-31,3,Monolith,,1262.0,1426.06,2025-07-07,21,420.6666666666667,Direct,Monday,2025-07,fbg_data.csv,cloudbeds
7708390815385,2025-07-28,2025-07-31,3,Lantana Dome,,847.99,0.0,2025-07-07,21,282.66333333333336,Airbnb,Monday,2025-07,fbg_data.csv,cloudbeds
9730219808100,2025-07-12,2025-07-14,2,Walnut House,,1032.0,1166.16,2025-07-07,5,516.0,Direct,Saturday,2025-07,fbg_data.csv,cloudbeds
4362029456296,2025-07-09,2025-07-11,2,Cedar Haus,,334.84,0.0,2025-07-07,2,167.42,Airbnb,Wednesday,2025-07,fbg_data.csv,cloudbeds
8931531256689,2025-11-02,2025-11-05,3,Monarch,,1337.15,1337.15,2025-07-08,117,445.7166666666667,Direct,Sunday,2025-11,fbg_data.csv,cloudbeds
2708823175853,2025-08-30,2025-09-01,2,Cypress Lodge | Sleeps 6,,1601.0,1809.13,2025-07-08,53,800.5,Direct,Saturday,2025-08,fbg_data.csv,cloudbeds
3675144687368,2025-08-23,2025-08-24,1,Juniper Haus,,394.0,0.0,2025-07-08,46,394.0,Airbnb,Saturday,2025-08,fbg_data.csv,cloudbeds
9026061054857,2025-07-22,2025-07-24,2,Cypress Lodge | Sleeps 2,,732.0,866.71,2025-07-08,14,366.0,Direct,Tuesday,2025-07,fbg_data.csv,cloudbeds
4220807639853,2025-07-18,2025-07-20,2,Cypress Lodge | Sleeps 6,,1407.0,0.0,2025-07-08,10,703.5,Airbnb,Friday,2025-07,fbg_data.csv,cloudbeds
7946508757502,2025-07-13,2025-07-14,1,Cypress Lodge | Sleeps 6,,171.0,328.83,2025-07-08,5,171.0,Direct,Sunday,2025-07,fbg_data.csv,cloudbeds
6559408532261,2025-07-11,2025-07-12,1,Great Lodge: King Room,,294.0,332.22,2025-07-08,3,294.0,Direct,Friday,2025-07,fbg_data.csv,cloudbeds
4866280563151,2025-07-13,2025-07-14,1,Lantana Dome,,283.16,0.0,2025-07-08,5,283.16,Expedia,Sunday,2025-07,fbg_data.csv,cloudbeds
1663007887170,2025-07-11,2025-07-12,1,Cedar Haus,,294.0,332.22,2025-07-08,3,294.0,Direct,Friday,2025-07,fbg_data.csv,cloudbeds
4115624506255,2025-07-10,2025-07-11,1,Monolith,,286.0,323.18,2025-07-08,2,286.0,Direct,Thursday,2025-07,fbg_data.csv,cloudbeds
1378897493096,2025-07-09,2025-07-11,2,Spiral,,565.2,638.67,2025-07-08,1,282.6,Direct,Wednesday,2025-07,fbg_data.csv,cloudbeds
8922210607042,2025-07-10,2025-07-11,1,Monolith,,286.0,323.18,2025-07-08,2,286.0,Direct,Thursday,2025-07,fbg_data.csv,cloudbeds
5348284978319,2025-08-30,2025-09-01,2,Quonset,,1294.0,1462.22,2025-07-09,52,647.0,Direct,Saturday,2025-08,fbg_data.csv,cloudbeds
1443044357312,2025-07-17,2025-07-21,4,Monolith,,3486.0,4097.38,2025-07-09,8,871.5,Direct,Thursday,2025-07,fbg_data.csv,cloudbeds
1074013704446,2025-08-13,2025-08-14,1,Live Oak Lodge,,339.0,468.95,2025-07-09,35,339.0,Direct,Wednesday,2025-08,fbg_data.csv,cloudbeds
9433901826182,2025-07-25,2025-07-26,1,Great Lodge: King Room,,356.0,402.28,2025-07-09,16,356.0,Direct,Friday,2025-07,fbg_data.csv,cloudbeds
9995287178130,2025-07-21,2025-07-23,2,Monolith,,628.0,709.64,2025-07-09,12,314.0,Direct,Monday,2025-07,fbg_data.csv,cloudbeds
6223498971524,2025-07-18,2025-07-20,2,Post Oak,,690.0,779.7,2025-07-09,9,345.0,Direct,Friday,2025-07,fbg_data.csv,cloudbeds
2806819369115,2025-07-11,2025-07-15,4,Spiral,,1631.0,1843.03,2025-07-09,2,407.75,Direct,Friday,2025-07,fbg_data.csv,cloudbeds
7108130081004,2025-07-12,2025-07-13,1,Quonset,,386.0,436.18,2025-07-09,3,386.0,Direct,Saturday,2025-07,fbg_data.csv,cloudbeds
2740692152530,2025-07-12,2025-07-13,1,Winecup,,267.21,0.0,2025-07-09,3,267.21,Expedia,Saturday,2025-07,fbg_data.csv,cloudbeds
1380347129095,2025-07-09,2025-07-11,2,Quonset,,588.0,664.44,2025-07-09,0,294.0,Direct,Wednesday,2025-07,fbg_data.csv,cloudbeds
2609719477208,2026-07-28,2026-07-30,2,Monolith,,712.0,804.56,2025-07-09,384,356.0,Direct,Tuesday,2026-07,fbg_data.csv,cloudbeds
8324851319928,2025-08-10,2025-08-12,2,Monolith,,949.0,1072.37,2025-07-10,31,474.5,Direct,Sunday,2025-08,fbg_data.csv,cloudbeds
1647895936463,2025-08-04,2025-08-05,1,Diamond,,339.0,383.07,2025-07-10,25,339.0,Direct,Monday,2025-08,fbg_data.csv,cloudbeds
7048995364431,2025-07-20,2025-07-21,1,Buckeye Bungalow,,336.0,379.68,2025-07-10,10,336.0,Direct,Sunday,2025-07,fbg_data.csv,cloudbeds
2488659522980,2025-07-18,2025-07-19,1,Great Lodge: King Room,,307.0,346.91,2025-07-10,8,307.0,Direct,Friday,2025-07,fbg_data.csv,cloudbeds
1833747071973,2025-07-11,2025-07-12,1,Great Lodge: King Room,,264.0,298.32,2025-07-10,1,264.0,Direct,Friday,2025-07,fbg_data.csv,cloudbeds
7219239915397,2025-07-10,2025-07-11,1,Great Lodge: King Room,,204.0,230.52,2025-07-10,0,204.0,Direct,Thursday,2025-07,fbg_data.csv,cloudbeds
7631246054334,2025-10-14,2025-10-16,2,Live Oak Lodge,,902.0,1019.26,2025-07-11,95,451.0,Direct,Tuesday,2025-10,fbg_data.csv,cloudbeds
2740587310337,2025-08-01,2025-08-04,3,Monolith,,2276.0,2571.88,2025-07-11,21,758.6666666666666,Direct,Friday,2025-08,fbg_data.csv,cloudbeds
2686221664116,2025-07-20,2025-07-22,2,Bluebonnet,,529.0,597.77,2025-07-11,9,264.5,Direct,Sunday,2025-07,fbg_data.csv,cloudbeds
3200087719923,2025-07-22,2025-07-23,1,Great Lodge: King Room,,185.0,209.05,2025-07-11,11,185.0,Direct,Tuesday,2025-07,fbg_data.csv,cloudbeds
5904911404687,2025-07-18,2025-07-21,3,Quonset,,2077.0,2465.66,2025-07-11,7,692.3333333333334,Direct,Friday,2025-07,fbg_data.csv,cloudbeds
5904911404687,2025-07-18,2025-07-21,3,Winecup,,2077.0,2465.66,2025-07-11,7,692.3333333333334,Direct,Friday,2025-07,fbg_data.csv,cloudbeds
9941055368195,2025-07-12,2025-07-14,2,Great Lodge: King Room,,334.0,867.84,2025-07-11,1,167.0,Direct,Saturday,2025-07,fbg_data.csv,cloudbeds
9485169505555,2025-07-17,2025-07-20,3,Cedar Haus,,624.39,0.0,2025-07-12,5,208.13,Airbnb,Thursday,2025-07,fbg_data.csv,cloudbeds
9182431595993,2025-07-16,2025-07-18,2,Walnut House,,571.0,0.0,2025-07-12,4,285.5,Airbnb,Wednesday,2025-07,fbg_data.csv,cloudbeds
1243831623960,2025-07-12,2025-07-13,1,Great Lodge: King Room,,264.0,298.32,2025-07-12,0,264.0,Direct,Saturday,2025-07,fbg_data.csv,cloudbeds
4021208470600,2025-07-14,2025-07-15,1,Monolith,,264.0,298.32,2025-07-12,2,264.0,Direct,Monday,2025-07,fbg_data.csv,cloudbeds
9503005325645,2025-07-12,2025-07-13,1,Great Lodge: King Room,,264.0,298.32,2025-07-12,0,264.0,Direct,Saturday,2025-07,fbg_data.csv,cloudbeds
6904039674622,2025-07-12,2025-07-13,1,Great Lodge: King Room,,264.0,298.32,2025-07-12,0,264.0,Direct,Saturday,2025-07,fbg_data.csv,cloudbeds
5771563532046,2025-07-14,2025-07-16,2,Cypress Lodge | Sleeps 2,,408.0,461.04,2025-07-12,2,204.0,Direct,Monday,2025-07,fbg_data.csv,cloudbeds
6527091539443,2025-08-18,2025-08-20,2,Spyglass,,830.0,937.9,2025-07-13,36,415.0,Direct,Monday,2025-08,fbg_data.csv,cloudbeds
9448874861256,2025-08-01,2025-08-03,2,Monolith,,1363.79,1991.06,2025-07-13,19,681.895,Direct,Friday,2025-08,fbg_data.csv,cloudbeds
2561595947514,2025-07-28,2025-07-31,3,Quonset,,613.01,894.96,2025-07-13,15,204.33666666666667,Direct,Monday,2025-07,fbg_data.csv,cloudbeds
3223119339459,2025-07-21,2025-07-23,2,Monolith,,516.4,709.64,2025-07-13,8,258.2,Direct,Monday,2025-07,fbg_data.csv,cloudbeds
1804813604597,2025-07-16,2025-07-18,2,Lantana Dome,,432.0,0.0,2025-07-13,3,216.0,Airbnb,Wednesday,2025-07,fbg_data.csv,cloudbeds
4350430917776,2025-07-17,2025-07-18,1,Spyglass,,369.0,0.0,2025-07-13,4,369.0,Airbnb,Thursday,2025-07,fbg_data.csv,cloudbeds
8356193041607,2025-08-25,2025-08-28,3,Sage Safari,,936.15,0.0,2025-07-14,42,312.05,Expedia,Monday,2025-08,fbg_data.csv,cloudbeds
9376336349582,2025-07-28,2025-07-31,3,Sage Safari,,732.0,827.16,2025-07-14,14,244.0,Direct,Monday,2025-07,fbg_data.csv,cloudbeds
1948371933308,2025-07-23,2025-07-25,2,Diamond,,703.0,794.39,2025-07-14,9,351.5,Direct,Wednesday,2025-07,fbg_data.csv,cloudbeds
1884250512382,2025-07-24,2025-07-25,1,Lantana Dome,,295.32,353.69,2025-07-14,10,295.32,Direct,Thursday,2025-07,fbg_data.csv,cloudbeds
1350595951778,2025-07-24,2025-07-25,1,Sage Safari,,313.0,353.69,2025-07-14,10,313.0,Direct,Thursday,2025-07,fbg_data.csv,cloudbeds
6333681931077,2025-07-18,2025-07-20,2,Monolith,,1400.0,1582.0,2025-07-14,4,700.0,Direct,Friday,2025-07,fbg_data.csv,cloudbeds
9582212964022,2025-07-15,2025-07-18,3,Buckeye Bungalow,,745.0,841.85,2025-07-14,1,248.33333333333334,Direct,Tuesday,2025-07,fbg_data.csv,cloudbeds
3129403615768,2025-07-17,2025-07-18,1,Spiral,,335.0,378.55,2025-07-14,3,335.0,Direct,Thursday,2025-07,fbg_data.csv,cloudbeds
8963301877007,2025-07-14,2025-07-15,1,Monolith,,264.0,298.32,2025-07-14,0,264.0,Direct,Monday,2025-07,fbg_data.csv,cloudbeds
4753339847732,2025-08-13,2025-08-15,2,Monolith,,700.4,791.44,2025-07-15,29,350.2,Direct,Wednesday,2025-08,fbg_data.csv,cloudbeds
7271105149171,2025-08-08,2025-08-10,2,Walnut House,,1168.0,1319.84,2025-07-15,24,584.0,Direct,Friday,2025-08,fbg_data.csv,cloudbeds
1987814594458,2025-07-30,2025-07-31,1,Bluebonnet,,217.39,0.0,2025-07-15,15,217.39,Expedia,Wednesday,2025-07,fbg_data.csv,cloudbeds
5776045863018,2025-07-22,2025-07-23,1,Post Oak,,393.0,0.0,2025-07-15,7,393.0,Airbnb,Tuesday,2025-07,fbg_data.csv,cloudbeds
5321532745958,2025-07-25,2025-07-27,2,Great Lodge: King Room,,712.0,804.56,2025-07-15,10,356.0,Direct,Friday,2025-07,fbg_data.csv,cloudbeds
6079855535994,2025-07-19,2025-07-20,1,Walnut House,,626.88,0.0,2025-07-15,4,626.88,Expedia,Saturday,2025-07,fbg_data.csv,cloudbeds
9204926791349,2025-07-18,2025-07-19,1,Juniper Haus,,367.84,0.0,2025-07-15,3,367.84,Expedia,Friday,2025-07,fbg_data.csv,cloudbeds
2349885325487,2025-07-17,2025-07-18,1,Bluebonnet,,215.41,0.0,2025-07-15,2,215.41,Expedia,Thursday,2025-07,fbg_data.csv,cloudbeds
1207365735383,2025-07-17,2025-07-18,1,Monolith,,360.0,406.8,2025-07-15,2,360.0,Direct,Thursday,2025-07,fbg_data.csv,cloudbeds
4691883793522,2025-07-16,2025-07-17,1,Cypress Lodge | Sleeps 6,,264.0,298.32,2025-07-15,1,264.0,Direct,Wednesday,2025-07,fbg_data.csv,cloudbeds
6636068282039,2025-07-16,2025-07-17,1,Bluebonnet,,186.2,210.4,2025-07-15,1,186.2,Direct,Wednesday,2025-07,fbg_data.csv,cloudbeds
7054375266331,2025-07-15,2025-07-16,1,Quonset,,244.0,275.72,2025-07-15,0,244.0,Direct,Tuesday,2025-07,fbg_data.csv,cloudbeds
4170922250447,2025-07-27,2025-07-28,1,Lantana Dome,,313.0,353.69,2025-07-16,11,313.0,Direct,Sunday,2025-07,fbg_data.csv,cloudbeds
8852338674895,2025-07-20,2025-07-21,1,Spyglass,,379.0,428.27,2025-07-16,4,379.0,Direct,Sunday,2025-07,fbg_data.csv,cloudbeds
1388126777752,2025-07-18,2025-07-20,2,Great Lodge: King Room,,1510.0,1785.4,2025-07-16,2,755.0,Direct,Friday,2025-07,fbg_data.csv,cloudbeds
1388126777752,2025-07-18,2025-07-20,2,Great Lodge: King Room,,1510.0,1785.4,2025-07-16,2,755.0,Direct,Friday,2025-07,fbg_data.csv,cloudbeds
2322991591398,2025-07-18,2025-07-20,2,Diamond,,1438.0,1624.94,2025-07-16,2,719.0,Direct,Friday,2025-07,fbg_data.csv,cloudbeds
7620558330059,2025-07-17,2025-07-18,1,Quonset,,225.4,254.7,2025-07-16,1,225.4,Direct,Thursday,2025-07,fbg_data.csv,cloudbeds
7710661605235,2025-07-17,2025-07-18,1,Diamond,,320.0,361.6,2025-07-16,1,320.0,Direct,Thursday,2025-07,fbg_data.csv,cloudbeds
2276680852665,2025-07-17,2025-07-18,1,Post Oak,,193.49,0.0,2025-07-16,1,193.49,Expedia,Thursday,2025-07,fbg_data.csv,cloudbeds
8591633417513,2025-08-18,2025-08-20,2,Live Oak Lodge,,688.0,862.19,2025-07-17,32,344.0,Direct,Monday,2025-08,fbg_data.csv,cloudbeds
1261344531833,2025-08-07,2025-08-10,3,Sage Safari,,1285.0,1452.05,2025-07-17,21,428.3333333333333,Direct,Thursday,2025-08,fbg_data.csv,cloudbeds
2363872694015,2025-07-26,2025-07-27,1,Cedar Haus,,336.0,0.0,2025-07-17,9,336.0,Airbnb,Saturday,2025-07,fbg_data.csv,cloudbeds
6009232055551,2025-07-21,2025-07-22,1,Spiral,,216.08,0.0,2025-07-17,4,216.08,Airbnb,Monday,2025-07,fbg_data.csv,cloudbeds
7056190395238,2025-07-26,2025-07-27,1,Winecup,,336.0,0.0,2025-07-17,9,336.0,Airbnb,Saturday,2025-07,fbg_data.csv,cloudbeds
7471722075423,2025-07-20,2025-07-21,1,Quonset,,261.1,295.05,2025-07-17,3,261.1,Direct,Sunday,2025-07,fbg_data.csv,cloudbeds
9641952050524,2025-07-25,2025-07-27,2,Live Oak Lodge,,1402.0,1584.26,2025-07-17,8,701.0,Direct,Friday,2025-07,fbg_data.csv,cloudbeds
1732265027869,2025-07-20,2025-07-21,1,Cocoon,,270.2,0.0,2025-07-17,3,270.2,Expedia,Sunday,2025-07,fbg_data.csv,cloudbeds
7388062154577,2025-07-18,2025-07-19,1,Walnut House,,601.0,0.0,2025-07-17,1,601.0,Airbnb,Friday,2025-07,fbg_data.csv,cloudbeds
7062661560409,2025-07-25,2025-07-27,2,Diamond,,1574.0,1778.62,2025-07-17,8,787.0,Direct,Friday,2025-07,fbg_data.csv,cloudbeds
2458620034058,2025-07-18,2025-07-19,1,Great Lodge: King Room,,395.0,446.35,2025-07-17,1,395.0,Direct,Friday,2025-07,fbg_data.csv,cloudbeds
7471931735867,2025-11-07,2025-11-09,2,Cedar Haus,,1154.0,1568.58,2025-07-18,112,577.0,Direct,Friday,2025-11,fbg_data.csv,cloudbeds
1115306039177,2025-09-07,2025-09-11,4,Diamond,,1405.0,1587.65,2025-07-18,51,351.25,Direct,Sunday,2025-09,fbg_data.csv,cloudbeds
1600977039339,2025-08-23,2025-08-25,2,Sage Safari,,888.0,1003.44,2025-07-18,36,444.0,Direct,Saturday,2025-08,fbg_data.csv,cloudbeds
5018423774835,2025-08-22,2025-08-24,2,Quonset,,968.0,1093.84,2025-07-18,35,484.0,Direct,Friday,2025-08,fbg_data.csv,cloudbeds
9301188851433,2025-08-15,2025-08-16,1,Great Lodge: King Room,,344.0,388.72,2025-07-18,28,344.0,Direct,Friday,2025-08,fbg_data.csv,cloudbeds
1321281735641,2025-08-07,2025-08-08,1,Buckeye Bungalow,,227.0,256.51,2025-07-18,20,227.0,Direct,Thursday,2025-08,fbg_data.csv,cloudbeds
6024742622527,2025-07-30,2025-08-01,2,Buckeye Bungalow,,656.0,741.28,2025-07-18,12,328.0,Direct,Wednesday,2025-07,fbg_data.csv,cloudbeds
6024742622527,2025-07-30,2025-08-01,2,Monarch,,656.0,741.28,2025-07-18,12,328.0,Direct,Wednesday,2025-07,fbg_data.csv,cloudbeds
1353524670672,2025-07-25,2025-07-27,2,Cocoon,,670.25,1145.82,2025-07-18,7,335.125,Direct,Friday,2025-07,fbg_data.csv,cloudbeds
2541290450748,2025-07-23,2025-07-25,2,Buckeye Bungalow,,557.0,629.41,2025-07-18,5,278.5,Direct,Wednesday,2025-07,fbg_data.csv,cloudbeds
4634870083253,2025-07-24,2025-07-26,2,Winecup,,791.0,893.83,2025-07-18,6,395.5,Direct,Thursday,2025-07,fbg_data.csv,cloudbeds
4041594790465,2025-07-20,2025-07-22,2,Walnut House,,608.0,687.04,2025-07-18,2,304.0,Direct,Sunday,2025-07,fbg_data.csv,cloudbeds
7019838991145,2025-12-08,2025-12-11,3,Spyglass,,1605.0,1813.65,2025-07-19,142,535.0,Direct,Monday,2025-12,fbg_data.csv,cloudbeds
8577830720376,2025-08-30,2025-09-01,2,Lantana Dome,,1636.0,1848.68,2025-07-19,42,818.0,Direct,Saturday,2025-08,fbg_data.csv,cloudbeds
1576384824487,2025-08-15,2025-08-17,2,Monarch,,968.0,1093.84,2025-07-19,27,484.0,Direct,Friday,2025-08,fbg_data.csv,cloudbeds
5522708384007,2025-08-09,2025-08-11,2,Lantana Dome,,800.0,1115.44,2025-07-19,21,400.0,Direct,Saturday,2025-08,fbg_data.csv,cloudbeds
5108941158667,2025-08-04,2025-08-05,1,Walnut House,,244.0,275.72,2025-07-19,16,244.0,Direct,Monday,2025-08,fbg_data.csv,cloudbeds
7813776253861,2025-08-02,2025-08-04,2,Walnut House,,1458.0,1647.54,2025-07-19,14,729.0,Direct,Saturday,2025-08,fbg_data.csv,cloudbeds
1170930830824,2025-08-02,2025-08-03,1,Quonset,,664.0,750.32,2025-07-19,14,664.0,Direct,Saturday,2025-08,fbg_data.csv,cloudbeds
6071635324209,2025-07-24,2025-07-26,2,Quonset,,496.66,0.0,2025-07-19,5,248.33,Airbnb,Thursday,2025-07,fbg_data.csv,cloudbeds
9645637054756,2025-07-26,2025-07-27,1,Sage Safari,,622.0,0.0,2025-07-19,7,622.0,Airbnb,Saturday,2025-07,fbg_data.csv,cloudbeds
8113035332446,2025-07-19,2025-07-20,1,Buckeye Bungalow,,560.0,0.0,2025-07-19,0,560.0,Airbnb,Saturday,2025-07,fbg_data.csv,cloudbeds
1674285781506,2025-08-29,2025-09-01,3,Diamond,,2425.0,2740.25,2025-07-20,40,808.3333333333334,Direct,Friday,2025-08,fbg_data.csv,cloudbeds
1669633682891,2025-08-12,2025-08-13,1,Diamond,,382.0,431.66,2025-07-20,23,382.0,Direct,Tuesday,2025-08,fbg_data.csv,cloudbeds
5430653768419,2025-08-07,2025-08-10,3,Great Lodge: King Room,,920.63,1471.39,2025-07-20,18,306.87666666666667,Direct,Thursday,2025-08,fbg_data.csv,cloudbeds
9714485139793,2025-07-25,2025-07-27,2,Quonset,,950.0,1073.5,2025-07-20,5,475.0,Direct,Friday,2025-07,fbg_data.csv,cloudbeds
5291463733968,2025-07-26,2025-07-27,1,Spyglass,,672.7,0.0,2025-07-20,6,672.7,Expedia,Saturday,2025-07,fbg_data.csv,cloudbeds
8580356172623,2025-07-21,2025-07-22,1,Diamond,,384.0,433.92,2025-07-20,1,384.0,Direct,Monday,2025-07,fbg_data.csv,cloudbeds
3021852597416,2025-09-29,2025-10-01,2,Live Oak Lodge,,778.0,963.89,2025-07-21,70,389.0,Direct,Monday,2025-09,fbg_data.csv,cloudbeds
5725378636094,2025-08-08,2025-08-10,2,Spyglass,,1168.0,1319.84,2025-07-21,18,584.0,Direct,Friday,2025-08,fbg_data.csv,cloudbeds
8959750663123,2025-08-08,2025-08-10,2,Live Oak Lodge,,1428.0,1613.64,2025-07-21,18,714.0,Direct,Friday,2025-08,fbg_data.csv,cloudbeds
6699878688924,2025-08-01,2025-08-03,2,Buckeye Bungalow,,1572.0,1776.36,2025-07-21,11,786.0,Direct,Friday,2025-08,fbg_data.csv,cloudbeds
8006691720015,2025-07-26,2025-07-28,2,Walnut House,,1257.0,1420.41,2025-07-21,5,628.5,Direct,Saturday,2025-07,fbg_data.csv,cloudbeds
6420735347071,2025-07-23,2025-07-25,2,Monarch,,632.0,714.16,2025-07-21,2,316.0,Direct,Wednesday,2025-07,fbg_data.csv,cloudbeds
8047899219662,2025-07-25,2025-07-26,1,Sage Safari,,622.0,0.0,2025-07-21,4,622.0,Airbnb,Friday,2025-07,fbg_data.csv,cloudbeds
6284471244907,2025-07-25,2025-07-27,2,Great Lodge: King Room,,712.0,804.56,2025-07-21,4,356.0,Direct,Friday,2025-07,fbg_data.csv,cloudbeds
4368662100150,2025-10-12,2025-10-14,2,Monolith,,659.02,1711.95,2025-07-22,82,329.51,Direct,Sunday,2025-10,fbg_data.csv,cloudbeds
7711062725959,2025-08-20,2025-08-21,1,Live Oak Lodge,,244.0,275.72,2025-07-22,29,244.0,Direct,Wednesday,2025-08,fbg_data.csv,cloudbeds
4815658458730,2025-08-23,2025-08-24,1,Cedar Haus,,344.0,388.72,2025-07-22,32,344.0,Direct,Saturday,2025-08,fbg_data.csv,cloudbeds
9584082084365,2025-08-16,2025-08-17,1,Winecup,,266.26,388.72,2025-07-22,25,266.26,Direct,Saturday,2025-08,fbg_data.csv,cloudbeds
6319034818735,2025-08-07,2025-08-09,2,Great Lodge: King Room,,617.0,697.21,2025-07-22,16,308.5,Direct,Thursday,2025-08,fbg_data.csv,cloudbeds
4463978347803,2025-08-05,2025-08-07,2,Sage Safari,,448.0,506.24,2025-07-22,14,224.0,Direct,Tuesday,2025-08,fbg_data.csv,cloudbeds
5402174824282,2025-08-09,2025-08-10,1,Cocoon,,483.0,545.79,2025-07-22,18,483.0,Direct,Saturday,2025-08,fbg_data.csv,cloudbeds
9746460691525,2025-07-28,2025-07-29,1,Walnut House,,294.0,0.0,2025-07-22,6,294.0,Airbnb,Monday,2025-07,fbg_data.csv,cloudbeds
8521404654358,2025-07-24,2025-07-25,1,Cedar Haus,,249.0,281.37,2025-07-22,2,249.0,Direct,Thursday,2025-07,fbg_data.csv,cloudbeds
4038047349604,2025-07-25,2025-07-26,1,Cypress Lodge | Sleeps 2,,387.0,437.31,2025-07-22,3,387.0,Direct,Friday,2025-07,fbg_data.csv,cloudbeds
4407912430229,2025-07-22,2025-07-24,2,Quonset,,528.0,596.64,2025-07-22,0,264.0,Direct,Tuesday,2025-07,fbg_data.csv,cloudbeds
5853539303945,2025-07-26,2025-07-27,1,Great Lodge: King Room,,355.0,401.15,2025-07-22,4,355.0,Direct,Saturday,2025-07,fbg_data.csv,cloudbeds
9006263867045,2025-08-22,2025-08-23,1,Quonset,,342.0,386.46,2025-07-23,30,342.0,Direct,Friday,2025-08,fbg_data.csv,cloudbeds
8390467567066,2025-08-15,2025-08-17,2,Spyglass,,499.43,1582.14,2025-07-23,23,249.715,Direct,Friday,2025-08,fbg_data.csv,cloudbeds
8125954220525,2025-08-16,2025-08-17,1,Lantana Dome,,481.0,543.53,2025-07-23,24,481.0,Direct,Saturday,2025-08,fbg_data.csv,cloudbeds
9790623609577,2025-08-03,2025-08-06,3,Post Oak,,650.0,734.5,2025-07-23,11,216.66666666666666,Direct,Sunday,2025-08,fbg_data.csv,cloudbeds
8025340822460,2025-08-02,2025-08-03,1,Great Lodge: King Room,,491.0,554.83,2025-07-23,10,491.0,Direct,Saturday,2025-08,fbg_data.csv,cloudbeds
7889832836463,2025-07-28,2025-07-29,1,Cocoon,,233.55,263.91,2025-07-23,5,233.55,Direct,Monday,2025-07,fbg_data.csv,cloudbeds
4404917856706,2025-07-26,2025-07-27,1,Lantana Dome,,374.0,422.62,2025-07-23,3,374.0,Direct,Saturday,2025-07,fbg_data.csv,cloudbeds
3797364603473,2025-07-25,2025-07-26,1,Lantana Dome,,374.0,422.62,2025-07-23,2,374.0,Direct,Friday,2025-07,fbg_data.csv,cloudbeds
8885722235334,2025-07-23,2025-07-24,1,Monolith,,332.0,375.16,2025-07-23,0,332.0,Direct,Wednesday,2025-07,fbg_data.csv,cloudbeds
4096894937438,2025-07-25,2025-07-27,2,Spiral,,966.0,1091.58,2025-07-23,2,483.0,Direct,Friday,2025-07,fbg_data.csv,cloudbeds
7721770184670,2025-07-25,2025-07-26,1,Cedar Haus,,244.0,275.72,2025-07-23,2,244.0,Direct,Friday,2025-07,fbg_data.csv,cloudbeds
5876509569599,2025-07-23,2025-07-24,1,Cedar Haus,,195.8,0.0,2025-07-23,0,195.8,Airbnb,Wednesday,2025-07,fbg_data.csv,cloudbeds
2819977939775,2025-07-26,2025-07-27,1,Great Lodge: King Room,,244.0,275.72,2025-07-23,3,244.0,Direct,Saturday,2025-07,fbg_data.csv,cloudbeds
9243495318267,2025-07-23,2025-07-24,1,Lantana Dome,,224.0,253.12,2025-07-23,0,224.0,Direct,Wednesday,2025-07,fbg_data.csv,cloudbeds
3958331568916,2025-07-26,2025-07-27,1,Cypress Lodge | Sleeps 2,,244.0,275.72,2025-07-23,3,244.0,Direct,Saturday,2025-07,fbg_data.csv,cloudbeds
6708199557896,2025-07-25,2025-07-27,2,Bluebonnet,,1278.0,1444.14,2025-07-23,2,639.0,Direct,Friday,2025-07,fbg_data.csv,cloudbeds
7073159663974,2025-08-13,2025-08-16,3,Buckeye Bungalow,,976.0,1102.88,2025-07-24,20,325.3333333333333,Direct,Wednesday,2025-08,fbg_data.csv,cloudbeds
3994656225667,2025-08-09,2025-08-11,2,Quonset,,613.0,692.69,2025-07-24,16,306.5,Direct,Saturday,2025-08,fbg_data.csv,cloudbeds
9539650313652,2025-07-24,2025-07-28,4,Great Lodge: King Room,,956.0,1344.84,2025-07-24,0,239.0,Direct,Thursday,2025-07,fbg_data.csv,cloudbeds
9439375645477,2025-07-26,2025-07-27,1,Quonset,,414.0,467.82,2025-07-24,2,414.0,Direct,Saturday,2025-07,fbg_data.csv,cloudbeds
3207550620194,2025-07-26,2025-07-27,1,Buckeye Bungalow,,374.0,422.62,2025-07-24,2,374.0,Direct,Saturday,2025-07,fbg_data.csv,cloudbeds
9625423133391,2025-07-24,2025-07-25,1,Cocoon,,282.0,318.66,2025-07-24,0,282.0,Direct,Thursday,2025-07,fbg_data.csv,cloudbeds
9656571977134,2025-08-20,2025-08-22,2,Diamond,,717.0,810.21,2025-07-25,26,358.5,Direct,Wednesday,2025-08,fbg_data.csv,cloudbeds
8616050086752,2025-08-21,2025-08-24,3,Buckeye Bungalow,,1234.0,1394.42,2025-07-25,27,411.3333333333333,Direct,Thursday,2025-08,fbg_data.csv,cloudbeds
4001703242468,2025-08-10,2025-08-12,2,Buckeye Bungalow,,443.6,501.26,2025-07-25,16,221.8,Direct,Sunday,2025-08,fbg_data.csv,cloudbeds
4183167769313,2025-08-13,2025-08-15,2,Monolith,,632.4,714.61,2025-07-25,19,316.2,Direct,Wednesday,2025-08,fbg_data.csv,cloudbeds
2627486110501,2025-08-08,2025-08-10,2,Winecup,,962.0,1087.06,2025-07-25,14,481.0,Direct,Friday,2025-08,fbg_data.csv,cloudbeds
1427378554100,2025-08-03,2025-08-05,2,Monarch,,651.0,735.63,2025-07-25,9,325.5,Direct,Sunday,2025-08,fbg_data.csv,cloudbeds
7933726545476,2025-08-03,2025-08-04,1,Great Lodge: King Room,,237.0,267.81,2025-07-25,9,237.0,Direct,Sunday,2025-08,fbg_data.csv,cloudbeds
1185745052176,2025-07-28,2025-07-30,2,Bluebonnet,,448.0,506.24,2025-07-25,3,224.0,Direct,Monday,2025-07,fbg_data.csv,cloudbeds
6587547089754,2025-07-27,2025-07-28,1,Spyglass,,445.92,503.89,2025-07-25,2,445.92,Booking.com,Sunday,2025-07,fbg_data.csv,cloudbeds
9332620781800,2025-07-28,2025-07-30,2,Cedar Haus,,408.0,461.04,2025-07-25,3,204.0,Direct,Monday,2025-07,fbg_data.csv,cloudbeds
2314077574569,2025-07-26,2025-07-27,1,Great Lodge: King Room,,244.0,275.72,2025-07-25,1,244.0,Direct,Saturday,2025-07,fbg_data.csv,cloudbeds
1114950344203,2025-07-26,2025-07-27,1,Great Lodge: King Room,,244.0,275.72,2025-07-25,1,244.0,Direct,Saturday,2025-07,fbg_data.csv,cloudbeds
8549901688105,2025-07-25,2025-07-26,1,Great Lodge: King Room,,246.0,0.0,2025-07-25,0,246.0,Airbnb,Friday,2025-07,fbg_data.csv,cloudbeds
9221932069406,2025-07-25,2025-07-26,1,Great Lodge: King Room,,244.0,275.72,2025-07-25,0,244.0,Direct,Friday,2025-07,fbg_data.csv,cloudbeds
2712565267235,2025-07-25,2025-07-26,1,Great Lodge: King Room,,244.0,275.72,2025-07-25,0,244.0,Direct,Friday,2025-07,fbg_data.csv,cloudbeds
8009211596267,2025-07-25,2025-07-26,1,Buckeye Bungalow,,306.2,346.0,2025-07-25,0,306.2,Direct,Friday,2025-07,fbg_data.csv,cloudbeds
2733899949473,2025-11-23,2025-11-25,2,Monolith,,1090.0,1231.7,2025-07-26,120,545.0,Direct,Sunday,2025-11,fbg_data.csv,cloudbeds
5822013260545,2025-11-04,2025-11-06,2,Monolith,,1090.0,1231.7,2025-07-26,101,545.0,Direct,Tuesday,2025-11,fbg_data.csv,cloudbeds
4692848400438,2025-08-28,2025-08-31,3,Winecup,,1706.0,2192.34,2025-07-26,33,568.6666666666666,Direct,Thursday,2025-08,fbg_data.csv,cloudbeds
5487862045201,2025-08-16,2025-08-17,1,Sage Safari,,481.0,543.53,2025-07-26,21,481.0,Direct,Saturday,2025-08,fbg_data.csv,cloudbeds
2749856619690,2025-08-06,2025-08-07,1,Diamond,,263.0,297.19,2025-07-26,11,263.0,Direct,Wednesday,2025-08,fbg_data.csv,cloudbeds
3682375306697,2025-08-08,2025-08-10,2,Cypress Lodge | Sleeps 2,,998.92,1128.78,2025-07-26,13,499.46,Booking.com,Friday,2025-08,fbg_data.csv,cloudbeds
6162089288550,2025-07-31,2025-08-01,1,Monolith,,234.66,401.15,2025-07-26,5,234.66,Direct,Thursday,2025-07,fbg_data.csv,cloudbeds
1849754726938,2025-07-31,2025-08-01,1,Monolith,,291.0,328.83,2025-07-26,5,291.0,Direct,Thursday,2025-07,fbg_data.csv,cloudbeds
7479955037527,2025-08-02,2025-08-03,1,Lantana Dome,,614.0,693.82,2025-07-26,7,614.0,Direct,Saturday,2025-08,fbg_data.csv,cloudbeds
2744433465676,2025-07-29,2025-07-30,1,Spyglass,,210.2,237.52,2025-07-26,3,210.2,Direct,Tuesday,2025-07,fbg_data.csv,cloudbeds
1334293733862,2025-07-26,2025-07-27,1,Diamond,,879.0,1257.83,2025-07-26,0,879.0,Direct,Saturday,2025-07,fbg_data.csv,cloudbeds
4338283583809,2025-08-17,2025-08-20,3,Pecan Haus,,562.53,0.0,2025-07-27,21,187.51,Expedia,Sunday,2025-08,fbg_data.csv,cloudbeds
4098824157140,2025-08-22,2025-08-24,2,Spyglass,,1162.0,1313.06,2025-07-27,26,581.0,Direct,Friday,2025-08,fbg_data.csv,cloudbeds
1617426975799,2025-08-15,2025-08-17,2,Cypress Lodge | Sleeps 4,,868.0,980.84,2025-07-27,19,434.0,Direct,Friday,2025-08,fbg_data.csv,cloudbeds
5457979761731,2025-08-10,2025-08-11,1,Live Oak Lodge,,233.4,263.74,2025-07-27,14,233.4,Direct,Sunday,2025-08,fbg_data.csv,cloudbeds
2816942796046,2025-08-03,2025-08-05,2,Buckeye Bungalow,,575.0,649.75,2025-07-27,7,287.5,Direct,Sunday,2025-08,fbg_data.csv,cloudbeds
3221161467119,2025-08-02,2025-08-04,2,Cypress Lodge | Sleeps 2,,861.0,972.93,2025-07-27,6,430.5,Direct,Saturday,2025-08,fbg_data.csv,cloudbeds
2889381849664,2025-08-01,2025-08-02,1,Cypress Lodge | Sleeps 2,,330.95,0.0,2025-07-27,5,330.95,Airbnb,Friday,2025-08,fbg_data.csv,cloudbeds
7013622711173,2025-07-31,2025-08-03,3,Great Lodge: King Room,,1005.0,1135.65,2025-07-27,4,335.0,Direct,Thursday,2025-07,fbg_data.csv,cloudbeds
5439221938550,2025-07-29,2025-07-30,1,Cypress Lodge | Sleeps 2,,203.0,229.39,2025-07-27,2,203.0,Direct,Tuesday,2025-07,fbg_data.csv,cloudbeds
6800097279605,2025-07-30,2025-07-31,1,Live Oak Lodge,,263.0,297.19,2025-07-27,3,263.0,Direct,Wednesday,2025-07,fbg_data.csv,cloudbeds
6043827426347,2025-07-28,2025-07-30,2,Buckeye Bungalow,,448.0,506.24,2025-07-27,1,224.0,Direct,Monday,2025-07,fbg_data.csv,cloudbeds
6879214268528,2025-07-28,2025-07-29,1,Spyglass,,285.0,0.0,2025-07-27,1,285.0,Airbnb,Monday,2025-07,fbg_data.csv,cloudbeds
7649937935663,2026-10-26,2026-10-28,2,Monarch,,1082.0,1222.66,2025-07-28,455,541.0,Direct,Monday,2026-10,fbg_data.csv,cloudbeds
9737462232015,2025-08-25,2025-08-27,2,Monolith,,561.2,634.16,2025-07-28,28,280.6,Direct,Monday,2025-08,fbg_data.csv,cloudbeds
2402807513808,2025-08-23,2025-08-25,2,Monarch,,1183.0,1336.79,2025-07-28,26,591.5,Direct,Saturday,2025-08,fbg_data.csv,cloudbeds
4784680106993,2025-08-07,2025-08-09,2,Lantana Dome,,796.0,899.48,2025-07-28,10,398.0,Direct,Thursday,2025-08,fbg_data.csv,cloudbeds
4768924385533,2025-08-08,2025-08-09,1,Great Lodge: King Room,,342.0,386.46,2025-07-28,11,342.0,Direct,Friday,2025-08,fbg_data.csv,cloudbeds
9064452977183,2025-08-08,2025-08-10,2,Monarch,,1267.0,0.0,2025-07-28,11,633.5,Airbnb,Friday,2025-08,fbg_data.csv,cloudbeds
9253575025216,2025-08-01,2025-08-02,1,Winecup,,324.0,366.12,2025-07-28,4,324.0,Direct,Friday,2025-08,fbg_data.csv,cloudbeds
8853138625995,2025-08-01,2025-08-02,1,Cedar Haus,,340.16,0.0,2025-07-28,4,340.16,Airbnb,Friday,2025-08,fbg_data.csv,cloudbeds
7346148130577,2025-07-30,2025-07-31,1,Cocoon,,174.0,253.12,2025-07-28,2,174.0,Direct,Wednesday,2025-07,fbg_data.csv,cloudbeds
6237019140081,2025-09-06,2025-09-07,1,Winecup,,412.0,465.56,2025-07-29,39,412.0,Direct,Saturday,2025-09,fbg_data.csv,cloudbeds
8533785238071,2025-08-25,2025-08-27,2,Monolith,,561.2,634.16,2025-07-29,27,280.6,Direct,Monday,2025-08,fbg_data.csv,cloudbeds
7671938035224,2025-08-25,2025-08-28,3,Juniper Haus,,729.0,823.77,2025-07-29,27,243.0,Direct,Monday,2025-08,fbg_data.csv,cloudbeds
8972372221155,2025-08-17,2025-08-20,3,Sage Safari,,706.0,797.78,2025-07-29,19,235.33333333333334,Direct,Sunday,2025-08,fbg_data.csv,cloudbeds
8910074550312,2025-08-15,2025-08-18,3,Great Lodge: King Room,,1062.0,1200.06,2025-07-29,17,354.0,Direct,Friday,2025-08,fbg_data.csv,cloudbeds
5959842092760,2025-08-11,2025-08-13,2,Spiral,,434.8,491.32,2025-07-29,13,217.4,Direct,Monday,2025-08,fbg_data.csv,cloudbeds
6885455773687,2025-08-10,2025-08-11,1,Cypress Lodge | Sleeps 2,,236.0,266.68,2025-07-29,12,236.0,Direct,Sunday,2025-08,fbg_data.csv,cloudbeds
5042833195892,2025-08-05,2025-08-07,2,Bluebonnet,,446.0,503.98,2025-07-29,7,223.0,Direct,Tuesday,2025-08,fbg_data.csv,cloudbeds
8706932695151,2025-08-08,2025-08-10,2,Cypress Lodge | Sleeps 4,,868.0,980.84,2025-07-29,10,434.0,Direct,Friday,2025-08,fbg_data.csv,cloudbeds
2785204857778,2025-08-07,2025-08-10,3,Great Lodge: King Room,,1062.0,1200.06,2025-07-29,9,354.0,Direct,Thursday,2025-08,fbg_data.csv,cloudbeds
1809761995942,2025-08-04,2025-08-05,1,Sage Safari,,223.0,251.99,2025-07-29,6,223.0,Direct,Monday,2025-08,fbg_data.csv,cloudbeds
8859552962887,2025-08-01,2025-08-04,3,Bluebonnet,,855.0,0.0,2025-07-29,3,285.0,Airbnb,Friday,2025-08,fbg_data.csv,cloudbeds
9034475216016,2025-07-29,2025-07-30,1,Cocoon,,224.0,253.12,2025-07-29,0,224.0,Direct,Tuesday,2025-07,fbg_data.csv,cloudbeds
6874528459564,2025-12-06,2025-12-09,3,Sage Safari,,1514.0,1686.12,2025-07-30,129,504.6666666666667,Direct,Saturday,2025-12,fbg_data.csv,cloudbeds
2657270752493,2025-09-08,2025-09-10,2,Spyglass,,662.0,748.06,2025-07-30,40,331.0,Direct,Monday,2025-09,fbg_data.csv,cloudbeds
1211109338714,2025-08-24,2025-08-26,2,Walnut House,,529.0,597.77,2025-07-30,25,264.5,Direct,Sunday,2025-08,fbg_data.csv,cloudbeds
8465355671216,2025-08-22,2025-08-24,2,Diamond,,1418.0,1602.34,2025-07-30,23,709.0,Direct,Friday,2025-08,fbg_data.csv,cloudbeds
6221201999076,2025-08-06,2025-08-08,2,Post Oak,,501.0,650.88,2025-07-30,7,250.5,Direct,Wednesday,2025-08,fbg_data.csv,cloudbeds
8375932171173,2025-08-04,2025-08-06,2,Great Lodge: King Room,,406.0,458.78,2025-07-30,5,203.0,Direct,Monday,2025-08,fbg_data.csv,cloudbeds
1276519027005,2025-08-05,2025-08-07,2,Walnut House,,252.8,455.16,2025-07-30,6,126.4,Direct,Tuesday,2025-08,fbg_data.csv,cloudbeds
6799720034069,2025-08-08,2025-08-10,2,Buckeye Bungalow,,962.0,1087.06,2025-07-30,9,481.0,Direct,Friday,2025-08,fbg_data.csv,cloudbeds
9533618272091,2025-08-03,2025-08-04,1,Lantana Dome,,260.0,293.8,2025-07-30,4,260.0,Direct,Sunday,2025-08,fbg_data.csv,cloudbeds
7018063894019,2025-08-01,2025-08-02,1,Lantana Dome,,461.0,0.0,2025-07-30,2,461.0,Airbnb,Friday,2025-08,fbg_data.csv,cloudbeds
3036051414438,2025-07-30,2025-08-01,2,Diamond,,676.0,763.88,2025-07-30,0,338.0,Direct,Wednesday,2025-07,fbg_data.csv,cloudbeds
8160099823938,2026-04-13,2026-04-15,2,Lantana Dome,,622.0,702.86,2025-07-30,257,311.0,Direct,Monday,2026-04,fbg_data.csv,cloudbeds
8387052755762,2025-08-07,2025-08-09,2,Quonset,,813.0,918.69,2025-07-31,7,406.5,Direct,Thursday,2025-08,fbg_data.csv,cloudbeds
8757126180885,2025-08-08,2025-08-10,2,Post Oak,,764.0,863.32,2025-07-31,8,382.0,Direct,Friday,2025-08,fbg_data.csv,cloudbeds
7753654099123,2025-08-02,2025-08-03,1,Cedar Haus,,324.0,366.12,2025-07-31,2,324.0,Direct,Saturday,2025-08,fbg_data.csv,cloudbeds
6219335613485,2025-07-31,2025-08-01,1,Lantana Dome,,294.0,332.22,2025-07-31,0,294.0,Direct,Thursday,2025-07,fbg_data.csv,cloudbeds
3566552699558,2025-11-24,2025-11-26,2,Diamond,,1016.0,1148.08,2025-08-01,115,508.0,Direct,Monday,2025-11,fbg_data.csv,cloudbeds
5553841538543,2025-09-20,2025-09-23,3,Monolith,,2271.6,2566.91,2025-08-01,50,757.1999999999999,Direct,Saturday,2025-09,fbg_data.csv,cloudbeds
6872671303700,2025-09-05,2025-09-07,2,Juniper Haus,,824.0,931.12,2025-08-01,35,412.0,Direct,Friday,2025-09,fbg_data.csv,cloudbeds
7220904646916,2025-08-29,2025-09-01,3,Cypress Lodge | Sleeps 6,,1951.0,2204.63,2025-08-01,28,650.3333333333334,Direct,Friday,2025-08,fbg_data.csv,cloudbeds
7512217581663,2025-08-28,2025-09-01,4,Spyglass,,3220.0,3638.6,2025-08-01,27,805.0,Direct,Thursday,2025-08,fbg_data.csv,cloudbeds
8224407124514,2025-08-23,2025-08-25,2,Diamond,,1150.0,1299.5,2025-08-01,22,575.0,Direct,Saturday,2025-08,fbg_data.csv,cloudbeds
5043886401371,2025-08-23,2025-08-24,1,Great Lodge: King Room,,342.0,386.46,2025-08-01,22,342.0,Direct,Saturday,2025-08,fbg_data.csv,cloudbeds
8376347442173,2025-08-16,2025-08-17,1,Live Oak Lodge,,688.78,778.32,2025-08-01,15,688.78,Direct,Saturday,2025-08,fbg_data.csv,cloudbeds
4633066119348,2025-08-12,2025-08-15,3,Spyglass,,646.99,0.0,2025-08-01,11,215.66333333333333,Airbnb,Tuesday,2025-08,fbg_data.csv,cloudbeds
9266437113392,2025-08-08,2025-08-10,2,Monolith,,1618.0,1828.34,2025-08-01,7,809.0,Direct,Friday,2025-08,fbg_data.csv,cloudbeds
1655104606050,2025-08-02,2025-08-04,2,Diamond,,1232.0,1392.16,2025-08-01,1,616.0,Direct,Saturday,2025-08,fbg_data.csv,cloudbeds
8130987852917,2025-08-01,2025-08-03,2,Monarch,,1488.0,1946.0,2025-08-01,0,744.0,Direct,Friday,2025-08,fbg_data.csv,cloudbeds
1278045050908,2025-12-18,2025-12-21,3,Monarch,,2160.0,2440.8,2025-08-02,138,720.0,Direct,Thursday,2025-12,fbg_data.csv,cloudbeds
7469716094521,2025-08-29,2025-09-01,3,Monarch,,2514.0,2840.82,2025-08-02,27,838.0,Direct,Friday,2025-08,fbg_data.csv,cloudbeds
2302646372441,2025-08-30,2025-09-01,2,Post Oak,,823.0,1037.34,2025-08-02,28,411.5,Direct,Saturday,2025-08,fbg_data.csv,cloudbeds
5061806139684,2025-08-31,2025-09-01,1,Walnut House,,403.0,455.39,2025-08-02,29,403.0,Direct,Sunday,2025-08,fbg_data.csv,cloudbeds
2634646085297,2025-08-06,2025-08-08,2,Cypress Lodge | Sleeps 2,,422.0,476.86,2025-08-02,4,211.0,Direct,Wednesday,2025-08,fbg_data.csv,cloudbeds
8722326502743,2025-08-04,2025-08-05,1,Cypress Lodge | Sleeps 6,,263.0,297.19,2025-08-02,2,263.0,Direct,Monday,2025-08,fbg_data.csv,cloudbeds
3580633371842,2025-08-02,2025-08-04,2,Winecup,,898.0,1014.74,2025-08-02,0,449.0,Direct,Saturday,2025-08,fbg_data.csv,cloudbeds
1912980501971,2025-08-29,2025-09-01,3,Great Lodge: King Room,,1131.0,1278.03,2025-08-03,26,377.0,Direct,Friday,2025-08,fbg_data.csv,cloudbeds
4072496058379,2025-08-22,2025-08-24,2,Lantana Dome,,962.0,1298.5,2025-08-03,19,481.0,Direct,Friday,2025-08,fbg_data.csv,cloudbeds
3105505270450,2025-08-15,2025-08-17,2,Walnut House,,1162.0,1524.5,2025-08-03,12,581.0,Direct,Friday,2025-08,fbg_data.csv,cloudbeds
3463902012053,2025-08-17,2025-08-19,2,Monolith,,781.0,882.53,2025-08-03,14,390.5,Direct,Sunday,2025-08,fbg_data.csv,cloudbeds
2250030157827,2025-08-06,2025-08-08,2,Great Lodge: King Room,,501.0,566.13,2025-08-03,3,250.5,Direct,Wednesday,2025-08,fbg_data.csv,cloudbeds
9032008569591,2025-08-09,2025-08-11,2,Monolith,,1248.0,1410.24,2025-08-03,6,624.0,Direct,Saturday,2025-08,fbg_data.csv,cloudbeds
6885951084806,2025-08-04,2025-08-05,1,Great Lodge: King Room,,203.0,229.39,2025-08-03,1,203.0,Direct,Monday,2025-08,fbg_data.csv,cloudbeds
7721731323447,2025-09-19,2025-09-21,2,Quonset,,824.0,931.12,2025-08-04,46,412.0,Direct,Friday,2025-09,fbg_data.csv,cloudbeds
6549155458937,2025-09-14,2025-09-17,3,Post Oak,,960.0,1084.8,2025-08-04,41,320.0,Direct,Sunday,2025-09,fbg_data.csv,cloudbeds
9016479561198,2025-08-22,2025-08-23,1,Post Oak,,342.0,386.46,2025-08-04,18,342.0,Direct,Friday,2025-08,fbg_data.csv,cloudbeds
2291614574380,2025-08-11,2025-08-12,1,Spyglass,,619.0,778.57,2025-08-04,7,619.0,Direct,Monday,2025-08,fbg_data.csv,cloudbeds
2291614574380,2025-08-11,2025-08-12,1,Lantana Dome,,619.0,778.57,2025-08-04,7,619.0,Direct,Monday,2025-08,fbg_data.csv,cloudbeds
2291614574380,2025-08-11,2025-08-12,1,Sage Safari,,619.0,778.57,2025-08-04,7,619.0,Direct,Monday,2025-08,fbg_data.csv,cloudbeds
5551470187259,2025-08-10,2025-08-11,1,Walnut House,,283.0,319.79,2025-08-04,6,283.0,Direct,Sunday,2025-08,fbg_data.csv,cloudbeds
2039813622361,2025-08-07,2025-08-09,2,Quonset,,796.0,899.48,2025-08-04,3,398.0,Direct,Thursday,2025-08,fbg_data.csv,cloudbeds
4950278581773,2025-08-09,2025-08-10,1,Quonset,,479.35,0.0,2025-08-04,5,479.35,Expedia,Saturday,2025-08,fbg_data.csv,cloudbeds
1403183486864,2025-08-09,2025-08-10,1,Juniper Haus,,299.5,0.0,2025-08-04,5,299.5,Airbnb,Saturday,2025-08,fbg_data.csv,cloudbeds
3828135206672,2025-08-04,2025-08-05,1,Great Lodge: King Room,,203.0,229.39,2025-08-04,0,203.0,Direct,Monday,2025-08,fbg_data.csv,cloudbeds
3425941568557,2025-11-04,2025-11-06,2,Live Oak Lodge,,872.7,986.14,2025-08-05,91,436.35,Direct,Tuesday,2025-11,fbg_data.csv,cloudbeds
5319496157590,2025-09-17,2025-09-18,1,Cocoon,,240.85,327.7,2025-08-05,43,240.85,Direct,Wednesday,2025-09,fbg_data.csv,cloudbeds
9240323750214,2025-09-05,2025-09-07,2,Walnut House,,1317.0,1687.3,2025-08-05,31,658.5,Direct,Friday,2025-09,fbg_data.csv,cloudbeds
8449216605404,2025-08-21,2025-08-24,3,Monolith,,1689.0,1908.57,2025-08-05,16,563.0,Direct,Thursday,2025-08,fbg_data.csv,cloudbeds
6949094278191,2025-08-17,2025-08-18,1,Spyglass,,219.39,0.0,2025-08-05,12,219.39,Expedia,Sunday,2025-08,fbg_data.csv,cloudbeds
2196690015154,2025-08-21,2025-08-24,3,Monolith,,1689.0,1908.57,2025-08-05,16,563.0,Direct,Thursday,2025-08,fbg_data.csv,cloudbeds
4483989759451,2025-08-22,2025-08-24,2,Walnut House,,1025.0,1158.25,2025-08-05,17,512.5,Direct,Friday,2025-08,fbg_data.csv,cloudbeds
6411429058979,2025-08-10,2025-08-11,1,Monarch,,333.0,376.29,2025-08-05,5,333.0,Direct,Sunday,2025-08,fbg_data.csv,cloudbeds
5760777666899,2025-08-08,2025-08-10,2,Bluebonnet,,873.0,986.49,2025-08-05,3,436.5,Direct,Friday,2025-08,fbg_data.csv,cloudbeds
8495401766303,2025-08-05,2025-08-06,1,Monarch,,275.0,0.0,2025-08-05,0,275.0,Airbnb,Tuesday,2025-08,fbg_data.csv,cloudbeds
2529051893136,2025-09-13,2025-09-14,1,Spyglass,,940.05,1062.25,2025-08-06,38,940.05,Direct,Saturday,2025-09,fbg_data.csv,cloudbeds
6962871061705,2025-08-18,2025-08-20,2,Spiral,,446.0,503.98,2025-08-06,12,223.0,Direct,Monday,2025-08,fbg_data.csv,cloudbeds
4591357762475,2025-08-16,2025-08-17,1,Great Lodge: King Room,,347.0,392.11,2025-08-06,10,347.0,Direct,Saturday,2025-08,fbg_data.csv,cloudbeds
2635372868570,2025-08-11,2025-08-13,2,Live Oak Lodge,,486.0,549.18,2025-08-06,5,243.0,Direct,Monday,2025-08,fbg_data.csv,cloudbeds
9973241198210,2025-08-10,2025-08-12,2,Juniper Haus,,326.96,0.0,2025-08-06,4,163.48,Airbnb,Sunday,2025-08,fbg_data.csv,cloudbeds
1922320384835,2025-08-10,2025-08-11,1,Spyglass,,278.0,0.0,2025-08-06,4,278.0,Airbnb,Sunday,2025-08,fbg_data.csv,cloudbeds
3020116589946,2025-08-09,2025-08-10,1,Cedar Haus,,315.04,0.0,2025-08-06,3,315.04,Expedia,Saturday,2025-08,fbg_data.csv,cloudbeds
9789996051381,2025-08-10,2025-08-11,1,Winecup,,267.0,301.71,2025-08-06,4,267.0,Direct,Sunday,2025-08,fbg_data.csv,cloudbeds
7419718641913,2025-08-08,2025-08-10,2,Diamond,,1463.0,1653.19,2025-08-06,2,731.5,Direct,Friday,2025-08,fbg_data.csv,cloudbeds
5562725915429,2025-08-08,2025-08-09,1,Juniper Haus,,254.26,0.0,2025-08-06,2,254.26,Expedia,Friday,2025-08,fbg_data.csv,cloudbeds
3905933234521,2025-08-19,2025-08-21,2,Lantana Dome,,573.28,647.8,2025-08-07,12,286.64,Booking.com,Tuesday,2025-08,fbg_data.csv,cloudbeds
3403134066900,2025-08-17,2025-08-20,3,Diamond,,1037.0,1554.35,2025-08-07,10,345.6666666666667,Direct,Sunday,2025-08,fbg_data.csv,cloudbeds
3403134066900,2025-08-17,2025-08-20,3,Diamond,,1037.0,1554.35,2025-08-07,10,345.6666666666667,Direct,Sunday,2025-08,fbg_data.csv,cloudbeds
2656516254155,2025-08-21,2025-08-22,1,Spyglass,,229.0,258.77,2025-08-07,14,229.0,Direct,Thursday,2025-08,fbg_data.csv,cloudbeds
6989436783755,2025-08-22,2025-08-23,1,Cypress Lodge | Sleeps 2,,330.0,372.9,2025-08-07,15,330.0,Direct,Friday,2025-08,fbg_data.csv,cloudbeds
4838136320910,2025-08-23,2025-08-24,1,Cypress Lodge | Sleeps 2,,347.0,392.11,2025-08-07,16,347.0,Direct,Saturday,2025-08,fbg_data.csv,cloudbeds
7167100776281,2025-08-18,2025-08-19,1,Buckeye Bungalow,,223.0,251.99,2025-08-07,11,223.0,Direct,Monday,2025-08,fbg_data.csv,cloudbeds
4818077111851,2025-08-16,2025-08-17,1,Juniper Haus,,311.0,351.43,2025-08-07,9,311.0,Direct,Saturday,2025-08,fbg_data.csv,cloudbeds
8319828683788,2025-08-12,2025-08-14,2,Walnut House,,402.8,455.16,2025-08-07,5,201.4,Direct,Tuesday,2025-08,fbg_data.csv,cloudbeds
9435514945426,2025-08-12,2025-08-13,1,Monolith,,312.6,353.24,2025-08-07,5,312.6,Direct,Tuesday,2025-08,fbg_data.csv,cloudbeds
8985877476989,2025-08-08,2025-08-10,2,Great Lodge: King Room,,695.0,785.35,2025-08-07,1,347.5,Direct,Friday,2025-08,fbg_data.csv,cloudbeds
3687938111580,2025-08-07,2025-08-08,1,Walnut House,,229.0,258.77,2025-08-07,0,229.0,Direct,Thursday,2025-08,fbg_data.csv,cloudbeds
8898195389142,2025-11-28,2025-12-02,4,Diamond,,1728.0,2164.08,2025-08-08,112,432.0,Direct,Friday,2025-11,fbg_data.csv,cloudbeds
3655112386293,2025-10-19,2025-10-20,1,Monarch,,700.85,791.96,2025-08-08,72,700.85,Direct,Sunday,2025-10,fbg_data.csv,cloudbeds
6592396830117,2025-09-11,2025-09-15,4,Live Oak Lodge,,2458.0,2777.54,2025-08-08,34,614.5,Direct,Thursday,2025-09,fbg_data.csv,cloudbeds
4159330348432,2025-08-30,2025-09-01,2,Great Lodge: King Room,,731.0,826.03,2025-08-08,22,365.5,Direct,Saturday,2025-08,fbg_data.csv,cloudbeds
6838741619053,2025-08-16,2025-08-19,3,Monolith,,1452.0,1640.76,2025-08-08,8,484.0,Direct,Saturday,2025-08,fbg_data.csv,cloudbeds
9067082428332,2025-08-15,2025-08-17,2,Cypress Lodge | Sleeps 2,,660.0,745.8,2025-08-08,7,330.0,Direct,Friday,2025-08,fbg_data.csv,cloudbeds
8953490959553,2025-08-09,2025-08-10,1,Great Lodge: King Room,,343.0,383.69,2025-08-08,1,343.0,Direct,Saturday,2025-08,fbg_data.csv,cloudbeds
1982630433757,2025-12-05,2025-12-07,2,Lantana Dome,,1424.7,1609.9,2025-08-09,118,712.35,Direct,Friday,2025-12,fbg_data.csv,cloudbeds
5493637720804,2025-09-05,2025-09-07,2,Cypress Lodge | Sleeps 4,,1336.0,1509.68,2025-08-09,27,668.0,Direct,Friday,2025-09,fbg_data.csv,cloudbeds
5638401924111,2025-09-05,2025-09-07,2,Lantana Dome,,1222.0,1380.86,2025-08-09,27,611.0,Direct,Friday,2025-09,fbg_data.csv,cloudbeds
4235504661350,2025-08-29,2025-08-31,2,Diamond,,1682.8,1901.56,2025-08-09,20,841.4,Direct,Friday,2025-08,fbg_data.csv,cloudbeds
8427844872931,2025-08-29,2025-08-30,1,Live Oak Lodge,,650.79,0.0,2025-08-09,20,650.79,Expedia,Friday,2025-08,fbg_data.csv,cloudbeds
9873477785238,2025-08-30,2025-09-01,2,Winecup,,1005.53,0.0,2025-08-09,21,502.765,Expedia,Saturday,2025-08,fbg_data.csv,cloudbeds
5371196093932,2025-08-15,2025-08-17,2,Monolith,,1312.0,1482.56,2025-08-09,6,656.0,Direct,Friday,2025-08,fbg_data.csv,cloudbeds
8158446760406,2025-08-16,2025-08-17,1,Post Oak,,347.0,392.11,2025-08-09,7,347.0,Direct,Saturday,2025-08,fbg_data.csv,cloudbeds
6969906781530,2025-08-16,2025-08-17,1,Quonset,,436.0,492.68,2025-08-09,7,436.0,Direct,Saturday,2025-08,fbg_data.csv,cloudbeds
4040545519953,2025-08-13,2025-08-14,1,Sage Safari,,265.0,0.0,2025-08-09,4,265.0,Airbnb,Wednesday,2025-08,fbg_data.csv,cloudbeds
2683497164374,2025-08-14,2025-08-15,1,Walnut House,,229.0,258.77,2025-08-09,5,229.0,Direct,Thursday,2025-08,fbg_data.csv,cloudbeds
3551630769299,2025-08-14,2025-08-15,1,Sage Safari,,191.0,215.83,2025-08-09,5,191.0,Direct,Thursday,2025-08,fbg_data.csv,cloudbeds
3789913787860,2025-08-14,2025-08-15,1,Lantana Dome,,210.0,237.3,2025-08-09,5,210.0,Direct,Thursday,2025-08,fbg_data.csv,cloudbeds
1126335870901,2025-08-10,2025-08-11,1,Sage Safari,,247.8,272.22,2025-08-09,1,247.8,Direct,Sunday,2025-08,fbg_data.csv,cloudbeds
4529230505319,2025-08-09,2025-08-10,1,Great Lodge: King Room,,291.05,0.0,2025-08-09,0,291.05,Expedia,Saturday,2025-08,fbg_data.csv,cloudbeds
5182730051749,2025-11-30,2025-12-04,4,Spyglass,,1600.0,1808.0,2025-08-10,112,400.0,Direct,Sunday,2025-11,fbg_data.csv,cloudbeds
3126428414338,2025-10-06,2025-10-09,3,Spyglass,,1344.0,1518.72,2025-08-10,57,448.0,Direct,Monday,2025-10,fbg_data.csv,cloudbeds
7567050486778,2025-09-21,2025-09-25,4,Pecan Haus,,864.55,1176.33,2025-08-10,42,216.1375,Direct,Sunday,2025-09,fbg_data.csv,cloudbeds
7567050486778,2025-09-21,2025-09-25,4,Juniper Haus,,864.55,1176.33,2025-08-10,42,216.1375,Direct,Sunday,2025-09,fbg_data.csv,cloudbeds
1635650243576,2025-08-22,2025-08-24,2,Bluebonnet,,850.0,960.5,2025-08-10,12,425.0,Direct,Friday,2025-08,fbg_data.csv,cloudbeds
8915153677867,2025-08-15,2025-08-17,2,Bluebonnet,,828.0,935.64,2025-08-10,5,414.0,Direct,Friday,2025-08,fbg_data.csv,cloudbeds
4246433148617,2025-08-15,2025-08-16,1,Live Oak Lodge,,574.0,648.62,2025-08-10,5,574.0,Direct,Friday,2025-08,fbg_data.csv,cloudbeds
4087154315711,2025-08-15,2025-08-16,1,Monolith,,580.0,655.4,2025-08-10,5,580.0,Direct,Friday,2025-08,fbg_data.csv,cloudbeds
4516504011060,2025-10-24,2025-10-27,3,Live Oak Lodge,,3419.0,3863.47,2025-08-11,74,1139.6666666666667,Direct,Friday,2025-10,fbg_data.csv,cloudbeds
8815901672206,2025-10-17,2025-10-19,2,Post Oak,,1090.0,1231.7,2025-08-11,67,545.0,Direct,Friday,2025-10,fbg_data.csv,cloudbeds
8346131621777,2025-10-12,2025-10-15,3,Lantana Dome,,1503.4,1698.83,2025-08-11,62,501.1333333333334,Direct,Sunday,2025-10,fbg_data.csv,cloudbeds
5520710225975,2025-08-28,2025-08-30,2,Winecup,,1145.0,1505.29,2025-08-11,17,572.5,Direct,Thursday,2025-08,fbg_data.csv,cloudbeds
5458592350247,2025-08-21,2025-08-24,3,Cypress Lodge | Sleeps 2,,975.0,1101.75,2025-08-11,10,325.0,Direct,Thursday,2025-08,fbg_data.csv,cloudbeds
7927974632356,2025-08-15,2025-08-17,2,Great Lodge: King Room,,640.0,723.2,2025-08-11,4,320.0,Direct,Friday,2025-08,fbg_data.csv,cloudbeds
3737752061299,2025-08-12,2025-08-14,2,Cypress Lodge | Sleeps 2,,406.0,458.78,2025-08-11,1,203.0,Direct,Tuesday,2025-08,fbg_data.csv,cloudbeds
5284171418177,2025-08-15,2025-08-16,1,Lantana Dome,,392.0,442.96,2025-08-11,4,392.0,Direct,Friday,2025-08,fbg_data.csv,cloudbeds
7824691314627,2025-10-20,2025-10-23,3,Post Oak,,1209.0,1473.52,2025-08-12,69,403.0,Direct,Monday,2025-10,fbg_data.csv,cloudbeds
7786473748719,2025-10-01,2025-10-03,2,Spyglass,,1233.15,1393.46,2025-08-12,50,616.575,Booking.com,Wednesday,2025-10,fbg_data.csv,cloudbeds
8666442675280,2025-09-09,2025-09-10,1,Bluebonnet,,290.0,327.7,2025-08-12,28,290.0,Direct,Tuesday,2025-09,fbg_data.csv,cloudbeds
7682535981499,2025-08-27,2025-08-28,1,Walnut House,,276.0,0.0,2025-08-12,15,276.0,Airbnb,Wednesday,2025-08,fbg_data.csv,cloudbeds
4182036109733,2025-08-22,2025-08-25,3,Cypress Lodge | Sleeps 4,,1093.0,1235.09,2025-08-12,10,364.3333333333333,Direct,Friday,2025-08,fbg_data.csv,cloudbeds
4174893075752,2025-08-16,2025-08-19,3,Great Lodge: King Room,,806.39,0.0,2025-08-12,4,268.7966666666667,Expedia,Saturday,2025-08,fbg_data.csv,cloudbeds
1507081218145,2025-08-12,2025-08-13,1,Sage Safari,,223.0,251.99,2025-08-12,0,223.0,Direct,Tuesday,2025-08,fbg_data.csv,cloudbeds
9939274729382,2025-08-15,2025-08-16,1,Sage Safari,,410.0,0.0,2025-08-12,3,410.0,Airbnb,Friday,2025-08,fbg_data.csv,cloudbeds
1111780367844,2025-08-12,2025-08-13,1,Post Oak,,176.55,0.0,2025-08-12,0,176.55,Expedia,Tuesday,2025-08,fbg_data.csv,cloudbeds
7771869516753,2025-08-14,2025-08-16,2,Post Oak,,532.0,601.16,2025-08-12,2,266.0,Direct,Thursday,2025-08,fbg_data.csv,cloudbeds
1563876264115,2025-08-15,2025-08-16,1,Juniper Haus,,255.0,288.15,2025-08-12,3,255.0,Direct,Friday,2025-08,fbg_data.csv,cloudbeds
2617767852001,2025-08-14,2025-08-15,1,Bluebonnet,,241.0,272.33,2025-08-12,2,241.0,Direct,Thursday,2025-08,fbg_data.csv,cloudbeds
4698234629906,2025-09-19,2025-09-21,2,Live Oak Lodge,,1644.0,1857.72,2025-08-13,37,822.0,Direct,Friday,2025-09,fbg_data.csv,cloudbeds
9581518931253,2025-09-16,2025-09-17,1,Cocoon,,251.75,327.7,2025-08-13,34,251.75,Direct,Tuesday,2025-09,fbg_data.csv,cloudbeds
1243037508126,2025-08-29,2025-08-31,2,Quonset,,1072.0,1211.36,2025-08-13,16,536.0,Direct,Friday,2025-08,fbg_data.csv,cloudbeds
7583914634605,2025-08-22,2025-08-24,2,Great Lodge: King Room,,882.47,997.19,2025-08-13,9,441.235,Booking.com,Friday,2025-08,fbg_data.csv,cloudbeds
9553430587125,2025-08-16,2025-08-17,1,Buckeye Bungalow,,436.0,492.68,2025-08-13,3,436.0,Direct,Saturday,2025-08,fbg_data.csv,cloudbeds
5270655946837,2025-08-16,2025-08-17,1,Quonset,,392.0,442.96,2025-08-13,3,392.0,Direct,Saturday,2025-08,fbg_data.csv,cloudbeds
8646477868384,2025-08-14,2025-08-15,1,Live Oak Lodge,,219.0,247.47,2025-08-13,1,219.0,Direct,Thursday,2025-08,fbg_data.csv,cloudbeds
1245130166311,2025-08-14,2025-08-15,1,Great Lodge: King Room,,239.0,270.07,2025-08-13,1,239.0,Direct,Thursday,2025-08,fbg_data.csv,cloudbeds
4674618715932,2025-09-19,2025-09-21,2,Juniper Haus,,589.65,802.3,2025-08-14,36,294.825,Direct,Friday,2025-09,fbg_data.csv,cloudbeds
8544258026270,2025-09-01,2025-09-02,1,Spyglass,,470.0,531.1,2025-08-14,18,470.0,Direct,Monday,2025-09,fbg_data.csv,cloudbeds
6890006303815,2025-08-23,2025-08-24,1,Winecup,,436.0,600.03,2025-08-14,9,436.0,Direct,Saturday,2025-08,fbg_data.csv,cloudbeds
5483552801795,2025-08-22,2025-08-24,2,Winecup,,850.0,960.5,2025-08-14,8,425.0,Direct,Friday,2025-08,fbg_data.csv,cloudbeds
8024077226310,2025-08-16,2025-08-18,2,Great Lodge: King Room,,572.0,646.36,2025-08-14,2,286.0,Direct,Saturday,2025-08,fbg_data.csv,cloudbeds
1290787240678,2025-08-15,2025-08-17,2,Great Lodge: King Room,,530.0,0.0,2025-08-14,1,265.0,Airbnb,Friday,2025-08,fbg_data.csv,cloudbeds
5464165548107,2025-08-15,2025-08-17,2,Great Lodge: King Room,,435.0,0.0,2025-08-14,1,217.5,Airbnb,Friday,2025-08,fbg_data.csv,cloudbeds
8712823767392,2025-08-15,2025-08-17,2,Diamond,,1080.0,1220.4,2025-08-14,1,540.0,Direct,Friday,2025-08,fbg_data.csv,cloudbeds
5184121172605,2025-08-15,2025-08-17,2,Diamond,,1049.7,1186.16,2025-08-14,1,524.85,Direct,Friday,2025-08,fbg_data.csv,cloudbeds
1477352271010,2025-08-16,2025-08-17,1,Great Lodge: King Room,,313.0,353.69,2025-08-14,2,313.0,Direct,Saturday,2025-08,fbg_data.csv,cloudbeds
8368696369708,2025-08-16,2025-08-17,1,Spiral,,424.0,479.12,2025-08-14,2,424.0,Direct,Saturday,2025-08,fbg_data.csv,cloudbeds
8440905269160,2025-08-14,2025-08-15,1,Cypress Lodge | Sleeps 6,,266.14,0.0,2025-08-14,0,266.14,Expedia,Thursday,2025-08,fbg_data.csv,cloudbeds
3192411838433,2025-08-14,2025-08-15,1,Monarch,,348.0,393.24,2025-08-14,0,348.0,Direct,Thursday,2025-08,fbg_data.csv,cloudbeds
6261762729194,2025-11-03,2025-11-05,2,Sage Safari,,674.0,761.62,2025-08-15,80,337.0,Direct,Monday,2025-11,fbg_data.csv,cloudbeds
5999299487737,2025-09-10,2025-09-12,2,Diamond,,658.0,743.54,2025-08-15,26,329.0,Direct,Wednesday,2025-09,fbg_data.csv,cloudbeds
6583411252308,2025-08-27,2025-08-28,1,Monolith,,298.2,336.96,2025-08-15,12,298.2,Direct,Wednesday,2025-08,fbg_data.csv,cloudbeds
7291126648667,2025-08-22,2025-08-23,1,Monarch,,520.0,587.6,2025-08-15,7,520.0,Direct,Friday,2025-08,fbg_data.csv,cloudbeds
5721204659169,2025-08-23,2025-08-24,1,Quonset,,436.0,492.68,2025-08-15,8,436.0,Direct,Saturday,2025-08,fbg_data.csv,cloudbeds
5435930276049,2025-08-17,2025-08-19,2,Walnut House,,459.0,0.0,2025-08-15,2,229.5,Airbnb,Sunday,2025-08,fbg_data.csv,cloudbeds
2865006368046,2025-08-18,2025-08-19,1,Great Lodge: King Room,,147.0,0.0,2025-08-15,3,147.0,Airbnb,Monday,2025-08,fbg_data.csv,cloudbeds
5196922366762,2025-08-15,2025-08-16,1,Great Lodge: King Room,,226.37,0.0,2025-08-15,0,226.37,Expedia,Friday,2025-08,fbg_data.csv,cloudbeds
1792810333586,2025-09-20,2025-09-24,4,Cedar Haus,,997.44,1357.13,2025-08-16,35,249.36,Direct,Saturday,2025-09,fbg_data.csv,cloudbeds
5692828569644,2025-09-19,2025-09-22,3,Cypress Lodge | Sleeps 2,,1414.0,1597.82,2025-08-16,34,471.3333333333333,Direct,Friday,2025-09,fbg_data.csv,cloudbeds
6139397873550,2025-09-14,2025-09-16,2,Monarch,,778.4,879.59,2025-08-16,29,389.2,Direct,Sunday,2025-09,fbg_data.csv,cloudbeds
7877728138697,2025-08-20,2025-08-21,1,Cypress Lodge | Sleeps 2,,203.0,336.74,2025-08-16,4,203.0,Direct,Wednesday,2025-08,fbg_data.csv,cloudbeds
9138200455018,2025-08-23,2025-08-24,1,Great Lodge: King Room,,274.0,0.0,2025-08-16,7,274.0,Airbnb,Saturday,2025-08,fbg_data.csv,cloudbeds
9126994606376,2025-08-17,2025-08-18,1,Bluebonnet,,260.0,293.8,2025-08-16,1,260.0,Direct,Sunday,2025-08,fbg_data.csv,cloudbeds
3899426627458,2025-10-27,2025-10-29,2,Monarch,,730.8,825.8,2025-08-17,71,365.4,Direct,Monday,2025-10,fbg_data.csv,cloudbeds
9319009268803,2025-09-19,2025-09-21,2,Buckeye Bungalow,,1079.0,0.0,2025-08-17,33,539.5,Airbnb,Friday,2025-09,fbg_data.csv,cloudbeds
3668490094567,2025-09-16,2025-09-18,2,Cedar Haus,,610.76,690.16,2025-08-17,30,305.38,Booking.com,Tuesday,2025-09,fbg_data.csv,cloudbeds
7956582859419,2025-08-30,2025-09-01,2,Bluebonnet,,1393.0,1785.53,2025-08-17,13,696.5,Direct,Saturday,2025-08,fbg_data.csv,cloudbeds
2340097569670,2025-08-24,2025-08-26,2,Bluebonnet,,485.0,548.05,2025-08-17,7,242.5,Direct,Sunday,2025-08,fbg_data.csv,cloudbeds
7473912102091,2025-08-21,2025-08-22,1,Bluebonnet,,241.0,272.33,2025-08-17,4,241.0,Direct,Thursday,2025-08,fbg_data.csv,cloudbeds
7203268806095,2025-08-23,2025-08-24,1,Post Oak,,320.01,0.0,2025-08-17,6,320.01,Expedia,Saturday,2025-08,fbg_data.csv,cloudbeds
7829843194482,2025-08-22,2025-08-23,1,Cypress Lodge | Sleeps 4,,479.0,0.0,2025-08-17,5,479.0,Airbnb,Friday,2025-08,fbg_data.csv,cloudbeds
8230774455222,2025-08-21,2025-08-22,1,Live Oak Lodge,,217.4,245.66,2025-08-17,4,217.4,Direct,Thursday,2025-08,fbg_data.csv,cloudbeds
6696082558598,2025-08-17,2025-08-18,1,Cypress Lodge | Sleeps 2,,236.0,266.68,2025-08-17,0,236.0,Direct,Sunday,2025-08,fbg_data.csv,cloudbeds
6124767739871,2025-12-15,2025-12-18,3,Monolith,,1329.0,1501.77,2025-08-18,119,443.0,Direct,Monday,2025-12,fbg_data.csv,cloudbeds
5378848437884,2025-09-25,2025-09-27,2,Pecan Haus,,699.0,951.46,2025-08-18,38,349.5,Direct,Thursday,2025-09,fbg_data.csv,cloudbeds
9299198761625,2025-09-26,2025-09-28,2,Monolith,,1500.0,1695.0,2025-08-18,39,750.0,Direct,Friday,2025-09,fbg_data.csv,cloudbeds
5813101520296,2025-09-01,2025-09-02,1,Sage Safari,,360.0,406.8,2025-08-18,14,360.0,Direct,Monday,2025-09,fbg_data.csv,cloudbeds
7660398836930,2025-08-30,2025-09-01,2,Monolith,,1955.0,2209.15,2025-08-18,12,977.5,Direct,Saturday,2025-08,fbg_data.csv,cloudbeds
5219033368736,2025-08-29,2025-09-01,3,Great Lodge: King Room,,1131.0,1278.03,2025-08-18,11,377.0,Direct,Friday,2025-08,fbg_data.csv,cloudbeds
5014913816132,2025-08-21,2025-08-23,2,Diamond,,963.0,1299.63,2025-08-18,3,481.5,Direct,Thursday,2025-08,fbg_data.csv,cloudbeds
1059277678872,2025-08-21,2025-08-22,1,Walnut House,,114.41,297.19,2025-08-18,3,114.41,Direct,Thursday,2025-08,fbg_data.csv,cloudbeds
6490321506145,2025-08-22,2025-08-24,2,Great Lodge: King Room,,651.0,735.63,2025-08-18,4,325.5,Direct,Friday,2025-08,fbg_data.csv,cloudbeds
2801136339465,2025-08-21,2025-08-23,2,Diamond,,418.91,1088.19,2025-08-18,3,209.455,Direct,Thursday,2025-08,fbg_data.csv,cloudbeds
8727447512694,2025-08-18,2025-08-19,1,Great Lodge: King Room,,147.0,0.0,2025-08-18,0,147.0,Airbnb,Monday,2025-08,fbg_data.csv,cloudbeds
4527394496862,2025-11-23,2025-11-26,3,Cypress Lodge | Sleeps 6,,1830.0,2067.9,2025-08-19,96,610.0,Direct,Sunday,2025-11,fbg_data.csv,cloudbeds
1344218390481,2025-10-12,2025-10-14,2,Monarch,,1260.25,1424.09,2025-08-19,54,630.125,Direct,Sunday,2025-10,fbg_data.csv,cloudbeds
9099735044245,2025-10-10,2025-10-12,2,Sage Safari,,2946.0,3436.33,2025-08-19,52,1473.0,Direct,Friday,2025-10,fbg_data.csv,cloudbeds
9079579989597,2025-09-28,2025-09-29,1,Monarch,,565.0,638.45,2025-08-19,40,565.0,Direct,Sunday,2025-09,fbg_data.csv,cloudbeds
4649386800442,2025-09-23,2025-09-25,2,Live Oak Lodge,,772.0,979.71,2025-08-19,35,386.0,Direct,Tuesday,2025-09,fbg_data.csv,cloudbeds
6994153804631,2025-09-15,2025-09-16,1,Lantana Dome,,331.0,374.03,2025-08-19,27,331.0,Direct,Monday,2025-09,fbg_data.csv,cloudbeds
2690756962261,2025-09-05,2025-09-07,2,Sage Safari,,1050.0,1186.5,2025-08-19,17,525.0,Direct,Friday,2025-09,fbg_data.csv,cloudbeds
3888085238353,2025-08-30,2025-09-01,2,Buckeye Bungalow,,1564.0,1767.32,2025-08-19,11,782.0,Direct,Saturday,2025-08,fbg_data.csv,cloudbeds
9064196603466,2025-08-22,2025-08-24,2,Great Lodge: King Room,,651.0,1171.94,2025-08-19,3,325.5,Direct,Friday,2025-08,fbg_data.csv,cloudbeds
7051160981156,2025-08-21,2025-08-22,1,Lantana Dome,,175.0,197.75,2025-08-19,2,175.0,Direct,Thursday,2025-08,fbg_data.csv,cloudbeds
9511614612180,2025-08-23,2025-08-24,1,Diamond,,703.0,794.39,2025-08-19,4,703.0,Direct,Saturday,2025-08,fbg_data.csv,cloudbeds
3422786708744,2025-08-20,2025-08-23,3,Sage Safari,,768.0,0.0,2025-08-19,1,256.0,Airbnb,Wednesday,2025-08,fbg_data.csv,cloudbeds
5413834649756,2025-08-20,2025-08-21,1,Monolith,,342.0,597.9,2025-08-19,1,342.0,Direct,Wednesday,2025-08,fbg_data.csv,cloudbeds
6648758951394,2025-08-23,2025-08-24,1,Spiral,,572.0,646.36,2025-08-19,4,572.0,Direct,Saturday,2025-08,fbg_data.csv,cloudbeds
5725510789973,2026-04-03,2026-04-05,2,Live Oak Lodge,,1716.0,2617.08,2025-08-19,227,858.0,Direct,Friday,2026-04,fbg_data.csv,cloudbeds
7174340409324,2025-09-21,2025-09-22,1,Monarch,,414.0,467.82,2025-08-20,32,414.0,Direct,Sunday,2025-09,fbg_data.csv,cloudbeds
8464101815517,2025-09-10,2025-09-12,2,Monolith,,758.8,857.45,2025-08-20,21,379.4,Direct,Wednesday,2025-09,fbg_data.csv,cloudbeds
1820833083445,2025-09-05,2025-09-06,1,Cypress Lodge | Sleeps 2,,309.0,0.0,2025-08-20,16,309.0,Airbnb,Friday,2025-09,fbg_data.csv,cloudbeds
5497934436812,2025-08-29,2025-09-01,3,Cedar Haus,,1059.12,0.0,2025-08-20,9,353.03999999999996,Airbnb,Friday,2025-08,fbg_data.csv,cloudbeds
6200385121146,2025-08-24,2025-08-26,2,Lantana Dome,,449.0,0.0,2025-08-20,4,224.5,Airbnb,Sunday,2025-08,fbg_data.csv,cloudbeds
4056089024621,2025-08-24,2025-08-25,1,Monolith,,329.4,372.22,2025-08-20,4,329.4,Direct,Sunday,2025-08,fbg_data.csv,cloudbeds
7679067836966,2025-09-08,2025-09-09,1,Monarch,,207.2,318.88,2025-08-21,18,207.2,Direct,Monday,2025-09,fbg_data.csv,cloudbeds
1334650280373,2025-08-29,2025-08-31,2,Monolith,,2086.0,2357.18,2025-08-21,8,1043.0,Direct,Friday,2025-08,fbg_data.csv,cloudbeds
6722634061923,2025-08-28,2025-08-31,3,Great Lodge: King Room,,1062.0,0.0,2025-08-21,7,354.0,Airbnb,Thursday,2025-08,fbg_data.csv,cloudbeds
6904058457931,2025-09-01,2025-09-02,1,Live Oak Lodge,,476.0,749.32,2025-08-21,11,476.0,Direct,Monday,2025-09,fbg_data.csv,cloudbeds
2862329499953,2025-08-30,2025-09-01,2,Diamond,,1661.0,1876.93,2025-08-21,9,830.5,Direct,Saturday,2025-08,fbg_data.csv,cloudbeds
9781240495261,2025-08-22,2025-08-23,1,Winecup,,386.76,0.0,2025-08-21,1,386.76,Expedia,Friday,2025-08,fbg_data.csv,cloudbeds
3759881516675,2025-08-23,2025-08-24,1,Cypress Lodge | Sleeps 4,,394.0,659.92,2025-08-21,2,394.0,Direct,Saturday,2025-08,fbg_data.csv,cloudbeds
1819688822276,2025-08-22,2025-08-23,1,Great Lodge: King Room,,331.0,0.0,2025-08-21,1,331.0,Airbnb,Friday,2025-08,fbg_data.csv,cloudbeds
3398707252853,2025-08-22,2025-08-23,1,Spiral,,384.0,433.92,2025-08-21,1,384.0,Direct,Friday,2025-08,fbg_data.csv,cloudbeds
4192235975439,2025-09-26,2025-09-28,2,Cedar Haus,,986.0,1114.18,2025-08-22,35,493.0,Direct,Friday,2025-09,fbg_data.csv,cloudbeds
4753877332338,2025-09-11,2025-09-14,3,Walnut House,,1394.0,1575.22,2025-08-22,20,464.6666666666667,Direct,Thursday,2025-09,fbg_data.csv,cloudbeds
2985078444667,2025-08-28,2025-08-30,2,Cypress Lodge | Sleeps 2,,669.2,756.2,2025-08-22,6,334.6,Direct,Thursday,2025-08,fbg_data.csv,cloudbeds
7995897243909,2025-08-26,2025-08-27,1,Walnut House,,244.0,275.72,2025-08-22,4,244.0,Direct,Tuesday,2025-08,fbg_data.csv,cloudbeds
3625540119226,2025-08-22,2025-08-23,1,Great Lodge: King Room,,304.0,343.52,2025-08-22,0,304.0,Direct,Friday,2025-08,fbg_data.csv,cloudbeds
2752606784876,2025-08-23,2025-08-24,1,Great Lodge: King Room,,347.0,499.46,2025-08-22,1,347.0,Direct,Saturday,2025-08,fbg_data.csv,cloudbeds
3119857092110,2025-12-28,2025-12-30,2,Cedar Haus,,747.0,939.11,2025-08-23,127,373.5,Direct,Sunday,2025-12,fbg_data.csv,cloudbeds
8383142031018,2025-09-12,2025-09-14,2,Buckeye Bungalow,,1050.0,1186.5,2025-08-23,20,525.0,Direct,Friday,2025-09,fbg_data.csv,cloudbeds
5474734285837,2025-09-12,2025-09-14,2,Monolith,,1286.0,1453.18,2025-08-23,20,643.0,Direct,Friday,2025-09,fbg_data.csv,cloudbeds
2921390758229,2025-09-05,2025-09-07,2,Spiral,,1204.0,1360.52,2025-08-23,13,602.0,Direct,Friday,2025-09,fbg_data.csv,cloudbeds
4776942005270,2025-08-31,2025-09-02,2,Winecup,,752.0,849.76,2025-08-23,8,376.0,Direct,Sunday,2025-08,fbg_data.csv,cloudbeds
8202329431357,2025-08-28,2025-08-30,2,Walnut House,,1423.0,1607.99,2025-08-23,5,711.5,Direct,Thursday,2025-08,fbg_data.csv,cloudbeds
3268187200388,2025-08-25,2025-08-26,1,Cypress Lodge | Sleeps 4,,186.2,210.4,2025-08-23,2,186.2,Direct,Monday,2025-08,fbg_data.csv,cloudbeds
7509505540990,2025-08-24,2025-08-25,1,Juniper Haus,,237.0,267.81,2025-08-23,1,237.0,Direct,Sunday,2025-08,fbg_data.csv,cloudbeds
9238884892745,2025-08-23,2025-08-24,1,Great Lodge: King Room,,347.0,392.11,2025-08-23,0,347.0,Direct,Saturday,2025-08,fbg_data.csv,cloudbeds
9856433885065,2025-08-23,2025-08-24,1,Great Lodge: King Room,,347.0,392.11,2025-08-23,0,347.0,Direct,Saturday,2025-08,fbg_data.csv,cloudbeds
6108310638724,2025-09-18,2025-09-21,3,Diamond,,1985.0,2243.05,2025-08-24,25,661.6666666666666,Direct,Thursday,2025-09,fbg_data.csv,cloudbeds
8998710514234,2025-09-16,2025-09-18,2,Monolith,,690.8,780.6,2025-08-24,23,345.4,Direct,Tuesday,2025-09,fbg_data.csv,cloudbeds
3397062262522,2025-09-13,2025-09-14,1,Quonset,,307.0,346.91,2025-08-24,20,307.0,Direct,Saturday,2025-09,fbg_data.csv,cloudbeds
3255809656440,2025-09-05,2025-09-07,2,Monolith,,1286.0,1453.18,2025-08-24,12,643.0,Direct,Friday,2025-09,fbg_data.csv,cloudbeds
6657707719127,2025-08-29,2025-08-31,2,Juniper Haus,,1084.0,1224.92,2025-08-24,5,542.0,Direct,Friday,2025-08,fbg_data.csv,cloudbeds
2047766587641,2025-08-25,2025-08-26,1,Monarch,,294.0,332.22,2025-08-24,1,294.0,Direct,Monday,2025-08,fbg_data.csv,cloudbeds
8201387862366,2025-09-25,2025-09-28,3,Live Oak Lodge,,2051.0,2317.63,2025-08-25,31,683.6666666666666,Direct,Thursday,2025-09,fbg_data.csv,cloudbeds
1042291416865,2025-09-14,2025-09-15,1,Lantana Dome,,286.24,323.45,2025-08-25,20,286.24,Expedia,Sunday,2025-09,fbg_data.csv,cloudbeds
9585473225700,2025-09-12,2025-09-14,2,Diamond,,1204.0,1360.52,2025-08-25,18,602.0,Direct,Friday,2025-09,fbg_data.csv,cloudbeds
8498278434425,2025-08-31,2025-09-04,4,Diamond,,1722.0,1945.86,2025-08-25,6,430.5,Direct,Sunday,2025-08,fbg_data.csv,cloudbeds
4056278133443,2025-09-01,2025-09-03,2,Lantana Dome,,642.0,725.46,2025-08-25,7,321.0,Direct,Monday,2025-09,fbg_data.csv,cloudbeds
1490837373387,2025-08-29,2025-08-31,2,Spiral,,1424.0,1820.56,2025-08-25,4,712.0,Direct,Friday,2025-08,fbg_data.csv,cloudbeds
9023698929680,2025-08-30,2025-09-01,2,Great Lodge: King Room,,850.0,960.5,2025-08-25,5,425.0,Direct,Saturday,2025-08,fbg_data.csv,cloudbeds
4710992065311,2025-10-03,2025-10-05,2,Monolith,,2709.0,3048.82,2025-08-26,38,1354.5,Direct,Friday,2025-10,fbg_data.csv,cloudbeds
1318023131252,2025-09-17,2025-09-19,2,Buckeye Bungalow,,577.0,652.01,2025-08-26,22,288.5,Direct,Wednesday,2025-09,fbg_data.csv,cloudbeds
4450412677278,2025-09-14,2025-09-16,2,Sage Safari,,521.2,588.95,2025-08-26,19,260.6,Direct,Sunday,2025-09,fbg_data.csv,cloudbeds
1475241258686,2025-09-07,2025-09-08,1,Buckeye Bungalow,,310.0,350.3,2025-08-26,12,310.0,Direct,Sunday,2025-09,fbg_data.csv,cloudbeds
7210379421274,2025-09-03,2025-09-04,1,Spyglass,,293.01,0.0,2025-08-26,8,293.01,Expedia,Wednesday,2025-09,fbg_data.csv,cloudbeds
1710555180621,2025-08-29,2025-08-31,2,Great Lodge: King Room,,955.0,1343.71,2025-08-26,3,477.5,Direct,Friday,2025-08,fbg_data.csv,cloudbeds
2446690113516,2025-08-31,2025-09-02,2,Monolith,,945.2,1315.32,2025-08-26,5,472.6,Direct,Sunday,2025-08,fbg_data.csv,cloudbeds
1629780385083,2025-08-27,2025-08-28,1,Cypress Lodge | Sleeps 2,,261.21,306.46,2025-08-26,1,261.21,Booking.com,Wednesday,2025-08,fbg_data.csv,cloudbeds
2903997135301,2025-08-31,2025-09-01,1,Quonset,,407.0,567.26,2025-08-26,5,407.0,Direct,Sunday,2025-08,fbg_data.csv,cloudbeds
5945437497632,2025-08-28,2025-08-29,1,Monolith,,439.0,496.07,2025-08-26,2,439.0,Direct,Thursday,2025-08,fbg_data.csv,cloudbeds
7959594977873,2025-10-31,2025-11-02,2,Winecup,,2212.0,2499.56,2025-08-27,65,1106.0,Direct,Friday,2025-10,fbg_data.csv,cloudbeds
4221013743715,2025-10-11,2025-10-13,2,Cypress Lodge | Sleeps 4,,1343.6,1518.28,2025-08-27,45,671.8,Direct,Saturday,2025-10,fbg_data.csv,cloudbeds
8772325150050,2025-09-24,2025-09-25,1,Post Oak,,246.29,278.31,2025-08-27,28,246.29,Expedia,Wednesday,2025-09,fbg_data.csv,cloudbeds
7134906753102,2025-09-27,2025-09-28,1,Cypress Lodge | Sleeps 4,,675.0,802.3,2025-08-27,31,675.0,Direct,Saturday,2025-09,fbg_data.csv,cloudbeds
7134906753102,2025-09-27,2025-09-28,1,Cypress Lodge | Sleeps 2,,675.0,802.3,2025-08-27,31,675.0,Direct,Saturday,2025-09,fbg_data.csv,cloudbeds
8091837936366,2025-09-10,2025-09-11,1,Spyglass,,247.8,280.02,2025-08-27,14,247.8,Direct,Wednesday,2025-09,fbg_data.csv,cloudbeds
7175243938569,2025-09-05,2025-09-07,2,Post Oak,,892.0,1007.96,2025-08-27,9,446.0,Direct,Friday,2025-09,fbg_data.csv,cloudbeds
6180929771853,2025-09-05,2025-09-07,2,Monolith,,1286.0,1664.62,2025-08-27,9,643.0,Direct,Friday,2025-09,fbg_data.csv,cloudbeds
5769768032206,2025-08-28,2025-08-29,1,Great Lodge: King Room,,253.0,285.89,2025-08-27,1,253.0,Direct,Thursday,2025-08,fbg_data.csv,cloudbeds
6077357321314,2026-01-09,2026-01-11,2,Great Lodge,,4243.0,0.0,2025-08-28,134,2121.5,Airbnb,Friday,2026-01,fbg_data.csv,cloudbeds
2412171021142,2025-09-26,2025-09-28,2,Monolith,,1500.0,1695.0,2025-08-28,29,750.0,Direct,Friday,2025-09,fbg_data.csv,cloudbeds
6020012965087,2025-09-19,2025-09-21,2,Monolith,,1500.0,1695.0,2025-08-28,22,750.0,Direct,Friday,2025-09,fbg_data.csv,cloudbeds
9253337551520,2025-09-16,2025-09-18,2,Lantana Dome,,478.0,540.14,2025-08-28,19,239.0,Direct,Tuesday,2025-09,fbg_data.csv,cloudbeds
6796307741497,2025-09-11,2025-09-13,2,Lantana Dome,,869.0,981.97,2025-08-28,14,434.5,Direct,Thursday,2025-09,fbg_data.csv,cloudbeds
3194349836856,2025-09-05,2025-09-07,2,Diamond,,1267.94,1432.78,2025-08-28,8,633.97,Expedia,Friday,2025-09,fbg_data.csv,cloudbeds
5604201408912,2025-09-02,2025-09-03,1,Juniper Haus,,217.0,245.21,2025-08-28,5,217.0,Direct,Tuesday,2025-09,fbg_data.csv,cloudbeds
5895320322409,2025-08-31,2025-09-01,1,Spiral,,607.17,686.1,2025-08-28,3,607.17,Booking.com,Sunday,2025-08,fbg_data.csv,cloudbeds
7537407054554,2025-08-28,2025-08-30,2,Quonset,,818.0,924.34,2025-08-28,0,409.0,Direct,Thursday,2025-08,fbg_data.csv,cloudbeds
2382199207365,2025-10-15,2025-10-17,2,Monolith,,1509.0,1705.17,2025-08-29,47,754.5,Direct,Wednesday,2025-10,fbg_data.csv,cloudbeds
2630978585066,2025-09-15,2025-09-17,2,Great Lodge: King Room,,462.0,522.06,2025-08-29,17,231.0,Direct,Monday,2025-09,fbg_data.csv,cloudbeds
6371457840247,2025-09-15,2025-09-17,2,Bluebonnet,,580.0,655.4,2025-08-29,17,290.0,Direct,Monday,2025-09,fbg_data.csv,cloudbeds
4436635064292,2025-09-13,2025-09-15,2,Monolith,,1379.85,1770.67,2025-08-29,15,689.925,Direct,Saturday,2025-09,fbg_data.csv,cloudbeds
7871398980673,2025-09-12,2025-09-14,2,Cypress Lodge | Sleeps 6,,1204.0,1467.87,2025-08-29,14,602.0,Direct,Friday,2025-09,fbg_data.csv,cloudbeds
7549656078646,2025-09-13,2025-09-14,1,Lantana Dome,,525.0,593.25,2025-08-29,15,525.0,Direct,Saturday,2025-09,fbg_data.csv,cloudbeds
1120445975102,2025-09-05,2025-09-07,2,Live Oak Lodge,,1408.0,1591.04,2025-08-29,7,704.0,Direct,Friday,2025-09,fbg_data.csv,cloudbeds
5269637250800,2025-09-03,2025-09-04,1,Live Oak Lodge,,348.36,0.0,2025-08-29,5,348.36,Expedia,Wednesday,2025-09,fbg_data.csv,cloudbeds
3464701111366,2025-08-29,2025-09-01,3,Great Lodge: King Room,,1306.01,0.0,2025-08-29,0,435.33666666666664,Airbnb,Friday,2025-08,fbg_data.csv,cloudbeds
4605159575028,2025-08-31,2025-09-02,2,Great Lodge: King Room,,620.0,700.6,2025-08-29,2,310.0,Direct,Sunday,2025-08,fbg_data.csv,cloudbeds
3929337646353,2025-08-31,2025-09-01,1,Juniper Haus,,355.0,401.15,2025-08-29,2,355.0,Direct,Sunday,2025-08,fbg_data.csv,cloudbeds
9118810207834,2025-11-28,2025-11-30,2,Spyglass,,1284.0,1450.92,2025-08-30,90,642.0,Direct,Friday,2025-11,fbg_data.csv,cloudbeds
6491964284776,2025-11-12,2025-11-14,2,Cypress Lodge | Sleeps 6,,1322.0,1493.86,2025-08-30,74,661.0,Direct,Wednesday,2025-11,fbg_data.csv,cloudbeds
3417804478821,2025-09-18,2025-09-19,1,Monarch,,349.0,0.0,2025-08-30,19,349.0,Airbnb,Thursday,2025-09,fbg_data.csv,cloudbeds
7388850203663,2025-10-12,2025-10-14,2,Cypress Lodge | Sleeps 6,,1535.0,1841.9,2025-08-31,42,767.5,Direct,Sunday,2025-10,fbg_data.csv,cloudbeds
8106788576672,2025-09-19,2025-09-21,2,Diamond,,1137.2,1285.04,2025-08-31,19,568.6,Direct,Friday,2025-09,fbg_data.csv,cloudbeds
6250881151808,2025-09-16,2025-09-18,2,Sage Safari,,580.0,655.4,2025-08-31,16,290.0,Direct,Tuesday,2025-09,fbg_data.csv,cloudbeds
5808697294684,2025-09-03,2025-09-04,1,Walnut House,,294.0,332.22,2025-08-31,3,294.0,Direct,Wednesday,2025-09,fbg_data.csv,cloudbeds
6275970615837,2025-08-31,2025-09-01,1,Sage Safari,,445.0,502.85,2025-08-31,0,445.0,Direct,Sunday,2025-08,fbg_data.csv,cloudbeds
8351895808528,2025-09-01,2025-09-02,1,Great Lodge: King Room,,187.5,0.0,2025-08-31,1,187.5,Expedia,Monday,2025-09,fbg_data.csv,cloudbeds
6035979543259,2025-12-06,2025-12-08,2,Winecup,,617.0,684.86,2025-09-01,96,308.5,Direct,Saturday,2025-12,fbg_data.csv,cloudbeds
5792214382154,2025-11-19,2025-11-21,2,Spyglass,,945.9,1068.87,2025-09-01,79,472.95,Expedia,Wednesday,2025-11,fbg_data.csv,cloudbeds
3332745419765,2025-09-25,2025-09-26,1,Monolith,,375.8,424.66,2025-09-01,24,375.8,Direct,Thursday,2025-09,fbg_data.csv,cloudbeds
2790592785052,2025-09-14,2025-09-15,1,Juniper Haus,,242.0,0.0,2025-09-01,13,242.0,Airbnb,Sunday,2025-09,fbg_data.csv,cloudbeds
6405156537291,2025-09-02,2025-09-04,2,Cypress Lodge | Sleeps 2,,426.84,482.32,2025-09-01,1,213.42,Expedia,Tuesday,2025-09,fbg_data.csv,cloudbeds
3931783960873,2025-09-05,2025-09-07,2,Monarch,,1169.35,1591.04,2025-09-01,4,584.675,Direct,Friday,2025-09,fbg_data.csv,cloudbeds
7315661113024,2025-09-05,2025-09-07,2,Cypress Lodge | Sleeps 2,,700.4,791.44,2025-09-01,4,350.2,Direct,Friday,2025-09,fbg_data.csv,cloudbeds
7544456558294,2025-09-02,2025-09-03,1,Great Lodge: King Room,,215.42,243.43,2025-09-01,1,215.42,Direct,Tuesday,2025-09,fbg_data.csv,cloudbeds
5401260156185,2025-09-01,2025-09-02,1,Cypress Lodge | Sleeps 2,,205.44,0.0,2025-09-01,0,205.44,Expedia,Monday,2025-09,fbg_data.csv,cloudbeds
8814908154121,2025-11-14,2025-11-16,2,Lantana Dome,,1998.0,2257.74,2025-09-02,73,999.0,Direct,Friday,2025-11,fbg_data.csv,cloudbeds
8343876244279,2025-10-17,2025-10-19,2,Sage Safari,,2180.0,2570.75,2025-09-02,45,1090.0,Direct,Friday,2025-10,fbg_data.csv,cloudbeds
5129458553081,2025-10-06,2025-10-08,2,Lantana Dome,,768.0,867.84,2025-09-02,34,384.0,Direct,Monday,2025-10,fbg_data.csv,cloudbeds
2642423511624,2025-09-30,2025-10-01,1,Cypress Lodge | Sleeps 6,,334.0,377.42,2025-09-02,28,334.0,Direct,Tuesday,2025-09,fbg_data.csv,cloudbeds
6645461616235,2025-09-19,2025-09-22,3,Spyglass,,2037.0,2301.81,2025-09-02,17,679.0,Direct,Friday,2025-09,fbg_data.csv,cloudbeds
3309479813117,2025-09-15,2025-09-17,2,Monolith,,604.41,0.0,2025-09-02,13,302.205,Airbnb,Monday,2025-09,fbg_data.csv,cloudbeds
3158717910739,2025-09-11,2025-09-12,1,Sage Safari,,242.0,273.46,2025-09-02,9,242.0,Direct,Thursday,2025-09,fbg_data.csv,cloudbeds
4866942864433,2025-09-06,2025-09-07,1,Spyglass,,576.06,650.94,2025-09-02,4,576.06,Expedia,Saturday,2025-09,fbg_data.csv,cloudbeds
7261065104490,2025-09-08,2025-09-09,1,Diamond,,264.0,298.32,2025-09-02,6,264.0,Direct,Monday,2025-09,fbg_data.csv,cloudbeds
4414193817418,2025-09-09,2025-09-10,1,Monolith,,264.0,298.32,2025-09-02,7,264.0,Direct,Tuesday,2025-09,fbg_data.csv,cloudbeds
2982247730145,2025-09-06,2025-09-08,2,Quonset,,522.18,0.0,2025-09-02,4,261.09,Airbnb,Saturday,2025-09,fbg_data.csv,cloudbeds
1829998391611,2025-09-03,2025-09-05,2,Monarch,,473.81,453.82,2025-09-02,1,236.905,Expedia,Wednesday,2025-09,fbg_data.csv,cloudbeds
7127267771662,2025-09-06,2025-09-07,1,Cypress Lodge | Sleeps 2,,483.4,546.24,2025-09-02,4,483.4,Booking.com,Saturday,2025-09,fbg_data.csv,cloudbeds
7627578286838,2025-09-05,2025-09-06,1,Spyglass,,604.0,682.52,2025-09-02,3,604.0,Direct,Friday,2025-09,fbg_data.csv,cloudbeds
9173730872299,2025-09-04,2025-09-05,1,Lantana Dome,,242.0,273.46,2025-09-02,2,242.0,Direct,Thursday,2025-09,fbg_data.csv,cloudbeds
6858069123330,2025-09-02,2025-09-05,3,Sage Safari,,818.0,924.34,2025-09-02,0,272.6666666666667,Direct,Tuesday,2025-09,fbg_data.csv,cloudbeds
5991151593079,2025-12-21,2025-12-23,2,Monarch,,837.0,1053.16,2025-09-03,109,418.5,Direct,Sunday,2025-12,fbg_data.csv,cloudbeds
9614168164179,2025-11-26,2025-11-29,3,Live Oak Lodge,,1966.0,2221.58,2025-09-03,84,655.3333333333334,Direct,Wednesday,2025-11,fbg_data.csv,cloudbeds
7915544892410,2025-11-07,2025-11-09,2,Great Lodge,,4700.0,0.0,2025-09-03,65,2350.0,Airbnb,Friday,2025-11,fbg_data.csv,cloudbeds
5708145181357,2025-10-25,2025-10-28,3,Walnut House,,2224.0,2513.12,2025-09-03,52,741.3333333333334,Direct,Saturday,2025-10,fbg_data.csv,cloudbeds
7578467035215,2025-10-08,2025-10-10,2,Monarch,,814.8,1028.07,2025-09-03,35,407.4,Direct,Wednesday,2025-10,fbg_data.csv,cloudbeds
3829474557411,2025-09-24,2025-09-26,2,Spyglass,,686.0,882.53,2025-09-03,21,343.0,Direct,Wednesday,2025-09,fbg_data.csv,cloudbeds
9744781170464,2025-09-25,2025-09-26,1,Monarch,,333.0,376.29,2025-09-03,22,333.0,Direct,Thursday,2025-09,fbg_data.csv,cloudbeds
2613303122422,2025-09-20,2025-09-22,2,Cocoon,,740.65,1262.34,2025-09-03,17,370.325,Direct,Saturday,2025-09,fbg_data.csv,cloudbeds
3221748636198,2025-09-19,2025-09-21,2,Diamond,,1404.0,1586.52,2025-09-03,16,702.0,Direct,Friday,2025-09,fbg_data.csv,cloudbeds
9163254358587,2025-09-19,2025-09-21,2,Bluebonnet,,1222.0,1380.86,2025-09-03,16,611.0,Direct,Friday,2025-09,fbg_data.csv,cloudbeds
5275722772123,2025-09-14,2025-09-16,2,Spyglass,,721.0,814.73,2025-09-03,11,360.5,Direct,Sunday,2025-09,fbg_data.csv,cloudbeds
6422334727200,2025-09-11,2025-09-12,1,Spyglass,,320.0,361.6,2025-09-03,8,320.0,Direct,Thursday,2025-09,fbg_data.csv,cloudbeds
8074253738614,2025-09-12,2025-09-14,2,Spiral,,1119.0,1264.47,2025-09-03,9,559.5,Direct,Friday,2025-09,fbg_data.csv,cloudbeds
4282501380307,2025-09-03,2025-09-04,1,Cypress Lodge | Sleeps 6,,424.0,479.12,2025-09-03,0,424.0,Direct,Wednesday,2025-09,fbg_data.csv,cloudbeds
8708320566798,2025-09-03,2025-09-05,2,Monolith,,550.0,621.5,2025-09-03,0,275.0,Direct,Wednesday,2025-09,fbg_data.csv,cloudbeds
1729189425828,2025-10-13,2025-10-15,2,Spyglass,,937.0,1058.81,2025-09-04,39,468.5,Direct,Monday,2025-10,fbg_data.csv,cloudbeds
2915688559041,2025-10-07,2025-10-10,3,Sage Safari,,1186.0,1340.18,2025-09-04,33,395.3333333333333,Direct,Tuesday,2025-10,fbg_data.csv,cloudbeds
2248322995732,2025-09-18,2025-09-19,1,Cypress Lodge | Sleeps 6,,368.0,415.84,2025-09-04,14,368.0,Direct,Thursday,2025-09,fbg_data.csv,cloudbeds
4087996459016,2025-09-11,2025-09-12,1,Buckeye Bungalow,,242.0,273.46,2025-09-04,7,242.0,Direct,Thursday,2025-09,fbg_data.csv,cloudbeds
3031241443193,2025-09-12,2025-09-14,2,Quonset,,906.0,1023.78,2025-09-04,8,453.0,Direct,Friday,2025-09,fbg_data.csv,cloudbeds
3063944399541,2025-09-06,2025-09-09,3,Diamond,,843.25,0.0,2025-09-04,2,281.0833333333333,Airbnb,Saturday,2025-09,fbg_data.csv,cloudbeds
5247498676465,2025-09-08,2025-09-10,2,Walnut House,,457.0,0.0,2025-09-04,4,228.5,Airbnb,Monday,2025-09,fbg_data.csv,cloudbeds
7402878882178,2025-09-06,2025-09-07,1,Diamond,,517.0,584.21,2025-09-04,2,517.0,Direct,Saturday,2025-09,fbg_data.csv,cloudbeds
9269231978530,2025-09-04,2025-09-05,1,Post Oak,,210.75,238.15,2025-09-04,0,210.75,Direct,Thursday,2025-09,fbg_data.csv,cloudbeds
9902639536863,2025-11-26,2025-11-29,3,Monarch,,1715.2,1938.18,2025-09-05,82,571.7333333333333,Direct,Wednesday,2025-11,fbg_data.csv,cloudbeds
8911870734803,2025-11-07,2025-11-10,3,Sage Safari,,2512.0,2945.91,2025-09-05,63,837.3333333333334,Direct,Friday,2025-11,fbg_data.csv,cloudbeds
2942115379483,2025-10-24,2025-10-26,2,Monolith,,2364.0,2671.32,2025-09-05,49,1182.0,Direct,Friday,2025-10,fbg_data.csv,cloudbeds
2932773106987,2025-09-26,2025-09-28,2,Lantana Dome,,1106.0,1249.78,2025-09-05,21,553.0,Direct,Friday,2025-09,fbg_data.csv,cloudbeds
1820784693853,2025-09-11,2025-09-12,1,Spiral,,259.24,292.94,2025-09-05,6,259.24,Expedia,Thursday,2025-09,fbg_data.csv,cloudbeds
7511418011617,2025-09-07,2025-09-08,1,Monarch,,349.0,394.37,2025-09-05,2,349.0,Direct,Sunday,2025-09,fbg_data.csv,cloudbeds
9552233959153,2025-09-06,2025-09-07,1,Great Lodge: King Room,,341.52,385.92,2025-09-05,1,341.52,Booking.com,Saturday,2025-09,fbg_data.csv,cloudbeds
6199124881990,2025-09-05,2025-09-07,2,Great Lodge: King Room,,528.0,596.64,2025-09-05,0,264.0,Direct,Friday,2025-09,fbg_data.csv,cloudbeds
6364407002018,2025-09-05,2025-09-06,1,Quonset,,339.0,383.07,2025-09-05,0,339.0,Direct,Friday,2025-09,fbg_data.csv,cloudbeds
1973718443737,2025-09-21,2025-09-22,1,Quonset,,233.34,263.67,2025-09-06,15,233.34,Expedia,Sunday,2025-09,fbg_data.csv,cloudbeds
5582342206773,2025-09-19,2025-09-21,2,Cypress Lodge | Sleeps 2,,996.0,1125.48,2025-09-06,13,498.0,Direct,Friday,2025-09,fbg_data.csv,cloudbeds
8138691220188,2025-09-18,2025-09-19,1,Post Oak,,212.6,240.24,2025-09-06,12,212.6,Direct,Thursday,2025-09,fbg_data.csv,cloudbeds
6701783466651,2025-09-08,2025-09-09,1,Lantana Dome,,224.0,253.12,2025-09-06,2,224.0,Direct,Monday,2025-09,fbg_data.csv,cloudbeds
9372001447626,2025-09-30,2025-10-01,1,Spyglass,,353.0,398.89,2025-09-07,23,353.0,Direct,Tuesday,2025-09,fbg_data.csv,cloudbeds
2032620449570,2025-09-24,2025-09-26,2,Walnut House,,686.0,775.18,2025-09-07,17,343.0,Direct,Wednesday,2025-09,fbg_data.csv,cloudbeds
2710466093284,2025-09-26,2025-09-28,2,Post Oak,,942.0,1064.46,2025-09-07,19,471.0,Direct,Friday,2025-09,fbg_data.csv,cloudbeds
7460298238354,2025-09-08,2025-09-10,2,Sage Safari,,448.0,506.24,2025-09-07,1,224.0,Direct,Monday,2025-09,fbg_data.csv,cloudbeds
9639600736698,2025-09-08,2025-09-10,2,Monolith,,436.4,493.12,2025-09-07,1,218.2,Direct,Monday,2025-09,fbg_data.csv,cloudbeds
4070190658777,2025-12-02,2025-12-05,3,Sage Safari,,802.64,1171.81,2025-09-08,85,267.5466666666667,Direct,Tuesday,2025-12,fbg_data.csv,cloudbeds
8091230565029,2025-11-29,2025-12-01,2,Quonset,,501.65,566.87,2025-09-08,82,250.825,Expedia,Saturday,2025-11,fbg_data.csv,cloudbeds
2384498396782,2025-10-21,2025-10-24,3,Spyglass,,4693.0,5540.39,2025-09-08,43,1564.3333333333333,Direct,Tuesday,2025-10,fbg_data.csv,cloudbeds
2384498396782,2025-10-21,2025-10-24,3,Walnut House,,4693.0,5540.39,2025-09-08,43,1564.3333333333333,Direct,Tuesday,2025-10,fbg_data.csv,cloudbeds
2384498396782,2025-10-21,2025-10-24,3,Monolith,,4693.0,5540.39,2025-09-08,43,1564.3333333333333,Direct,Tuesday,2025-10,fbg_data.csv,cloudbeds
9951589553083,2025-10-24,2025-10-26,2,Great Lodge: King Room,,1268.3,1433.18,2025-09-08,46,634.15,Direct,Friday,2025-10,fbg_data.csv,cloudbeds
1636819220566,2025-09-27,2025-09-29,2,Winecup,,855.0,1177.59,2025-09-08,19,427.5,Direct,Saturday,2025-09,fbg_data.csv,cloudbeds
4160809550044,2025-09-18,2025-09-20,2,Monolith,,1166.0,1317.58,2025-09-08,10,583.0,Direct,Thursday,2025-09,fbg_data.csv,cloudbeds
8250128452651,2025-09-19,2025-09-21,2,Spiral,,1347.4,1522.56,2025-09-08,11,673.7,Expedia,Friday,2025-09,fbg_data.csv,cloudbeds
7850751571858,2025-09-15,2025-09-18,3,Walnut House,,732.0,934.51,2025-09-08,7,244.0,Direct,Monday,2025-09,fbg_data.csv,cloudbeds
7957017329043,2025-09-10,2025-09-11,1,Monolith,,237.32,268.17,2025-09-08,2,237.32,Expedia,Wednesday,2025-09,fbg_data.csv,cloudbeds
9683431160908,2025-10-17,2025-10-19,2,Spiral,,1424.6,0.0,2025-09-09,38,712.3,Airbnb,Friday,2025-10,fbg_data.csv,cloudbeds
5386667848839,2025-10-05,2025-10-10,5,Walnut House,,1966.0,2221.58,2025-09-09,26,393.2,Direct,Sunday,2025-10,fbg_data.csv,cloudbeds
5696017258395,2025-10-03,2025-10-06,3,Diamond,,1181.0,1334.53,2025-09-09,24,393.6666666666667,Direct,Friday,2025-10,fbg_data.csv,cloudbeds
8993424262512,2025-10-01,2025-10-02,1,Live Oak Lodge,,312.39,340.65,2025-09-09,22,312.39,Expedia,Wednesday,2025-10,fbg_data.csv,cloudbeds
4791165529602,2025-09-15,2025-09-16,1,Diamond,,264.0,298.32,2025-09-09,6,264.0,Direct,Monday,2025-09,fbg_data.csv,cloudbeds
9589145807637,2025-09-12,2025-09-13,1,Monolith,,472.45,533.87,2025-09-09,3,472.45,Expedia,Friday,2025-09,fbg_data.csv,cloudbeds
2215599762801,2025-10-15,2025-10-17,2,Spyglass,,963.0,1088.19,2025-09-10,35,481.5,Direct,Wednesday,2025-10,fbg_data.csv,cloudbeds
9442367133481,2025-09-24,2025-09-26,2,Monolith,,496.56,561.11,2025-09-10,14,248.28,Expedia,Wednesday,2025-09,fbg_data.csv,cloudbeds
8479521041916,2025-09-22,2025-09-24,2,Walnut House,,457.0,0.0,2025-09-10,12,228.5,Airbnb,Monday,2025-09,fbg_data.csv,cloudbeds
6354173959755,2025-09-19,2025-09-20,1,Cedar Haus,,323.0,364.99,2025-09-10,9,323.0,Direct,Friday,2025-09,fbg_data.csv,cloudbeds
3878474748765,2025-09-18,2025-09-20,2,Lantana Dome,,844.0,953.72,2025-09-10,8,422.0,Direct,Thursday,2025-09,fbg_data.csv,cloudbeds
2408863374917,2025-09-12,2025-09-14,2,Post Oak,,665.66,752.2,2025-09-10,2,332.83,Expedia,Friday,2025-09,fbg_data.csv,cloudbeds
7385489602695,2025-10-24,2025-10-26,2,Post Oak,,1452.3,1641.1,2025-09-11,43,726.15,Direct,Friday,2025-10,fbg_data.csv,cloudbeds
4834000017215,2025-10-09,2025-10-12,3,Great Lodge: King Room,,1592.0,1798.96,2025-09-11,28,530.6666666666666,Direct,Thursday,2025-10,fbg_data.csv,cloudbeds
6265755817371,2025-09-29,2025-10-01,2,Monolith,,528.0,596.64,2025-09-11,18,264.0,Direct,Monday,2025-09,fbg_data.csv,cloudbeds
1054729698872,2025-09-25,2025-09-28,3,Sage Safari,,1354.6,1802.48,2025-09-11,14,451.5333333333333,Direct,Thursday,2025-09,fbg_data.csv,cloudbeds
4876606999940,2025-09-18,2025-09-21,3,Cypress Lodge | Sleeps 4,,1585.0,1791.05,2025-09-11,7,528.3333333333334,Direct,Thursday,2025-09,fbg_data.csv,cloudbeds
9533728179578,2025-09-18,2025-09-21,3,Quonset,,1394.0,1575.22,2025-09-11,7,464.6666666666667,Direct,Thursday,2025-09,fbg_data.csv,cloudbeds
3049273385941,2025-09-18,2025-09-19,1,Monolith,,260.9,294.81,2025-09-11,7,260.9,Direct,Thursday,2025-09,fbg_data.csv,cloudbeds
1905592564367,2025-09-19,2025-09-21,2,Post Oak,,942.0,1064.46,2025-09-11,8,471.0,Direct,Friday,2025-09,fbg_data.csv,cloudbeds
4798951481259,2025-09-16,2025-09-17,1,Buckeye Bungalow,,186.2,210.4,2025-09-11,5,186.2,Direct,Tuesday,2025-09,fbg_data.csv,cloudbeds
6628481300300,2025-09-14,2025-09-16,2,Monolith,,573.0,647.49,2025-09-11,3,286.5,Direct,Sunday,2025-09,fbg_data.csv,cloudbeds
2423064815599,2025-09-15,2025-09-16,1,Cypress Lodge | Sleeps 2,,204.0,230.52,2025-09-11,4,204.0,Direct,Monday,2025-09,fbg_data.csv,cloudbeds
5681045381218,2025-09-15,2025-09-16,1,Juniper Haus,,204.0,230.52,2025-09-11,4,204.0,Direct,Monday,2025-09,fbg_data.csv,cloudbeds
7951827544246,2025-09-12,2025-09-14,2,Cypress Lodge | Sleeps 2,,727.0,821.51,2025-09-11,1,363.5,Direct,Friday,2025-09,fbg_data.csv,cloudbeds
1035221525674,2025-09-14,2025-09-15,1,Buckeye Bungalow,,261.0,294.93,2025-09-11,3,261.0,Direct,Sunday,2025-09,fbg_data.csv,cloudbeds
4532933105650,2025-09-12,2025-09-14,2,Diamond,,751.0,0.0,2025-09-11,1,375.5,Airbnb,Friday,2025-09,fbg_data.csv,cloudbeds
1058449466793,2025-09-12,2025-09-13,1,Quonset,,381.0,430.53,2025-09-11,1,381.0,Direct,Friday,2025-09,fbg_data.csv,cloudbeds
9313605427941,2025-09-12,2025-09-14,2,Diamond,,1014.0,1410.38,2025-09-11,1,507.0,Direct,Friday,2025-09,fbg_data.csv,cloudbeds
7309927864101,2025-09-12,2025-09-13,1,Spyglass,,519.27,586.78,2025-09-11,1,519.27,Expedia,Friday,2025-09,fbg_data.csv,cloudbeds
3148702009053,2025-11-27,2025-11-29,2,Post Oak,,1181.02,1334.55,2025-09-12,76,590.51,Expedia,Thursday,2025-11,fbg_data.csv,cloudbeds
9691064367619,2025-10-26,2025-10-30,4,Sage Safari,,1471.0,1926.79,2025-09-12,44,367.75,Direct,Sunday,2025-10,fbg_data.csv,cloudbeds
8464499556607,2025-09-28,2025-09-29,1,Sage Safari,,298.0,0.0,2025-09-12,16,298.0,Airbnb,Sunday,2025-09,fbg_data.csv,cloudbeds
6307684845302,2025-09-24,2025-09-25,1,Monolith,,264.0,298.32,2025-09-12,12,264.0,Direct,Wednesday,2025-09,fbg_data.csv,cloudbeds
3044692325815,2025-09-21,2025-09-24,3,Sage Safari,,709.0,801.17,2025-09-12,9,236.33333333333334,Direct,Sunday,2025-09,fbg_data.csv,cloudbeds
6040534106561,2025-09-21,2025-09-23,2,Live Oak Lodge,,529.0,597.77,2025-09-12,9,264.5,Direct,Sunday,2025-09,fbg_data.csv,cloudbeds
3351391794244,2025-10-31,2025-11-03,3,Sage Safari,,2272.0,2567.36,2025-09-13,48,757.3333333333334,Direct,Friday,2025-10,fbg_data.csv,cloudbeds
5284342698512,2025-10-27,2025-10-29,2,Monolith,,727.0,0.0,2025-09-13,44,363.5,Airbnb,Monday,2025-10,fbg_data.csv,cloudbeds
1539897419552,2025-10-22,2025-10-25,3,Cypress Lodge | Sleeps 4,,1134.0,1281.42,2025-09-13,39,378.0,Direct,Wednesday,2025-10,fbg_data.csv,cloudbeds
9533454565183,2025-10-14,2025-10-17,3,Diamond,,1228.0,1387.64,2025-09-13,31,409.3333333333333,Direct,Tuesday,2025-10,fbg_data.csv,cloudbeds
1558949286032,2025-10-03,2025-10-06,3,Live Oak Lodge,,2835.0,3203.55,2025-09-13,20,945.0,Direct,Friday,2025-10,fbg_data.csv,cloudbeds
2790142480971,2025-09-29,2025-10-01,2,Buckeye Bungalow,,448.0,506.24,2025-09-13,16,224.0,Direct,Monday,2025-09,fbg_data.csv,cloudbeds
1927269303983,2025-09-28,2025-09-30,2,Spyglass,,577.0,652.01,2025-09-13,15,288.5,Direct,Sunday,2025-09,fbg_data.csv,cloudbeds
1003099117970,2025-09-22,2025-09-23,1,Lantana Dome,,224.0,253.12,2025-09-13,9,224.0,Direct,Monday,2025-09,fbg_data.csv,cloudbeds
6873708154059,2025-09-14,2025-09-19,5,Cypress Lodge | Sleeps 2,,920.1,1039.71,2025-09-13,1,184.02,Expedia,Sunday,2025-09,fbg_data.csv,cloudbeds
3254141637275,2025-09-17,2025-09-18,1,Monolith,,252.55,285.38,2025-09-13,4,252.55,Direct,Wednesday,2025-09,fbg_data.csv,cloudbeds
2843201311658,2025-09-15,2025-09-17,2,Quonset,,401.47,453.66,2025-09-13,2,200.735,Expedia,Monday,2025-09,fbg_data.csv,cloudbeds
2843201311658,2025-09-15,2025-09-17,2,Buckeye Bungalow,,401.47,453.66,2025-09-13,2,200.735,Expedia,Monday,2025-09,fbg_data.csv,cloudbeds
3021471871050,2025-11-17,2025-11-24,7,Monarch,,4130.0,4774.25,2025-09-14,64,590.0,Direct,Monday,2025-11,fbg_data.csv,cloudbeds
6222863866719,2025-11-12,2025-11-14,2,Lantana Dome,,704.0,795.52,2025-09-14,59,352.0,Direct,Wednesday,2025-11,fbg_data.csv,cloudbeds
8442904938725,2025-11-08,2025-11-11,3,Spyglass,,2106.0,2379.78,2025-09-14,55,702.0,Direct,Saturday,2025-11,fbg_data.csv,cloudbeds
5529163764048,2025-10-17,2025-10-19,2,Cypress Lodge | Sleeps 2,,1214.0,1371.82,2025-09-14,33,607.0,Direct,Friday,2025-10,fbg_data.csv,cloudbeds
2831152959993,2025-10-04,2025-10-06,2,Post Oak,,1030.0,1271.25,2025-09-14,20,515.0,Direct,Saturday,2025-10,fbg_data.csv,cloudbeds
3982095955293,2025-09-19,2025-09-20,1,Cocoon,,417.99,593.55,2025-09-14,5,417.99,Expedia,Friday,2025-09,fbg_data.csv,cloudbeds
3808355536159,2025-10-01,2025-10-02,1,Monarch,,244.0,275.72,2025-09-14,17,244.0,Direct,Wednesday,2025-10,fbg_data.csv,cloudbeds
4062781008212,2025-10-04,2025-10-05,1,Cypress Lodge | Sleeps 6,,757.0,0.0,2025-09-14,20,757.0,Airbnb,Saturday,2025-10,fbg_data.csv,cloudbeds
1479878848676,2025-09-24,2025-09-26,2,Lantana Dome,,466.0,526.58,2025-09-14,10,233.0,Direct,Wednesday,2025-09,fbg_data.csv,cloudbeds
4966696696678,2025-09-23,2025-09-25,2,Monarch,,488.0,551.44,2025-09-14,9,244.0,Direct,Tuesday,2025-09,fbg_data.csv,cloudbeds
7307366517790,2025-09-21,2025-09-22,1,Lantana Dome,,291.0,328.83,2025-09-14,7,291.0,Direct,Sunday,2025-09,fbg_data.csv,cloudbeds
2362886241151,2025-09-17,2025-09-19,2,Bluebonnet,,466.0,791.14,2025-09-14,3,233.0,Direct,Wednesday,2025-09,fbg_data.csv,cloudbeds
7151230363930,2025-09-17,2025-09-19,2,Great Lodge: King Room,,506.0,571.78,2025-09-14,3,253.0,Direct,Wednesday,2025-09,fbg_data.csv,cloudbeds
7237366806623,2025-09-17,2025-09-19,2,Great Lodge: King Room,,506.0,571.78,2025-09-14,3,253.0,Direct,Wednesday,2025-09,fbg_data.csv,cloudbeds
4865077199821,2025-09-15,2025-09-17,2,Cypress Lodge | Sleeps 4,,505.1,596.64,2025-09-14,1,252.55,Direct,Monday,2025-09,fbg_data.csv,cloudbeds
2065779934007,2025-12-14,2025-12-17,3,Lantana Dome,,1037.0,1171.81,2025-09-15,90,345.6666666666667,Direct,Sunday,2025-12,fbg_data.csv,cloudbeds
7872801745173,2025-11-10,2025-11-12,2,Lantana Dome,,674.0,761.62,2025-09-15,56,337.0,Direct,Monday,2025-11,fbg_data.csv,cloudbeds
4335181950141,2025-10-02,2025-10-06,4,Sage Safari,,2654.0,2999.02,2025-09-15,17,663.5,Direct,Thursday,2025-10,fbg_data.csv,cloudbeds
7437206182387,2025-09-29,2025-09-30,1,Monolith,,264.0,298.32,2025-09-15,14,264.0,Direct,Monday,2025-09,fbg_data.csv,cloudbeds
7116856814490,2025-09-24,2025-09-26,2,Bluebonnet,,472.65,534.09,2025-09-15,9,236.325,Expedia,Wednesday,2025-09,fbg_data.csv,cloudbeds
5576726475072,2025-09-28,2025-09-29,1,Monolith,,254.2,287.24,2025-09-15,13,254.2,Direct,Sunday,2025-09,fbg_data.csv,cloudbeds
2068230086246,2025-09-23,2025-09-24,1,Bluebonnet,,224.0,253.12,2025-09-15,8,224.0,Direct,Tuesday,2025-09,fbg_data.csv,cloudbeds
5759200619559,2025-09-21,2025-09-23,2,Bluebonnet,,402.0,454.26,2025-09-15,6,201.0,Direct,Sunday,2025-09,fbg_data.csv,cloudbeds
4418189947379,2025-09-18,2025-09-19,1,Sage Safari,,287.0,324.31,2025-09-15,3,287.0,Direct,Thursday,2025-09,fbg_data.csv,cloudbeds
2069144502043,2025-09-16,2025-09-18,2,Quonset,,199.83,493.12,2025-09-15,1,99.915,Direct,Tuesday,2025-09,fbg_data.csv,cloudbeds
2069144502043,2025-09-16,2025-09-18,2,Diamond,,199.83,493.12,2025-09-15,1,99.915,Direct,Tuesday,2025-09,fbg_data.csv,cloudbeds
5998073389746,2025-09-18,2025-09-21,3,Winecup,,1394.0,1575.22,2025-09-15,3,464.6666666666667,Direct,Thursday,2025-09,fbg_data.csv,cloudbeds
4422827475571,2025-09-20,2025-09-21,1,Lantana Dome,,355.0,401.15,2025-09-15,5,355.0,Direct,Saturday,2025-09,fbg_data.csv,cloudbeds
4234942681524,2025-09-17,2025-09-18,1,Cypress Lodge | Sleeps 6,,264.0,405.67,2025-09-15,2,264.0,Direct,Wednesday,2025-09,fbg_data.csv,cloudbeds
4711811441455,2025-09-17,2025-09-18,1,Diamond,,254.2,0.0,2025-09-15,2,254.2,Airbnb,Wednesday,2025-09,fbg_data.csv,cloudbeds
3818026578045,2025-10-24,2025-10-26,2,Monarch,,2208.0,2495.04,2025-09-16,38,1104.0,Direct,Friday,2025-10,fbg_data.csv,cloudbeds
4903441968435,2025-10-21,2025-10-22,1,Cedar Haus,,327.0,369.51,2025-09-16,35,327.0,Direct,Tuesday,2025-10,fbg_data.csv,cloudbeds
4393565354952,2025-10-17,2025-10-19,2,Walnut House,,2058.0,2325.54,2025-09-16,31,1029.0,Direct,Friday,2025-10,fbg_data.csv,cloudbeds
3518734810771,2025-10-01,2025-10-02,1,Monolith,,259.8,293.58,2025-09-16,15,259.8,Expedia,Wednesday,2025-10,fbg_data.csv,cloudbeds
5444209651382,2025-10-04,2025-10-05,1,Diamond,,903.0,1020.39,2025-09-16,18,903.0,Direct,Saturday,2025-10,fbg_data.csv,cloudbeds
4232061332259,2025-09-29,2025-09-30,1,Walnut House,,244.0,275.72,2025-09-16,13,244.0,Direct,Monday,2025-09,fbg_data.csv,cloudbeds
9102050809598,2025-09-26,2025-09-27,1,Quonset,,355.0,401.15,2025-09-16,10,355.0,Direct,Friday,2025-09,fbg_data.csv,cloudbeds
4424687379535,2025-09-27,2025-09-28,1,Pecan Haus,,339.0,401.15,2025-09-16,11,339.0,Direct,Saturday,2025-09,fbg_data.csv,cloudbeds
9036400152693,2025-09-18,2025-09-19,1,Spyglass,,313.0,0.0,2025-09-16,2,313.0,Airbnb,Thursday,2025-09,fbg_data.csv,cloudbeds
4386439463809,2025-09-19,2025-09-21,2,Cypress Lodge | Sleeps 4,,1210.0,1367.3,2025-09-16,3,605.0,Direct,Friday,2025-09,fbg_data.csv,cloudbeds
9044793618242,2025-09-17,2025-09-18,1,Monarch,,244.0,275.72,2025-09-16,1,244.0,Direct,Wednesday,2025-09,fbg_data.csv,cloudbeds
5878880123879,2025-09-30,2025-10-02,2,Lantana Dome,,372.4,420.8,2025-09-17,13,186.2,Direct,Tuesday,2025-09,fbg_data.csv,cloudbeds
2160138417045,2025-09-27,2025-09-29,2,Walnut House,,1076.0,1215.88,2025-09-17,10,538.0,Direct,Saturday,2025-09,fbg_data.csv,cloudbeds
5284325489948,2025-09-23,2025-09-25,2,Buckeye Bungalow,,417.0,0.0,2025-09-17,6,208.5,Airbnb,Tuesday,2025-09,fbg_data.csv,cloudbeds
7523822411210,2025-09-27,2025-09-28,1,Cypress Lodge | Sleeps 4,,452.0,510.76,2025-09-17,10,452.0,Direct,Saturday,2025-09,fbg_data.csv,cloudbeds
3948856476386,2025-09-20,2025-09-22,2,Winecup,,825.34,932.64,2025-09-17,3,412.67,Expedia,Saturday,2025-09,fbg_data.csv,cloudbeds
3315119659236,2025-09-17,2025-09-18,1,Quonset,,244.0,275.72,2025-09-17,0,244.0,Direct,Wednesday,2025-09,fbg_data.csv,cloudbeds
8693183885979,2025-09-17,2025-09-18,1,Great Lodge: King Room,,204.0,230.52,2025-09-17,0,204.0,Direct,Wednesday,2025-09,fbg_data.csv,cloudbeds
1347688206609,2025-09-17,2025-09-18,1,Post Oak,,204.0,230.52,2025-09-17,0,204.0,Direct,Wednesday,2025-09,fbg_data.csv,cloudbeds
5293951239439,2025-11-27,2025-11-29,2,Quonset,,785.0,994.4,2025-09-18,70,392.5,Direct,Thursday,2025-11,fbg_data.csv,cloudbeds
9500731301813,2025-10-12,2025-10-13,1,Sage Safari,,408.0,461.04,2025-09-18,24,408.0,Direct,Sunday,2025-10,fbg_data.csv,cloudbeds
6680540184113,2025-10-04,2025-10-07,3,Diamond,,2091.0,2450.68,2025-09-18,16,697.0,Direct,Saturday,2025-10,fbg_data.csv,cloudbeds
2834816230030,2025-09-26,2025-09-28,2,Cypress Lodge | Sleeps 2,,753.3,959.66,2025-09-18,8,376.65,Expedia,Friday,2025-09,fbg_data.csv,cloudbeds
6651271470486,2025-09-18,2025-09-19,1,Walnut House,,332.32,363.17,2025-09-18,0,332.32,Expedia,Thursday,2025-09,fbg_data.csv,cloudbeds
2850451549709,2025-10-01,2025-10-02,1,Post Oak,,204.0,230.52,2025-09-18,13,204.0,Direct,Wednesday,2025-10,fbg_data.csv,cloudbeds
9758027084866,2025-09-28,2025-09-29,1,Diamond,,215.8,243.86,2025-09-18,10,215.8,Direct,Sunday,2025-09,fbg_data.csv,cloudbeds
5423277605886,2025-09-21,2025-09-23,2,Monolith,,547.85,619.07,2025-09-18,3,273.925,Direct,Sunday,2025-09,fbg_data.csv,cloudbeds
7410840909418,2025-09-21,2025-09-22,1,Walnut House,,285.0,322.05,2025-09-18,3,285.0,Direct,Sunday,2025-09,fbg_data.csv,cloudbeds
4231246876282,2025-09-19,2025-09-21,2,Great Lodge: King Room,,854.0,0.0,2025-09-18,1,427.0,Airbnb,Friday,2025-09,fbg_data.csv,cloudbeds
7161122307290,2025-09-20,2025-09-21,1,Great Lodge: King Room,,424.75,479.97,2025-09-18,2,424.75,Expedia,Saturday,2025-09,fbg_data.csv,cloudbeds
2512804929329,2025-09-30,2025-10-04,4,Bluebonnet,,1645.0,1858.85,2025-09-19,11,411.25,Direct,Tuesday,2025-09,fbg_data.csv,cloudbeds
9379812672437,2025-10-02,2025-10-03,1,Buckeye Bungalow,,242.0,273.46,2025-09-19,13,242.0,Direct,Thursday,2025-10,fbg_data.csv,cloudbeds
4936177797021,2025-09-23,2025-09-25,2,Diamond,,519.6,587.16,2025-09-19,4,259.8,Expedia,Tuesday,2025-09,fbg_data.csv,cloudbeds
2579235608491,2025-09-26,2025-09-28,2,Quonset,,980.0,1107.4,2025-09-19,7,490.0,Direct,Friday,2025-09,fbg_data.csv,cloudbeds
9288477096823,2025-09-25,2025-09-28,3,Diamond,,1682.0,1900.66,2025-09-19,6,560.6666666666666,Direct,Thursday,2025-09,fbg_data.csv,cloudbeds
9973083957389,2025-09-22,2025-09-24,2,Spyglass,,488.0,551.44,2025-09-19,3,244.0,Direct,Monday,2025-09,fbg_data.csv,cloudbeds
2071954759719,2025-09-21,2025-09-24,3,Spiral,,837.0,945.81,2025-09-19,2,279.0,Direct,Sunday,2025-09,fbg_data.csv,cloudbeds
8421556898735,2025-09-22,2025-09-23,1,Cypress Lodge | Sleeps 2,,204.0,230.52,2025-09-19,3,204.0,Direct,Monday,2025-09,fbg_data.csv,cloudbeds
7483552651166,2025-09-21,2025-09-22,1,Diamond,,309.0,349.17,2025-09-19,2,309.0,Direct,Sunday,2025-09,fbg_data.csv,cloudbeds
9735288914801,2025-09-20,2025-09-21,1,Great Lodge: King Room,,314.0,354.82,2025-09-19,1,314.0,Direct,Saturday,2025-09,fbg_data.csv,cloudbeds
9380721093174,2025-10-25,2025-10-27,2,Diamond,,1727.0,1951.51,2025-09-20,35,863.5,Direct,Saturday,2025-10,fbg_data.csv,cloudbeds
4423874737298,2025-10-17,2025-10-19,2,Lantana Dome,,1780.0,2011.4,2025-09-20,27,890.0,Direct,Friday,2025-10,fbg_data.csv,cloudbeds
2972860024105,2025-09-27,2025-09-28,1,Spyglass,,743.0,839.59,2025-09-20,7,743.0,Direct,Saturday,2025-09,fbg_data.csv,cloudbeds
4763067723929,2025-09-20,2025-09-21,1,Pecan Haus,,376.0,0.0,2025-09-20,0,376.0,Airbnb,Saturday,2025-09,fbg_data.csv,cloudbeds
2764208295618,2025-09-21,2025-09-22,1,Diamond,,309.0,349.17,2025-09-20,1,309.0,Direct,Sunday,2025-09,fbg_data.csv,cloudbeds
1981464234119,2025-09-20,2025-09-21,1,Great Lodge: King Room,,340.0,0.0,2025-09-20,0,340.0,Airbnb,Saturday,2025-09,fbg_data.csv,cloudbeds
9394204412390,2025-09-21,2025-09-22,1,Diamond,,309.0,349.17,2025-09-20,1,309.0,Direct,Sunday,2025-09,fbg_data.csv,cloudbeds
7002653623335,2025-09-20,2025-09-21,1,Great Lodge: King Room,,340.0,0.0,2025-09-20,0,340.0,Airbnb,Saturday,2025-09,fbg_data.csv,cloudbeds
5930531907547,2025-09-20,2025-09-21,1,Great Lodge: King Room,,314.0,354.82,2025-09-20,0,314.0,Direct,Saturday,2025-09,fbg_data.csv,cloudbeds
8241317771322,2025-11-13,2025-11-15,2,Live Oak Lodge,,70.0,0.0,2025-09-21,53,35.0,Direct,Thursday,2025-11,fbg_data.csv,cloudbeds
3919631456993,2025-11-13,2025-11-15,2,Spyglass,,70.0,0.0,2025-09-21,53,35.0,Direct,Thursday,2025-11,fbg_data.csv,cloudbeds
7453356459635,2025-10-17,2025-10-19,2,Quonset,,988.0,1116.44,2025-09-21,26,494.0,Direct,Friday,2025-10,fbg_data.csv,cloudbeds
1673957850846,2025-10-17,2025-10-19,2,Spyglass,,2058.0,2325.54,2025-09-21,26,1029.0,Direct,Friday,2025-10,fbg_data.csv,cloudbeds
9105307295039,2025-10-04,2025-10-05,1,Cypress Lodge | Sleeps 2,,448.0,506.24,2025-09-21,13,448.0,Direct,Saturday,2025-10,fbg_data.csv,cloudbeds
6517486192659,2025-09-24,2025-09-26,2,Spiral,,736.0,831.68,2025-09-21,3,368.0,Direct,Wednesday,2025-09,fbg_data.csv,cloudbeds
8013547508455,2025-09-28,2025-09-29,1,Buckeye Bungalow,,261.0,402.28,2025-09-21,7,261.0,Direct,Sunday,2025-09,fbg_data.csv,cloudbeds
9249520671620,2025-09-26,2025-09-27,1,Walnut House,,537.0,0.0,2025-09-21,5,537.0,Airbnb,Friday,2025-09,fbg_data.csv,cloudbeds
2253881335224,2025-09-21,2025-09-22,1,Cypress Lodge | Sleeps 4,,309.0,349.17,2025-09-21,0,309.0,Direct,Sunday,2025-09,fbg_data.csv,cloudbeds
2045032684551,2025-10-17,2025-10-19,2,Monolith,,1650.0,1864.5,2025-09-22,25,825.0,Direct,Friday,2025-10,fbg_data.csv,cloudbeds
1810333995409,2025-10-14,2025-10-16,2,Sage Safari,,636.0,718.68,2025-09-22,22,318.0,Direct,Tuesday,2025-10,fbg_data.csv,cloudbeds
2962966545024,2025-10-06,2025-10-08,2,Monolith,,608.6,0.0,2025-09-22,14,304.3,Airbnb,Monday,2025-10,fbg_data.csv,cloudbeds
4433183670927,2025-10-08,2025-10-09,1,Winecup,,290.0,327.7,2025-09-22,16,290.0,Direct,Wednesday,2025-10,fbg_data.csv,cloudbeds
7213654202169,2025-10-03,2025-10-04,1,Post Oak,,404.0,456.52,2025-09-22,11,404.0,Direct,Friday,2025-10,fbg_data.csv,cloudbeds
4838066943554,2025-09-30,2025-10-02,2,Monolith,,528.0,596.64,2025-09-22,8,264.0,Direct,Tuesday,2025-09,fbg_data.csv,cloudbeds
7361681319285,2025-10-04,2025-10-05,1,Cypress Lodge | Sleeps 4,,673.8,0.0,2025-09-22,12,673.8,Airbnb,Saturday,2025-10,fbg_data.csv,cloudbeds
3834302817048,2025-09-28,2025-09-30,2,Cypress Lodge | Sleeps 2,,391.0,441.83,2025-09-22,6,195.5,Direct,Sunday,2025-09,fbg_data.csv,cloudbeds
9841167937497,2025-09-26,2025-09-29,3,Spiral,,1091.54,1233.43,2025-09-22,4,363.84666666666664,Expedia,Friday,2025-09,fbg_data.csv,cloudbeds
9927164377309,2025-09-24,2025-09-26,2,Diamond,,573.0,634.49,2025-09-22,2,286.5,Direct,Wednesday,2025-09,fbg_data.csv,cloudbeds
2961910911227,2025-09-26,2025-09-28,2,Great Lodge: King Room,,585.0,0.0,2025-09-22,4,292.5,Airbnb,Friday,2025-09,fbg_data.csv,cloudbeds
5947789156393,2025-09-27,2025-09-28,1,Juniper Haus,,293.55,0.0,2025-09-22,5,293.55,Airbnb,Saturday,2025-09,fbg_data.csv,cloudbeds
4551070566511,2025-09-24,2025-09-25,1,Sage Safari,,224.0,253.12,2025-09-22,2,224.0,Direct,Wednesday,2025-09,fbg_data.csv,cloudbeds
9955967617202,2025-09-26,2025-09-28,2,Buckeye Bungalow,,708.0,0.0,2025-09-22,4,354.0,Airbnb,Friday,2025-09,fbg_data.csv,cloudbeds
9798975519605,2025-09-23,2025-09-25,2,Quonset,,488.0,551.44,2025-09-22,1,244.0,Direct,Tuesday,2025-09,fbg_data.csv,cloudbeds
5846448620404,2025-09-22,2025-09-23,1,Cypress Lodge | Sleeps 6,,264.0,298.32,2025-09-22,0,264.0,Direct,Monday,2025-09,fbg_data.csv,cloudbeds
4874819580105,2026-05-25,2026-05-27,2,Sage Safari,,718.0,921.18,2025-09-22,245,359.0,Direct,Monday,2026-05,fbg_data.csv,cloudbeds
6404581103015,2025-10-27,2025-10-29,2,Cypress Lodge | Sleeps 6,,832.0,940.16,2025-09-23,34,416.0,Direct,Monday,2025-10,fbg_data.csv,cloudbeds
2071077844620,2025-10-19,2025-10-20,1,Diamond,,432.0,488.16,2025-09-23,26,432.0,Direct,Sunday,2025-10,fbg_data.csv,cloudbeds
6526629201294,2025-10-10,2025-10-12,2,Lantana Dome,,1790.0,2287.26,2025-09-23,17,895.0,Direct,Friday,2025-10,fbg_data.csv,cloudbeds
7260878045812,2025-09-29,2025-10-01,2,Cypress Lodge | Sleeps 4,,355.08,401.24,2025-09-23,6,177.54,Expedia,Monday,2025-09,fbg_data.csv,cloudbeds
1916999266828,2025-09-25,2025-09-26,1,Post Oak,,231.0,261.03,2025-09-23,2,231.0,Direct,Thursday,2025-09,fbg_data.csv,cloudbeds
7126203417367,2025-09-27,2025-09-29,2,Bluebonnet,,663.0,749.19,2025-09-23,4,331.5,Direct,Saturday,2025-09,fbg_data.csv,cloudbeds
1791043298428,2025-11-12,2025-11-15,3,Monolith,,2597.0,2934.61,2025-09-24,49,865.6666666666666,Direct,Wednesday,2025-11,fbg_data.csv,cloudbeds
1279765178099,2025-11-03,2025-11-05,2,Lantana Dome,,674.0,761.62,2025-09-24,40,337.0,Direct,Monday,2025-11,fbg_data.csv,cloudbeds
3122568615501,2025-10-09,2025-10-22,13,Great Lodge: King Room,,4659.0,5264.67,2025-09-24,15,358.38461538461536,Direct,Thursday,2025-10,fbg_data.csv,cloudbeds
7503832675853,2025-10-12,2025-10-14,2,Monolith,,1080.4,1220.86,2025-09-24,18,540.2,Direct,Sunday,2025-10,fbg_data.csv,cloudbeds
4003936346679,2025-10-03,2025-10-06,3,Lantana Dome,,1859.0,2100.67,2025-09-24,9,619.6666666666666,Direct,Friday,2025-10,fbg_data.csv,cloudbeds
2160782190820,2025-10-03,2025-10-04,1,Cypress Lodge | Sleeps 2,,386.0,436.18,2025-09-24,9,386.0,Direct,Friday,2025-10,fbg_data.csv,cloudbeds
7581137464754,2025-09-30,2025-10-02,2,Cocoon,,372.06,506.24,2025-09-24,6,186.03,Direct,Tuesday,2025-09,fbg_data.csv,cloudbeds
4501229551743,2025-10-02,2025-10-03,1,Monolith,,260.23,294.06,2025-09-24,8,260.23,Expedia,Thursday,2025-10,fbg_data.csv,cloudbeds
1267525611225,2025-09-27,2025-09-28,1,Great Lodge: King Room,,358.0,0.0,2025-09-24,3,358.0,Airbnb,Saturday,2025-09,fbg_data.csv,cloudbeds
1830867010813,2025-09-27,2025-09-28,1,Great Lodge: King Room,,334.0,377.42,2025-09-24,3,334.0,Direct,Saturday,2025-09,fbg_data.csv,cloudbeds
6309562475520,2025-09-26,2025-09-29,3,Great Lodge: King Room,,846.0,955.98,2025-09-24,2,282.0,Direct,Friday,2025-09,fbg_data.csv,cloudbeds
6900984980662,2025-09-26,2025-09-28,2,Diamond,,1156.0,1306.28,2025-09-24,2,578.0,Direct,Friday,2025-09,fbg_data.csv,cloudbeds
9370372588249,2025-09-28,2025-09-29,1,Monolith,,219.94,253.67,2025-09-24,4,219.94,Expedia,Sunday,2025-09,fbg_data.csv,cloudbeds
9769933354836,2025-09-27,2025-09-28,1,Cocoon,,414.0,467.82,2025-09-24,3,414.0,Direct,Saturday,2025-09,fbg_data.csv,cloudbeds
8573092347525,2025-09-26,2025-09-27,1,Monarch,,466.0,738.02,2025-09-24,2,466.0,Direct,Friday,2025-09,fbg_data.csv,cloudbeds
6346518323402,2025-09-27,2025-09-28,1,Monarch,,584.0,659.92,2025-09-24,3,584.0,Direct,Saturday,2025-09,fbg_data.csv,cloudbeds
2960750024335,2025-09-25,2025-09-27,2,Cypress Lodge | Sleeps 6,,906.0,1023.78,2025-09-24,1,453.0,Direct,Thursday,2025-09,fbg_data.csv,cloudbeds
8804521298921,2025-09-27,2025-09-28,1,Quonset,,451.96,515.86,2025-09-24,3,451.96,Expedia,Saturday,2025-09,fbg_data.csv,cloudbeds
3261131754832,2025-09-26,2025-09-27,1,Great Lodge: King Room,,294.0,332.22,2025-09-24,2,294.0,Direct,Friday,2025-09,fbg_data.csv,cloudbeds
6160192748749,2025-09-26,2025-09-28,2,Winecup,,923.0,1042.99,2025-09-24,2,461.5,Direct,Friday,2025-09,fbg_data.csv,cloudbeds
3663566004610,2025-09-27,2025-09-28,1,Great Lodge: King Room,,334.0,377.42,2025-09-24,3,334.0,Direct,Saturday,2025-09,fbg_data.csv,cloudbeds
4849440904917,2025-10-12,2025-10-14,2,Live Oak Lodge,,724.4,818.58,2025-09-25,17,362.2,Direct,Sunday,2025-10,fbg_data.csv,cloudbeds
8669238273391,2025-10-06,2025-10-09,3,Monolith,,1212.0,1369.56,2025-09-25,11,404.0,Direct,Monday,2025-10,fbg_data.csv,cloudbeds
1903836414466,2025-10-03,2025-10-05,2,Monolith,,1691.0,1910.83,2025-09-25,8,845.5,Direct,Friday,2025-10,fbg_data.csv,cloudbeds
4164232978053,2025-09-27,2025-09-28,1,Diamond,,635.0,928.99,2025-09-25,2,635.0,Direct,Saturday,2025-09,fbg_data.csv,cloudbeds
2442571745687,2025-09-27,2025-09-28,1,Great Lodge: King Room,,334.0,377.42,2025-09-25,2,334.0,Direct,Saturday,2025-09,fbg_data.csv,cloudbeds
6335544827896,2025-09-26,2025-09-27,1,Spyglass,,354.0,400.02,2025-09-25,1,354.0,Direct,Friday,2025-09,fbg_data.csv,cloudbeds
7988754948294,2025-09-28,2025-09-29,1,Diamond,,357.87,404.39,2025-09-25,3,357.87,Expedia,Sunday,2025-09,fbg_data.csv,cloudbeds
4998875505880,2025-09-26,2025-09-27,1,Diamond,,521.0,588.73,2025-09-25,1,521.0,Direct,Friday,2025-09,fbg_data.csv,cloudbeds
4416769009517,2025-09-25,2025-09-27,2,Winecup,,643.0,726.59,2025-09-25,0,321.5,Direct,Thursday,2025-09,fbg_data.csv,cloudbeds
1086157280347,2025-11-01,2025-11-04,3,Quonset,,1378.0,1557.14,2025-09-26,36,459.3333333333333,Direct,Saturday,2025-11,fbg_data.csv,cloudbeds
1086157280347,2025-11-01,2025-11-04,3,Post Oak,,1378.0,1557.14,2025-09-26,36,459.3333333333333,Direct,Saturday,2025-11,fbg_data.csv,cloudbeds
6070388420650,2025-10-17,2025-10-20,3,Live Oak Lodge,,2264.0,2822.88,2025-09-26,21,754.6666666666666,Direct,Friday,2025-10,fbg_data.csv,cloudbeds
7403878829445,2025-10-17,2025-10-19,2,Monolith,,1769.0,1998.97,2025-09-26,21,884.5,Direct,Friday,2025-10,fbg_data.csv,cloudbeds
2759323663072,2025-10-08,2025-10-11,3,Great Lodge: King Room,,1103.0,1353.74,2025-09-26,12,367.6666666666667,Direct,Wednesday,2025-10,fbg_data.csv,cloudbeds
6673505512158,2025-10-08,2025-10-09,1,Monolith,,404.0,456.52,2025-09-26,12,404.0,Direct,Wednesday,2025-10,fbg_data.csv,cloudbeds
8488883476714,2025-09-26,2025-09-27,1,Bluebonnet,,308.0,348.04,2025-09-26,0,308.0,Direct,Friday,2025-09,fbg_data.csv,cloudbeds
2930667387200,2025-09-28,2025-09-29,1,Cypress Lodge | Sleeps 4,,254.0,287.02,2025-09-26,2,254.0,Direct,Sunday,2025-09,fbg_data.csv,cloudbeds
5673200435517,2025-09-26,2025-09-27,1,Great Lodge: King Room,,268.0,302.84,2025-09-26,0,268.0,Direct,Friday,2025-09,fbg_data.csv,cloudbeds
8685871629101,2025-09-28,2025-09-29,1,Live Oak Lodge,,314.0,354.82,2025-09-26,2,314.0,Direct,Sunday,2025-09,fbg_data.csv,cloudbeds
4116769833404,2025-10-26,2025-10-28,2,Monolith,,791.6,1105.95,2025-09-27,29,395.8,Direct,Sunday,2025-10,fbg_data.csv,cloudbeds
7989159891232,2025-10-20,2025-10-21,1,Cedar Haus,,272.0,307.36,2025-09-27,23,272.0,Direct,Monday,2025-10,fbg_data.csv,cloudbeds
7777177180615,2025-10-10,2025-10-13,3,Cypress Lodge | Sleeps 2,,1208.38,0.0,2025-09-27,13,402.79333333333335,Airbnb,Friday,2025-10,fbg_data.csv,cloudbeds
6607770529956,2025-10-09,2025-10-11,2,Monolith,,1786.0,2018.18,2025-09-27,12,893.0,Direct,Thursday,2025-10,fbg_data.csv,cloudbeds
9236730555511,2025-10-03,2025-10-04,1,Cypress Lodge | Sleeps 2,,356.01,402.29,2025-09-27,6,356.01,Expedia,Friday,2025-10,fbg_data.csv,cloudbeds
2068344840122,2025-10-02,2025-10-03,1,Lantana Dome,,242.0,273.46,2025-09-27,5,242.0,Direct,Thursday,2025-10,fbg_data.csv,cloudbeds
3613209631155,2025-10-03,2025-10-05,2,Walnut House,,858.0,969.54,2025-09-27,6,429.0,Direct,Friday,2025-10,fbg_data.csv,cloudbeds
7371848260553,2025-09-29,2025-09-30,1,Lantana Dome,,186.2,210.4,2025-09-27,2,186.2,Direct,Monday,2025-09,fbg_data.csv,cloudbeds
9366460123032,2025-09-28,2025-09-29,1,Cocoon,,249.0,281.37,2025-09-27,1,249.0,Direct,Sunday,2025-09,fbg_data.csv,cloudbeds
7163320802071,2025-11-07,2025-11-09,2,Spiral,,2320.0,2621.6,2025-09-28,40,1160.0,Direct,Friday,2025-11,fbg_data.csv,cloudbeds
3605655311140,2025-10-24,2025-10-26,2,Cypress Lodge | Sleeps 2,,1214.0,1371.82,2025-09-28,26,607.0,Direct,Friday,2025-10,fbg_data.csv,cloudbeds
9636033706983,2025-10-15,2025-10-16,1,Lantana Dome,,290.0,327.7,2025-09-28,17,290.0,Direct,Wednesday,2025-10,fbg_data.csv,cloudbeds
1934770546320,2025-10-13,2025-10-14,1,Sage Safari,,315.0,355.95,2025-09-28,15,315.0,Direct,Monday,2025-10,fbg_data.csv,cloudbeds
1971544711428,2025-10-11,2025-10-13,2,Spiral,,1816.0,2159.43,2025-09-28,13,908.0,Direct,Saturday,2025-10,fbg_data.csv,cloudbeds
9961219366111,2025-10-08,2025-10-11,3,Cypress Lodge | Sleeps 4,,1118.21,0.0,2025-09-28,10,372.7366666666667,Airbnb,Wednesday,2025-10,fbg_data.csv,cloudbeds
6886388406563,2025-10-03,2025-10-05,2,Juniper Haus,,637.0,866.71,2025-09-28,5,318.5,Direct,Friday,2025-10,fbg_data.csv,cloudbeds
9362282781371,2025-09-28,2025-09-29,1,Post Oak,,204.0,230.52,2025-09-28,0,204.0,Direct,Sunday,2025-09,fbg_data.csv,cloudbeds
8963763958156,2025-10-21,2025-10-24,3,Lantana Dome,,985.0,1220.4,2025-09-29,22,328.3333333333333,Direct,Tuesday,2025-10,fbg_data.csv,cloudbeds
5053282409842,2025-10-12,2025-10-14,2,Post Oak,,567.0,640.71,2025-09-29,13,283.5,Direct,Sunday,2025-10,fbg_data.csv,cloudbeds
6031035447463,2025-10-07,2025-10-08,1,Bluebonnet,,265.0,299.45,2025-09-29,8,265.0,Direct,Tuesday,2025-10,fbg_data.csv,cloudbeds
2572508668079,2025-10-03,2025-10-04,1,Cypress Lodge | Sleeps 4,,349.34,494.89,2025-09-29,4,349.34,Expedia,Friday,2025-10,fbg_data.csv,cloudbeds
2906743042374,2025-09-30,2025-10-04,4,Diamond,,1247.73,1409.92,2025-09-29,1,311.9325,Expedia,Tuesday,2025-09,fbg_data.csv,cloudbeds
4969911590601,2025-10-01,2025-10-02,1,Diamond,,259.8,293.58,2025-09-29,2,259.8,Expedia,Wednesday,2025-10,fbg_data.csv,cloudbeds
5981045504474,2025-09-30,2025-10-01,1,Walnut House,,244.0,275.72,2025-09-29,1,244.0,Direct,Tuesday,2025-09,fbg_data.csv,cloudbeds
5798163043126,2025-10-02,2025-10-03,1,Quonset,,201.0,227.13,2025-09-29,3,201.0,Direct,Thursday,2025-10,fbg_data.csv,cloudbeds
5595069782022,2025-10-02,2025-10-03,1,Live Oak Lodge,,284.0,0.0,2025-09-29,3,284.0,Airbnb,Thursday,2025-10,fbg_data.csv,cloudbeds
1029520350180,2025-10-04,2025-10-05,1,Quonset,,473.4,0.0,2025-09-29,5,473.4,Airbnb,Saturday,2025-10,fbg_data.csv,cloudbeds
5355609656477,2025-10-03,2025-10-05,2,Winecup,,1039.55,1174.7,2025-09-29,4,519.775,Expedia,Friday,2025-10,fbg_data.csv,cloudbeds
6293804917712,2025-10-04,2025-10-05,1,Spiral,,732.36,827.57,2025-09-29,5,732.36,Booking.com,Saturday,2025-10,fbg_data.csv,cloudbeds
1644628173717,2025-09-29,2025-09-30,1,Quonset,,204.0,230.52,2025-09-29,0,204.0,Direct,Monday,2025-09,fbg_data.csv,cloudbeds
5338960433495,2025-09-29,2025-09-30,1,Cedar Haus,,204.0,230.52,2025-09-29,0,204.0,Direct,Monday,2025-09,fbg_data.csv,cloudbeds
3968748549510,2025-09-29,2025-09-30,1,Diamond,,264.0,298.32,2025-09-29,0,264.0,Direct,Monday,2025-09,fbg_data.csv,cloudbeds
2222952761025,2025-11-27,2025-11-30,3,Lantana Dome,,1652.0,1866.76,2025-09-30,58,550.6666666666666,Direct,Thursday,2025-11,fbg_data.csv,cloudbeds
9927557955201,2025-11-18,2025-11-20,2,Monolith,,695.6,786.04,2025-09-30,49,347.8,Direct,Tuesday,2025-11,fbg_data.csv,cloudbeds
6305896045538,2025-10-13,2025-10-16,3,Diamond,,1093.0,1499.65,2025-09-30,13,364.3333333333333,Direct,Monday,2025-10,fbg_data.csv,cloudbeds
3141943297088,2025-10-12,2025-10-15,3,Quonset,,1179.0,1332.27,2025-09-30,12,393.0,Direct,Sunday,2025-10,fbg_data.csv,cloudbeds
5398380864376,2025-10-13,2025-10-14,1,Spiral,,373.0,632.93,2025-09-30,13,373.0,Direct,Monday,2025-10,fbg_data.csv,cloudbeds
3128054085507,2025-10-10,2025-10-12,2,Cypress Lodge | Sleeps 2,,1091.0,1232.83,2025-09-30,10,545.5,Direct,Friday,2025-10,fbg_data.csv,cloudbeds
6380810629311,2025-10-03,2025-10-04,1,Quonset,,506.0,571.78,2025-09-30,3,506.0,Direct,Friday,2025-10,fbg_data.csv,cloudbeds
2746848237477,2025-10-03,2025-10-05,2,Monarch,,1672.0,1889.36,2025-09-30,3,836.0,Direct,Friday,2025-10,fbg_data.csv,cloudbeds
5081549178447,2025-10-04,2025-10-05,1,Quonset,,473.4,0.0,2025-09-30,4,473.4,Airbnb,Saturday,2025-10,fbg_data.csv,cloudbeds
7861947649450,2025-10-03,2025-10-05,2,Winecup,,1095.0,1237.35,2025-09-30,3,547.5,Direct,Friday,2025-10,fbg_data.csv,cloudbeds
2383187821056,2025-10-02,2025-10-03,1,Cypress Lodge | Sleeps 2,,201.0,227.13,2025-09-30,2,201.0,Direct,Thursday,2025-10,fbg_data.csv,cloudbeds
7938186649913,2025-10-04,2025-10-05,1,Bluebonnet,,519.0,586.47,2025-09-30,4,519.0,Direct,Saturday,2025-10,fbg_data.csv,cloudbeds
2898495269572,2025-10-04,2025-10-05,1,Spyglass,,964.96,1090.41,2025-09-30,4,964.96,Expedia,Saturday,2025-10,fbg_data.csv,cloudbeds
7912292463867,2025-11-10,2025-11-12,2,Monolith,,695.6,786.04,2025-10-01,40,347.8,Direct,Monday,2025-11,fbg_data.csv,cloudbeds
7936103803315,2025-11-06,2025-11-09,3,Monarch,,2820.0,3186.6,2025-10-01,36,940.0,Direct,Thursday,2025-11,fbg_data.csv,cloudbeds
2742304285144,2025-11-05,2025-11-07,2,Lantana Dome,,739.97,0.0,2025-10-01,35,369.985,Airbnb,Wednesday,2025-11,fbg_data.csv,cloudbeds
5369195248987,2025-10-24,2025-10-26,2,Spyglass,,2208.0,2495.04,2025-10-01,23,1104.0,Direct,Friday,2025-10,fbg_data.csv,cloudbeds
5778460582011,2025-10-10,2025-10-12,2,Great Lodge: King Room,,916.92,0.0,2025-10-01,9,458.46,Airbnb,Friday,2025-10,fbg_data.csv,cloudbeds
4352774247532,2025-10-10,2025-10-12,2,Walnut House,,2763.0,3122.19,2025-10-01,9,1381.5,Direct,Friday,2025-10,fbg_data.csv,cloudbeds
1088781913705,2025-10-05,2025-10-07,2,Quonset,,613.7,693.48,2025-10-01,4,306.85,Expedia,Sunday,2025-10,fbg_data.csv,cloudbeds
5302016317144,2025-10-03,2025-10-04,1,Quonset,,506.0,571.78,2025-10-01,2,506.0,Direct,Friday,2025-10,fbg_data.csv,cloudbeds
4744319927433,2025-10-03,2025-10-04,1,Cypress Lodge | Sleeps 4,,332.78,0.0,2025-10-01,2,332.78,Airbnb,Friday,2025-10,fbg_data.csv,cloudbeds
1836003207244,2025-12-07,2025-12-09,2,Live Oak Lodge,,832.0,1047.51,2025-10-02,66,416.0,Direct,Sunday,2025-12,fbg_data.csv,cloudbeds
8109156454692,2025-11-28,2025-11-30,2,Buckeye Bungalow,,1028.0,1161.64,2025-10-02,57,514.0,Direct,Friday,2025-11,fbg_data.csv,cloudbeds
2221587142854,2025-10-31,2025-11-02,2,Cypress Lodge | Sleeps 2,,1042.0,1177.46,2025-10-02,29,521.0,Direct,Friday,2025-10,fbg_data.csv,cloudbeds
1498326853777,2025-11-02,2025-11-04,2,Monolith,,1221.0,1487.08,2025-10-02,31,610.5,Direct,Sunday,2025-11,fbg_data.csv,cloudbeds
6963329818431,2025-10-21,2025-10-23,2,Great Lodge: King Room,,496.0,667.83,2025-10-02,19,248.0,Direct,Tuesday,2025-10,fbg_data.csv,cloudbeds
6963329818431,2025-10-21,2025-10-23,2,Pecan Haus,,496.0,667.83,2025-10-02,19,248.0,Direct,Tuesday,2025-10,fbg_data.csv,cloudbeds
2337730613351,2025-10-16,2025-10-17,1,Walnut House,,307.06,346.97,2025-10-02,14,307.06,Expedia,Thursday,2025-10,fbg_data.csv,cloudbeds
6322453294202,2025-10-11,2025-10-12,1,Winecup,,615.92,0.0,2025-10-02,9,615.92,Airbnb,Saturday,2025-10,fbg_data.csv,cloudbeds
1494503560545,2025-10-10,2025-10-12,2,Great Lodge: King Room,,916.92,0.0,2025-10-02,8,458.46,Airbnb,Friday,2025-10,fbg_data.csv,cloudbeds
6679392499117,2025-10-11,2025-10-12,1,Winecup,,615.92,0.0,2025-10-02,9,615.92,Airbnb,Saturday,2025-10,fbg_data.csv,cloudbeds
1348215408797,2025-10-10,2025-10-12,2,Pecan Haus,,986.0,1325.62,2025-10-02,8,493.0,Direct,Friday,2025-10,fbg_data.csv,cloudbeds
9737174318462,2025-10-07,2025-10-08,1,Post Oak,,161.6,182.61,2025-10-02,5,161.6,Expedia,Tuesday,2025-10,fbg_data.csv,cloudbeds
2322738194935,2025-10-08,2025-10-09,1,Bluebonnet,,238.32,269.3,2025-10-02,6,238.32,Expedia,Wednesday,2025-10,fbg_data.csv,cloudbeds
9287651799898,2025-10-03,2025-10-05,2,Great Lodge: King Room,,70.0,0.0,2025-10-02,1,35.0,Email,Friday,2025-10,fbg_data.csv,cloudbeds
1698224950261,2025-10-03,2025-10-04,1,Spiral,,593.0,777.44,2025-10-02,1,593.0,Direct,Friday,2025-10,fbg_data.csv,cloudbeds
7740941937918,2025-10-03,2025-10-05,2,Great Lodge: King Room,,70.0,0.0,2025-10-02,1,35.0,Email,Friday,2025-10,fbg_data.csv,cloudbeds
9332705145285,2025-10-03,2025-10-05,2,Great Lodge: King Room,,70.0,0.0,2025-10-02,1,35.0,Email,Friday,2025-10,fbg_data.csv,cloudbeds
2068868988190,2025-10-03,2025-10-05,2,Great Lodge: King Room,,70.0,0.0,2025-10-02,1,35.0,Email,Friday,2025-10,fbg_data.csv,cloudbeds
3998390107424,2025-10-03,2025-10-05,2,Great Lodge: King Room,,70.0,0.0,2025-10-02,1,35.0,Email,Friday,2025-10,fbg_data.csv,cloudbeds
9868205972902,2025-10-03,2025-10-05,2,Great Lodge: King Room,,70.0,0.0,2025-10-02,1,35.0,Email,Friday,2025-10,fbg_data.csv,cloudbeds
7999123563394,2025-10-03,2025-10-05,2,Great Lodge: King Room,,70.0,0.0,2025-10-02,1,35.0,Email,Friday,2025-10,fbg_data.csv,cloudbeds
3312260236382,2025-10-03,2025-10-05,2,Great Lodge: King Room,,70.0,0.0,2025-10-02,1,35.0,Email,Friday,2025-10,fbg_data.csv,cloudbeds
9469945700174,2025-10-02,2025-10-03,1,Monarch,,295.58,0.0,2025-10-02,0,295.58,Airbnb,Thursday,2025-10,fbg_data.csv,cloudbeds
4484844931645,2025-10-02,2025-10-03,1,Cypress Lodge | Sleeps 2,,201.0,227.13,2025-10-02,0,201.0,Direct,Thursday,2025-10,fbg_data.csv,cloudbeds
5379273642659,2025-12-26,2025-12-29,3,Sage Safari,,1958.0,2212.54,2025-10-03,84,652.6666666666666,Direct,Friday,2025-12,fbg_data.csv,cloudbeds
6605463472719,2025-12-22,2025-12-24,2,Monolith,,1319.0,1597.82,2025-10-03,80,659.5,Direct,Monday,2025-12,fbg_data.csv,cloudbeds
3952380910648,2025-12-12,2025-12-14,2,Great Lodge,,5394.55,0.0,2025-10-03,70,2697.275,Airbnb,Friday,2025-12,fbg_data.csv,cloudbeds
1196663973168,2025-11-30,2025-12-02,2,Monolith,,1348.0,1523.24,2025-10-03,58,674.0,Direct,Sunday,2025-11,fbg_data.csv,cloudbeds
3156055992917,2025-12-05,2025-12-07,2,Monarch,,1680.0,1898.4,2025-10-03,63,840.0,Direct,Friday,2025-12,fbg_data.csv,cloudbeds
7148600963566,2026-10-15,2026-10-18,3,Juniper Haus,,1826.55,2064.01,2025-10-03,377,608.85,Direct,Thursday,2026-10,fbg_data.csv,cloudbeds
5569158504480,2025-10-23,2025-10-25,2,Cypress Lodge | Sleeps 6,,1727.0,1951.51,2025-10-03,20,863.5,Direct,Thursday,2025-10,fbg_data.csv,cloudbeds
4740653387837,2025-10-19,2025-10-22,3,Quonset,,1106.0,1514.34,2025-10-03,16,368.6666666666667,Direct,Sunday,2025-10,fbg_data.csv,cloudbeds
1314294146212,2025-10-09,2025-10-12,3,Great Lodge: King Room,,1105.76,1249.51,2025-10-03,6,368.58666666666664,Expedia,Thursday,2025-10,fbg_data.csv,cloudbeds
7479344603362,2025-10-10,2025-10-12,2,Monarch,,2783.0,3144.79,2025-10-03,7,1391.5,Direct,Friday,2025-10,fbg_data.csv,cloudbeds
5428539981354,2025-10-03,2025-10-05,2,Cedar Haus,,596.81,0.0,2025-10-03,0,298.405,Airbnb,Friday,2025-10,fbg_data.csv,cloudbeds
8325694980090,2025-10-03,2025-10-05,2,Pecan Haus,,792.25,0.0,2025-10-03,0,396.125,Airbnb,Friday,2025-10,fbg_data.csv,cloudbeds
2311885586349,2025-10-05,2025-10-06,1,Quonset,,255.76,289.01,2025-10-03,2,255.76,Expedia,Sunday,2025-10,fbg_data.csv,cloudbeds
7289837197669,2025-11-29,2025-12-01,2,Walnut House,,886.0,1001.18,2025-10-04,56,443.0,Direct,Saturday,2025-11,fbg_data.csv,cloudbeds
8633949697187,2025-10-31,2025-11-02,2,Great Lodge: King Room,,1255.92,1419.2,2025-10-04,27,627.96,Booking.com,Friday,2025-10,fbg_data.csv,cloudbeds
2525749836190,2025-10-19,2025-10-21,2,Cypress Lodge | Sleeps 2,,692.03,781.99,2025-10-04,15,346.015,Expedia,Sunday,2025-10,fbg_data.csv,cloudbeds
6062587506192,2025-10-17,2025-10-19,2,Cypress Lodge | Sleeps 2,,1012.0,1250.91,2025-10-04,13,506.0,Direct,Friday,2025-10,fbg_data.csv,cloudbeds
4333694624822,2025-10-14,2025-10-16,2,Great Lodge: King Room,,432.0,488.16,2025-10-04,10,216.0,Direct,Tuesday,2025-10,fbg_data.csv,cloudbeds
2690609336425,2025-10-14,2025-10-15,1,Cedar Haus,,219.0,0.0,2025-10-04,10,219.0,Airbnb,Tuesday,2025-10,fbg_data.csv,cloudbeds
9904654779619,2025-10-11,2025-10-14,3,Buckeye Bungalow,,1971.0,2227.23,2025-10-04,7,657.0,Direct,Saturday,2025-10,fbg_data.csv,cloudbeds
9588417914863,2025-10-06,2025-10-08,2,Cypress Lodge | Sleeps 2,,466.0,633.93,2025-10-04,2,233.0,Direct,Monday,2025-10,fbg_data.csv,cloudbeds
8162571575878,2025-10-04,2025-10-05,1,Buckeye Bungalow,,625.0,706.25,2025-10-04,0,625.0,Direct,Saturday,2025-10,fbg_data.csv,cloudbeds
2702608251954,2025-10-09,2025-10-10,1,Spyglass,,412.0,465.56,2025-10-04,5,412.0,Direct,Thursday,2025-10,fbg_data.csv,cloudbeds
4791839104237,2025-10-17,2025-10-19,2,Great Lodge: King Room,,944.0,0.0,2025-10-05,12,472.0,Airbnb,Friday,2025-10,fbg_data.csv,cloudbeds
4809601633431,2025-10-12,2025-10-14,2,Walnut House,,725.0,819.25,2025-10-05,7,362.5,Direct,Sunday,2025-10,fbg_data.csv,cloudbeds
9439244585098,2025-10-09,2025-10-10,1,Cypress Lodge | Sleeps 2,,225.37,254.67,2025-10-05,4,225.37,Expedia,Thursday,2025-10,fbg_data.csv,cloudbeds
4585768000633,2025-10-05,2025-10-06,1,Monolith,,374.0,422.62,2025-10-05,0,374.0,Direct,Sunday,2025-10,fbg_data.csv,cloudbeds
1670021134292,2025-10-05,2025-10-06,1,Winecup,,331.0,374.03,2025-10-05,0,331.0,Direct,Sunday,2025-10,fbg_data.csv,cloudbeds
2692443090487,2025-10-08,2025-10-10,2,Cypress Lodge | Sleeps 2,,386.18,0.0,2025-10-05,3,193.09,Airbnb,Wednesday,2025-10,fbg_data.csv,cloudbeds
9634353567828,2025-10-05,2025-10-06,1,Cypress Lodge | Sleeps 2,,288.0,325.44,2025-10-05,0,288.0,Direct,Sunday,2025-10,fbg_data.csv,cloudbeds
2617958082551,2025-11-14,2025-11-16,2,Sage Safari,,1998.0,2257.74,2025-10-06,39,999.0,Direct,Friday,2025-11,fbg_data.csv,cloudbeds
8598580797972,2025-10-25,2025-10-27,2,Cypress Lodge | Sleeps 6,,2085.95,2357.13,2025-10-06,19,1042.975,Direct,Saturday,2025-10,fbg_data.csv,cloudbeds
7097186972446,2025-10-24,2025-10-26,2,Diamond,,1756.93,0.0,2025-10-06,18,878.465,Airbnb,Friday,2025-10,fbg_data.csv,cloudbeds
5340121416707,2025-10-13,2025-10-17,4,Winecup,,1412.0,1595.56,2025-10-06,7,353.0,Direct,Monday,2025-10,fbg_data.csv,cloudbeds
5156317683520,2025-10-07,2025-10-09,2,Quonset,,564.0,637.32,2025-10-06,1,282.0,Direct,Tuesday,2025-10,fbg_data.csv,cloudbeds
1959976873957,2025-12-04,2025-12-07,3,Cypress Lodge | Sleeps 4,,998.0,1339.18,2025-10-07,58,332.6666666666667,Direct,Thursday,2025-12,fbg_data.csv,cloudbeds
5607074260588,2025-11-18,2025-11-20,2,Lantana Dome,,1442.0,1708.56,2025-10-07,42,721.0,Direct,Tuesday,2025-11,fbg_data.csv,cloudbeds
5607074260588,2025-11-18,2025-11-20,2,Live Oak Lodge,,1442.0,1708.56,2025-10-07,42,721.0,Direct,Tuesday,2025-11,fbg_data.csv,cloudbeds
4689555469036,2025-10-17,2025-10-19,2,Great Lodge: King Room,,928.0,1048.64,2025-10-07,10,464.0,Direct,Friday,2025-10,fbg_data.csv,cloudbeds
1821364371094,2025-10-15,2025-10-17,2,Monolith,,767.0,974.06,2025-10-07,8,383.5,Direct,Wednesday,2025-10,fbg_data.csv,cloudbeds
4819646209166,2025-10-16,2025-10-17,1,Sage Safari,,224.0,253.12,2025-10-07,9,224.0,Direct,Thursday,2025-10,fbg_data.csv,cloudbeds
7552236707565,2025-10-15,2025-10-16,1,Bluebonnet,,265.0,299.45,2025-10-07,8,265.0,Direct,Wednesday,2025-10,fbg_data.csv,cloudbeds
2414089193159,2025-10-11,2025-10-12,1,Diamond,,1001.0,1131.13,2025-10-07,4,1001.0,Direct,Saturday,2025-10,fbg_data.csv,cloudbeds
1331809339693,2025-10-11,2025-10-12,1,Great Lodge: King Room,,463.48,523.73,2025-10-07,4,463.48,Expedia,Saturday,2025-10,fbg_data.csv,cloudbeds
8027653735209,2025-10-11,2025-10-12,1,Monolith,,1076.0,1427.32,2025-10-07,4,1076.0,Direct,Saturday,2025-10,fbg_data.csv,cloudbeds
6579055947482,2025-10-11,2025-10-13,2,Great Lodge: King Room,,715.6,808.64,2025-10-07,4,357.8,Direct,Saturday,2025-10,fbg_data.csv,cloudbeds
1037348186194,2025-10-10,2025-10-13,3,Great Lodge: King Room,,1009.32,1140.53,2025-10-07,3,336.44,Expedia,Friday,2025-10,fbg_data.csv,cloudbeds
6662953235972,2025-10-10,2025-10-11,1,Great Lodge: King Room,,449.0,507.37,2025-10-07,3,449.0,Direct,Friday,2025-10,fbg_data.csv,cloudbeds
1954980228526,2025-10-10,2025-10-11,1,Winecup,,728.0,923.49,2025-10-07,3,728.0,Direct,Friday,2025-10,fbg_data.csv,cloudbeds
5182074929687,2025-10-08,2025-10-09,1,Diamond,,344.0,388.72,2025-10-07,1,344.0,Direct,Wednesday,2025-10,fbg_data.csv,cloudbeds
4832482728144,2025-10-09,2025-10-10,1,Lantana Dome,,224.0,464.56,2025-10-07,2,224.0,Direct,Thursday,2025-10,fbg_data.csv,cloudbeds
3315809485141,2025-11-24,2025-11-26,2,Walnut House,,783.6,885.48,2025-10-08,47,391.8,Direct,Monday,2025-11,fbg_data.csv,cloudbeds
8560553501856,2025-11-17,2025-11-19,2,Diamond,,794.0,897.22,2025-10-08,40,397.0,Direct,Monday,2025-11,fbg_data.csv,cloudbeds
1231984924303,2025-10-20,2025-10-21,1,Cypress Lodge | Sleeps 2,,206.44,233.28,2025-10-08,12,206.44,Expedia,Monday,2025-10,fbg_data.csv,cloudbeds
3278978242571,2025-10-17,2025-10-19,2,Great Lodge: King Room,,849.0,0.0,2025-10-08,9,424.5,Airbnb,Friday,2025-10,fbg_data.csv,cloudbeds
6243628687303,2025-10-09,2025-10-12,3,Diamond,,2043.93,0.0,2025-10-08,1,681.3100000000001,Airbnb,Thursday,2025-10,fbg_data.csv,cloudbeds
5872884303081,2025-10-14,2025-10-15,1,Winecup,,282.0,318.66,2025-10-08,6,282.0,Direct,Tuesday,2025-10,fbg_data.csv,cloudbeds
6126234082409,2025-10-10,2025-10-12,2,Monolith,,1756.0,0.0,2025-10-08,2,878.0,Airbnb,Friday,2025-10,fbg_data.csv,cloudbeds
1993207755776,2025-10-12,2025-10-14,2,Great Lodge: King Room,,477.0,0.0,2025-10-08,4,238.5,Airbnb,Sunday,2025-10,fbg_data.csv,cloudbeds
1700550526735,2025-10-10,2025-10-12,2,Quonset,,1249.0,0.0,2025-10-08,2,624.5,Airbnb,Friday,2025-10,fbg_data.csv,cloudbeds
7695569480035,2025-10-12,2025-10-14,2,Winecup,,666.0,752.58,2025-10-08,4,333.0,Direct,Sunday,2025-10,fbg_data.csv,cloudbeds
1550295025834,2025-10-12,2025-10-14,2,Diamond,,738.0,833.94,2025-10-08,4,369.0,Direct,Sunday,2025-10,fbg_data.csv,cloudbeds
3917610640565,2025-10-12,2025-10-13,1,Quonset,,160.71,181.6,2025-10-08,4,160.71,Expedia,Sunday,2025-10,fbg_data.csv,cloudbeds
8480149880218,2025-10-12,2025-10-13,1,Bluebonnet,,337.0,380.81,2025-10-08,4,337.0,Direct,Sunday,2025-10,fbg_data.csv,cloudbeds
9261656790059,2025-10-09,2025-10-10,1,Quonset,,491.0,554.83,2025-10-08,1,491.0,Direct,Thursday,2025-10,fbg_data.csv,cloudbeds
7947045753972,2026-02-22,2026-02-24,2,Winecup,,659.0,847.5,2025-10-08,137,329.5,Direct,Sunday,2026-02,fbg_data.csv,cloudbeds
1783834235424,2025-10-09,2025-10-10,1,Monolith,,394.0,438.72,2025-10-09,0,394.0,Direct,Thursday,2025-10,fbg_data.csv,cloudbeds
8877633538261,2025-11-01,2025-11-04,3,Monolith,,1987.0,2509.87,2025-10-09,23,662.3333333333334,Direct,Saturday,2025-11,fbg_data.csv,cloudbeds
7426371341547,2025-10-16,2025-10-17,1,Lantana Dome,,204.51,231.1,2025-10-09,7,204.51,Expedia,Thursday,2025-10,fbg_data.csv,cloudbeds
8268054505546,2025-10-10,2025-10-12,2,Diamond,,1840.0,2079.2,2025-10-09,1,920.0,Direct,Friday,2025-10,fbg_data.csv,cloudbeds
5364602202428,2025-10-11,2025-10-13,2,Cedar Haus,,830.32,938.26,2025-10-09,2,415.16,Expedia,Saturday,2025-10,fbg_data.csv,cloudbeds
6766053175882,2025-10-12,2025-10-13,1,Pecan Haus,,243.0,0.0,2025-10-09,3,243.0,Airbnb,Sunday,2025-10,fbg_data.csv,cloudbeds
5874093406134,2025-10-12,2025-10-13,1,Diamond,,384.0,433.92,2025-10-09,3,384.0,Direct,Sunday,2025-10,fbg_data.csv,cloudbeds
7017273504310,2025-10-12,2025-10-13,1,Great Lodge: King Room,,244.0,275.72,2025-10-09,3,244.0,Direct,Sunday,2025-10,fbg_data.csv,cloudbeds
9651828330634,2025-10-10,2025-10-11,1,Spiral,,509.2,0.0,2025-10-09,1,509.2,Airbnb,Friday,2025-10,fbg_data.csv,cloudbeds
9444637258526,2025-10-09,2025-10-11,2,Winecup,,1169.0,1320.97,2025-10-09,0,584.5,Direct,Thursday,2025-10,fbg_data.csv,cloudbeds
1815909827210,2025-10-09,2025-10-10,1,Great Lodge: King Room,,207.43,234.4,2025-10-09,0,207.43,Expedia,Thursday,2025-10,fbg_data.csv,cloudbeds
7808470405032,2025-11-09,2025-11-12,3,Monolith,,1851.0,2076.03,2025-10-10,30,617.0,Direct,Sunday,2025-11,fbg_data.csv,cloudbeds
7801070264267,2025-11-11,2025-11-13,2,Live Oak Lodge,,651.0,0.0,2025-10-10,32,325.5,Airbnb,Tuesday,2025-11,fbg_data.csv,cloudbeds
4446297130697,2025-10-20,2025-10-22,2,Live Oak Lodge,,614.0,693.82,2025-10-10,10,307.0,Direct,Monday,2025-10,fbg_data.csv,cloudbeds
8696146502676,2025-10-15,2025-10-16,1,Great Lodge: King Room,,216.0,244.08,2025-10-10,5,216.0,Direct,Wednesday,2025-10,fbg_data.csv,cloudbeds
7173188587157,2025-10-12,2025-10-13,1,Winecup,,274.2,309.84,2025-10-10,2,274.2,Direct,Sunday,2025-10,fbg_data.csv,cloudbeds
7225832574540,2025-10-12,2025-10-13,1,Great Lodge: King Room,,272.0,307.36,2025-10-10,2,272.0,Direct,Sunday,2025-10,fbg_data.csv,cloudbeds
3752266416182,2025-10-10,2025-10-11,1,Cedar Haus,,405.55,0.0,2025-10-10,0,405.55,Airbnb,Friday,2025-10,fbg_data.csv,cloudbeds
4944704243829,2025-10-10,2025-10-11,1,Diamond,,689.0,0.0,2025-10-10,0,689.0,Airbnb,Friday,2025-10,fbg_data.csv,cloudbeds
7788619726843,2025-10-10,2025-10-11,1,Spyglass,,570.0,644.1,2025-10-10,0,570.0,Direct,Friday,2025-10,fbg_data.csv,cloudbeds
4000866914911,2026-05-12,2026-05-15,3,Cypress Lodge | Sleeps 6,,1541.0,1741.33,2025-10-10,214,513.6666666666666,Direct,Tuesday,2026-05,fbg_data.csv,cloudbeds
7034399091574,2025-12-05,2025-12-06,1,Sage Safari,,506.0,571.78,2025-10-11,55,506.0,Direct,Friday,2025-12,fbg_data.csv,cloudbeds
5927906031933,2025-10-22,2025-10-23,1,Monarch,,307.4,347.36,2025-10-11,11,307.4,Expedia,Wednesday,2025-10,fbg_data.csv,cloudbeds
7413309714559,2025-10-16,2025-10-17,1,Quonset,,542.0,612.46,2025-10-11,5,542.0,Direct,Thursday,2025-10,fbg_data.csv,cloudbeds
2290523506670,2025-10-15,2025-10-16,1,Quonset,,265.0,299.45,2025-10-11,4,265.0,Direct,Wednesday,2025-10,fbg_data.csv,cloudbeds
1188020714333,2025-10-15,2025-10-16,1,Winecup,,195.99,221.47,2025-10-11,4,195.99,Expedia,Wednesday,2025-10,fbg_data.csv,cloudbeds
8808116410541,2025-10-14,2025-10-16,2,Cypress Lodge | Sleeps 6,,688.0,777.44,2025-10-11,3,344.0,Direct,Tuesday,2025-10,fbg_data.csv,cloudbeds
1789114457404,2025-10-13,2025-10-14,1,Cypress Lodge | Sleeps 2,,233.0,263.29,2025-10-11,2,233.0,Direct,Monday,2025-10,fbg_data.csv,cloudbeds
4774663281779,2025-11-17,2025-11-19,2,Great Lodge: King Room,,518.0,585.34,2025-10-12,36,259.0,Direct,Monday,2025-11,fbg_data.csv,cloudbeds
4672901493629,2025-10-27,2025-10-30,3,Live Oak Lodge,,829.8,937.68,2025-10-12,15,276.59999999999997,Direct,Monday,2025-10,fbg_data.csv,cloudbeds
9223690793207,2025-10-20,2025-10-23,3,Sage Safari,,795.0,898.35,2025-10-12,8,265.0,Direct,Monday,2025-10,fbg_data.csv,cloudbeds
5599207515793,2025-10-17,2025-10-19,2,Diamond,,1737.0,1950.46,2025-10-12,5,868.5,Direct,Friday,2025-10,fbg_data.csv,cloudbeds
3454664439039,2025-10-17,2025-10-19,2,Great Lodge: King Room,,873.16,986.67,2025-10-12,5,436.58,Expedia,Friday,2025-10,fbg_data.csv,cloudbeds
2302572014859,2025-10-18,2025-10-19,1,Juniper Haus,,245.29,277.18,2025-10-12,6,245.29,Expedia,Saturday,2025-10,fbg_data.csv,cloudbeds
3861526401615,2025-10-15,2025-10-17,2,Buckeye Bungalow,,703.0,794.39,2025-10-12,3,351.5,Direct,Wednesday,2025-10,fbg_data.csv,cloudbeds
9237651954180,2025-10-14,2025-10-16,2,Cypress Lodge | Sleeps 4,,601.52,679.72,2025-10-12,2,300.76,Expedia,Tuesday,2025-10,fbg_data.csv,cloudbeds
9860825088360,2025-10-12,2025-10-13,1,Juniper Haus,,203.2,0.0,2025-10-12,0,203.2,Airbnb,Sunday,2025-10,fbg_data.csv,cloudbeds
3914505368541,2025-10-12,2025-10-13,1,Great Lodge: King Room,,204.0,230.52,2025-10-12,0,204.0,Direct,Sunday,2025-10,fbg_data.csv,cloudbeds
9465631095335,2026-02-09,2026-02-11,2,Post Oak,,642.0,725.46,2025-10-12,120,321.0,Direct,Monday,2026-02,fbg_data.csv,cloudbeds
5375490482637,2026-04-02,2026-04-04,2,Spiral,,1256.0,1419.28,2025-10-12,172,628.0,Direct,Thursday,2026-04,fbg_data.csv,cloudbeds
9338063799173,2025-12-11,2025-12-12,1,Buckeye Bungalow,,326.0,368.38,2025-10-13,59,326.0,Expedia,Thursday,2025-12,fbg_data.csv,cloudbeds
7725939417975,2025-11-26,2025-11-28,2,Cypress Lodge | Sleeps 6,,1322.0,1601.21,2025-10-13,44,661.0,Direct,Wednesday,2025-11,fbg_data.csv,cloudbeds
7429734403690,2025-11-15,2025-11-17,2,Monolith,,2128.0,2404.64,2025-10-13,33,1064.0,Direct,Saturday,2025-11,fbg_data.csv,cloudbeds
9823323700959,2025-10-23,2025-10-26,3,Great Lodge: King Room,,1402.01,0.0,2025-10-13,10,467.33666666666664,Airbnb,Thursday,2025-10,fbg_data.csv,cloudbeds
4228681933258,2025-10-17,2025-10-19,2,Great Lodge: King Room,,873.16,986.67,2025-10-13,4,436.58,Expedia,Friday,2025-10,fbg_data.csv,cloudbeds
2928285631738,2025-10-18,2025-10-20,2,Great Lodge: King Room,,454.0,1158.38,2025-10-13,5,227.0,Direct,Saturday,2025-10,fbg_data.csv,cloudbeds
7510219684204,2025-10-17,2025-10-19,2,Great Lodge: King Room,,873.16,986.67,2025-10-13,4,436.58,Expedia,Friday,2025-10,fbg_data.csv,cloudbeds
8292577926838,2025-10-16,2025-10-17,1,Pecan Haus,,222.0,250.86,2025-10-13,3,222.0,Direct,Thursday,2025-10,fbg_data.csv,cloudbeds
7350519006441,2025-10-16,2025-10-17,1,Cypress Lodge | Sleeps 2,,213.76,241.55,2025-10-13,3,213.76,Expedia,Thursday,2025-10,fbg_data.csv,cloudbeds
5145461248837,2025-10-16,2025-10-17,1,Diamond,,540.0,610.2,2025-10-13,3,540.0,Direct,Thursday,2025-10,fbg_data.csv,cloudbeds
1470610100389,2025-10-13,2025-10-15,2,Cocoon,,458.0,623.76,2025-10-13,0,229.0,Direct,Monday,2025-10,fbg_data.csv,cloudbeds
9838563560854,2025-11-21,2025-11-23,2,Live Oak Lodge,,1921.5,2171.3,2025-10-14,38,960.75,Direct,Friday,2025-11,fbg_data.csv,cloudbeds
1946717784774,2025-11-16,2025-11-17,1,Spyglass,,624.0,705.12,2025-10-14,33,624.0,Direct,Sunday,2025-11,fbg_data.csv,cloudbeds
5846331789389,2025-10-31,2025-11-02,2,Monolith,,2021.0,2602.52,2025-10-14,17,1010.5,Direct,Friday,2025-10,fbg_data.csv,cloudbeds
2816392480083,2025-10-19,2025-10-21,2,Spyglass,,509.2,575.4,2025-10-14,5,254.6,Direct,Sunday,2025-10,fbg_data.csv,cloudbeds
8057959711224,2025-10-19,2025-10-20,1,Monolith,,373.0,421.49,2025-10-14,5,373.0,Direct,Sunday,2025-10,fbg_data.csv,cloudbeds
6042003484393,2025-10-16,2025-10-17,1,Cedar Haus,,222.0,250.86,2025-10-14,2,222.0,Direct,Thursday,2025-10,fbg_data.csv,cloudbeds
8058628082070,2025-10-13,2025-10-14,1,Great Lodge: King Room,,207.0,233.91,2025-10-14,-1,207.0,Direct,Monday,2025-10,fbg_data.csv,cloudbeds
3060097499724,2025-11-21,2025-11-22,1,Buckeye Bungalow,,624.0,705.12,2025-10-15,37,624.0,Direct,Friday,2025-11,fbg_data.csv,cloudbeds
2475066130341,2025-11-01,2025-11-02,1,Cedar Haus,,378.6,427.82,2025-10-15,17,378.6,Expedia,Saturday,2025-11,fbg_data.csv,cloudbeds
9467507730019,2025-10-18,2025-10-19,1,Diamond,,613.0,894.96,2025-10-15,3,613.0,Direct,Saturday,2025-10,fbg_data.csv,cloudbeds
2826881987918,2025-10-20,2025-10-21,1,Monarch,,307.0,346.91,2025-10-15,5,307.0,Direct,Monday,2025-10,fbg_data.csv,cloudbeds
2642610576873,2025-10-18,2025-10-19,1,Cypress Lodge | Sleeps 4,,658.0,743.54,2025-10-15,3,658.0,Direct,Saturday,2025-10,fbg_data.csv,cloudbeds
4649258052149,2025-10-16,2025-10-18,2,Cypress Lodge | Sleeps 4,,957.52,1081.99,2025-10-15,1,478.76,Expedia,Thursday,2025-10,fbg_data.csv,cloudbeds
2731407133326,2025-10-16,2025-10-17,1,Diamond,,534.0,0.0,2025-10-15,1,534.0,Airbnb,Thursday,2025-10,fbg_data.csv,cloudbeds
6881949583307,2025-10-15,2025-10-16,1,Cedar Haus,,196.65,0.0,2025-10-15,0,196.65,Airbnb,Wednesday,2025-10,fbg_data.csv,cloudbeds
8682567318720,2025-10-15,2025-10-16,1,Spiral,,282.0,426.01,2025-10-15,0,282.0,Direct,Wednesday,2025-10,fbg_data.csv,cloudbeds
6868267099750,2025-12-07,2025-12-09,2,Monarch,,832.0,940.16,2025-10-16,52,416.0,Direct,Sunday,2025-12,fbg_data.csv,cloudbeds
7565037787043,2025-11-28,2025-11-29,1,Cedar Haus,,335.0,0.0,2025-10-16,43,335.0,Airbnb,Friday,2025-11,fbg_data.csv,cloudbeds
8512644333045,2025-11-17,2025-11-19,2,Spiral,,528.0,596.64,2025-10-16,32,264.0,Direct,Monday,2025-11,fbg_data.csv,cloudbeds
1241338956627,2025-11-09,2025-11-11,2,Spiral,,644.0,727.72,2025-10-16,24,322.0,Direct,Sunday,2025-11,fbg_data.csv,cloudbeds
7011263874492,2025-11-05,2025-11-06,1,Sage Safari,,224.0,253.12,2025-10-16,20,224.0,Direct,Wednesday,2025-11,fbg_data.csv,cloudbeds
5585162623852,2025-11-01,2025-11-03,2,Spyglass,,1494.0,1795.57,2025-10-16,16,747.0,Direct,Saturday,2025-11,fbg_data.csv,cloudbeds
5911766706082,2025-11-01,2025-11-03,2,Cypress Lodge | Sleeps 6,,1717.0,1940.21,2025-10-16,16,858.5,Direct,Saturday,2025-11,fbg_data.csv,cloudbeds
4776554196415,2025-10-23,2025-10-24,1,Live Oak Lodge,,304.0,343.52,2025-10-16,7,304.0,Direct,Thursday,2025-10,fbg_data.csv,cloudbeds
4209290037661,2025-10-20,2025-10-21,1,Spiral,,264.0,298.32,2025-10-16,4,264.0,Direct,Monday,2025-10,fbg_data.csv,cloudbeds
8349758174886,2025-10-19,2025-10-20,1,Lantana Dome,,269.0,303.97,2025-10-16,3,269.0,Direct,Sunday,2025-10,fbg_data.csv,cloudbeds
1606450552852,2025-10-19,2025-10-20,1,Spiral,,286.0,430.53,2025-10-16,3,286.0,Direct,Sunday,2025-10,fbg_data.csv,cloudbeds
9576620608910,2025-10-19,2025-10-20,1,Bluebonnet,,224.0,360.47,2025-10-16,3,224.0,Direct,Sunday,2025-10,fbg_data.csv,cloudbeds
2026372514156,2025-10-17,2025-10-18,1,Great Lodge: King Room,,324.12,366.26,2025-10-16,1,324.12,Expedia,Friday,2025-10,fbg_data.csv,cloudbeds
5080833010072,2025-10-16,2025-10-17,1,Cocoon,,161.06,227.19,2025-10-16,0,161.06,Expedia,Thursday,2025-10,fbg_data.csv,cloudbeds
5448813747331,2025-12-29,2026-01-01,3,Great Lodge: King Room,,7189.0,8479.52,2025-10-17,73,2396.3333333333335,Direct,Monday,2025-12,fbg_data.csv,cloudbeds
5448813747331,2025-12-29,2026-01-01,3,Great Lodge: King Room,,7189.0,8479.52,2025-10-17,73,2396.3333333333335,Direct,Monday,2025-12,fbg_data.csv,cloudbeds
5448813747331,2025-12-29,2026-01-01,3,Great Lodge: King Room,,7189.0,8479.52,2025-10-17,73,2396.3333333333335,Direct,Monday,2025-12,fbg_data.csv,cloudbeds
5448813747331,2025-12-29,2026-01-01,3,Great Lodge: King Room,,7189.0,8479.52,2025-10-17,73,2396.3333333333335,Direct,Monday,2025-12,fbg_data.csv,cloudbeds
8877951492851,2025-12-19,2025-12-21,2,Live Oak Lodge,,1081.02,1470.87,2025-10-17,63,540.51,Direct,Friday,2025-12,fbg_data.csv,cloudbeds
1967061607275,2025-11-20,2025-11-22,2,Pecan Haus,,678.0,766.14,2025-10-17,34,339.0,Direct,Thursday,2025-11,fbg_data.csv,cloudbeds
5875077276989,2025-10-23,2025-10-26,3,Sage Safari,,2253.0,2653.24,2025-10-17,6,751.0,Direct,Thursday,2025-10,fbg_data.csv,cloudbeds
8121710751684,2025-10-24,2025-10-26,2,Diamond,,1542.3,2593.49,2025-10-17,7,771.15,Direct,Friday,2025-10,fbg_data.csv,cloudbeds
9078771953438,2025-10-20,2025-10-22,2,Diamond,,496.56,561.12,2025-10-17,3,248.28,Expedia,Monday,2025-10,fbg_data.csv,cloudbeds
3727627857947,2025-10-18,2025-10-20,2,Winecup,,1058.0,1195.54,2025-10-17,1,529.0,Direct,Saturday,2025-10,fbg_data.csv,cloudbeds
5447215997992,2025-10-19,2025-10-20,1,Monolith,,309.0,456.52,2025-10-17,2,309.0,Direct,Sunday,2025-10,fbg_data.csv,cloudbeds
3804114381604,2025-10-17,2025-10-19,2,Quonset,,1098.0,0.0,2025-10-17,0,549.0,Airbnb,Friday,2025-10,fbg_data.csv,cloudbeds
7313595349417,2025-10-17,2025-10-19,2,Monarch,,1190.98,1345.81,2025-10-17,0,595.49,Expedia,Friday,2025-10,fbg_data.csv,cloudbeds
9868498166876,2025-10-17,2025-10-18,1,Buckeye Bungalow,,582.45,658.17,2025-10-17,0,582.45,Booking.com,Friday,2025-10,fbg_data.csv,cloudbeds
7016886747062,2025-11-18,2025-11-21,3,Walnut House,,1080.0,1220.4,2025-10-18,31,360.0,Direct,Tuesday,2025-11,fbg_data.csv,cloudbeds
2793438292530,2025-11-17,2025-11-20,3,Monolith,,861.0,972.93,2025-10-18,30,287.0,Direct,Monday,2025-11,fbg_data.csv,cloudbeds
4147367023951,2025-11-08,2025-11-11,3,Cypress Lodge | Sleeps 2,,1519.0,1716.47,2025-10-18,21,506.3333333333333,Direct,Saturday,2025-11,fbg_data.csv,cloudbeds
5378721326720,2025-11-02,2025-11-03,1,Walnut House,,296.0,334.48,2025-10-18,15,296.0,Direct,Sunday,2025-11,fbg_data.csv,cloudbeds
9528089261603,2025-10-30,2025-11-01,2,Great Lodge: King Room,,783.16,1065.59,2025-10-18,12,391.58,Direct,Thursday,2025-10,fbg_data.csv,cloudbeds
8695447901952,2025-10-21,2025-10-23,2,Diamond,,524.0,592.12,2025-10-18,3,262.0,Direct,Tuesday,2025-10,fbg_data.csv,cloudbeds
1180623975741,2025-10-20,2025-10-22,2,Diamond,,524.0,592.12,2025-10-18,2,262.0,Direct,Monday,2025-10,fbg_data.csv,cloudbeds
1180623975741,2025-10-20,2025-10-22,2,Spiral,,524.0,592.12,2025-10-18,2,262.0,Direct,Monday,2025-10,fbg_data.csv,cloudbeds
7112036658262,2025-10-18,2025-10-19,1,Cocoon,,368.74,501.72,2025-10-18,0,368.74,Direct,Saturday,2025-10,fbg_data.csv,cloudbeds
8754816639432,2025-10-19,2025-10-20,1,Sage Safari,,279.0,315.27,2025-10-18,1,279.0,Direct,Sunday,2025-10,fbg_data.csv,cloudbeds
2628876829854,2025-12-21,2025-12-23,2,Sage Safari,,754.0,852.02,2025-10-19,63,377.0,Direct,Sunday,2025-12,fbg_data.csv,cloudbeds
4857541904043,2025-11-19,2025-11-21,2,Quonset,,717.0,810.21,2025-10-19,31,358.5,Direct,Wednesday,2025-11,fbg_data.csv,cloudbeds
3023689327253,2025-11-16,2025-11-18,2,Live Oak Lodge,,902.0,1019.26,2025-10-19,28,451.0,Direct,Sunday,2025-11,fbg_data.csv,cloudbeds
9926415872350,2025-11-16,2025-11-17,1,Sage Safari,,258.0,291.54,2025-10-19,28,258.0,Direct,Sunday,2025-11,fbg_data.csv,cloudbeds
8189692478263,2025-11-03,2025-11-05,2,Buckeye Bungalow,,422.0,476.86,2025-10-19,15,211.0,Direct,Monday,2025-11,fbg_data.csv,cloudbeds
4241957983934,2025-10-23,2025-10-30,7,Spiral,,3937.0,4556.16,2025-10-19,4,562.4285714285714,Direct,Thursday,2025-10,fbg_data.csv,cloudbeds
5041790992589,2025-10-20,2025-10-22,2,Great Lodge: King Room,,335.6,486.59,2025-10-19,1,167.8,Direct,Monday,2025-10,fbg_data.csv,cloudbeds
2956346325817,2025-10-19,2025-10-21,2,Walnut House,,494.58,558.87,2025-10-19,0,247.29,Expedia,Sunday,2025-10,fbg_data.csv,cloudbeds
2711531424811,2026-03-23,2026-03-25,2,Spyglass,,972.5,1098.94,2025-10-19,155,486.25,Direct,Monday,2026-03,fbg_data.csv,cloudbeds
3156168004260,2025-12-24,2025-12-25,1,Cedar Haus,,467.0,739.15,2025-10-20,65,467.0,Direct,Wednesday,2025-12,fbg_data.csv,cloudbeds
6988326994079,2025-11-29,2025-11-30,1,Cedar Haus,,335.0,0.0,2025-10-20,40,335.0,Airbnb,Saturday,2025-11,fbg_data.csv,cloudbeds
5755574532664,2025-11-23,2025-11-25,2,Cypress Lodge | Sleeps 2,,682.0,770.66,2025-10-20,34,341.0,Direct,Sunday,2025-11,fbg_data.csv,cloudbeds
1598335900197,2025-11-16,2025-11-17,1,Lantana Dome,,246.0,277.98,2025-10-20,27,246.0,Direct,Sunday,2025-11,fbg_data.csv,cloudbeds
8786840638374,2025-11-09,2025-11-11,2,Live Oak Lodge,,704.4,795.96,2025-10-20,20,352.2,Direct,Sunday,2025-11,fbg_data.csv,cloudbeds
5481272590623,2025-10-25,2025-10-27,2,Great Lodge: King Room,,846.0,955.98,2025-10-20,5,423.0,Direct,Saturday,2025-10,fbg_data.csv,cloudbeds
2942781060666,2025-10-26,2025-10-27,1,Diamond,,402.0,454.26,2025-10-20,6,402.0,Direct,Sunday,2025-10,fbg_data.csv,cloudbeds
2525314497119,2025-10-23,2025-10-25,2,Diamond,,1086.6,1215.52,2025-10-20,3,543.3,Direct,Thursday,2025-10,fbg_data.csv,cloudbeds
9943044634428,2025-10-22,2025-10-23,1,Diamond,,264.0,298.32,2025-10-20,2,264.0,Direct,Wednesday,2025-10,fbg_data.csv,cloudbeds
4882396376136,2025-10-25,2025-10-26,1,Cedar Haus,,377.8,0.0,2025-10-20,5,377.8,Airbnb,Saturday,2025-10,fbg_data.csv,cloudbeds
8449976782006,2025-10-25,2025-10-26,1,Great Lodge: King Room,,496.0,560.48,2025-10-20,5,496.0,Direct,Saturday,2025-10,fbg_data.csv,cloudbeds
4644114164593,2025-10-24,2025-10-25,1,Winecup,,1576.0,1797.68,2025-10-20,4,1576.0,Direct,Friday,2025-10,fbg_data.csv,cloudbeds
4644114164593,2025-10-24,2025-10-25,1,Winecup,,1576.0,1797.68,2025-10-20,4,1576.0,Direct,Friday,2025-10,fbg_data.csv,cloudbeds
7821934395106,2025-10-25,2025-10-26,1,Juniper Haus,,376.8,425.79,2025-10-20,5,376.8,Expedia,Saturday,2025-10,fbg_data.csv,cloudbeds
4611824709712,2025-10-20,2025-10-21,1,Cypress Lodge | Sleeps 4,,264.0,298.32,2025-10-20,0,264.0,Direct,Monday,2025-10,fbg_data.csv,cloudbeds
9148331619849,2025-10-20,2025-10-21,1,Monolith,,262.0,296.06,2025-10-20,0,262.0,Direct,Monday,2025-10,fbg_data.csv,cloudbeds
6954730350252,2026-03-10,2026-03-12,2,Monarch,,1054.4,1191.46,2025-10-20,141,527.2,Direct,Tuesday,2026-03,fbg_data.csv,cloudbeds
6955599200499,2026-07-09,2026-07-14,5,Live Oak Lodge,,2930.0,3310.9,2025-10-20,262,586.0,Direct,Thursday,2026-07,fbg_data.csv,cloudbeds
9732152442910,2025-11-25,2025-11-26,1,Monolith,,459.62,519.37,2025-10-21,35,459.62,Expedia,Tuesday,2025-11,fbg_data.csv,cloudbeds
8559663363267,2025-11-19,2025-11-20,1,Buckeye Bungalow,,256.0,0.0,2025-10-21,29,256.0,Airbnb,Wednesday,2025-11,fbg_data.csv,cloudbeds
7545628501533,2025-11-10,2025-11-13,3,Diamond,,792.0,894.96,2025-10-21,20,264.0,Direct,Monday,2025-11,fbg_data.csv,cloudbeds
1342128002638,2025-11-09,2025-11-11,2,Post Oak,,578.0,796.65,2025-10-21,19,289.0,Direct,Sunday,2025-11,fbg_data.csv,cloudbeds
2213809681027,2025-11-07,2025-11-10,3,Walnut House,,2833.0,3201.29,2025-10-21,17,944.3333333333334,Direct,Friday,2025-11,fbg_data.csv,cloudbeds
1947878542332,2025-11-01,2025-11-03,2,Live Oak Lodge,,1482.0,1674.66,2025-10-21,11,741.0,Direct,Saturday,2025-11,fbg_data.csv,cloudbeds
7752845656406,2025-11-01,2025-11-04,3,Diamond,,1808.0,2043.04,2025-10-21,11,602.6666666666666,Direct,Saturday,2025-11,fbg_data.csv,cloudbeds
9925993932883,2025-10-29,2025-10-30,1,Monarch,,244.0,275.72,2025-10-21,8,244.0,Direct,Wednesday,2025-10,fbg_data.csv,cloudbeds
8676493804058,2025-10-26,2025-10-30,4,Post Oak,,878.0,992.14,2025-10-21,5,219.5,Direct,Sunday,2025-10,fbg_data.csv,cloudbeds
4872927774393,2025-10-24,2025-10-26,2,Bluebonnet,,1348.0,1523.24,2025-10-21,3,674.0,Direct,Friday,2025-10,fbg_data.csv,cloudbeds
2749241851282,2025-10-24,2025-10-26,2,Quonset,,1452.0,2006.17,2025-10-21,3,726.0,Direct,Friday,2025-10,fbg_data.csv,cloudbeds
4482749610584,2025-10-24,2025-10-26,2,Buckeye Bungalow,,1282.0,1660.1,2025-10-21,3,641.0,Direct,Friday,2025-10,fbg_data.csv,cloudbeds
8229129621226,2025-10-25,2025-10-26,1,Great Lodge: King Room,,496.0,560.48,2025-10-21,4,496.0,Direct,Saturday,2025-10,fbg_data.csv,cloudbeds
6261179769708,2025-10-25,2025-10-26,1,Great Lodge: King Room,,468.47,529.37,2025-10-21,4,468.47,Expedia,Saturday,2025-10,fbg_data.csv,cloudbeds
9455221047166,2025-10-21,2025-10-22,1,Monarch,,244.0,275.72,2025-10-21,0,244.0,Direct,Tuesday,2025-10,fbg_data.csv,cloudbeds
5362129180277,2025-12-26,2025-12-28,2,Monarch,,1839.0,2078.07,2025-10-22,65,919.5,Direct,Friday,2025-12,fbg_data.csv,cloudbeds
1288976795969,2025-12-06,2025-12-07,1,Great Lodge: King Room,,324.0,410.19,2025-10-22,45,324.0,Direct,Saturday,2025-12,fbg_data.csv,cloudbeds
2306081359048,2025-12-05,2025-12-07,2,Post Oak,,1058.0,1195.54,2025-10-22,44,529.0,Direct,Friday,2025-12,fbg_data.csv,cloudbeds
8301936296131,2025-11-17,2025-11-19,2,Spyglass,,504.0,569.52,2025-10-22,26,252.0,Direct,Monday,2025-11,fbg_data.csv,cloudbeds
8336745785032,2025-11-05,2025-11-06,1,Monolith,,262.0,296.06,2025-10-22,14,262.0,Direct,Wednesday,2025-11,fbg_data.csv,cloudbeds
6700815420592,2025-10-30,2025-11-01,2,Quonset,,1190.0,1609.26,2025-10-22,8,595.0,Direct,Thursday,2025-10,fbg_data.csv,cloudbeds
6688269375305,2025-10-30,2025-11-02,3,Monarch,,2031.0,2402.38,2025-10-22,8,677.0,Direct,Thursday,2025-10,fbg_data.csv,cloudbeds
7740692402136,2025-10-26,2025-10-28,2,Bluebonnet,,366.8,414.48,2025-10-22,4,183.4,Direct,Sunday,2025-10,fbg_data.csv,cloudbeds
4273641900623,2025-10-26,2025-10-27,1,Monolith,,617.0,684.86,2025-10-22,4,617.0,Direct,Sunday,2025-10,fbg_data.csv,cloudbeds
8658770298475,2025-10-25,2025-10-26,1,Cypress Lodge | Sleeps 4,,730.49,825.45,2025-10-22,3,730.49,Expedia,Saturday,2025-10,fbg_data.csv,cloudbeds
2755044423640,2025-11-14,2025-11-15,1,Cedar Haus,,574.0,648.62,2025-10-23,22,574.0,Direct,Friday,2025-11,fbg_data.csv,cloudbeds
1174956543991,2025-11-07,2025-11-08,1,Spyglass,,1036.0,1435.24,2025-10-23,15,1036.0,Direct,Friday,2025-11,fbg_data.csv,cloudbeds
2814392128647,2025-11-07,2025-11-09,2,Post Oak,,1267.0,1431.71,2025-10-23,15,633.5,Direct,Friday,2025-11,fbg_data.csv,cloudbeds
8425438302847,2025-11-07,2025-11-09,2,Quonset,,1428.58,1614.3,2025-10-23,15,714.29,Booking.com,Friday,2025-11,fbg_data.csv,cloudbeds
2819400258762,2025-11-02,2025-11-04,2,Diamond,,750.0,847.5,2025-10-23,10,375.0,Direct,Sunday,2025-11,fbg_data.csv,cloudbeds
7277311332439,2025-10-25,2025-10-27,2,Winecup,,1188.98,1343.55,2025-10-23,2,594.49,Expedia,Saturday,2025-10,fbg_data.csv,cloudbeds
4259487619674,2025-10-24,2025-10-26,2,Quonset,,1243.0,1404.59,2025-10-23,1,621.5,Direct,Friday,2025-10,fbg_data.csv,cloudbeds
6513832641785,2025-10-24,2025-10-25,1,Cedar Haus,,293.55,0.0,2025-10-23,1,293.55,Airbnb,Friday,2025-10,fbg_data.csv,cloudbeds
1190106799385,2025-10-23,2025-10-25,2,Great Lodge: King Room,,598.0,675.74,2025-10-23,0,299.0,Direct,Thursday,2025-10,fbg_data.csv,cloudbeds
7331691850151,2025-12-06,2025-12-09,3,Walnut House,,1987.55,2245.94,2025-10-24,43,662.5166666666667,Direct,Saturday,2025-12,fbg_data.csv,cloudbeds
6446705989676,2025-11-30,2025-12-03,3,Monarch,,1093.0,1235.09,2025-10-24,37,364.3333333333333,Direct,Sunday,2025-11,fbg_data.csv,cloudbeds
2268000368020,2025-11-21,2025-11-22,1,Spiral,,1919.0,2208.02,2025-10-24,28,1919.0,Direct,Friday,2025-11,fbg_data.csv,cloudbeds
1808910942048,2025-11-21,2025-11-22,1,Cedar Haus,,303.28,342.71,2025-10-24,28,303.28,Expedia,Friday,2025-11,fbg_data.csv,cloudbeds
9263142483498,2025-11-18,2025-11-20,2,Diamond,,436.4,493.12,2025-10-24,25,218.2,Direct,Tuesday,2025-11,fbg_data.csv,cloudbeds
1302176566264,2025-11-18,2025-11-20,2,Sage Safari,,427.0,0.0,2025-10-24,25,213.5,Airbnb,Tuesday,2025-11,fbg_data.csv,cloudbeds
6434192464609,2025-11-12,2025-11-13,1,Spyglass,,283.0,0.0,2025-10-24,19,283.0,Airbnb,Wednesday,2025-11,fbg_data.csv,cloudbeds
6399292036264,2025-10-31,2025-11-02,2,Great Lodge: King Room,,737.0,832.81,2025-10-24,7,368.5,Direct,Friday,2025-10,fbg_data.csv,cloudbeds
2516010848443,2025-10-30,2025-11-02,3,Bluebonnet,,1542.0,1849.81,2025-10-24,6,514.0,Direct,Thursday,2025-10,fbg_data.csv,cloudbeds
4310683594006,2025-10-24,2025-10-26,2,Pecan Haus,,683.0,771.79,2025-10-24,0,341.5,Direct,Friday,2025-10,fbg_data.csv,cloudbeds
1451405963636,2025-10-24,2025-10-25,1,Juniper Haus,,279.0,315.27,2025-10-24,0,279.0,Direct,Friday,2025-10,fbg_data.csv,cloudbeds
5701217859861,2025-10-24,2025-10-25,1,Great Lodge: King Room,,334.0,377.42,2025-10-24,0,334.0,Direct,Friday,2025-10,fbg_data.csv,cloudbeds
4710340902017,2025-11-25,2025-11-26,1,Sage Safari,,441.0,498.33,2025-10-25,31,441.0,Direct,Tuesday,2025-11,fbg_data.csv,cloudbeds
2647852989547,2025-11-22,2025-11-26,4,Spyglass,,2559.14,3301.69,2025-10-25,28,639.785,Direct,Saturday,2025-11,fbg_data.csv,cloudbeds
4648217739137,2025-11-16,2025-11-18,2,Post Oak,,362.0,409.06,2025-10-25,22,181.0,Direct,Sunday,2025-11,fbg_data.csv,cloudbeds
3613623074797,2025-11-06,2025-11-07,1,Sage Safari,,270.0,0.0,2025-10-25,12,270.0,Airbnb,Thursday,2025-11,fbg_data.csv,cloudbeds
5983794596187,2025-11-04,2025-11-06,2,Spiral,,488.0,658.79,2025-10-25,10,244.0,Direct,Tuesday,2025-11,fbg_data.csv,cloudbeds
8839264533999,2025-11-03,2025-11-04,1,Walnut House,,244.0,275.72,2025-10-25,9,244.0,Direct,Monday,2025-11,fbg_data.csv,cloudbeds
1266903183323,2025-10-25,2025-10-26,1,Great Lodge: King Room,,304.0,343.52,2025-10-25,0,304.0,Direct,Saturday,2025-10,fbg_data.csv,cloudbeds
4483897597065,2025-10-26,2025-10-27,1,Lantana Dome,,288.0,0.0,2025-10-25,1,288.0,Airbnb,Sunday,2025-10,fbg_data.csv,cloudbeds
4181817250482,2025-10-27,2025-10-28,1,Diamond,,224.98,254.23,2025-10-25,2,224.98,Expedia,Monday,2025-10,fbg_data.csv,cloudbeds
6934471522203,2025-10-25,2025-10-26,1,Great Lodge: King Room,,395.06,446.41,2025-10-25,0,395.06,Booking.com,Saturday,2025-10,fbg_data.csv,cloudbeds
8208231593588,2025-11-14,2025-11-16,2,Monolith,,2301.0,2812.56,2025-10-26,19,1150.5,Direct,Friday,2025-11,fbg_data.csv,cloudbeds
2354925928536,2025-11-10,2025-11-12,2,Sage Safari,,448.0,506.24,2025-10-26,15,224.0,Direct,Monday,2025-11,fbg_data.csv,cloudbeds
5819845373520,2025-11-03,2025-11-05,2,Quonset,,488.0,551.44,2025-10-26,8,244.0,Direct,Monday,2025-11,fbg_data.csv,cloudbeds
3166435815348,2025-11-03,2025-11-04,1,Diamond,,181.22,246.56,2025-10-26,8,181.22,Direct,Monday,2025-11,fbg_data.csv,cloudbeds
8415033886824,2025-11-01,2025-11-04,3,Great Lodge: King Room,,936.0,1057.68,2025-10-26,6,312.0,Direct,Saturday,2025-11,fbg_data.csv,cloudbeds
3946666522887,2025-11-03,2025-11-04,1,Great Lodge: King Room,,204.0,230.52,2025-10-26,8,204.0,Direct,Monday,2025-11,fbg_data.csv,cloudbeds
4261314670219,2025-10-30,2025-10-31,1,Walnut House,,349.0,0.0,2025-10-26,4,349.0,Airbnb,Thursday,2025-10,fbg_data.csv,cloudbeds
9518901218177,2025-10-28,2025-10-30,2,Cypress Lodge | Sleeps 2,,375.12,423.88,2025-10-26,2,187.56,Expedia,Tuesday,2025-10,fbg_data.csv,cloudbeds
6437614856863,2025-10-27,2025-10-28,1,Cypress Lodge | Sleeps 6,,264.0,405.67,2025-10-26,1,264.0,Direct,Monday,2025-10,fbg_data.csv,cloudbeds
5889636327762,2025-12-01,2025-12-03,2,Diamond,,714.0,806.82,2025-10-27,35,357.0,Direct,Monday,2025-12,fbg_data.csv,cloudbeds
1482163539137,2025-11-28,2025-12-01,3,Monolith,,3623.0,4093.99,2025-10-27,32,1207.6666666666667,Direct,Friday,2025-11,fbg_data.csv,cloudbeds
2138654965136,2025-11-27,2025-11-29,2,Bluebonnet,,967.93,1093.77,2025-10-27,31,483.965,Expedia,Thursday,2025-11,fbg_data.csv,cloudbeds
2532638792410,2025-11-27,2025-11-29,2,Sage Safari,,1019.62,1152.18,2025-10-27,31,509.81,Expedia,Thursday,2025-11,fbg_data.csv,cloudbeds
4196635094880,2025-11-24,2025-11-26,2,Lantana Dome,,985.0,0.0,2025-10-27,28,492.5,Airbnb,Monday,2025-11,fbg_data.csv,cloudbeds
6983359156373,2025-11-24,2025-11-26,2,Monarch,,866.0,978.58,2025-10-27,28,433.0,Direct,Monday,2025-11,fbg_data.csv,cloudbeds
8544339689152,2025-11-23,2025-11-26,3,Great Lodge: King Room,,869.0,981.98,2025-10-27,27,289.6666666666667,Direct,Sunday,2025-11,fbg_data.csv,cloudbeds
9504553556683,2025-11-17,2025-11-19,2,Diamond,,596.7,674.26,2025-10-27,21,298.35,Direct,Monday,2025-11,fbg_data.csv,cloudbeds
3645758457783,2025-11-14,2025-11-16,2,Monarch,,1831.0,2069.03,2025-10-27,18,915.5,Direct,Friday,2025-11,fbg_data.csv,cloudbeds
5403302272769,2025-11-12,2025-11-13,1,Great Lodge: King Room,,252.0,284.76,2025-10-27,16,252.0,Direct,Wednesday,2025-11,fbg_data.csv,cloudbeds
5403302272769,2025-11-12,2025-11-13,1,Great Lodge: King Room,,252.0,284.76,2025-10-27,16,252.0,Direct,Wednesday,2025-11,fbg_data.csv,cloudbeds
5704324948739,2025-11-07,2025-11-09,2,Monolith,,2081.0,2673.84,2025-10-27,11,1040.5,Direct,Friday,2025-11,fbg_data.csv,cloudbeds
7730366903424,2025-11-05,2025-11-06,1,Post Oak,,204.0,230.52,2025-10-27,9,204.0,Direct,Wednesday,2025-11,fbg_data.csv,cloudbeds
9881288910784,2025-10-28,2025-10-31,3,Cedar Haus,,591.0,667.83,2025-10-27,1,197.0,Direct,Tuesday,2025-10,fbg_data.csv,cloudbeds
2671718560624,2025-10-28,2025-10-29,1,Bluebonnet,,186.2,210.4,2025-10-27,1,186.2,Direct,Tuesday,2025-10,fbg_data.csv,cloudbeds
2939413312008,2025-10-27,2025-10-28,1,Diamond,,294.0,0.0,2025-10-27,0,294.0,Airbnb,Monday,2025-10,fbg_data.csv,cloudbeds
4398813231811,2026-01-01,2026-01-03,2,Post Oak,,996.9,1126.49,2025-10-28,65,498.45,Direct,Thursday,2026-01,fbg_data.csv,cloudbeds
3815415785126,2025-12-20,2025-12-22,2,Walnut House,,1377.0,1556.01,2025-10-28,53,688.5,Direct,Saturday,2025-12,fbg_data.csv,cloudbeds
4682993783131,2025-11-22,2025-11-23,1,Cedar Haus,,363.0,410.19,2025-10-28,25,363.0,Direct,Saturday,2025-11,fbg_data.csv,cloudbeds
8476297139346,2025-11-21,2025-11-23,2,Monolith,,2301.0,2600.13,2025-10-28,24,1150.5,Direct,Friday,2025-11,fbg_data.csv,cloudbeds
1236848810792,2025-11-16,2025-11-18,2,Monolith,,542.0,612.46,2025-10-28,19,271.0,Direct,Sunday,2025-11,fbg_data.csv,cloudbeds
6215374895364,2025-11-10,2025-11-13,3,Cedar Haus,,624.0,705.12,2025-10-28,13,208.0,Direct,Monday,2025-11,fbg_data.csv,cloudbeds
7442147686414,2025-11-03,2025-11-06,3,Bluebonnet,,612.0,691.56,2025-10-28,6,204.0,Direct,Monday,2025-11,fbg_data.csv,cloudbeds
4098223854053,2025-10-30,2025-11-04,5,Spiral,,1946.0,2198.98,2025-10-28,2,389.2,Direct,Thursday,2025-10,fbg_data.csv,cloudbeds
1873050389958,2025-10-31,2025-11-02,2,Great Lodge: King Room,,818.6,925.01,2025-10-28,3,409.3,Direct,Friday,2025-10,fbg_data.csv,cloudbeds
1873050389958,2025-10-31,2025-11-02,2,Diamond,,818.6,925.01,2025-10-28,3,409.3,Direct,Friday,2025-10,fbg_data.csv,cloudbeds
3877972755289,2025-10-28,2025-10-30,2,Cypress Lodge | Sleeps 4,,449.96,508.46,2025-10-28,0,224.98,Expedia,Tuesday,2025-10,fbg_data.csv,cloudbeds
6927136135152,2025-10-28,2025-10-29,1,Walnut House,,224.0,253.12,2025-10-28,0,224.0,Direct,Tuesday,2025-10,fbg_data.csv,cloudbeds
4183457545757,2025-10-28,2025-10-29,1,Diamond,,264.0,298.32,2025-10-28,0,264.0,Direct,Tuesday,2025-10,fbg_data.csv,cloudbeds
1165087673175,2025-12-09,2025-12-12,3,Great Lodge,,5332.92,6026.19,2025-10-29,41,1777.64,Direct,Tuesday,2025-12,fbg_data.csv,cloudbeds
1165087673175,2025-12-09,2025-12-12,3,Quonset,,5332.92,6026.19,2025-10-29,41,1777.64,Direct,Tuesday,2025-12,fbg_data.csv,cloudbeds
4632804375214,2025-11-22,2025-11-24,2,Great Lodge: King Room,,808.0,913.04,2025-10-29,24,404.0,Direct,Saturday,2025-11,fbg_data.csv,cloudbeds
5227898876305,2025-11-19,2025-11-21,2,Spiral,,508.0,786.47,2025-10-29,21,254.0,Direct,Wednesday,2025-11,fbg_data.csv,cloudbeds
7831975719581,2025-11-05,2025-11-08,3,Winecup,,1621.0,1831.73,2025-10-29,7,540.3333333333334,Direct,Wednesday,2025-11,fbg_data.csv,cloudbeds
3704797116345,2025-11-03,2025-11-04,1,Cypress Lodge | Sleeps 2,,166.04,187.62,2025-10-29,5,166.04,Expedia,Monday,2025-11,fbg_data.csv,cloudbeds
3313728377599,2025-11-01,2025-11-02,1,Great Lodge: King Room,,324.0,366.12,2025-10-29,3,324.0,Expedia,Saturday,2025-11,fbg_data.csv,cloudbeds
1129424674214,2025-10-30,2025-10-31,1,Sage Safari,,304.0,343.52,2025-10-29,1,304.0,Direct,Thursday,2025-10,fbg_data.csv,cloudbeds
1907065836175,2025-10-31,2025-11-02,2,Lantana Dome,,1047.0,1395.54,2025-10-29,2,523.5,Direct,Friday,2025-10,fbg_data.csv,cloudbeds
7078303069799,2026-02-16,2026-02-18,2,Diamond,,1038.3,1280.63,2025-10-29,110,519.15,Direct,Monday,2026-02,fbg_data.csv,cloudbeds
8472574630943,2025-11-21,2025-11-23,2,Bluebonnet,,1150.0,1299.5,2025-10-30,22,575.0,Direct,Friday,2025-11,fbg_data.csv,cloudbeds
4967964542975,2025-11-06,2025-11-08,2,Monolith,,1800.0,2034.0,2025-10-30,7,900.0,Direct,Thursday,2025-11,fbg_data.csv,cloudbeds
6505936348745,2025-11-01,2025-11-03,2,Buckeye Bungalow,,525.14,593.41,2025-10-30,2,262.57,Expedia,Saturday,2025-11,fbg_data.csv,cloudbeds
3487915905738,2025-11-21,2025-11-22,1,Spyglass,,607.0,685.91,2025-10-31,21,607.0,Direct,Friday,2025-11,fbg_data.csv,cloudbeds
9720972272210,2025-11-20,2025-11-22,2,Monolith,,1933.0,2291.64,2025-10-31,20,966.5,Direct,Thursday,2025-11,fbg_data.csv,cloudbeds
3276664992626,2025-11-20,2025-11-21,1,Monolith,,282.0,318.66,2025-10-31,20,282.0,Direct,Thursday,2025-11,fbg_data.csv,cloudbeds
8212008340740,2025-11-06,2025-11-07,1,Monolith,,234.2,264.64,2025-10-31,6,234.2,Direct,Thursday,2025-11,fbg_data.csv,cloudbeds
2168752415024,2025-11-05,2025-11-06,1,Monarch,,244.0,275.72,2025-10-31,5,244.0,Direct,Wednesday,2025-11,fbg_data.csv,cloudbeds
7977672738599,2025-11-02,2025-11-03,1,Lantana Dome,,254.0,287.02,2025-10-31,2,254.0,Direct,Sunday,2025-11,fbg_data.csv,cloudbeds
3805150669613,2025-11-01,2025-11-03,2,Winecup,,723.72,817.81,2025-10-31,1,361.86,Expedia,Saturday,2025-11,fbg_data.csv,cloudbeds
9189602233680,2025-11-01,2025-11-03,2,Great Lodge: King Room,,553.0,624.89,2025-10-31,1,276.5,Direct,Saturday,2025-11,fbg_data.csv,cloudbeds
6042973251777,2025-11-02,2025-11-04,2,Cypress Lodge | Sleeps 6,,546.0,616.98,2025-10-31,2,273.0,Direct,Sunday,2025-11,fbg_data.csv,cloudbeds
4683082278216,2025-11-01,2025-11-03,2,Quonset,,688.85,778.4,2025-10-31,1,344.425,Expedia,Saturday,2025-11,fbg_data.csv,cloudbeds
3723261676705,2025-11-01,2025-11-02,1,Cypress Lodge | Sleeps 4,,434.0,490.42,2025-10-31,1,434.0,Direct,Saturday,2025-11,fbg_data.csv,cloudbeds
1758188801657,2025-11-01,2025-11-02,1,Diamond,,523.0,590.99,2025-10-31,1,523.0,Direct,Saturday,2025-11,fbg_data.csv,cloudbeds
5553989832166,2025-11-01,2025-11-02,1,Great Lodge: King Room,,319.0,360.47,2025-10-31,1,319.0,Direct,Saturday,2025-11,fbg_data.csv,cloudbeds
1597853342999,2026-01-30,2026-02-01,2,Spyglass,,2180.0,2463.4,2025-10-31,91,1090.0,Direct,Friday,2026-01,fbg_data.csv,cloudbeds
8758036717576,2025-12-02,2025-12-04,2,Lantana Dome,,552.6,624.44,2025-11-01,31,276.3,Direct,Tuesday,2025-12,fbg_data.csv,cloudbeds
3341413458149,2025-11-29,2025-11-30,1,Monarch,,577.0,652.01,2025-11-01,28,577.0,Direct,Saturday,2025-11,fbg_data.csv,cloudbeds
8681314483251,2025-11-17,2025-11-18,1,Lantana Dome,,224.0,253.12,2025-11-01,16,224.0,Direct,Monday,2025-11,fbg_data.csv,cloudbeds
7903535392307,2025-11-11,2025-11-12,1,Spyglass,,252.0,284.76,2025-11-01,10,252.0,Direct,Tuesday,2025-11,fbg_data.csv,cloudbeds
5828389669886,2025-11-09,2025-11-11,2,Buckeye Bungalow,,498.0,562.74,2025-11-01,8,249.0,Direct,Sunday,2025-11,fbg_data.csv,cloudbeds
7188666150557,2025-11-07,2025-11-09,2,Live Oak Lodge,,1873.08,0.0,2025-11-01,6,936.54,Airbnb,Friday,2025-11,fbg_data.csv,cloudbeds
7235317946143,2025-11-05,2025-11-07,2,Cypress Lodge | Sleeps 6,,698.6,0.0,2025-11-01,4,349.3,Airbnb,Wednesday,2025-11,fbg_data.csv,cloudbeds
9966354401285,2025-11-02,2025-11-03,1,Post Oak,,242.2,273.68,2025-11-01,1,242.2,Direct,Sunday,2025-11,fbg_data.csv,cloudbeds
3473055765816,2025-11-01,2025-11-02,1,Juniper Haus,,272.2,307.58,2025-11-01,0,272.2,Expedia,Saturday,2025-11,fbg_data.csv,cloudbeds
7376558412466,2025-12-30,2025-12-31,1,Diamond,,574.0,648.62,2025-11-02,58,574.0,Direct,Tuesday,2025-12,fbg_data.csv,cloudbeds
4009676889261,2025-12-22,2025-12-24,2,Live Oak Lodge,,882.71,997.46,2025-11-02,50,441.355,Expedia,Monday,2025-12,fbg_data.csv,cloudbeds
9069337095949,2025-11-17,2025-11-19,2,Buckeye Bungalow,,448.0,506.24,2025-11-02,15,224.0,Direct,Monday,2025-11,fbg_data.csv,cloudbeds
7268072064433,2025-11-10,2025-11-12,2,Diamond,,528.0,596.64,2025-11-02,8,264.0,Direct,Monday,2025-11,fbg_data.csv,cloudbeds
7695482154137,2025-11-13,2025-11-14,1,Sage Safari,,183.0,206.79,2025-11-02,11,183.0,Direct,Thursday,2025-11,fbg_data.csv,cloudbeds
4798924348482,2025-11-10,2025-11-11,1,Bluebonnet,,178.64,201.86,2025-11-02,8,178.64,Expedia,Monday,2025-11,fbg_data.csv,cloudbeds
6653961745880,2025-11-09,2025-11-11,2,Winecup,,756.0,854.28,2025-11-02,7,378.0,Direct,Sunday,2025-11,fbg_data.csv,cloudbeds
8983855900648,2025-11-09,2025-11-10,1,Monarch,,337.0,380.81,2025-11-02,7,337.0,Direct,Sunday,2025-11,fbg_data.csv,cloudbeds
1651136776962,2025-11-08,2025-11-10,2,Bluebonnet,,1543.69,1744.37,2025-11-02,6,771.845,Booking.com,Saturday,2025-11,fbg_data.csv,cloudbeds
9002023698822,2025-11-04,2025-11-06,2,Walnut House,,496.0,560.48,2025-11-02,2,248.0,Direct,Tuesday,2025-11,fbg_data.csv,cloudbeds
5626622619131,2025-11-02,2025-11-06,4,Winecup,,1006.0,1136.78,2025-11-02,0,251.5,Direct,Sunday,2025-11,fbg_data.csv,cloudbeds
8691150609214,2025-11-03,2025-11-04,1,Live Oak Lodge,,244.0,275.72,2025-11-02,1,244.0,Direct,Monday,2025-11,fbg_data.csv,cloudbeds
2123625148374,2025-12-27,2025-12-29,2,Spyglass,,1527.0,1725.51,2025-11-03,54,763.5,Direct,Saturday,2025-12,fbg_data.csv,cloudbeds
6403047233233,2025-12-02,2025-12-04,2,Monolith,,840.0,949.2,2025-11-03,29,420.0,Direct,Tuesday,2025-12,fbg_data.csv,cloudbeds
9537070014346,2025-11-15,2025-11-16,1,Cedar Haus,,574.0,648.62,2025-11-03,12,574.0,Direct,Saturday,2025-11,fbg_data.csv,cloudbeds
9072722750967,2025-11-09,2025-11-12,3,Cypress Lodge | Sleeps 4,,765.0,864.45,2025-11-03,6,255.0,Direct,Sunday,2025-11,fbg_data.csv,cloudbeds
8575730439523,2025-11-10,2025-11-13,3,Quonset,,732.0,1092.97,2025-11-03,7,244.0,Direct,Monday,2025-11,fbg_data.csv,cloudbeds
1283238692875,2025-11-07,2025-11-09,2,Lantana Dome,,1336.0,1509.68,2025-11-03,4,668.0,Direct,Friday,2025-11,fbg_data.csv,cloudbeds
6740393457875,2025-11-07,2025-11-09,2,Quonset,,1218.0,1483.69,2025-11-03,4,609.0,Direct,Friday,2025-11,fbg_data.csv,cloudbeds
3225622094328,2025-11-08,2025-11-09,1,Winecup,,545.0,615.85,2025-11-03,5,545.0,Direct,Saturday,2025-11,fbg_data.csv,cloudbeds
7240124686035,2025-11-04,2025-11-05,1,Post Oak,,168.85,190.8,2025-11-03,1,168.85,Expedia,Tuesday,2025-11,fbg_data.csv,cloudbeds
7562610090362,2025-11-05,2025-11-07,2,Spyglass,,501.0,566.13,2025-11-03,2,250.5,Direct,Wednesday,2025-11,fbg_data.csv,cloudbeds
2977498890500,2025-11-04,2025-11-05,1,Diamond,,218.2,512.37,2025-11-03,1,218.2,Direct,Tuesday,2025-11,fbg_data.csv,cloudbeds
5156609324906,2025-11-04,2025-11-05,1,Cypress Lodge | Sleeps 2,,201.0,227.13,2025-11-03,1,201.0,Direct,Tuesday,2025-11,fbg_data.csv,cloudbeds
4166124238282,2025-11-04,2025-11-05,1,Monolith,,262.0,296.06,2025-11-03,1,262.0,Direct,Tuesday,2025-11,fbg_data.csv,cloudbeds
1082313391308,2025-11-03,2025-11-04,1,Great Lodge: King Room,,204.0,230.52,2025-11-03,0,204.0,Direct,Monday,2025-11,fbg_data.csv,cloudbeds
3053996165302,2025-12-17,2025-12-19,2,Live Oak Lodge,,777.25,878.3,2025-11-04,43,388.625,Direct,Wednesday,2025-12,fbg_data.csv,cloudbeds
3087548838244,2025-11-15,2025-11-16,1,Cypress Lodge | Sleeps 6,,848.0,958.24,2025-11-04,11,848.0,Direct,Saturday,2025-11,fbg_data.csv,cloudbeds
9997343037704,2025-11-12,2025-11-13,1,Diamond,,264.0,298.32,2025-11-04,8,264.0,Direct,Wednesday,2025-11,fbg_data.csv,cloudbeds
2272684229481,2025-11-09,2025-11-11,2,Quonset,,501.0,566.13,2025-11-04,5,250.5,Direct,Sunday,2025-11,fbg_data.csv,cloudbeds
6448929890111,2025-11-08,2025-11-09,1,Diamond,,852.0,962.76,2025-11-04,4,852.0,Direct,Saturday,2025-11,fbg_data.csv,cloudbeds
9771013918371,2025-11-08,2025-11-09,1,Monolith,,1011.0,1142.43,2025-11-04,4,1011.0,Direct,Saturday,2025-11,fbg_data.csv,cloudbeds
2836857284301,2025-11-07,2025-11-09,2,Buckeye Bungalow,,1272.0,1437.36,2025-11-04,3,636.0,Direct,Friday,2025-11,fbg_data.csv,cloudbeds
8067862287383,2025-11-09,2025-11-10,1,Lantana Dome,,345.0,389.85,2025-11-04,5,345.0,Direct,Sunday,2025-11,fbg_data.csv,cloudbeds
4321202600603,2025-11-05,2025-11-09,4,Diamond,,2202.0,2595.61,2025-11-04,1,550.5,Direct,Wednesday,2025-11,fbg_data.csv,cloudbeds
2520357506435,2025-11-04,2025-11-05,1,Quonset,,166.04,187.62,2025-11-04,0,166.04,Expedia,Tuesday,2025-11,fbg_data.csv,cloudbeds
1147931366924,2025-11-05,2025-11-06,1,Quonset,,244.0,275.72,2025-11-04,1,244.0,Direct,Wednesday,2025-11,fbg_data.csv,cloudbeds
1225932425990,2025-11-06,2025-11-07,1,Walnut House,,206.2,281.37,2025-11-04,2,206.2,Direct,Thursday,2025-11,fbg_data.csv,cloudbeds
7910994474342,2026-04-03,2026-04-05,2,Post Oak,,1114.0,1258.82,2025-11-04,150,557.0,Direct,Friday,2026-04,fbg_data.csv,cloudbeds
6530563964613,2025-12-12,2025-12-14,2,Sage Safari,,1178.0,1331.14,2025-11-05,37,589.0,Direct,Friday,2025-12,fbg_data.csv,cloudbeds
9190712618249,2025-11-26,2025-11-27,1,Lantana Dome,,441.0,498.33,2025-11-05,21,441.0,Direct,Wednesday,2025-11,fbg_data.csv,cloudbeds
6841331032806,2025-11-26,2025-11-27,1,Sage Safari,,441.0,498.33,2025-11-05,21,441.0,Direct,Wednesday,2025-11,fbg_data.csv,cloudbeds
3438934029416,2025-11-18,2025-11-20,2,Post Oak,,332.08,375.24,2025-11-05,13,166.04,Expedia,Tuesday,2025-11,fbg_data.csv,cloudbeds
6505224460507,2025-11-17,2025-11-18,1,Walnut House,,252.0,284.76,2025-11-05,12,252.0,Direct,Monday,2025-11,fbg_data.csv,cloudbeds
8017652371198,2025-11-14,2025-11-17,3,Diamond,,1915.0,2429.76,2025-11-05,9,638.3333333333334,Direct,Friday,2025-11,fbg_data.csv,cloudbeds
5473966747866,2025-11-12,2025-11-14,2,Monolith,,565.0,0.0,2025-11-05,7,282.5,Airbnb,Wednesday,2025-11,fbg_data.csv,cloudbeds
5074321470559,2025-11-07,2025-11-09,2,Winecup,,1355.37,1531.56,2025-11-05,2,677.685,Expedia,Friday,2025-11,fbg_data.csv,cloudbeds
2110283879098,2025-11-07,2025-11-09,2,Pecan Haus,,925.6,1045.94,2025-11-05,2,462.8,Direct,Friday,2025-11,fbg_data.csv,cloudbeds
3871622244451,2025-11-05,2025-11-08,3,Diamond,,1350.0,1525.5,2025-11-05,0,450.0,Direct,Wednesday,2025-11,fbg_data.csv,cloudbeds
9430132437738,2025-11-07,2025-11-08,1,Cypress Lodge | Sleeps 2,,422.0,476.86,2025-11-05,2,422.0,Direct,Friday,2025-11,fbg_data.csv,cloudbeds
1648034421314,2025-11-06,2025-11-07,1,Cedar Haus,,265.5,0.0,2025-11-05,1,265.5,Airbnb,Thursday,2025-11,fbg_data.csv,cloudbeds
8978063568490,2025-11-06,2025-11-07,1,Quonset,,377.0,426.01,2025-11-05,1,377.0,Direct,Thursday,2025-11,fbg_data.csv,cloudbeds
2906868151620,2025-11-05,2025-11-06,1,Quonset,,204.0,230.52,2025-11-05,0,204.0,Direct,Wednesday,2025-11,fbg_data.csv,cloudbeds
3048385755920,2025-11-06,2025-11-07,1,Post Oak,,201.0,227.13,2025-11-05,1,201.0,Direct,Thursday,2025-11,fbg_data.csv,cloudbeds
4877890870799,2025-12-16,2025-12-17,1,Winecup,,244.0,275.72,2025-11-06,40,244.0,Direct,Tuesday,2025-12,fbg_data.csv,cloudbeds
4110345697796,2025-12-05,2025-12-06,1,Cedar Haus,,377.0,426.01,2025-11-06,29,377.0,Direct,Friday,2025-12,fbg_data.csv,cloudbeds
5911656415164,2025-11-16,2025-11-17,1,Spiral,,876.0,974.28,2025-11-06,10,876.0,Direct,Sunday,2025-11,fbg_data.csv,cloudbeds
8175096594335,2025-11-09,2025-11-12,3,Winecup,,639.4,734.45,2025-11-06,3,213.13333333333333,Direct,Sunday,2025-11,fbg_data.csv,cloudbeds
1044343433326,2025-11-12,2025-11-14,2,Monarch,,426.25,481.66,2025-11-06,6,213.125,Direct,Wednesday,2025-11,fbg_data.csv,cloudbeds
1044343433326,2025-11-12,2025-11-14,2,Diamond,,426.25,481.66,2025-11-06,6,213.125,Direct,Wednesday,2025-11,fbg_data.csv,cloudbeds
6892818723386,2025-11-09,2025-11-11,2,Pecan Haus,,455.0,514.15,2025-11-06,3,227.5,Direct,Sunday,2025-11,fbg_data.csv,cloudbeds
1885305985483,2025-11-09,2025-11-11,2,Great Lodge: King Room,,464.0,524.32,2025-11-06,3,232.0,Direct,Sunday,2025-11,fbg_data.csv,cloudbeds
5232812008619,2025-11-06,2025-11-07,1,Great Lodge: King Room,,175.06,197.81,2025-11-06,0,175.06,Expedia,Thursday,2025-11,fbg_data.csv,cloudbeds
6096120391374,2025-11-06,2025-11-10,4,Juniper Haus,,1233.3,1678.05,2025-11-06,0,308.325,Direct,Thursday,2025-11,fbg_data.csv,cloudbeds
4023734178014,2025-11-07,2025-11-08,1,Bluebonnet,,565.0,638.45,2025-11-06,1,565.0,Direct,Friday,2025-11,fbg_data.csv,cloudbeds
7925403151064,2025-11-06,2025-11-07,1,Spiral,,241.0,272.33,2025-11-06,0,241.0,Direct,Thursday,2025-11,fbg_data.csv,cloudbeds
5073093526891,2025-11-06,2025-11-07,1,Live Oak Lodge,,338.2,382.16,2025-11-06,0,338.2,Direct,Thursday,2025-11,fbg_data.csv,cloudbeds
5347443673944,2025-11-25,2025-11-27,2,Diamond,,711.6,804.11,2025-11-07,18,355.8,Direct,Tuesday,2025-11,fbg_data.csv,cloudbeds
2526732740403,2025-11-23,2025-11-27,4,Diamond,,2019.0,2281.47,2025-11-07,16,504.75,Direct,Sunday,2025-11,fbg_data.csv,cloudbeds
9822746714515,2025-11-21,2025-11-23,2,Walnut House,,1628.0,2212.8,2025-11-07,14,814.0,Direct,Friday,2025-11,fbg_data.csv,cloudbeds
6649191098975,2025-11-16,2025-11-18,2,Diamond,,779.0,987.62,2025-11-07,9,389.5,Direct,Sunday,2025-11,fbg_data.csv,cloudbeds
2179183889798,2025-11-13,2025-11-14,1,Post Oak,,192.94,218.03,2025-11-07,6,192.94,Booking.com,Thursday,2025-11,fbg_data.csv,cloudbeds
2793646608977,2025-11-12,2025-11-13,1,Post Oak,,201.0,227.13,2025-11-07,5,201.0,Direct,Wednesday,2025-11,fbg_data.csv,cloudbeds
3928098741366,2025-12-25,2025-12-27,2,Post Oak,,1597.2,2486.35,2025-11-08,47,798.6,Direct,Thursday,2025-12,fbg_data.csv,cloudbeds
1431160366718,2025-12-19,2025-12-21,2,Buckeye Bungalow,,1178.0,1331.14,2025-11-08,41,589.0,Direct,Friday,2025-12,fbg_data.csv,cloudbeds
1643999102283,2025-11-17,2025-11-18,1,Sage Safari,,224.0,253.12,2025-11-08,9,224.0,Direct,Monday,2025-11,fbg_data.csv,cloudbeds
5625614860566,2025-11-16,2025-11-17,1,Monarch,,373.0,421.49,2025-11-08,8,373.0,Direct,Sunday,2025-11,fbg_data.csv,cloudbeds
2427092360561,2025-11-13,2025-11-14,1,Walnut House,,435.0,491.55,2025-11-08,5,435.0,Direct,Thursday,2025-11,fbg_data.csv,cloudbeds
8104118321426,2025-11-08,2025-11-09,1,Cocoon,,706.76,961.63,2025-11-08,0,706.76,Direct,Saturday,2025-11,fbg_data.csv,cloudbeds
6769149431413,2025-11-09,2025-11-10,1,Quonset,,272.5,322.05,2025-11-08,1,272.5,Direct,Sunday,2025-11,fbg_data.csv,cloudbeds
3520700555134,2025-12-15,2025-12-18,3,Walnut House,,1032.0,1273.51,2025-11-09,36,344.0,Direct,Monday,2025-12,fbg_data.csv,cloudbeds
2826588288560,2025-12-12,2025-12-14,2,Lantana Dome,,1238.0,1398.94,2025-11-09,33,619.0,Direct,Friday,2025-12,fbg_data.csv,cloudbeds
8146932919212,2025-12-02,2025-12-07,5,Buckeye Bungalow,,1976.0,2232.88,2025-11-09,23,395.2,Direct,Tuesday,2025-12,fbg_data.csv,cloudbeds
9617459430162,2025-11-24,2025-11-26,2,Bluebonnet,,686.0,775.18,2025-11-09,15,343.0,Direct,Monday,2025-11,fbg_data.csv,cloudbeds
4357383692445,2025-11-23,2025-11-24,1,Lantana Dome,,413.67,467.45,2025-11-09,14,413.67,Expedia,Sunday,2025-11,fbg_data.csv,cloudbeds
4702007897291,2025-11-13,2025-11-15,2,Pecan Haus,,618.0,698.34,2025-11-09,4,309.0,Direct,Thursday,2025-11,fbg_data.csv,cloudbeds
4702007897291,2025-11-13,2025-11-15,2,Great Lodge: King Room,,618.0,698.34,2025-11-09,4,309.0,Direct,Thursday,2025-11,fbg_data.csv,cloudbeds
3044431028222,2025-11-13,2025-11-15,2,Bluebonnet,,908.0,1026.04,2025-11-09,4,454.0,Direct,Thursday,2025-11,fbg_data.csv,cloudbeds
3833533828081,2025-11-10,2025-11-11,1,Great Lodge: King Room,,204.0,230.52,2025-11-09,1,204.0,Direct,Monday,2025-11,fbg_data.csv,cloudbeds
1892161270408,2025-11-09,2025-11-10,1,Monolith,,519.95,587.55,2025-11-09,0,519.95,Expedia,Sunday,2025-11,fbg_data.csv,cloudbeds
3033948089813,2025-12-18,2025-12-19,1,Cedar Haus,,315.0,568.38,2025-11-10,38,315.0,Direct,Thursday,2025-12,fbg_data.csv,cloudbeds
2128528152620,2025-12-21,2025-12-23,2,Cypress Lodge | Sleeps 6,,1103.32,1246.76,2025-11-10,41,551.66,Expedia,Sunday,2025-12,fbg_data.csv,cloudbeds
7956315895673,2025-12-18,2025-12-21,3,Sage Safari,,1578.0,1783.14,2025-11-10,38,526.0,Direct,Thursday,2025-12,fbg_data.csv,cloudbeds
8846410218619,2025-12-05,2025-12-09,4,Diamond,,1798.7,2244.98,2025-11-10,25,449.675,Direct,Friday,2025-12,fbg_data.csv,cloudbeds
8846410218619,2025-12-05,2025-12-09,4,Bluebonnet,,1798.7,2244.98,2025-11-10,25,449.675,Direct,Friday,2025-12,fbg_data.csv,cloudbeds
5383540643614,2025-12-02,2025-12-05,3,Walnut House,,1154.0,1304.02,2025-11-10,22,384.6666666666667,Direct,Tuesday,2025-12,fbg_data.csv,cloudbeds
5742163438915,2025-11-26,2025-11-27,1,Bluebonnet,,463.0,735.62,2025-11-10,16,463.0,Direct,Wednesday,2025-11,fbg_data.csv,cloudbeds
4859698465469,2025-11-19,2025-11-20,1,Diamond,,264.0,298.32,2025-11-10,9,264.0,Direct,Wednesday,2025-11,fbg_data.csv,cloudbeds
6591348645353,2025-11-14,2025-11-15,1,Great Lodge: King Room,,1169.0,1459.07,2025-11-10,4,1169.0,Direct,Friday,2025-11,fbg_data.csv,cloudbeds
6591348645353,2025-11-14,2025-11-15,1,Cypress Lodge | Sleeps 2,,1169.0,1459.07,2025-11-10,4,1169.0,Direct,Friday,2025-11,fbg_data.csv,cloudbeds
6591348645353,2025-11-14,2025-11-15,1,Cypress Lodge | Sleeps 4,,1169.0,1459.07,2025-11-10,4,1169.0,Direct,Friday,2025-11,fbg_data.csv,cloudbeds
8007267130008,2025-11-13,2025-11-16,3,Quonset,,1729.0,2061.12,2025-11-10,3,576.3333333333334,Direct,Thursday,2025-11,fbg_data.csv,cloudbeds
5953785714737,2025-11-11,2025-11-12,1,Great Lodge: King Room,,168.85,190.8,2025-11-10,1,168.85,Expedia,Tuesday,2025-11,fbg_data.csv,cloudbeds
4279480220847,2025-11-10,2025-11-11,1,Great Lodge: King Room,,168.85,190.8,2025-11-10,0,168.85,Expedia,Monday,2025-11,fbg_data.csv,cloudbeds
3325644424319,2026-06-08,2026-06-10,2,Live Oak Lodge,,928.0,1048.64,2025-11-10,210,464.0,Direct,Monday,2026-06,fbg_data.csv,cloudbeds
8231859330045,2025-12-14,2025-12-16,2,Buckeye Bungalow,,458.71,518.35,2025-11-11,33,229.355,Expedia,Sunday,2025-12,fbg_data.csv,cloudbeds
3420804128968,2025-12-14,2025-12-16,2,Sage Safari,,588.65,665.17,2025-11-11,33,294.325,Direct,Sunday,2025-12,fbg_data.csv,cloudbeds
6875884885831,2025-12-05,2025-12-07,2,Monolith,,1058.0,1195.54,2025-11-11,24,529.0,Direct,Friday,2025-12,fbg_data.csv,cloudbeds
7743649452139,2025-11-25,2025-11-27,2,Spiral,,667.0,753.71,2025-11-11,14,333.5,Direct,Tuesday,2025-11,fbg_data.csv,cloudbeds
4535718992526,2025-11-21,2025-11-23,2,Cypress Lodge | Sleeps 2,,1236.0,1396.68,2025-11-11,10,618.0,Direct,Friday,2025-11,fbg_data.csv,cloudbeds
8414601725234,2025-11-14,2025-11-16,2,Winecup,,1241.81,1403.24,2025-11-11,3,620.905,Expedia,Friday,2025-11,fbg_data.csv,cloudbeds
3716827575031,2025-11-19,2025-11-20,1,Diamond,,264.0,298.32,2025-11-11,8,264.0,Direct,Wednesday,2025-11,fbg_data.csv,cloudbeds
1985638159383,2025-11-18,2025-11-20,2,Winecup,,488.0,763.87,2025-11-11,7,244.0,Direct,Tuesday,2025-11,fbg_data.csv,cloudbeds
7029828103073,2025-11-15,2025-11-17,2,Juniper Haus,,624.54,849.76,2025-11-11,4,312.27,Direct,Saturday,2025-11,fbg_data.csv,cloudbeds
2456343822334,2025-11-14,2025-11-16,2,Quonset,,1509.0,0.0,2025-11-11,3,754.5,Airbnb,Friday,2025-11,fbg_data.csv,cloudbeds
1966626204219,2025-11-15,2025-11-16,1,Buckeye Bungalow,,900.0,0.0,2025-11-11,4,900.0,Airbnb,Saturday,2025-11,fbg_data.csv,cloudbeds
3462916517315,2025-11-11,2025-11-12,1,Post Oak,,201.0,227.13,2025-11-11,0,201.0,Direct,Tuesday,2025-11,fbg_data.csv,cloudbeds
1185247551989,2025-11-12,2025-11-13,1,Quonset,,202.2,335.83,2025-11-11,1,202.2,Direct,Wednesday,2025-11,fbg_data.csv,cloudbeds
2850670752054,2025-12-22,2025-12-24,2,Walnut House,,899.0,1015.87,2025-11-12,40,449.5,Direct,Monday,2025-12,fbg_data.csv,cloudbeds
3477836055343,2025-12-11,2025-12-13,2,Post Oak,,728.0,822.64,2025-11-12,29,364.0,Direct,Thursday,2025-12,fbg_data.csv,cloudbeds
5914591480597,2025-12-06,2025-12-08,2,Cypress Lodge | Sleeps 2,,942.0,1064.46,2025-11-12,24,471.0,Direct,Saturday,2025-12,fbg_data.csv,cloudbeds
8558810829353,2025-12-05,2025-12-07,2,Cypress Lodge | Sleeps 6,,2198.0,2483.74,2025-11-12,23,1099.0,Direct,Friday,2025-12,fbg_data.csv,cloudbeds
4665192593363,2025-12-05,2025-12-07,2,Cocoon,,1028.57,1399.52,2025-11-12,23,514.285,Direct,Friday,2025-12,fbg_data.csv,cloudbeds
4708365713423,2025-11-15,2025-11-16,1,Pecan Haus,,387.02,526.58,2025-11-12,3,387.02,Direct,Saturday,2025-11,fbg_data.csv,cloudbeds
5004198435359,2025-11-13,2025-11-15,2,Spiral,,890.09,1005.8,2025-11-12,1,445.045,Expedia,Thursday,2025-11,fbg_data.csv,cloudbeds
7224172102071,2025-11-15,2025-11-16,1,Winecup,,648.0,732.24,2025-11-12,3,648.0,Direct,Saturday,2025-11,fbg_data.csv,cloudbeds
4316158398249,2025-11-14,2025-11-16,2,Diamond,,1400.0,1582.0,2025-11-12,2,700.0,Direct,Friday,2025-11,fbg_data.csv,cloudbeds
9090674950761,2025-11-15,2025-11-16,1,Great Lodge: King Room,,474.0,535.62,2025-11-12,3,474.0,Direct,Saturday,2025-11,fbg_data.csv,cloudbeds
4191447004825,2025-11-15,2025-11-16,1,Bluebonnet,,738.46,834.46,2025-11-12,3,738.46,Expedia,Saturday,2025-11,fbg_data.csv,cloudbeds
3497358757447,2025-11-15,2025-11-16,1,Diamond,,775.44,876.25,2025-11-12,3,775.44,Expedia,Saturday,2025-11,fbg_data.csv,cloudbeds
6222590734406,2025-11-13,2025-11-14,1,Cedar Haus,,197.5,0.0,2025-11-12,1,197.5,Airbnb,Thursday,2025-11,fbg_data.csv,cloudbeds
2488212687764,2025-11-12,2025-11-13,1,Walnut House,,252.0,392.11,2025-11-12,0,252.0,Direct,Wednesday,2025-11,fbg_data.csv,cloudbeds
8253075257278,2025-12-13,2025-12-14,1,Post Oak,,455.0,768.4,2025-11-13,30,455.0,Direct,Saturday,2025-12,fbg_data.csv,cloudbeds
8654631256014,2025-11-24,2025-11-26,2,Quonset,,769.0,976.32,2025-11-13,11,384.5,Direct,Monday,2025-11,fbg_data.csv,cloudbeds
3117049482835,2025-11-14,2025-11-15,1,Walnut House,,557.0,629.41,2025-11-13,1,557.0,Direct,Friday,2025-11,fbg_data.csv,cloudbeds
4808197502281,2025-11-14,2025-11-16,2,Great Lodge: King Room,,794.0,897.22,2025-11-13,1,397.0,Direct,Friday,2025-11,fbg_data.csv,cloudbeds
6261614421323,2025-11-14,2025-11-16,2,Great Lodge: King Room,,826.0,1040.73,2025-11-13,1,413.0,Direct,Friday,2025-11,fbg_data.csv,cloudbeds
2788023285972,2025-12-22,2025-12-23,1,Cedar Haus,,72.0,518.66,2025-11-14,38,72.0,Direct,Monday,2025-12,fbg_data.csv,cloudbeds
9888836157677,2025-12-12,2025-12-14,2,Quonset,,602.0,1002.57,2025-11-14,28,301.0,Direct,Friday,2025-12,fbg_data.csv,cloudbeds
6912456192177,2025-12-09,2025-12-11,2,Monarch,,626.0,814.73,2025-11-14,25,313.0,Direct,Tuesday,2025-12,fbg_data.csv,cloudbeds
6206342868156,2025-11-25,2025-11-26,1,Cocoon,,441.0,498.33,2025-11-14,11,441.0,Direct,Tuesday,2025-11,fbg_data.csv,cloudbeds
1609169652668,2025-11-23,2025-11-24,1,Walnut House,,494.27,558.53,2025-11-14,9,494.27,Expedia,Sunday,2025-11,fbg_data.csv,cloudbeds
1580903396528,2025-11-19,2025-11-20,1,Great Lodge: King Room,,204.0,230.52,2025-11-14,5,204.0,Direct,Wednesday,2025-11,fbg_data.csv,cloudbeds
6384249217462,2025-11-15,2025-11-18,3,Great Lodge: King Room,,1055.0,1192.15,2025-11-14,1,351.6666666666667,Direct,Saturday,2025-11,fbg_data.csv,cloudbeds
2071766953298,2025-11-16,2025-11-17,1,Diamond,,309.0,349.17,2025-11-14,2,309.0,Direct,Sunday,2025-11,fbg_data.csv,cloudbeds
9139272251084,2025-11-18,2025-11-19,1,Great Lodge: King Room,,168.85,190.8,2025-11-14,4,168.85,Expedia,Tuesday,2025-11,fbg_data.csv,cloudbeds
7585634467786,2025-11-18,2025-11-19,1,Great Lodge: King Room,,168.85,190.8,2025-11-14,4,168.85,Expedia,Tuesday,2025-11,fbg_data.csv,cloudbeds
3335269070908,2025-11-18,2025-11-19,1,Great Lodge: King Room,,168.85,190.8,2025-11-14,4,168.85,Expedia,Tuesday,2025-11,fbg_data.csv,cloudbeds
6627811404650,2025-11-14,2025-11-15,1,Great Lodge: King Room,,320.0,361.6,2025-11-14,0,320.0,Direct,Friday,2025-11,fbg_data.csv,cloudbeds
4290665650417,2025-11-14,2025-11-15,1,Great Lodge: King Room,,437.0,0.0,2025-11-14,0,437.0,Airbnb,Friday,2025-11,fbg_data.csv,cloudbeds
9278126011351,2025-11-15,2025-11-16,1,Great Lodge: King Room,,1218.0,1415.89,2025-11-14,1,1218.0,Direct,Saturday,2025-11,fbg_data.csv,cloudbeds
9278126011351,2025-11-15,2025-11-16,1,Spiral,,1218.0,1415.89,2025-11-14,1,1218.0,Direct,Saturday,2025-11,fbg_data.csv,cloudbeds
1890928366324,2025-11-14,2025-11-15,1,Diamond,,593.0,670.09,2025-11-14,0,593.0,Direct,Friday,2025-11,fbg_data.csv,cloudbeds
2908233458333,2025-11-15,2025-11-16,1,Walnut House,,886.0,1001.18,2025-11-14,1,886.0,Direct,Saturday,2025-11,fbg_data.csv,cloudbeds
9081234446510,2025-11-15,2025-11-16,1,Great Lodge: King Room,,474.0,535.62,2025-11-14,1,474.0,Direct,Saturday,2025-11,fbg_data.csv,cloudbeds
2531309332894,2025-11-14,2025-11-16,2,Great Lodge: King Room,,963.0,0.0,2025-11-14,0,481.5,Airbnb,Friday,2025-11,fbg_data.csv,cloudbeds
2681134854093,2025-12-14,2025-12-17,3,Monarch,,894.28,0.0,2025-11-15,29,298.0933333333333,Airbnb,Sunday,2025-12,fbg_data.csv,cloudbeds
2681134854093,2025-12-14,2025-12-17,3,Quonset,,894.28,0.0,2025-11-15,29,298.0933333333333,Airbnb,Sunday,2025-12,fbg_data.csv,cloudbeds
7789552488018,2025-12-10,2025-12-13,3,Monolith,,2228.0,2517.64,2025-11-15,25,742.6666666666666,Direct,Wednesday,2025-12,fbg_data.csv,cloudbeds
2451294286033,2025-11-24,2025-11-26,2,Post Oak,,680.0,768.4,2025-11-15,9,340.0,Direct,Monday,2025-11,fbg_data.csv,cloudbeds
1959214130837,2025-11-25,2025-11-26,1,Buckeye Bungalow,,381.0,430.53,2025-11-15,10,381.0,Direct,Tuesday,2025-11,fbg_data.csv,cloudbeds
7157724890929,2025-11-21,2025-11-23,2,Post Oak,,1185.0,1339.05,2025-11-15,6,592.5,Direct,Friday,2025-11,fbg_data.csv,cloudbeds
5747385610088,2025-11-18,2025-11-19,1,Great Lodge: King Room,,204.0,230.52,2025-11-15,3,204.0,Direct,Tuesday,2025-11,fbg_data.csv,cloudbeds
9451919908871,2025-11-18,2025-11-19,1,Great Lodge: King Room,,204.0,230.52,2025-11-15,3,204.0,Direct,Tuesday,2025-11,fbg_data.csv,cloudbeds
5124132740159,2025-12-28,2025-12-31,3,Cypress Lodge | Sleeps 6,,2373.0,2681.49,2025-11-16,42,791.0,Direct,Sunday,2025-12,fbg_data.csv,cloudbeds
8441804058615,2025-12-26,2025-12-28,2,Pecan Haus,,863.0,975.19,2025-11-16,40,431.5,Direct,Friday,2025-12,fbg_data.csv,cloudbeds
7876398048441,2025-12-14,2025-12-16,2,Live Oak Lodge,,756.55,962.24,2025-11-16,28,378.275,Direct,Sunday,2025-12,fbg_data.csv,cloudbeds
9933825386087,2025-12-12,2025-12-14,2,Buckeye Bungalow,,1024.0,1149.32,2025-11-16,26,512.0,Direct,Friday,2025-12,fbg_data.csv,cloudbeds
4174890210919,2025-12-11,2025-12-14,3,Cypress Lodge | Sleeps 2,,1251.0,1413.63,2025-11-16,25,417.0,Direct,Thursday,2025-12,fbg_data.csv,cloudbeds
5787868252890,2025-11-25,2025-11-26,1,Monolith,,296.11,334.61,2025-11-16,9,296.11,Expedia,Tuesday,2025-11,fbg_data.csv,cloudbeds
3903645440853,2025-11-24,2025-11-25,1,Monolith,,399.0,450.87,2025-11-16,8,399.0,Direct,Monday,2025-11,fbg_data.csv,cloudbeds
4620344103648,2025-11-21,2025-11-23,2,Winecup,,1103.0,1246.39,2025-11-16,5,551.5,Direct,Friday,2025-11,fbg_data.csv,cloudbeds
7734573692143,2025-11-16,2025-11-20,4,Quonset,,841.6,950.99,2025-11-16,0,210.4,Direct,Sunday,2025-11,fbg_data.csv,cloudbeds
6462976218561,2026-01-04,2026-01-06,2,Post Oak,,653.98,739.0,2025-11-16,49,326.99,Expedia,Sunday,2026-01,fbg_data.csv,cloudbeds
9971996104755,2026-02-16,2026-02-17,1,Lantana Dome,,284.48,1763.81,2025-11-16,92,284.48,Direct,Monday,2026-02,fbg_data.csv,cloudbeds
7443701224705,2025-12-13,2025-12-14,1,Cedar Haus,,363.0,410.19,2025-11-17,26,363.0,Direct,Saturday,2025-12,fbg_data.csv,cloudbeds
3414825883636,2025-12-02,2025-12-04,2,Diamond,,714.0,806.82,2025-11-17,15,357.0,Direct,Tuesday,2025-12,fbg_data.csv,cloudbeds
4367908117879,2025-12-02,2025-12-04,2,Cypress Lodge | Sleeps 6,,714.0,806.82,2025-11-17,15,357.0,Direct,Tuesday,2025-12,fbg_data.csv,cloudbeds
6818503702624,2025-12-05,2025-12-07,2,Winecup,,2353.48,2659.42,2025-11-17,18,1176.74,Booking.com,Friday,2025-12,fbg_data.csv,cloudbeds
5060299369940,2025-11-23,2025-11-25,2,Quonset,,713.0,913.04,2025-11-17,6,356.5,Direct,Sunday,2025-11,fbg_data.csv,cloudbeds
9736162425683,2025-11-22,2025-11-23,1,Quonset,,434.0,490.42,2025-11-17,5,434.0,Direct,Saturday,2025-11,fbg_data.csv,cloudbeds
3855312984004,2025-11-18,2025-11-19,1,Cocoon,,191.0,261.03,2025-11-17,1,191.0,Direct,Tuesday,2025-11,fbg_data.csv,cloudbeds
2124304651729,2025-12-16,2025-12-17,1,Live Oak Lodge,,284.0,320.92,2025-11-18,28,284.0,Direct,Tuesday,2025-12,fbg_data.csv,cloudbeds
5004952857929,2025-11-23,2025-11-25,2,Great Lodge: King Room,,644.0,727.72,2025-11-18,5,322.0,Direct,Sunday,2025-11,fbg_data.csv,cloudbeds
4830604491744,2025-11-22,2025-11-24,2,Great Lodge: King Room,,900.0,1017.0,2025-11-18,4,450.0,Direct,Saturday,2025-11,fbg_data.csv,cloudbeds
1978694880166,2025-11-21,2025-11-23,2,Great Lodge: King Room,,938.0,1272.37,2025-11-18,3,469.0,Direct,Friday,2025-11,fbg_data.csv,cloudbeds
7513231165445,2025-11-22,2025-11-24,2,Great Lodge: King Room,,900.0,1017.0,2025-11-18,4,450.0,Direct,Saturday,2025-11,fbg_data.csv,cloudbeds
7717997958728,2025-11-21,2025-11-23,2,Diamond,,1854.93,0.0,2025-11-18,3,927.465,Airbnb,Friday,2025-11,fbg_data.csv,cloudbeds
3939800420955,2025-11-23,2025-11-24,1,Post Oak,,217.0,245.21,2025-11-18,5,217.0,Direct,Sunday,2025-11,fbg_data.csv,cloudbeds
5682290530194,2025-11-21,2025-11-23,2,Great Lodge: King Room,,1136.0,0.0,2025-11-18,3,568.0,Airbnb,Friday,2025-11,fbg_data.csv,cloudbeds
5878597021534,2025-11-21,2025-11-22,1,Great Lodge: King Room,,386.0,436.18,2025-11-18,3,386.0,Direct,Friday,2025-11,fbg_data.csv,cloudbeds
5788318930318,2025-11-20,2025-11-21,1,Post Oak,,217.0,245.21,2025-11-18,2,217.0,Direct,Thursday,2025-11,fbg_data.csv,cloudbeds
1303288321933,2025-11-20,2025-11-21,1,Lantana Dome,,242.0,273.46,2025-11-18,2,242.0,Direct,Thursday,2025-11,fbg_data.csv,cloudbeds
4612185926644,2025-11-18,2025-11-19,1,Cypress Lodge | Sleeps 6,,252.0,284.76,2025-11-18,0,252.0,Direct,Tuesday,2025-11,fbg_data.csv,cloudbeds
6434875456308,2026-02-23,2026-02-26,3,Monarch,,1164.0,1315.32,2025-11-18,97,388.0,Direct,Monday,2026-02,fbg_data.csv,cloudbeds
5029524441871,2026-01-02,2026-01-04,2,Spyglass,,1241.76,1403.18,2025-11-19,44,620.88,Direct,Friday,2026-01,fbg_data.csv,cloudbeds
9002002433656,2025-12-12,2025-12-13,1,Cedar Haus,,326.0,368.38,2025-11-19,23,326.0,Direct,Friday,2025-12,fbg_data.csv,cloudbeds
9287665276062,2025-12-02,2025-12-06,4,Live Oak Lodge,,1934.0,2185.42,2025-11-19,13,483.5,Direct,Tuesday,2025-12,fbg_data.csv,cloudbeds
1110793278836,2025-11-20,2025-11-21,1,Cypress Lodge | Sleeps 2,,217.0,245.21,2025-11-19,1,217.0,Direct,Thursday,2025-11,fbg_data.csv,cloudbeds
4595112357400,2026-01-29,2026-01-31,2,Winecup,,1233.76,1801.22,2025-11-19,71,616.88,Direct,Thursday,2026-01,fbg_data.csv,cloudbeds
4595112357400,2026-01-29,2026-01-31,2,Cypress Lodge | Sleeps 4,,1233.76,1801.22,2025-11-19,71,616.88,Direct,Thursday,2026-01,fbg_data.csv,cloudbeds
4957722241995,2025-12-24,2025-12-27,3,Monolith,,1911.0,2266.78,2025-11-20,34,637.0,Direct,Wednesday,2025-12,fbg_data.csv,cloudbeds
1357501253159,2025-12-21,2025-12-22,1,Cedar Haus,,315.0,355.95,2025-11-20,31,315.0,Direct,Sunday,2025-12,fbg_data.csv,cloudbeds
8801458333740,2025-12-18,2025-12-20,2,Monolith,,982.09,1777.5,2025-11-20,28,491.045,Direct,Thursday,2025-12,fbg_data.csv,cloudbeds
5515657928875,2025-12-04,2025-12-05,1,Lantana Dome,,314.0,354.82,2025-11-20,14,314.0,Direct,Thursday,2025-12,fbg_data.csv,cloudbeds
4192910624820,2025-12-05,2025-12-07,2,Diamond,,2198.0,2591.09,2025-11-20,15,1099.0,Direct,Friday,2025-12,fbg_data.csv,cloudbeds
7336419538029,2025-11-23,2025-11-26,3,Great Lodge: King Room,,940.0,1062.2,2025-11-20,3,313.3333333333333,Direct,Sunday,2025-11,fbg_data.csv,cloudbeds
3724260669977,2025-11-22,2025-11-24,2,Monolith,,1741.0,1967.33,2025-11-20,2,870.5,Direct,Saturday,2025-11,fbg_data.csv,cloudbeds
6589274869462,2026-01-28,2026-01-30,2,Great Lodge,,5225.59,0.0,2025-11-20,69,2612.795,Airbnb,Wednesday,2026-01,fbg_data.csv,cloudbeds
6589274869462,2026-01-28,2026-01-30,2,Post Oak,,5225.59,0.0,2025-11-20,69,2612.795,Airbnb,Wednesday,2026-01,fbg_data.csv,cloudbeds
4190992175240,2025-12-20,2025-12-21,1,Cedar Haus,,353.16,399.07,2025-11-21,29,353.16,Direct,Saturday,2025-12,fbg_data.csv,cloudbeds
1019303685686,2025-12-04,2025-12-05,1,Cedar Haus,,264.0,298.32,2025-11-21,13,264.0,Direct,Thursday,2025-12,fbg_data.csv,cloudbeds
9069756315451,2025-11-24,2025-11-26,2,Great Lodge: King Room,,566.0,639.58,2025-11-21,3,283.0,Direct,Monday,2025-11,fbg_data.csv,cloudbeds
6923342058526,2025-11-23,2025-11-24,1,Diamond,,437.0,493.81,2025-11-21,2,437.0,Direct,Sunday,2025-11,fbg_data.csv,cloudbeds
5505919636261,2025-11-23,2025-11-24,1,Bluebonnet,,201.0,227.13,2025-11-21,2,201.0,Direct,Sunday,2025-11,fbg_data.csv,cloudbeds
3988349970250,2025-11-22,2025-11-23,1,Great Lodge: King Room,,500.0,565.0,2025-11-21,1,500.0,Direct,Saturday,2025-11,fbg_data.csv,cloudbeds
9786671595573,2025-11-21,2025-11-23,2,Diamond,,1317.13,1488.36,2025-11-21,0,658.565,Direct,Friday,2025-11,fbg_data.csv,cloudbeds
9236758534737,2025-11-21,2025-11-22,1,Great Lodge: King Room,,256.26,289.58,2025-11-21,0,256.26,Expedia,Friday,2025-11,fbg_data.csv,cloudbeds
7771540692325,2025-11-29,2025-12-01,2,Great Lodge: King Room,,1020.0,1152.6,2025-11-22,7,510.0,Direct,Saturday,2025-11,fbg_data.csv,cloudbeds
1209179463861,2025-11-23,2025-11-26,3,Great Lodge: King Room,,892.0,1007.96,2025-11-22,1,297.3333333333333,Direct,Sunday,2025-11,fbg_data.csv,cloudbeds
2968612837546,2025-11-22,2025-11-24,2,Spiral,,1317.0,1488.21,2025-11-22,0,658.5,Direct,Saturday,2025-11,fbg_data.csv,cloudbeds
9453683127908,2025-11-22,2025-11-23,1,Quonset,,651.55,736.25,2025-11-22,0,651.55,Direct,Saturday,2025-11,fbg_data.csv,cloudbeds
2635755046735,2025-12-26,2025-12-30,4,Cypress Lodge | Sleeps 6,,6400.5,7548.95,2025-11-22,34,1600.125,Direct,Friday,2025-12,fbg_data.csv,cloudbeds
2635755046735,2025-12-26,2025-12-30,4,Great Lodge: King Room,,6400.5,7548.95,2025-11-22,34,1600.125,Direct,Friday,2025-12,fbg_data.csv,cloudbeds
2635755046735,2025-12-26,2025-12-30,4,Great Lodge: King Room,,6400.5,7548.95,2025-11-22,34,1600.125,Direct,Friday,2025-12,fbg_data.csv,cloudbeds
6628117374111,2026-02-04,2026-02-06,2,Post Oak,,737.69,833.59,2025-11-22,74,368.845,Expedia,Wednesday,2026-02,fbg_data.csv,cloudbeds
1961198877536,2026-03-23,2026-03-25,2,Live Oak Lodge,,1107.3,1251.26,2025-11-22,121,553.65,Direct,Monday,2026-03,fbg_data.csv,cloudbeds
9853665729775,2025-12-27,2025-12-29,2,Lantana Dome,,1129.0,1275.77,2025-11-23,34,564.5,Direct,Saturday,2025-12,fbg_data.csv,cloudbeds
4104591425591,2025-12-19,2025-12-20,1,Cedar Haus,,377.0,426.01,2025-11-23,26,377.0,Direct,Friday,2025-12,fbg_data.csv,cloudbeds
5620370819980,2025-12-08,2025-12-10,2,Monolith,,1120.0,0.0,2025-11-23,15,560.0,Airbnb,Monday,2025-12,fbg_data.csv,cloudbeds
3554429680015,2025-12-07,2025-12-08,1,Spyglass,,466.0,526.58,2025-11-23,14,466.0,Direct,Sunday,2025-12,fbg_data.csv,cloudbeds
4128056172433,2025-12-02,2025-12-04,2,Post Oak,,502.0,567.26,2025-11-23,9,251.0,Direct,Tuesday,2025-12,fbg_data.csv,cloudbeds
5640928744400,2025-11-26,2025-11-28,2,Monolith,,1354.0,1795.83,2025-11-23,3,677.0,Direct,Wednesday,2025-11,fbg_data.csv,cloudbeds
6779561769148,2025-11-26,2025-11-28,2,Spyglass,,1048.0,1291.59,2025-11-23,3,524.0,Direct,Wednesday,2025-11,fbg_data.csv,cloudbeds
9281081458813,2025-11-28,2025-11-30,2,Great Lodge: King Room,,1348.8,1631.5,2025-11-23,5,674.4,Direct,Friday,2025-11,fbg_data.csv,cloudbeds
2213419115621,2026-10-23,2026-10-25,2,Spyglass,,3020.9,3679.43,2025-11-23,334,1510.45,Direct,Friday,2026-10,fbg_data.csv,cloudbeds
7978483279829,2025-12-08,2025-12-10,2,Diamond,,714.0,806.82,2025-11-24,14,357.0,Direct,Monday,2025-12,fbg_data.csv,cloudbeds
7916106641744,2025-11-27,2025-11-29,2,Diamond,,1556.0,1758.28,2025-11-24,3,778.0,Direct,Thursday,2025-11,fbg_data.csv,cloudbeds
2073239175375,2025-11-25,2025-11-26,1,Cypress Lodge | Sleeps 4,,412.0,465.56,2025-11-24,1,412.0,Direct,Tuesday,2025-11,fbg_data.csv,cloudbeds
4769804570641,2026-05-10,2026-05-12,2,Live Oak Lodge,,1720.25,1983.45,2025-11-24,167,860.125,Direct,Sunday,2026-05,fbg_data.csv,cloudbeds
9747825516852,2025-12-28,2025-12-30,2,Live Oak Lodge,,1453.0,1641.89,2025-11-25,33,726.5,Direct,Sunday,2025-12,fbg_data.csv,cloudbeds
6884735097083,2025-12-19,2025-12-21,2,Pecan Haus,,699.8,790.76,2025-11-25,24,349.9,Expedia,Friday,2025-12,fbg_data.csv,cloudbeds
3488062588745,2025-12-14,2025-12-16,2,Diamond,,944.0,1279.15,2025-11-25,19,472.0,Direct,Sunday,2025-12,fbg_data.csv,cloudbeds
5149151588795,2025-11-27,2025-11-28,1,Great Lodge: King Room,,377.0,426.01,2025-11-25,2,377.0,Direct,Thursday,2025-11,fbg_data.csv,cloudbeds
3895952989555,2025-11-25,2025-11-28,3,Pecan Haus,,1063.99,0.0,2025-11-25,0,354.66333333333336,Airbnb,Tuesday,2025-11,fbg_data.csv,cloudbeds
2109688655885,2025-11-28,2025-11-30,2,Spiral,,1567.59,0.0,2025-11-25,3,783.795,Airbnb,Friday,2025-11,fbg_data.csv,cloudbeds
6161092962499,2025-11-26,2025-11-30,4,Cypress Lodge | Sleeps 4,,2071.11,2340.36,2025-11-25,1,517.7775,Expedia,Wednesday,2025-11,fbg_data.csv,cloudbeds
1255020012857,2025-11-29,2025-11-30,1,Winecup,,285.15,322.22,2025-11-25,4,285.15,Expedia,Saturday,2025-11,fbg_data.csv,cloudbeds
4030492130516,2026-03-01,2026-03-05,4,Monarch,,1930.0,2180.9,2025-11-25,96,482.5,Direct,Sunday,2026-03,fbg_data.csv,cloudbeds
8135054480322,2026-04-11,2026-04-14,3,Cypress Lodge | Sleeps 4,,1434.4,1728.23,2025-11-25,137,478.1333333333334,Direct,Saturday,2026-04,fbg_data.csv,cloudbeds
5679347963870,2026-01-04,2026-01-06,2,Sage Safari,,923.0,1042.99,2025-11-26,39,461.5,Direct,Sunday,2026-01,fbg_data.csv,cloudbeds
2937284068968,2025-12-28,2025-12-30,2,Spiral,,938.0,1059.94,2025-11-26,32,469.0,Direct,Sunday,2025-12,fbg_data.csv,cloudbeds
4709441483536,2025-12-19,2025-12-21,2,Cypress Lodge | Sleeps 2,,968.82,1094.76,2025-11-26,23,484.41,Expedia,Friday,2025-12,fbg_data.csv,cloudbeds
7914321058196,2025-12-16,2025-12-18,2,Pecan Haus,,426.0,481.38,2025-11-26,20,213.0,Direct,Tuesday,2025-12,fbg_data.csv,cloudbeds
7980815629078,2025-12-16,2025-12-18,2,Sage Safari,,480.0,542.4,2025-11-26,20,240.0,Direct,Tuesday,2025-12,fbg_data.csv,cloudbeds
2100136002107,2025-12-12,2025-12-14,2,Spiral,,1520.0,1717.6,2025-11-26,16,760.0,Direct,Friday,2025-12,fbg_data.csv,cloudbeds
6083184531325,2025-12-02,2025-12-04,2,Spiral,,454.0,513.02,2025-11-26,6,227.0,Direct,Tuesday,2025-12,fbg_data.csv,cloudbeds
4991224120014,2025-12-05,2025-12-07,2,Quonset,,1520.0,1717.6,2025-11-26,9,760.0,Direct,Friday,2025-12,fbg_data.csv,cloudbeds
9327762391307,2025-11-28,2025-11-29,1,Walnut House,,540.0,0.0,2025-11-26,2,540.0,Airbnb,Friday,2025-11,fbg_data.csv,cloudbeds
5017764667164,2025-11-28,2025-11-29,1,Pecan Haus,,166.99,188.7,2025-11-26,2,166.99,Expedia,Friday,2025-11,fbg_data.csv,cloudbeds
1211741290123,2025-11-27,2025-11-28,1,Great Lodge: King Room,,264.0,298.32,2025-11-26,1,264.0,Direct,Thursday,2025-11,fbg_data.csv,cloudbeds
3300685815669,2025-11-29,2025-11-30,1,Post Oak,,353.25,399.18,2025-11-26,3,353.25,Direct,Saturday,2025-11,fbg_data.csv,cloudbeds
7403534390930,2025-11-27,2025-11-28,1,Monolith,,324.0,366.12,2025-11-26,1,324.0,Direct,Thursday,2025-11,fbg_data.csv,cloudbeds
7423367965098,2025-11-29,2025-11-30,1,Bluebonnet,,274.18,309.82,2025-11-26,3,274.18,Expedia,Saturday,2025-11,fbg_data.csv,cloudbeds
5948102676042,2025-11-27,2025-11-28,1,Diamond,,324.0,366.12,2025-11-26,1,324.0,Direct,Thursday,2025-11,fbg_data.csv,cloudbeds
1501070972738,2025-11-28,2025-11-30,2,Monolith,,1489.0,1682.57,2025-11-26,2,744.5,Direct,Friday,2025-11,fbg_data.csv,cloudbeds
1019659508232,2025-11-27,2025-11-28,1,Walnut House,,304.0,343.52,2025-11-26,1,304.0,Direct,Thursday,2025-11,fbg_data.csv,cloudbeds
6029229221001,2025-11-29,2025-11-30,1,Live Oak Lodge,,339.0,383.07,2025-11-26,3,339.0,Direct,Saturday,2025-11,fbg_data.csv,cloudbeds
2843939733936,2025-12-10,2025-12-12,2,Sage Safari,,536.0,605.68,2025-11-27,13,268.0,Direct,Wednesday,2025-12,fbg_data.csv,cloudbeds
4657899457392,2025-11-28,2025-11-29,1,Cypress Lodge | Sleeps 2,,372.82,421.29,2025-11-27,1,372.82,Expedia,Friday,2025-11,fbg_data.csv,cloudbeds
4708836312684,2025-11-28,2025-11-29,1,Cypress Lodge | Sleeps 2,,372.82,421.29,2025-11-27,1,372.82,Expedia,Friday,2025-11,fbg_data.csv,cloudbeds
8119154211812,2026-01-01,2026-01-03,2,Monarch,,1660.0,2088.23,2025-11-28,34,830.0,Direct,Thursday,2026-01,fbg_data.csv,cloudbeds
1749048680584,2025-12-21,2025-12-24,3,Cypress Lodge | Sleeps 6,,1838.0,2184.29,2025-11-28,23,612.6666666666666,Direct,Sunday,2025-12,fbg_data.csv,cloudbeds
9213173919642,2025-12-02,2025-12-03,1,Cedar Haus,,244.0,275.72,2025-11-28,4,244.0,Direct,Tuesday,2025-12,fbg_data.csv,cloudbeds
4933266361756,2025-11-30,2025-12-02,2,Cypress Lodge | Sleeps 2,,546.0,616.98,2025-11-28,2,273.0,Direct,Sunday,2025-11,fbg_data.csv,cloudbeds
7394924765103,2025-11-28,2025-12-01,3,Diamond,,1882.0,2126.66,2025-11-28,0,627.3333333333334,Direct,Friday,2025-11,fbg_data.csv,cloudbeds
1682990756623,2025-11-29,2025-11-30,1,Great Lodge: King Room,,296.0,334.48,2025-11-28,1,296.0,Direct,Saturday,2025-11,fbg_data.csv,cloudbeds
9643193429245,2025-11-29,2025-11-30,1,Cypress Lodge | Sleeps 2,,321.0,362.73,2025-11-28,1,321.0,Direct,Saturday,2025-11,fbg_data.csv,cloudbeds
7287272820507,2026-01-08,2026-01-10,2,Sage Safari,,1477.6,1669.69,2025-11-29,40,738.8,Direct,Thursday,2026-01,fbg_data.csv,cloudbeds
2887281238009,2025-12-11,2025-12-13,2,Quonset,,470.74,1514.19,2025-11-29,12,235.37,Direct,Thursday,2025-12,fbg_data.csv,cloudbeds
7884503715521,2025-12-04,2025-12-06,2,Cypress Lodge | Sleeps 2,,883.0,997.79,2025-11-29,5,441.5,Direct,Thursday,2025-12,fbg_data.csv,cloudbeds
2395011996910,2025-11-29,2025-11-30,1,Cypress Lodge | Sleeps 4,,330.97,0.0,2025-11-29,0,330.97,Airbnb,Saturday,2025-11,fbg_data.csv,cloudbeds
3801450379632,2025-11-29,2025-11-30,1,Great Lodge: King Room,,309.0,349.17,2025-11-29,0,309.0,Direct,Saturday,2025-11,fbg_data.csv,cloudbeds
6548795899448,2025-11-29,2025-11-30,1,Quonset,,405.76,458.51,2025-11-29,0,405.76,Booking.com,Saturday,2025-11,fbg_data.csv,cloudbeds
4799635613618,2025-11-29,2025-11-30,1,Diamond,,570.0,644.1,2025-11-29,0,570.0,Direct,Saturday,2025-11,fbg_data.csv,cloudbeds
5862981439515,2025-11-29,2025-11-30,1,Cypress Lodge | Sleeps 2,,294.11,332.35,2025-11-29,0,294.11,Expedia,Saturday,2025-11,fbg_data.csv,cloudbeds
1829519892572,2025-11-29,2025-11-30,1,Great Lodge: King Room,,296.0,334.48,2025-11-29,0,296.0,Direct,Saturday,2025-11,fbg_data.csv,cloudbeds
5295523187971,2025-11-29,2025-11-30,1,Great Lodge: King Room,,408.0,0.0,2025-11-29,0,408.0,Airbnb,Saturday,2025-11,fbg_data.csv,cloudbeds
3353953867266,2026-02-14,2026-02-16,2,Sage Safari,,1898.0,2144.74,2025-11-29,77,949.0,Direct,Saturday,2026-02,fbg_data.csv,cloudbeds
2008209132339,2025-12-21,2025-12-22,1,Great Lodge,,3883.8,8775.36,2025-11-30,21,3883.8,Direct,Sunday,2025-12,fbg_data.csv,cloudbeds
5031669739243,2025-12-25,2025-12-29,4,Great Lodge: King Room,,2517.0,0.0,2025-11-30,25,629.25,Airbnb,Thursday,2025-12,fbg_data.csv,cloudbeds
8893988629431,2025-12-22,2025-12-24,2,Monolith,,1374.0,1552.62,2025-11-30,22,687.0,Direct,Monday,2025-12,fbg_data.csv,cloudbeds
5507232273637,2025-12-09,2025-12-11,2,Quonset,,606.0,883.78,2025-11-30,9,303.0,Direct,Tuesday,2025-12,fbg_data.csv,cloudbeds
4831016358486,2025-12-08,2025-12-10,2,Cypress Lodge | Sleeps 2,,484.0,654.27,2025-11-30,8,242.0,Direct,Monday,2025-12,fbg_data.csv,cloudbeds
2073970085392,2025-12-08,2025-12-10,2,Lantana Dome,,473.84,535.44,2025-11-30,8,236.92,Expedia,Monday,2025-12,fbg_data.csv,cloudbeds
2937623255184,2026-01-03,2026-01-05,2,Monolith,,1750.0,2084.85,2025-12-01,33,875.0,Direct,Saturday,2026-01,fbg_data.csv,cloudbeds
6627699005435,2025-12-27,2025-12-29,2,Buckeye Bungalow,,1169.82,1321.88,2025-12-01,26,584.91,Expedia,Saturday,2025-12,fbg_data.csv,cloudbeds
9921179496276,2025-12-20,2025-12-22,2,Winecup,,1437.0,1623.81,2025-12-01,19,718.5,Direct,Saturday,2025-12,fbg_data.csv,cloudbeds
5013351924573,2025-12-15,2025-12-17,2,Cypress Lodge | Sleeps 2,,422.0,476.86,2025-12-01,14,211.0,Direct,Monday,2025-12,fbg_data.csv,cloudbeds
1506542604723,2025-12-06,2025-12-07,1,Live Oak Lodge,,714.0,806.82,2025-12-01,5,714.0,Direct,Saturday,2025-12,fbg_data.csv,cloudbeds
3060988848140,2025-12-15,2025-12-17,2,Monolith,,468.92,624.88,2025-12-02,13,234.46,Expedia,Monday,2025-12,fbg_data.csv,cloudbeds
9559159167385,2025-12-19,2025-12-21,2,Quonset,,968.0,1093.84,2025-12-02,17,484.0,Direct,Friday,2025-12,fbg_data.csv,cloudbeds
4913250087415,2025-12-17,2025-12-19,2,Spiral,,580.0,655.4,2025-12-02,15,290.0,Direct,Wednesday,2025-12,fbg_data.csv,cloudbeds
3585784057940,2025-12-15,2025-12-17,2,Cypress Lodge | Sleeps 2,,355.08,401.24,2025-12-02,13,177.54,Expedia,Monday,2025-12,fbg_data.csv,cloudbeds
3763366284483,2025-12-02,2025-12-04,2,Cypress Lodge | Sleeps 2,,408.0,461.04,2025-12-02,0,204.0,Direct,Tuesday,2025-12,fbg_data.csv,cloudbeds
7963920202264,2025-12-05,2025-12-06,1,Great Lodge: King Room,,277.17,313.2,2025-12-02,3,277.17,Expedia,Friday,2025-12,fbg_data.csv,cloudbeds
7295777376924,2025-12-05,2025-12-07,2,Great Lodge: King Room,,574.27,648.93,2025-12-02,3,287.135,Expedia,Friday,2025-12,fbg_data.csv,cloudbeds
3142204758536,2025-12-06,2025-12-07,1,Spiral,,384.0,433.92,2025-12-02,4,384.0,Direct,Saturday,2025-12,fbg_data.csv,cloudbeds
1328041083326,2025-12-05,2025-12-07,2,Great Lodge: King Room,,763.0,0.0,2025-12-02,3,381.5,Airbnb,Friday,2025-12,fbg_data.csv,cloudbeds
4580202380147,2026-01-02,2026-01-04,2,Cypress Lodge | Sleeps 2,,630.3,712.24,2025-12-03,30,315.15,Expedia,Friday,2026-01,fbg_data.csv,cloudbeds
4385552788752,2025-12-28,2025-12-30,2,Post Oak,,574.26,648.92,2025-12-03,25,287.13,Expedia,Sunday,2025-12,fbg_data.csv,cloudbeds
7879936000298,2025-12-26,2025-12-28,2,Diamond,,1768.0,1997.84,2025-12-03,23,884.0,Direct,Friday,2025-12,fbg_data.csv,cloudbeds
7782618317006,2025-12-26,2025-12-27,1,Cedar Haus,,314.0,354.82,2025-12-03,23,314.0,Direct,Friday,2025-12,fbg_data.csv,cloudbeds
5167669638869,2025-12-17,2025-12-20,3,Quonset,,1149.0,1405.72,2025-12-03,14,383.0,Direct,Wednesday,2025-12,fbg_data.csv,cloudbeds
8253584658387,2025-12-19,2025-12-22,3,Spiral,,1084.0,1224.92,2025-12-03,16,361.3333333333333,Direct,Friday,2025-12,fbg_data.csv,cloudbeds
2393695871353,2025-12-17,2025-12-19,2,Cypress Lodge | Sleeps 2,,414.86,468.79,2025-12-03,14,207.43,Expedia,Wednesday,2025-12,fbg_data.csv,cloudbeds
9284132689044,2025-12-09,2025-12-12,3,Walnut House,,672.1,854.47,2025-12-03,6,224.03333333333333,Expedia,Tuesday,2025-12,fbg_data.csv,cloudbeds
6514293016043,2025-12-04,2025-12-05,1,Cypress Lodge | Sleeps 2,,216.0,244.08,2025-12-03,1,216.0,Direct,Thursday,2025-12,fbg_data.csv,cloudbeds
4105520214270,2025-12-05,2025-12-07,2,Monolith,,1408.0,1591.04,2025-12-03,2,704.0,Direct,Friday,2025-12,fbg_data.csv,cloudbeds
6746791598344,2025-12-05,2025-12-07,2,Great Lodge: King Room,,628.0,709.64,2025-12-03,2,314.0,Direct,Friday,2025-12,fbg_data.csv,cloudbeds
2665589630076,2025-12-05,2025-12-07,2,Great Lodge: King Room,,628.0,709.64,2025-12-03,2,314.0,Direct,Friday,2025-12,fbg_data.csv,cloudbeds
1819460198240,2025-12-21,2025-12-22,1,Post Oak,,237.32,268.17,2025-12-04,17,237.32,Expedia,Sunday,2025-12,fbg_data.csv,cloudbeds
9442486799818,2025-12-20,2025-12-22,2,Diamond,,948.0,1071.24,2025-12-04,16,474.0,Direct,Saturday,2025-12,fbg_data.csv,cloudbeds
7630881557903,2025-12-19,2025-12-21,2,Lantana Dome,,945.0,0.0,2025-12-04,15,472.5,Airbnb,Friday,2025-12,fbg_data.csv,cloudbeds
1509455363271,2025-12-19,2025-12-21,2,Cypress Lodge | Sleeps 6,,1015.65,1256.64,2025-12-04,15,507.825,Direct,Friday,2025-12,fbg_data.csv,cloudbeds
1763729048081,2025-12-19,2025-12-21,2,Post Oak,,648.0,732.24,2025-12-04,15,324.0,Direct,Friday,2025-12,fbg_data.csv,cloudbeds
9359644190933,2025-12-09,2025-12-12,3,Live Oak Lodge,,790.67,893.45,2025-12-04,5,263.5566666666667,Expedia,Tuesday,2025-12,fbg_data.csv,cloudbeds
8058750755108,2025-12-10,2025-12-11,1,Cypress Lodge | Sleeps 2,,177.54,200.62,2025-12-04,6,177.54,Expedia,Wednesday,2025-12,fbg_data.csv,cloudbeds
2045545558916,2025-12-05,2025-12-07,2,Great Lodge: King Room,,628.0,709.64,2025-12-04,1,314.0,Direct,Friday,2025-12,fbg_data.csv,cloudbeds
6729299331489,2026-09-25,2026-09-27,2,Spyglass,,2636.0,3191.11,2025-12-05,294,1318.0,Direct,Friday,2026-09,fbg_data.csv,cloudbeds
7753934273042,2025-12-31,2026-01-03,3,Monolith,,2821.0,3187.73,2025-12-05,26,940.3333333333334,Direct,Wednesday,2025-12,fbg_data.csv,cloudbeds
2838978907929,2026-01-02,2026-01-04,2,Spiral,,768.0,867.84,2025-12-05,28,384.0,Direct,Friday,2026-01,fbg_data.csv,cloudbeds
9508067895302,2025-12-25,2025-12-26,1,Diamond,,287.13,324.46,2025-12-05,20,287.13,Expedia,Thursday,2025-12,fbg_data.csv,cloudbeds
5900477087442,2025-12-19,2025-12-21,2,Diamond,,768.0,867.84,2025-12-05,14,384.0,Direct,Friday,2025-12,fbg_data.csv,cloudbeds
8998029108776,2025-12-14,2025-12-16,2,Quonset,,550.0,621.5,2025-12-05,9,275.0,Direct,Sunday,2025-12,fbg_data.csv,cloudbeds
6338046544073,2025-12-11,2025-12-14,3,Pecan Haus,,816.59,922.76,2025-12-05,6,272.19666666666666,Expedia,Thursday,2025-12,fbg_data.csv,cloudbeds
6338046544073,2025-12-11,2025-12-14,3,Cypress Lodge | Sleeps 2,,816.59,922.76,2025-12-05,6,272.19666666666666,Expedia,Thursday,2025-12,fbg_data.csv,cloudbeds
3079894598705,2025-12-13,2025-12-15,2,Monolith,,1808.0,2043.04,2025-12-05,8,904.0,Direct,Saturday,2025-12,fbg_data.csv,cloudbeds
8277165316104,2025-12-11,2025-12-13,2,Diamond,,1521.0,1718.73,2025-12-05,6,760.5,Expedia,Thursday,2025-12,fbg_data.csv,cloudbeds
2003379125239,2025-12-08,2025-12-11,3,Diamond,,792.0,894.96,2025-12-05,3,264.0,Direct,Monday,2025-12,fbg_data.csv,cloudbeds
1722411782802,2025-12-07,2025-12-08,1,Cypress Lodge | Sleeps 2,,244.0,275.72,2025-12-05,2,244.0,Direct,Sunday,2025-12,fbg_data.csv,cloudbeds
8242463340646,2025-12-06,2025-12-07,1,Quonset,,439.0,496.07,2025-12-05,1,439.0,Direct,Saturday,2025-12,fbg_data.csv,cloudbeds
2661882060799,2025-12-05,2025-12-06,1,Spiral,,328.0,370.64,2025-12-05,0,328.0,Direct,Friday,2025-12,fbg_data.csv,cloudbeds
1938137199841,2025-12-06,2025-12-07,1,Great Lodge: King Room,,297.1,335.73,2025-12-05,1,297.1,Expedia,Saturday,2025-12,fbg_data.csv,cloudbeds
3430708402576,2025-12-06,2025-12-07,1,Diamond,,564.0,637.32,2025-12-05,1,564.0,Direct,Saturday,2025-12,fbg_data.csv,cloudbeds
5865066542229,2026-01-11,2026-01-14,3,Monarch,,1324.0,1708.55,2025-12-06,36,441.3333333333333,Direct,Sunday,2026-01,fbg_data.csv,cloudbeds
8698546238170,2025-12-29,2025-12-31,2,Sage Safari,,868.0,980.84,2025-12-06,23,434.0,Direct,Monday,2025-12,fbg_data.csv,cloudbeds
5467002666821,2025-12-16,2025-12-18,2,Diamond,,528.0,596.64,2025-12-06,10,264.0,Direct,Tuesday,2025-12,fbg_data.csv,cloudbeds
4750967891167,2025-12-11,2025-12-12,1,Lantana Dome,,242.0,273.46,2025-12-06,5,242.0,Direct,Thursday,2025-12,fbg_data.csv,cloudbeds
3415821231607,2025-12-07,2025-12-08,1,Cocoon,,216.76,294.93,2025-12-06,1,216.76,Direct,Sunday,2025-12,fbg_data.csv,cloudbeds
7980332396184,2025-12-08,2025-12-09,1,Cypress Lodge | Sleeps 6,,264.0,298.32,2025-12-06,2,264.0,Direct,Monday,2025-12,fbg_data.csv,cloudbeds
4869288226775,2025-12-07,2025-12-08,1,Cypress Lodge | Sleeps 4,,269.21,304.2,2025-12-06,1,269.21,Expedia,Sunday,2025-12,fbg_data.csv,cloudbeds
1851487252064,2025-12-06,2025-12-07,1,Great Lodge: King Room,,324.0,366.12,2025-12-06,0,324.0,Direct,Saturday,2025-12,fbg_data.csv,cloudbeds
1893062956408,2026-03-09,2026-03-12,3,Sage Safari,,1164.0,1422.67,2025-12-06,93,388.0,Direct,Monday,2026-03,fbg_data.csv,cloudbeds
2774765862116,2026-01-02,2026-01-04,2,Great Lodge: King Room,,628.0,709.64,2025-12-07,26,314.0,Direct,Friday,2026-01,fbg_data.csv,cloudbeds
9403579557590,2025-12-27,2025-12-30,3,Monolith,,2643.05,2986.64,2025-12-07,20,881.0166666666668,Direct,Saturday,2025-12,fbg_data.csv,cloudbeds
6378047745401,2025-12-28,2025-12-30,2,Monarch,,1036.0,1278.03,2025-12-07,21,518.0,Direct,Sunday,2025-12,fbg_data.csv,cloudbeds
6994327343284,2025-12-28,2025-12-30,2,Walnut House,,844.0,953.72,2025-12-07,21,422.0,Direct,Sunday,2025-12,fbg_data.csv,cloudbeds
6418300278514,2025-12-27,2025-12-29,2,Bluebonnet,,698.0,788.74,2025-12-07,20,349.0,Direct,Saturday,2025-12,fbg_data.csv,cloudbeds
4297641313946,2025-12-17,2025-12-19,2,Lantana Dome,,373.43,421.98,2025-12-07,10,186.715,Expedia,Wednesday,2025-12,fbg_data.csv,cloudbeds
7555814062115,2025-12-17,2025-12-18,1,Monolith,,264.0,298.32,2025-12-07,10,264.0,Direct,Wednesday,2025-12,fbg_data.csv,cloudbeds
1651796783553,2025-12-11,2025-12-12,1,Spiral,,256.38,289.71,2025-12-07,4,256.38,Expedia,Thursday,2025-12,fbg_data.csv,cloudbeds
8598669758898,2025-12-07,2025-12-08,1,Diamond,,344.0,388.72,2025-12-07,0,344.0,Direct,Sunday,2025-12,fbg_data.csv,cloudbeds
6542003124408,2025-12-08,2025-12-09,1,Great Lodge: King Room,,261.21,295.16,2025-12-07,1,261.21,Booking.com,Monday,2025-12,fbg_data.csv,cloudbeds
1336420639106,2026-04-12,2026-04-15,3,Live Oak Lodge,,1461.0,1863.36,2025-12-07,126,487.0,Direct,Sunday,2026-04,fbg_data.csv,cloudbeds
1769962133634,2026-01-11,2026-01-14,3,Diamond,,1007.4,1138.36,2025-12-08,34,335.8,Direct,Sunday,2026-01,fbg_data.csv,cloudbeds
5955179685313,2026-01-16,2026-01-19,3,Monarch,,2891.0,3374.18,2025-12-08,39,963.6666666666666,Direct,Friday,2026-01,fbg_data.csv,cloudbeds
2599325178842,2026-01-09,2026-01-11,2,Monolith,,2080.2,2563.07,2025-12-08,32,1040.1,Direct,Friday,2026-01,fbg_data.csv,cloudbeds
5868896850362,2025-12-26,2025-12-28,2,Spiral,,768.0,975.19,2025-12-08,18,384.0,Direct,Friday,2025-12,fbg_data.csv,cloudbeds
2032901591492,2025-12-19,2025-12-21,2,Great Lodge: King Room,,648.0,732.24,2025-12-08,11,324.0,Direct,Friday,2025-12,fbg_data.csv,cloudbeds
4764755397571,2025-12-17,2025-12-18,1,Winecup,,237.66,268.56,2025-12-08,9,237.66,Expedia,Wednesday,2025-12,fbg_data.csv,cloudbeds
7811880809028,2025-12-16,2025-12-17,1,Diamond,,264.0,298.32,2025-12-08,8,264.0,Direct,Tuesday,2025-12,fbg_data.csv,cloudbeds
4733375204298,2025-12-13,2025-12-15,2,Monolith,,1152.0,1301.76,2025-12-08,5,576.0,Direct,Saturday,2025-12,fbg_data.csv,cloudbeds
8391695284480,2025-12-10,2025-12-11,1,Lantana Dome,,224.0,253.12,2025-12-08,2,224.0,Direct,Wednesday,2025-12,fbg_data.csv,cloudbeds
5560686314668,2025-12-10,2025-12-11,1,Cypress Lodge | Sleeps 2,,177.54,200.62,2025-12-08,2,177.54,Expedia,Wednesday,2025-12,fbg_data.csv,cloudbeds
6552422073389,2025-12-13,2025-12-14,1,Cypress Lodge | Sleeps 4,,531.23,600.29,2025-12-08,5,531.23,Expedia,Saturday,2025-12,fbg_data.csv,cloudbeds
1380956119397,2025-12-09,2025-12-10,1,Sage Safari,,224.0,253.12,2025-12-08,1,224.0,Direct,Tuesday,2025-12,fbg_data.csv,cloudbeds
4188368156704,2025-12-08,2025-12-09,1,Buckeye Bungalow,,224.0,360.47,2025-12-08,0,224.0,Direct,Monday,2025-12,fbg_data.csv,cloudbeds
6693855997899,2026-03-01,2026-03-04,3,Monolith,,2053.1,2319.99,2025-12-08,83,684.3666666666667,Direct,Sunday,2026-03,fbg_data.csv,cloudbeds
5276928555490,2025-12-31,2026-01-03,3,Walnut House,,1415.55,1599.57,2025-12-09,22,471.84999999999997,Expedia,Wednesday,2025-12,fbg_data.csv,cloudbeds
3050524337969,2025-12-31,2026-01-01,1,Cedar Haus,,574.0,648.62,2025-12-09,22,574.0,Direct,Wednesday,2025-12,fbg_data.csv,cloudbeds
5174028458538,2026-01-01,2026-01-04,3,Sage Safari,,1302.0,1471.26,2025-12-09,23,434.0,Direct,Thursday,2026-01,fbg_data.csv,cloudbeds
2933476532333,2026-01-02,2026-01-04,2,Lantana Dome,,868.0,980.84,2025-12-09,24,434.0,Direct,Friday,2026-01,fbg_data.csv,cloudbeds
7469364886831,2025-12-28,2025-12-30,2,Cocoon,,588.0,800.04,2025-12-09,19,294.0,Direct,Sunday,2025-12,fbg_data.csv,cloudbeds
7469364886831,2025-12-28,2025-12-30,2,Winecup,,588.0,800.04,2025-12-09,19,294.0,Direct,Sunday,2025-12,fbg_data.csv,cloudbeds
8885124081134,2025-12-21,2025-12-23,2,Lantana Dome,,678.0,766.14,2025-12-09,12,339.0,Direct,Sunday,2025-12,fbg_data.csv,cloudbeds
6545346802930,2025-12-13,2025-12-14,1,Walnut House,,1063.0,1665.62,2025-12-09,4,1063.0,Direct,Saturday,2025-12,fbg_data.csv,cloudbeds
6545346802930,2025-12-13,2025-12-14,1,Live Oak Lodge,,1063.0,1665.62,2025-12-09,4,1063.0,Direct,Saturday,2025-12,fbg_data.csv,cloudbeds
1011320051466,2025-12-11,2025-12-16,5,Diamond,,3306.0,3843.13,2025-12-09,2,661.2,Direct,Thursday,2025-12,fbg_data.csv,cloudbeds
7697550647967,2025-12-13,2025-12-14,1,Cocoon,,463.42,630.54,2025-12-09,4,463.42,Direct,Saturday,2025-12,fbg_data.csv,cloudbeds
6839055472343,2025-12-09,2025-12-10,1,Spiral,,264.0,298.32,2025-12-09,0,264.0,Direct,Tuesday,2025-12,fbg_data.csv,cloudbeds
3117692891588,2025-12-09,2025-12-10,1,Cypress Lodge | Sleeps 6,,264.0,405.67,2025-12-09,0,264.0,Direct,Tuesday,2025-12,fbg_data.csv,cloudbeds
5889090797965,2026-03-27,2026-03-30,3,Sage Safari,,2475.0,3009.18,2025-12-09,108,825.0,Direct,Friday,2026-03,fbg_data.csv,cloudbeds
1646314658488,2025-12-31,2026-01-03,3,Diamond,,1382.0,1561.66,2025-12-10,21,460.6666666666667,Direct,Wednesday,2025-12,fbg_data.csv,cloudbeds
2978479115737,2026-01-02,2026-01-04,2,Cedar Haus,,628.0,709.64,2025-12-10,23,314.0,Direct,Friday,2026-01,fbg_data.csv,cloudbeds
4490717728896,2025-12-31,2026-01-02,2,Spiral,,837.0,945.81,2025-12-10,21,418.5,Direct,Wednesday,2025-12,fbg_data.csv,cloudbeds
9083099934290,2025-12-31,2026-01-02,2,Cypress Lodge | Sleeps 2,,683.0,771.79,2025-12-10,21,341.5,Direct,Wednesday,2025-12,fbg_data.csv,cloudbeds
1386123590767,2025-12-29,2025-12-30,1,Quonset,,394.74,446.05,2025-12-10,19,394.74,Expedia,Monday,2025-12,fbg_data.csv,cloudbeds
7905375482510,2025-12-28,2025-12-30,2,Quonset,,844.0,953.72,2025-12-10,18,422.0,Direct,Sunday,2025-12,fbg_data.csv,cloudbeds
2456317509490,2025-12-27,2025-12-28,1,Post Oak,,384.0,541.27,2025-12-10,17,384.0,Direct,Saturday,2025-12,fbg_data.csv,cloudbeds
9537365884970,2025-12-24,2025-12-25,1,Sage Safari,,434.0,490.42,2025-12-10,14,434.0,Direct,Wednesday,2025-12,fbg_data.csv,cloudbeds
2229091849967,2025-12-20,2025-12-21,1,Great Lodge: King Room,,324.0,366.12,2025-12-10,10,324.0,Direct,Saturday,2025-12,fbg_data.csv,cloudbeds
5772066184887,2025-12-21,2025-12-23,2,Buckeye Bungalow,,638.0,720.94,2025-12-10,11,319.0,Direct,Sunday,2025-12,fbg_data.csv,cloudbeds
4103623079541,2025-12-17,2025-12-18,1,Post Oak,,204.0,230.52,2025-12-10,7,204.0,Direct,Wednesday,2025-12,fbg_data.csv,cloudbeds
5135350332589,2025-12-11,2025-12-13,2,Monarch,,1217.0,1375.21,2025-12-10,1,608.5,Direct,Thursday,2025-12,fbg_data.csv,cloudbeds
4232813468232,2026-01-14,2026-01-16,2,Spyglass,,603.0,681.39,2025-12-11,34,301.5,Direct,Wednesday,2026-01,fbg_data.csv,cloudbeds
1955822819274,2026-01-08,2026-01-11,3,Monarch,,1172.0,1324.36,2025-12-11,28,390.6666666666667,Direct,Thursday,2026-01,fbg_data.csv,cloudbeds
7627006937456,2026-01-09,2026-01-11,2,Lantana Dome,,1518.0,1914.34,2025-12-11,29,759.0,Direct,Friday,2026-01,fbg_data.csv,cloudbeds
7202089226140,2026-01-02,2026-01-04,2,Live Oak Lodge,,1159.0,0.0,2025-12-11,22,579.5,Airbnb,Friday,2026-01,fbg_data.csv,cloudbeds
8881135631609,2025-12-20,2025-12-22,2,Juniper Haus,,297.75,505.96,2025-12-11,9,148.875,Expedia,Saturday,2025-12,fbg_data.csv,cloudbeds
1529200392537,2025-12-29,2025-12-30,1,Buckeye Bungalow,,354.0,400.02,2025-12-11,18,354.0,Direct,Monday,2025-12,fbg_data.csv,cloudbeds
6469060383523,2025-12-26,2025-12-28,2,Walnut House,,892.0,1007.96,2025-12-11,15,446.0,Direct,Friday,2025-12,fbg_data.csv,cloudbeds
2117559835901,2025-12-21,2025-12-22,1,Bluebonnet,,262.0,296.06,2025-12-11,10,262.0,Direct,Sunday,2025-12,fbg_data.csv,cloudbeds
5597571044422,2025-12-20,2025-12-22,2,Monolith,,800.0,0.0,2025-12-11,9,400.0,Airbnb,Saturday,2025-12,fbg_data.csv,cloudbeds
2002998090696,2025-12-21,2025-12-22,1,Monolith,,310.0,350.3,2025-12-11,10,310.0,Direct,Sunday,2025-12,fbg_data.csv,cloudbeds
8950336499067,2025-12-19,2025-12-21,2,Monolith,,688.0,777.44,2025-12-11,8,344.0,Direct,Friday,2025-12,fbg_data.csv,cloudbeds
8976450568888,2025-12-22,2025-12-23,1,Diamond,,296.0,334.48,2025-12-11,11,296.0,Direct,Monday,2025-12,fbg_data.csv,cloudbeds
1987476047113,2025-12-16,2025-12-18,2,Quonset,,488.0,871.22,2025-12-11,5,244.0,Direct,Tuesday,2025-12,fbg_data.csv,cloudbeds
8238805485749,2025-12-17,2025-12-18,1,Monarch,,244.0,275.72,2025-12-11,6,244.0,Direct,Wednesday,2025-12,fbg_data.csv,cloudbeds
9740081240062,2025-12-11,2025-12-12,1,Winecup,,313.41,354.15,2025-12-11,0,313.41,Booking.com,Thursday,2025-12,fbg_data.csv,cloudbeds
1018090742136,2025-12-12,2025-12-14,2,Cypress Lodge | Sleeps 4,,642.0,725.46,2025-12-11,1,321.0,Direct,Friday,2025-12,fbg_data.csv,cloudbeds
5179676579939,2025-12-13,2025-12-14,1,Monarch,,296.0,334.48,2025-12-11,2,296.0,Direct,Saturday,2025-12,fbg_data.csv,cloudbeds
7375120851455,2025-12-11,2025-12-14,3,Diamond,,929.0,1157.12,2025-12-11,0,309.6666666666667,Direct,Thursday,2025-12,fbg_data.csv,cloudbeds
2749568482082,2026-03-27,2026-03-29,2,Diamond,,2376.0,2792.23,2025-12-11,106,1188.0,Direct,Friday,2026-03,fbg_data.csv,cloudbeds
4445343420710,2026-01-06,2026-01-08,2,Monolith,,553.92,762.64,2025-12-12,25,276.96,Direct,Tuesday,2026-01,fbg_data.csv,cloudbeds
7839006711765,2026-01-05,2026-01-07,2,Live Oak Lodge,,550.0,621.5,2025-12-12,24,275.0,Direct,Monday,2026-01,fbg_data.csv,cloudbeds
2607360574898,2025-12-15,2025-12-19,4,Cypress Lodge | Sleeps 4,,995.12,1124.48,2025-12-12,3,248.78,Expedia,Monday,2025-12,fbg_data.csv,cloudbeds
2607360574898,2025-12-15,2025-12-19,4,Diamond,,995.12,1124.48,2025-12-12,3,248.78,Expedia,Monday,2025-12,fbg_data.csv,cloudbeds
1575179146283,2026-01-08,2026-01-11,3,Live Oak Lodge,,1090.56,1232.33,2025-12-12,27,363.52,Expedia,Thursday,2026-01,fbg_data.csv,cloudbeds
6730057887686,2026-01-04,2026-01-06,2,Walnut House,,617.0,697.21,2025-12-12,23,308.5,Direct,Sunday,2026-01,fbg_data.csv,cloudbeds
1697256946705,2025-12-26,2025-12-30,4,Monolith,,2942.0,3324.46,2025-12-12,14,735.5,Direct,Friday,2025-12,fbg_data.csv,cloudbeds
9430223038161,2025-12-20,2025-12-21,1,Great Lodge: King Room,,263.0,297.19,2025-12-12,8,263.0,Direct,Saturday,2025-12,fbg_data.csv,cloudbeds
1795126982642,2025-12-23,2025-12-24,1,Monarch,,296.0,334.48,2025-12-12,11,296.0,Direct,Tuesday,2025-12,fbg_data.csv,cloudbeds
8504340711650,2025-12-12,2025-12-13,1,Walnut House,,245.83,334.48,2025-12-12,0,245.83,Direct,Friday,2025-12,fbg_data.csv,cloudbeds
5185744029682,2025-12-13,2025-12-14,1,Quonset,,296.0,546.91,2025-12-12,1,296.0,Direct,Saturday,2025-12,fbg_data.csv,cloudbeds
3858329982180,2025-12-13,2025-12-14,1,Diamond,,441.0,0.0,2025-12-12,1,441.0,Airbnb,Saturday,2025-12,fbg_data.csv,cloudbeds
6552475941983,2025-12-12,2025-12-14,2,Winecup,,592.0,668.96,2025-12-12,0,296.0,Direct,Friday,2025-12,fbg_data.csv,cloudbeds
6702781460443,2026-01-17,2026-01-19,2,Monolith,,1194.0,1349.22,2025-12-13,35,597.0,Direct,Saturday,2026-01,fbg_data.csv,cloudbeds
6190098940040,2026-01-04,2026-01-08,4,Monolith,,1194.4,1349.66,2025-12-13,22,298.6,Direct,Sunday,2026-01,fbg_data.csv,cloudbeds
1529137782857,2026-01-09,2026-01-11,2,Diamond,,918.0,1037.34,2025-12-13,27,459.0,Direct,Friday,2026-01,fbg_data.csv,cloudbeds
4211325283421,2026-01-08,2026-01-11,3,Pecan Haus,,974.24,1100.91,2025-12-13,26,324.74666666666667,Expedia,Thursday,2026-01,fbg_data.csv,cloudbeds
6463177021377,2025-12-31,2026-01-03,3,Great Lodge: King Room,,997.0,1126.61,2025-12-13,18,332.3333333333333,Direct,Wednesday,2025-12,fbg_data.csv,cloudbeds
7060609617144,2025-12-31,2026-01-01,1,Sage Safari,,630.0,0.0,2025-12-13,18,630.0,Airbnb,Wednesday,2025-12,fbg_data.csv,cloudbeds
5319962394915,2025-12-26,2025-12-28,2,Quonset,,892.0,1115.31,2025-12-13,13,446.0,Direct,Friday,2025-12,fbg_data.csv,cloudbeds
5957029204900,2025-12-21,2025-12-22,1,Live Oak Lodge,,286.0,323.18,2025-12-13,8,286.0,Direct,Sunday,2025-12,fbg_data.csv,cloudbeds
8502407546343,2025-12-18,2025-12-20,2,Walnut House,,603.0,681.39,2025-12-13,5,301.5,Direct,Thursday,2025-12,fbg_data.csv,cloudbeds
4739063816825,2025-12-19,2025-12-21,2,Cypress Lodge | Sleeps 4,,1306.0,1554.88,2025-12-13,6,653.0,Direct,Friday,2025-12,fbg_data.csv,cloudbeds
4739063816825,2025-12-19,2025-12-21,2,Diamond,,1306.0,1554.88,2025-12-13,6,653.0,Direct,Friday,2025-12,fbg_data.csv,cloudbeds
9988001937284,2025-12-21,2025-12-23,2,Winecup,,522.72,685.67,2025-12-13,8,261.36,Expedia,Sunday,2025-12,fbg_data.csv,cloudbeds
1340330269825,2025-12-22,2025-12-23,1,Quonset,,244.29,276.05,2025-12-13,9,244.29,Expedia,Monday,2025-12,fbg_data.csv,cloudbeds
8411478788449,2025-12-17,2025-12-18,1,Great Lodge: King Room,,302.7,1026.15,2025-12-13,4,302.7,Booking.com,Wednesday,2025-12,fbg_data.csv,cloudbeds
5622355214429,2026-01-30,2026-02-01,2,Cypress Lodge | Sleeps 2,,696.0,786.48,2025-12-13,48,348.0,Direct,Friday,2026-01,fbg_data.csv,cloudbeds
4677271897395,2026-01-16,2026-01-18,2,Spyglass,,948.0,1273.59,2025-12-13,34,474.0,Direct,Friday,2026-01,fbg_data.csv,cloudbeds
5019157016713,2026-01-17,2026-01-19,2,Diamond,,1055.0,1192.15,2025-12-14,34,527.5,Direct,Saturday,2026-01,fbg_data.csv,cloudbeds
5396843929773,2025-12-27,2025-12-28,1,Cedar Haus,,314.0,354.82,2025-12-14,13,314.0,Direct,Saturday,2025-12,fbg_data.csv,cloudbeds
7557623632065,2025-12-21,2025-12-22,1,Quonset,,286.0,323.18,2025-12-14,7,286.0,Direct,Sunday,2025-12,fbg_data.csv,cloudbeds
8361796030779,2025-12-20,2025-12-21,1,Great Lodge: King Room,,263.0,297.19,2025-12-14,6,263.0,Direct,Saturday,2025-12,fbg_data.csv,cloudbeds
3566726226738,2025-12-18,2025-12-20,2,Diamond,,800.0,0.0,2025-12-14,4,400.0,Airbnb,Thursday,2025-12,fbg_data.csv,cloudbeds
3039164937410,2025-12-19,2025-12-21,2,Great Lodge: King Room,,526.0,701.73,2025-12-14,5,263.0,Direct,Friday,2025-12,fbg_data.csv,cloudbeds
7167562693904,2025-12-19,2025-12-20,1,Great Lodge: King Room,,340.18,384.4,2025-12-14,5,340.18,Booking.com,Friday,2025-12,fbg_data.csv,cloudbeds
4256171244703,2025-12-23,2025-12-24,1,Sage Safari,,354.0,400.02,2025-12-14,9,354.0,Direct,Tuesday,2025-12,fbg_data.csv,cloudbeds
7772052216260,2025-12-18,2025-12-19,1,Monolith,,310.0,350.3,2025-12-14,4,310.0,Direct,Thursday,2025-12,fbg_data.csv,cloudbeds
8920499071526,2025-12-16,2025-12-17,1,Buckeye Bungalow,,224.0,253.12,2025-12-14,2,224.0,Direct,Tuesday,2025-12,fbg_data.csv,cloudbeds
3869075856314,2025-12-16,2025-12-17,1,Bluebonnet,,224.0,253.12,2025-12-14,2,224.0,Direct,Tuesday,2025-12,fbg_data.csv,cloudbeds
9476875646276,2026-01-23,2026-01-25,2,Spyglass,,844.0,953.72,2025-12-14,40,422.0,Direct,Friday,2026-01,fbg_data.csv,cloudbeds
8550048462063,2025-12-29,2025-12-30,1,Lantana Dome,,354.0,400.02,2025-12-15,14,354.0,Direct,Monday,2025-12,fbg_data.csv,cloudbeds
2983663663749,2025-12-22,2025-12-25,3,Quonset,,1038.0,1172.94,2025-12-15,7,346.0,Direct,Monday,2025-12,fbg_data.csv,cloudbeds
3536659361791,2025-12-18,2025-12-20,2,Winecup,,683.0,984.22,2025-12-15,3,341.5,Direct,Thursday,2025-12,fbg_data.csv,cloudbeds
8753501536254,2025-12-19,2025-12-20,1,Great Lodge: King Room,,263.0,297.19,2025-12-15,4,263.0,Direct,Friday,2025-12,fbg_data.csv,cloudbeds
8429387011668,2025-12-20,2025-12-21,1,Winecup,,317.0,358.21,2025-12-15,5,317.0,Direct,Saturday,2025-12,fbg_data.csv,cloudbeds
1512129379014,2025-12-22,2025-12-24,2,Spiral,,642.0,725.46,2025-12-15,7,321.0,Direct,Monday,2025-12,fbg_data.csv,cloudbeds
9187691919380,2025-12-22,2025-12-24,2,Bluebonnet,,542.0,612.46,2025-12-15,7,271.0,Direct,Monday,2025-12,fbg_data.csv,cloudbeds
8138515793310,2025-12-17,2025-12-19,2,Cypress Lodge | Sleeps 2,,442.0,499.46,2025-12-15,2,221.0,Direct,Wednesday,2025-12,fbg_data.csv,cloudbeds
1707555817727,2025-12-18,2025-12-19,1,Diamond,,310.0,350.3,2025-12-15,3,310.0,Direct,Thursday,2025-12,fbg_data.csv,cloudbeds
8015140471467,2025-12-15,2025-12-17,2,Spiral,,528.0,596.64,2025-12-15,0,264.0,Direct,Monday,2025-12,fbg_data.csv,cloudbeds
8367663495257,2025-12-15,2025-12-16,1,Quonset,,217.39,245.65,2025-12-15,0,217.39,Expedia,Monday,2025-12,fbg_data.csv,cloudbeds
8943439113225,2025-12-15,2025-12-17,2,Winecup,,488.0,551.44,2025-12-15,0,244.0,Direct,Monday,2025-12,fbg_data.csv,cloudbeds
6130479287868,2026-05-03,2026-05-05,2,Diamond,,1005.0,1135.65,2025-12-15,139,502.5,Direct,Sunday,2026-05,fbg_data.csv,cloudbeds
1289375412022,2026-05-25,2026-05-28,3,Monolith,,1949.6,2203.06,2025-12-15,161,649.8666666666667,Direct,Monday,2026-05,fbg_data.csv,cloudbeds
1118426016945,2026-01-16,2026-01-18,2,Lantana Dome,,864.0,976.32,2025-12-16,31,432.0,Direct,Friday,2026-01,fbg_data.csv,cloudbeds
8528137014199,2026-01-05,2026-01-07,2,Monarch,,550.0,621.5,2025-12-16,20,275.0,Direct,Monday,2026-01,fbg_data.csv,cloudbeds
2058937454237,2025-12-30,2026-01-03,4,Monolith,,3500.0,3955.0,2025-12-16,14,875.0,Direct,Tuesday,2025-12,fbg_data.csv,cloudbeds
9055879031331,2026-01-02,2026-01-04,2,Great Lodge: King Room,,568.54,642.46,2025-12-16,17,284.27,Expedia,Friday,2026-01,fbg_data.csv,cloudbeds
3729776287237,2025-12-29,2025-12-30,1,Great Lodge: King Room,,258.0,291.54,2025-12-16,13,258.0,Direct,Monday,2025-12,fbg_data.csv,cloudbeds
2796311872659,2025-12-26,2025-12-28,2,Great Lodge: King Room,,670.0,757.1,2025-12-16,10,335.0,Direct,Friday,2025-12,fbg_data.csv,cloudbeds
9271366266370,2025-12-26,2025-12-27,1,Diamond,,757.0,855.41,2025-12-16,10,757.0,Direct,Friday,2025-12,fbg_data.csv,cloudbeds
4213733233819,2025-12-19,2025-12-20,1,Winecup,,408.0,461.04,2025-12-16,3,408.0,Direct,Friday,2025-12,fbg_data.csv,cloudbeds
9620415926845,2025-12-20,2025-12-22,2,Quonset,,1095.0,0.0,2025-12-16,4,547.5,Airbnb,Saturday,2025-12,fbg_data.csv,cloudbeds
1946513528914,2025-12-16,2025-12-17,1,Great Lodge: King Room,,177.54,200.62,2025-12-16,0,177.54,Expedia,Tuesday,2025-12,fbg_data.csv,cloudbeds
4503817470555,2025-12-16,2025-12-17,1,Post Oak,,177.54,200.62,2025-12-16,0,177.54,Expedia,Tuesday,2025-12,fbg_data.csv,cloudbeds
6305187556830,2026-01-30,2026-02-01,2,Great Lodge: King Room,,789.9,892.6,2025-12-16,45,394.95,Direct,Friday,2026-01,fbg_data.csv,cloudbeds
1478674232931,2026-02-20,2026-02-22,2,Post Oak,,1088.0,1429.44,2025-12-16,66,544.0,Direct,Friday,2026-02,fbg_data.csv,cloudbeds
7883270009458,2026-02-25,2026-02-28,3,Spyglass,,2172.0,2454.36,2025-12-16,71,724.0,Direct,Wednesday,2026-02,fbg_data.csv,cloudbeds
9555303165719,2026-01-01,2026-01-03,2,Bluebonnet,,768.0,867.84,2025-12-17,15,384.0,Direct,Thursday,2026-01,fbg_data.csv,cloudbeds
7515149818103,2025-12-25,2025-12-28,3,Winecup,,1547.47,1736.29,2025-12-17,8,515.8233333333334,Expedia,Thursday,2025-12,fbg_data.csv,cloudbeds
8487908997913,2025-12-27,2025-12-29,2,Great Lodge: King Room,,651.34,736.02,2025-12-17,10,325.67,Expedia,Saturday,2025-12,fbg_data.csv,cloudbeds
2650099632337,2025-12-25,2025-12-27,2,Lantana Dome,,748.0,845.24,2025-12-17,8,374.0,Direct,Thursday,2025-12,fbg_data.csv,cloudbeds
7053434777867,2025-12-23,2025-12-26,3,Great Lodge: King Room,,874.0,987.62,2025-12-17,6,291.3333333333333,Direct,Tuesday,2025-12,fbg_data.csv,cloudbeds
2955931480007,2025-12-23,2025-12-26,3,Great Lodge: King Room,,874.0,987.62,2025-12-17,6,291.3333333333333,Direct,Tuesday,2025-12,fbg_data.csv,cloudbeds
6350948506893,2025-12-19,2025-12-21,2,Great Lodge: King Room,,765.0,852.1,2025-12-17,2,382.5,Direct,Friday,2025-12,fbg_data.csv,cloudbeds
9751652020912,2025-12-22,2025-12-24,2,Diamond,,642.0,725.46,2025-12-17,5,321.0,Direct,Monday,2025-12,fbg_data.csv,cloudbeds
3809985497195,2025-12-23,2025-12-24,1,Cypress Lodge | Sleeps 6,,321.0,362.73,2025-12-17,6,321.0,Direct,Tuesday,2025-12,fbg_data.csv,cloudbeds
3243165163187,2025-12-18,2025-12-19,1,Buckeye Bungalow,,242.0,273.46,2025-12-17,1,242.0,Direct,Thursday,2025-12,fbg_data.csv,cloudbeds
8667374051624,2025-12-17,2025-12-18,1,Diamond,,264.0,298.32,2025-12-17,0,264.0,Direct,Wednesday,2025-12,fbg_data.csv,cloudbeds
3243206188013,2025-12-17,2025-12-18,1,Great Lodge: King Room,,177.54,200.62,2025-12-17,0,177.54,Expedia,Wednesday,2025-12,fbg_data.csv,cloudbeds
6054266529305,2026-01-30,2026-02-01,2,Monolith,,813.03,1144.69,2025-12-17,44,406.515,Direct,Friday,2026-01,fbg_data.csv,cloudbeds
8678346290387,2026-04-12,2026-04-14,2,Walnut House,,762.0,861.06,2025-12-17,116,381.0,Direct,Sunday,2026-04,fbg_data.csv,cloudbeds
2677098999128,2026-01-15,2026-01-16,1,Monolith,,356.0,402.28,2025-12-18,28,356.0,Direct,Thursday,2026-01,fbg_data.csv,cloudbeds
7384021693580,2026-01-02,2026-01-04,2,Great Lodge: King Room,,351.1,396.74,2025-12-18,15,175.55,Expedia,Friday,2026-01,fbg_data.csv,cloudbeds
6581762643294,2026-01-03,2026-01-04,1,Post Oak,,304.0,343.52,2025-12-18,16,304.0,Direct,Saturday,2026-01,fbg_data.csv,cloudbeds
3804501661851,2026-01-02,2026-01-04,2,Great Lodge: King Room,,404.0,456.52,2025-12-18,15,202.0,Direct,Friday,2026-01,fbg_data.csv,cloudbeds
3117179819283,2025-12-26,2025-12-29,3,Winecup,,1434.0,1620.42,2025-12-18,8,478.0,Direct,Friday,2025-12,fbg_data.csv,cloudbeds
3497387902320,2025-12-25,2025-12-26,1,Sage Safari,,374.0,422.62,2025-12-18,7,374.0,Direct,Thursday,2025-12,fbg_data.csv,cloudbeds
2181934620212,2025-12-24,2025-12-26,2,Walnut House,,727.6,1115.31,2025-12-18,6,363.8,Direct,Wednesday,2025-12,fbg_data.csv,cloudbeds
2490019850101,2025-12-22,2025-12-24,2,Diamond,,596.4,673.94,2025-12-18,4,298.2,Direct,Monday,2025-12,fbg_data.csv,cloudbeds
4771963103904,2025-12-23,2025-12-24,1,Lantana Dome,,271.0,306.23,2025-12-18,5,271.0,Direct,Tuesday,2025-12,fbg_data.csv,cloudbeds
1628779324739,2026-01-21,2026-01-22,1,Diamond,,298.0,336.74,2025-12-18,34,298.0,Direct,Wednesday,2026-01,fbg_data.csv,cloudbeds
4931006015253,2026-01-30,2026-02-01,2,Monarch,,844.0,953.72,2025-12-18,43,422.0,Direct,Friday,2026-01,fbg_data.csv,cloudbeds
6132967199192,2026-01-16,2026-01-18,2,Walnut House,,948.0,1071.24,2025-12-19,28,474.0,Direct,Friday,2026-01,fbg_data.csv,cloudbeds
7751184192382,2026-01-08,2026-01-11,3,Monolith,,1274.0,1439.62,2025-12-19,20,424.6666666666667,Direct,Thursday,2026-01,fbg_data.csv,cloudbeds
8832394841908,2026-01-02,2026-01-04,2,Cypress Lodge | Sleeps 4,,540.4,610.64,2025-12-19,14,270.2,Expedia,Friday,2026-01,fbg_data.csv,cloudbeds
5682172235532,2026-01-01,2026-01-04,3,Buckeye Bungalow,,981.96,1276.06,2025-12-19,13,327.32,Direct,Thursday,2026-01,fbg_data.csv,cloudbeds
5709930671691,2026-01-02,2026-01-04,2,Great Lodge: King Room,,404.0,456.52,2025-12-19,14,202.0,Direct,Friday,2026-01,fbg_data.csv,cloudbeds
8842795325247,2026-01-02,2026-01-04,2,Quonset,,733.0,0.0,2025-12-19,14,366.5,Airbnb,Friday,2026-01,fbg_data.csv,cloudbeds
1877474387569,2026-01-02,2026-01-04,2,Great Lodge: King Room,,404.0,456.52,2025-12-19,14,202.0,Direct,Friday,2026-01,fbg_data.csv,cloudbeds
3143375652828,2026-01-02,2026-01-04,2,Great Lodge: King Room,,495.0,0.0,2025-12-19,14,247.5,Airbnb,Friday,2026-01,fbg_data.csv,cloudbeds
6321613336717,2025-12-31,2026-01-02,2,Quonset,,1028.0,1161.64,2025-12-19,12,514.0,Direct,Wednesday,2025-12,fbg_data.csv,cloudbeds
7547225529995,2025-12-23,2025-12-25,2,Quonset,,607.6,686.6,2025-12-19,4,303.8,Direct,Tuesday,2025-12,fbg_data.csv,cloudbeds
7522151293883,2025-12-24,2025-12-26,2,Live Oak Lodge,,837.3,946.16,2025-12-19,5,418.65,Expedia,Wednesday,2025-12,fbg_data.csv,cloudbeds
5029296831720,2025-12-20,2025-12-22,2,Cocoon,,581.16,900.61,2025-12-19,1,290.58,Direct,Saturday,2025-12,fbg_data.csv,cloudbeds
4164894697477,2025-12-21,2025-12-22,1,Pecan Haus,,311.05,351.48,2025-12-19,2,311.05,Expedia,Sunday,2025-12,fbg_data.csv,cloudbeds
5301520910668,2026-01-02,2026-01-04,2,Pecan Haus,,351.1,396.74,2025-12-20,13,175.55,Expedia,Friday,2026-01,fbg_data.csv,cloudbeds
6687118510779,2025-12-28,2025-12-31,3,Pecan Haus,,943.0,1065.59,2025-12-20,8,314.3333333333333,Direct,Sunday,2025-12,fbg_data.csv,cloudbeds
6476992907428,2025-12-26,2025-12-27,1,Live Oak Lodge,,585.12,661.19,2025-12-20,6,585.12,Booking.com,Friday,2025-12,fbg_data.csv,cloudbeds
5462741915569,2025-12-25,2025-12-27,2,Diamond,,748.0,845.24,2025-12-20,5,374.0,Direct,Thursday,2025-12,fbg_data.csv,cloudbeds
8766518080576,2025-12-21,2025-12-22,1,Diamond,,415.78,469.83,2025-12-20,1,415.78,Expedia,Sunday,2025-12,fbg_data.csv,cloudbeds
7065066407820,2026-01-04,2026-01-06,2,Lantana Dome,,451.6,510.31,2025-12-21,14,225.8,Direct,Sunday,2026-01,fbg_data.csv,cloudbeds
3188281598611,2026-01-02,2026-01-04,2,Juniper Haus,,470.0,0.0,2025-12-21,12,235.0,Airbnb,Friday,2026-01,fbg_data.csv,cloudbeds
8369122394842,2026-01-02,2026-01-04,2,Winecup,,594.0,671.22,2025-12-21,12,297.0,Direct,Friday,2026-01,fbg_data.csv,cloudbeds
9804283131856,2025-12-30,2026-01-01,2,Cypress Lodge | Sleeps 2,,654.0,739.02,2025-12-21,9,327.0,Direct,Tuesday,2025-12,fbg_data.csv,cloudbeds
5278770676783,2025-12-23,2025-12-25,2,Post Oak,,574.96,649.7,2025-12-21,2,287.48,Expedia,Tuesday,2025-12,fbg_data.csv,cloudbeds
2704827642820,2025-12-22,2025-12-23,1,Winecup,,374.0,422.62,2025-12-21,1,374.0,Direct,Monday,2025-12,fbg_data.csv,cloudbeds
7721094740200,2026-01-21,2026-01-22,1,Winecup,,275.0,310.75,2025-12-21,31,275.0,Direct,Wednesday,2026-01,fbg_data.csv,cloudbeds
3062597297054,2026-03-05,2026-03-09,4,Walnut House,,3490.0,3943.7,2025-12-21,74,872.5,Direct,Thursday,2026-03,fbg_data.csv,cloudbeds
9611764070863,2026-03-26,2026-03-30,4,Post Oak,,2221.5,2510.3,2025-12-21,95,555.375,Direct,Thursday,2026-03,fbg_data.csv,cloudbeds
3390661253973,2026-08-14,2026-08-16,2,Monarch,,988.0,1279.16,2025-12-21,236,494.0,Direct,Friday,2026-08,fbg_data.csv,cloudbeds
7302453528835,2026-01-15,2026-01-17,2,Monolith,,872.0,985.36,2025-12-22,24,436.0,Direct,Thursday,2026-01,fbg_data.csv,cloudbeds
7921024545591,2026-01-09,2026-01-11,2,Spyglass,,712.36,0.0,2025-12-22,18,356.18,Expedia,Friday,2026-01,fbg_data.csv,cloudbeds
6645125609240,2026-01-04,2026-01-06,2,Spyglass,,598.0,675.74,2025-12-22,13,299.0,Direct,Sunday,2026-01,fbg_data.csv,cloudbeds
6304960507496,2026-01-02,2026-01-05,3,Winecup,,1555.0,1757.15,2025-12-22,11,518.3333333333334,Direct,Friday,2026-01,fbg_data.csv,cloudbeds
2635736968617,2025-12-31,2026-01-02,2,Live Oak Lodge,,885.0,1000.05,2025-12-22,9,442.5,Direct,Wednesday,2025-12,fbg_data.csv,cloudbeds
9255366040080,2025-12-30,2026-01-02,3,Lantana Dome,,1064.0,1414.75,2025-12-22,8,354.6666666666667,Direct,Tuesday,2025-12,fbg_data.csv,cloudbeds
9130002806625,2025-12-26,2025-12-28,2,Great Lodge: King Room,,783.0,0.0,2025-12-22,4,391.5,Expedia,Friday,2025-12,fbg_data.csv,cloudbeds
1507820736805,2025-12-29,2025-12-31,2,Diamond,,1017.66,1339.96,2025-12-22,7,508.83,Booking.com,Monday,2025-12,fbg_data.csv,cloudbeds
4400546503556,2025-12-26,2025-12-29,3,Great Lodge: King Room,,1300.99,0.0,2025-12-22,4,433.66333333333336,Airbnb,Friday,2025-12,fbg_data.csv,cloudbeds
9437473918565,2026-02-23,2026-02-26,3,Monolith,,1218.6,1377.0,2025-12-22,63,406.2,Direct,Monday,2026-02,fbg_data.csv,cloudbeds
8934649705637,2026-01-14,2026-01-17,3,Buckeye Bungalow,,984.0,1324.35,2025-12-23,22,328.0,Direct,Wednesday,2026-01,fbg_data.csv,cloudbeds
8441418285159,2026-01-12,2026-01-13,1,Cypress Lodge | Sleeps 6,,248.41,0.0,2025-12-23,20,248.41,Expedia,Monday,2026-01,fbg_data.csv,cloudbeds
9018699962035,2026-01-07,2026-01-09,2,Walnut House,,603.0,681.39,2025-12-23,15,301.5,Direct,Wednesday,2026-01,fbg_data.csv,cloudbeds
2980199104406,2025-12-30,2026-01-01,2,Quonset,,723.0,816.99,2025-12-23,7,361.5,Direct,Tuesday,2025-12,fbg_data.csv,cloudbeds
5567193395785,2025-12-31,2026-01-02,2,Cypress Lodge | Sleeps 4,,885.0,1107.4,2025-12-23,8,442.5,Direct,Wednesday,2025-12,fbg_data.csv,cloudbeds
3887717208680,2025-12-31,2026-01-02,2,Spyglass,,1086.0,1227.18,2025-12-23,8,543.0,Direct,Wednesday,2025-12,fbg_data.csv,cloudbeds
5297581414328,2025-12-28,2025-12-30,2,Diamond,,1028.0,1161.64,2025-12-23,5,514.0,Direct,Sunday,2025-12,fbg_data.csv,cloudbeds
6302884829430,2025-12-29,2025-12-31,2,Bluebonnet,,500.62,0.0,2025-12-23,6,250.31,Expedia,Monday,2025-12,fbg_data.csv,cloudbeds
9487941045175,2025-12-30,2025-12-31,1,Buckeye Bungalow,,224.0,253.12,2025-12-23,7,224.0,Direct,Tuesday,2025-12,fbg_data.csv,cloudbeds
1982446969781,2025-12-24,2025-12-27,3,Buckeye Bungalow,,986.0,1114.18,2025-12-23,1,328.6666666666667,Direct,Wednesday,2025-12,fbg_data.csv,cloudbeds
7960158891492,2025-12-24,2025-12-26,2,Cypress Lodge | Sleeps 6,,797.14,0.0,2025-12-23,1,398.57,Expedia,Wednesday,2025-12,fbg_data.csv,cloudbeds
5281147950013,2025-12-24,2025-12-26,2,Monarch,,802.63,0.0,2025-12-23,1,401.315,Expedia,Wednesday,2025-12,fbg_data.csv,cloudbeds
7515236309706,2026-01-23,2026-01-25,2,Monolith,,918.0,1037.34,2025-12-23,31,459.0,Direct,Friday,2026-01,fbg_data.csv,cloudbeds
9323097442671,2026-01-25,2026-01-26,1,Diamond,,323.0,364.99,2025-12-23,33,323.0,Direct,Sunday,2026-01,fbg_data.csv,cloudbeds
6410283842682,2026-01-15,2026-01-18,3,Live Oak Lodge,,1521.0,0.0,2025-12-24,22,507.0,Airbnb,Thursday,2026-01,fbg_data.csv,cloudbeds
5935828289270,2026-01-06,2026-01-07,1,Lantana Dome,,252.0,284.76,2025-12-24,13,252.0,Direct,Tuesday,2026-01,fbg_data.csv,cloudbeds
8297749168818,2026-01-04,2026-01-05,1,Cypress Lodge | Sleeps 2,,231.34,0.0,2025-12-24,11,231.34,Expedia,Sunday,2026-01,fbg_data.csv,cloudbeds
6085756063940,2025-12-27,2025-12-28,1,Diamond,,524.38,0.0,2025-12-24,3,524.38,Expedia,Saturday,2025-12,fbg_data.csv,cloudbeds
8607689516245,2025-12-28,2025-12-29,1,Great Lodge: King Room,,299.21,0.0,2025-12-24,4,299.21,Expedia,Sunday,2025-12,fbg_data.csv,cloudbeds
7528436591609,2025-12-28,2025-12-29,1,Juniper Haus,,279.0,371.77,2025-12-24,4,279.0,Direct,Sunday,2025-12,fbg_data.csv,cloudbeds
6387859357649,2026-01-30,2026-02-01,2,Monolith,,918.0,1037.34,2025-12-24,37,459.0,Direct,Friday,2026-01,fbg_data.csv,cloudbeds
6877616911902,2026-02-22,2026-02-24,2,Monolith,,833.0,941.29,2025-12-24,60,416.5,Direct,Sunday,2026-02,fbg_data.csv,cloudbeds
7955585191171,2026-05-31,2026-06-02,2,Lantana Dome,,886.0,1001.18,2025-12-24,158,443.0,Direct,Sunday,2026-05,fbg_data.csv,cloudbeds
3258848687132,2026-01-18,2026-01-19,1,Spiral,,491.5,0.0,2025-12-25,24,491.5,Expedia,Sunday,2026-01,fbg_data.csv,cloudbeds
4766550059900,2025-12-30,2025-12-31,1,Live Oak Lodge,,244.0,275.72,2025-12-25,5,244.0,Direct,Tuesday,2025-12,fbg_data.csv,cloudbeds
1669757067213,2025-12-30,2025-12-31,1,Walnut House,,244.0,275.72,2025-12-25,5,244.0,Direct,Tuesday,2025-12,fbg_data.csv,cloudbeds
6579582984915,2026-01-19,2026-01-22,3,Monolith,,1134.0,1281.42,2025-12-25,25,378.0,Direct,Monday,2026-01,fbg_data.csv,cloudbeds
8607118020660,2026-02-27,2026-03-01,2,Cypress Lodge | Sleeps 4,,941.07,1170.76,2025-12-25,64,470.535,Direct,Friday,2026-02,fbg_data.csv,cloudbeds
6656715247898,2026-01-01,2026-01-03,2,Quonset,,703.0,993.39,2025-12-26,6,351.5,Direct,Thursday,2026-01,fbg_data.csv,cloudbeds
8015531768291,2025-12-31,2026-01-01,1,Bluebonnet,,453.0,511.89,2025-12-26,5,453.0,Direct,Wednesday,2025-12,fbg_data.csv,cloudbeds
7288683786135,2025-12-30,2026-01-01,2,Cypress Lodge | Sleeps 4,,743.0,839.59,2025-12-26,4,371.5,Direct,Tuesday,2025-12,fbg_data.csv,cloudbeds
3195106131064,2025-12-31,2026-01-02,2,Great Lodge: King Room,,920.0,1039.6,2025-12-26,5,460.0,Direct,Wednesday,2025-12,fbg_data.csv,cloudbeds
6442021373843,2025-12-31,2026-01-02,2,Great Lodge: King Room,,920.0,1039.6,2025-12-26,5,460.0,Direct,Wednesday,2025-12,fbg_data.csv,cloudbeds
1108864696079,2025-12-29,2025-12-31,2,Spyglass,,688.0,777.44,2025-12-26,3,344.0,Direct,Monday,2025-12,fbg_data.csv,cloudbeds
7207966363594,2026-01-30,2026-02-01,2,Live Oak Lodge,,1000.14,95.0,2025-12-26,35,500.07,Expedia,Friday,2026-01,fbg_data.csv,cloudbeds
1000788131276,2026-01-12,2026-01-13,1,Monolith,,298.0,336.74,2025-12-27,16,298.0,Direct,Monday,2026-01,fbg_data.csv,cloudbeds
3865842482100,2025-12-30,2026-01-01,2,Post Oak,,657.0,742.41,2025-12-27,3,328.5,Direct,Tuesday,2025-12,fbg_data.csv,cloudbeds
8327566979014,2026-01-01,2026-01-02,1,Cypress Lodge | Sleeps 4,,406.0,458.78,2025-12-27,5,406.0,Direct,Thursday,2026-01,fbg_data.csv,cloudbeds
4486095779333,2025-12-31,2026-01-02,2,Diamond,,1498.0,1800.09,2025-12-27,4,749.0,Direct,Wednesday,2025-12,fbg_data.csv,cloudbeds
6937644251060,2025-12-28,2025-12-29,1,Diamond,,329.0,371.77,2025-12-27,1,329.0,Direct,Sunday,2025-12,fbg_data.csv,cloudbeds
3300181043636,2025-12-27,2025-12-28,1,Juniper Haus,,260.78,354.82,2025-12-27,0,260.78,Direct,Saturday,2025-12,fbg_data.csv,cloudbeds
5568852990622,2025-12-28,2025-12-29,1,Diamond,,329.0,371.77,2025-12-27,1,329.0,Direct,Sunday,2025-12,fbg_data.csv,cloudbeds
5356326347831,2025-12-28,2025-12-29,1,Great Lodge: King Room,,264.0,298.32,2025-12-27,1,264.0,Direct,Sunday,2025-12,fbg_data.csv,cloudbeds
5179397983230,2025-12-28,2025-12-29,1,Quonset,,294.0,332.22,2025-12-27,1,294.0,Direct,Sunday,2025-12,fbg_data.csv,cloudbeds
5510388556821,2026-01-26,2026-01-28,2,Quonset,,550.0,621.5,2025-12-27,30,275.0,Direct,Monday,2026-01,fbg_data.csv,cloudbeds
8208045821208,2026-03-13,2026-03-15,2,Live Oak Lodge,,2786.0,3243.18,2025-12-27,76,1393.0,Direct,Friday,2026-03,fbg_data.csv,cloudbeds
2429432386021,2026-01-09,2026-01-11,2,Spiral,,918.0,1037.34,2025-12-28,12,459.0,Direct,Friday,2026-01,fbg_data.csv,cloudbeds
9020736064362,2026-01-03,2026-01-05,2,Great Lodge: King Room,,568.29,0.0,2025-12-28,6,284.145,Expedia,Saturday,2026-01,fbg_data.csv,cloudbeds
5214915755368,2025-12-30,2026-01-01,2,Monarch,,1112.0,0.0,2025-12-28,2,556.0,Airbnb,Tuesday,2025-12,fbg_data.csv,cloudbeds
6093033999345,2025-12-31,2026-01-02,2,Pecan Haus,,683.0,771.79,2025-12-28,3,341.5,Direct,Wednesday,2025-12,fbg_data.csv,cloudbeds
7922089456875,2026-01-30,2026-02-01,2,Post Oak,,696.0,786.48,2025-12-28,33,348.0,Direct,Friday,2026-01,fbg_data.csv,cloudbeds
3283881449531,2026-02-03,2026-02-05,2,Diamond,,681.2,769.76,2025-12-28,37,340.6,Direct,Tuesday,2026-02,fbg_data.csv,cloudbeds
7518069881578,2026-01-14,2026-01-16,2,Monarch,,473.2,534.71,2025-12-29,16,236.6,Direct,Wednesday,2026-01,fbg_data.csv,cloudbeds
4704469073848,2026-01-08,2026-01-10,2,Bluebonnet,,685.0,881.4,2025-12-29,10,342.5,Direct,Thursday,2026-01,fbg_data.csv,cloudbeds
4676094294608,2026-01-06,2026-01-08,2,Spyglass,,550.0,621.5,2025-12-29,8,275.0,Direct,Tuesday,2026-01,fbg_data.csv,cloudbeds
1971400474546,2026-01-06,2026-01-07,1,Spiral,,298.0,336.74,2025-12-29,8,298.0,Direct,Tuesday,2026-01,fbg_data.csv,cloudbeds
5369476825246,2026-01-09,2026-01-11,2,Winecup,,715.74,0.0,2025-12-29,11,357.87,Expedia,Friday,2026-01,fbg_data.csv,cloudbeds
6594728332514,2026-01-02,2026-01-04,2,Diamond,,1258.0,1516.54,2025-12-29,4,629.0,Direct,Friday,2026-01,fbg_data.csv,cloudbeds
1872460519505,2026-01-01,2026-01-02,1,Cedar Haus,,287.13,0.0,2025-12-29,3,287.13,Expedia,Thursday,2026-01,fbg_data.csv,cloudbeds
8183439771050,2025-12-29,2025-12-31,2,Juniper Haus,,442.66,602.29,2025-12-29,0,221.33,Direct,Monday,2025-12,fbg_data.csv,cloudbeds
4185834865291,2025-12-30,2025-12-31,1,Quonset,,349.0,0.0,2025-12-29,1,349.0,Airbnb,Tuesday,2025-12,fbg_data.csv,cloudbeds
5520604966686,2026-01-21,2026-01-24,3,Buckeye Bungalow,,937.0,1058.81,2025-12-29,23,312.3333333333333,Direct,Wednesday,2026-01,fbg_data.csv,cloudbeds
5623832072707,2026-01-30,2026-02-01,2,Diamond,,918.0,1037.34,2025-12-29,32,459.0,Direct,Friday,2026-01,fbg_data.csv,cloudbeds
8934696283275,2026-01-30,2026-02-01,2,Lantana Dome,,770.0,870.1,2025-12-29,32,385.0,Direct,Friday,2026-01,fbg_data.csv,cloudbeds
4242611099499,2026-01-30,2026-02-01,2,Diamond,,918.0,1037.34,2025-12-29,32,459.0,Direct,Friday,2026-01,fbg_data.csv,cloudbeds
2646764185996,2026-04-17,2026-04-19,2,Great Lodge: King Room,,1122.0,1480.29,2025-12-29,109,561.0,Direct,Friday,2026-04,fbg_data.csv,cloudbeds
5144689512097,2026-01-12,2026-01-14,2,Lantana Dome,,650.9,735.52,2025-12-30,13,325.45,Booking.com,Monday,2026-01,fbg_data.csv,cloudbeds
7805097088183,2026-01-16,2026-01-18,2,Sage Safari,,809.4,0.0,2025-12-30,17,404.7,Expedia,Friday,2026-01,fbg_data.csv,cloudbeds
4424345307228,2026-01-17,2026-01-19,2,Quonset,,850.0,960.5,2025-12-30,18,425.0,Direct,Saturday,2026-01,fbg_data.csv,cloudbeds
4220201210033,2026-01-07,2026-01-08,1,Sage Safari,,252.0,284.76,2025-12-30,8,252.0,Direct,Wednesday,2026-01,fbg_data.csv,cloudbeds
3865382669841,2026-01-09,2026-01-11,2,Post Oak,,696.0,786.48,2025-12-30,10,348.0,Direct,Friday,2026-01,fbg_data.csv,cloudbeds
7387624293018,2026-01-03,2026-01-04,1,Monolith,,629.0,923.2,2025-12-30,4,629.0,Direct,Saturday,2026-01,fbg_data.csv,cloudbeds
9339577658519,2026-01-03,2026-01-04,1,Monarch,,442.55,500.08,2025-12-30,4,442.55,Direct,Saturday,2026-01,fbg_data.csv,cloudbeds
5168549392821,2026-01-03,2026-01-04,1,Walnut House,,553.0,0.0,2025-12-30,4,553.0,Airbnb,Saturday,2026-01,fbg_data.csv,cloudbeds
9009857504627,2025-12-30,2026-01-01,2,Cocoon,,573.04,779.7,2025-12-30,0,286.52,Direct,Tuesday,2025-12,fbg_data.csv,cloudbeds
3454242817702,2025-12-30,2026-01-02,3,Great Lodge: King Room,,1054.0,1191.02,2025-12-30,0,351.3333333333333,Direct,Tuesday,2025-12,fbg_data.csv,cloudbeds
7016516177458,2025-12-30,2025-12-31,1,Winecup,,224.0,253.12,2025-12-30,0,224.0,Direct,Tuesday,2025-12,fbg_data.csv,cloudbeds
5237875385816,2025-12-30,2025-12-31,1,Diamond,,220.05,0.0,2025-12-30,0,220.05,Expedia,Tuesday,2025-12,fbg_data.csv,cloudbeds
1300461893776,2025-12-30,2025-12-31,1,Great Lodge: King Room,,204.0,230.52,2025-12-30,0,204.0,Direct,Tuesday,2025-12,fbg_data.csv,cloudbeds
8194350174564,2025-12-30,2025-12-31,1,Great Lodge: King Room,,204.0,230.52,2025-12-30,0,204.0,Direct,Tuesday,2025-12,fbg_data.csv,cloudbeds
1438608087775,2026-01-23,2026-01-25,2,Spiral,,1045.2,1393.51,2025-12-30,24,522.6,Direct,Friday,2026-01,fbg_data.csv,cloudbeds
4088209941716,2026-01-23,2026-01-25,2,Cypress Lodge | Sleeps 2,,696.0,893.83,2025-12-30,24,348.0,Direct,Friday,2026-01,fbg_data.csv,cloudbeds
3150363131707,2026-01-29,2026-01-30,1,Monolith,,324.0,366.12,2025-12-30,30,324.0,Direct,Thursday,2026-01,fbg_data.csv,cloudbeds
5464046464271,2026-02-07,2026-02-09,2,Monolith,,2001.0,2261.13,2025-12-30,39,1000.5,Direct,Saturday,2026-02,fbg_data.csv,cloudbeds
1281176245582,2026-01-18,2026-01-19,1,Sage Safari,,360.0,406.8,2025-12-31,18,360.0,Direct,Sunday,2026-01,fbg_data.csv,cloudbeds
6783126390909,2026-01-09,2026-01-12,3,Diamond,,1274.0,1439.62,2025-12-31,9,424.6666666666667,Direct,Friday,2026-01,fbg_data.csv,cloudbeds
1421802720231,2026-01-05,2026-01-09,4,Quonset,,1029.0,1270.12,2025-12-31,5,257.25,Direct,Monday,2026-01,fbg_data.csv,cloudbeds
1782111922641,2026-01-09,2026-01-11,2,Cypress Lodge | Sleeps 2,,696.0,786.48,2025-12-31,9,348.0,Direct,Friday,2026-01,fbg_data.csv,cloudbeds
5549693020521,2026-01-01,2026-01-02,1,Great Lodge: King Room,,244.0,275.72,2025-12-31,1,244.0,Direct,Thursday,2026-01,fbg_data.csv,cloudbeds
5199091517188,2026-01-01,2026-01-02,1,Juniper Haus,,565.0,723.0,2025-12-31,1,565.0,Direct,Thursday,2026-01,fbg_data.csv,cloudbeds
5199091517188,2026-01-01,2026-01-02,1,Winecup,,565.0,723.0,2025-12-31,1,565.0,Direct,Thursday,2026-01,fbg_data.csv,cloudbeds
5436026449845,2026-01-01,2026-01-02,1,Great Lodge: King Room,,244.0,275.72,2025-12-31,1,244.0,Direct,Thursday,2026-01,fbg_data.csv,cloudbeds
4393169208688,2026-01-01,2026-01-02,1,Cypress Lodge | Sleeps 2,,244.0,275.72,2025-12-31,1,244.0,Direct,Thursday,2026-01,fbg_data.csv,cloudbeds
3576364899609,2026-01-19,2026-01-21,2,Cypress Lodge | Sleeps 2,,512.97,0.0,2025-12-31,19,256.485,Expedia,Monday,2026-01,fbg_data.csv,cloudbeds
9874535276019,2026-02-17,2026-02-19,2,Walnut House,,1063.0,1201.19,2025-12-31,48,531.5,Direct,Tuesday,2026-02,fbg_data.csv,cloudbeds
1883732991191,2026-04-04,2026-04-09,5,Monarch,,3164.0,3575.32,2025-12-31,94,632.8,Direct,Saturday,2026-04,fbg_data.csv,cloudbeds
3900523857608,2026-04-20,2026-04-23,3,Spyglass,,1500.0,1695.0,2025-12-31,110,500.0,Direct,Monday,2026-04,fbg_data.csv,cloudbeds
9638641308065,2026-01-17,2026-01-19,2,Diamond,,904.0,1021.52,2026-01-01,16,452.0,Direct,Saturday,2026-01,fbg_data.csv,cloudbeds
4989666781223,2026-01-05,2026-01-06,1,Cedar Haus,,229.0,258.77,2026-01-01,4,229.0,Direct,Monday,2026-01,fbg_data.csv,cloudbeds
4769734585083,2026-01-04,2026-01-05,1,Diamond,,366.55,414.2,2026-01-01,3,366.55,Direct,Sunday,2026-01,fbg_data.csv,cloudbeds
4767672572049,2026-01-02,2026-01-04,2,Cocoon,,455.12,619.24,2026-01-01,1,227.56,Direct,Friday,2026-01,fbg_data.csv,cloudbeds
4690526159159,2026-01-23,2026-01-25,2,Live Oak Lodge,,1041.0,0.0,2026-01-01,22,520.5,Airbnb,Friday,2026-01,fbg_data.csv,cloudbeds
4170227676577,2026-01-07,2026-01-08,1,Cypress Lodge | Sleeps 2,,469.0,676.87,2026-01-02,5,469.0,Direct,Wednesday,2026-01,fbg_data.csv,cloudbeds
4170227676577,2026-01-07,2026-01-08,1,Monarch,,469.0,676.87,2026-01-02,5,469.0,Direct,Wednesday,2026-01,fbg_data.csv,cloudbeds
2406086162894,2026-01-21,2026-01-23,2,Diamond,,473.2,534.71,2026-01-02,19,236.6,Direct,Wednesday,2026-01,fbg_data.csv,cloudbeds
3204486088110,2026-01-30,2026-02-01,2,Buckeye Bungalow,,538.71,786.48,2026-01-02,28,269.355,Direct,Friday,2026-01,fbg_data.csv,cloudbeds
3204486088110,2026-01-30,2026-02-01,2,Winecup,,538.71,786.48,2026-01-02,28,269.355,Direct,Friday,2026-01,fbg_data.csv,cloudbeds
2858492658694,2026-02-06,2026-02-07,1,Diamond,,563.0,675.74,2026-01-02,35,563.0,Direct,Friday,2026-02,fbg_data.csv,cloudbeds
2255293370410,2026-02-08,2026-02-10,2,Great Lodge: King Room,,666.0,752.58,2026-01-02,37,333.0,Direct,Sunday,2026-02,fbg_data.csv,cloudbeds
4607385606693,2026-01-14,2026-01-15,1,Diamond,,209.12,0.0,2026-01-03,11,209.12,Expedia,Wednesday,2026-01,fbg_data.csv,cloudbeds
4109064365651,2026-01-11,2026-01-15,4,Live Oak Lodge,,1148.0,1297.24,2026-01-03,8,287.0,Direct,Sunday,2026-01,fbg_data.csv,cloudbeds
9461231968994,2026-01-17,2026-01-19,2,Diamond,,904.0,1021.52,2026-01-03,14,452.0,Direct,Saturday,2026-01,fbg_data.csv,cloudbeds
9558123840286,2026-01-18,2026-01-19,1,Spyglass,,482.31,0.0,2026-01-03,15,482.31,Expedia,Sunday,2026-01,fbg_data.csv,cloudbeds
1913101235349,2026-01-11,2026-01-13,2,Spyglass,,598.0,675.74,2026-01-03,8,299.0,Direct,Sunday,2026-01,fbg_data.csv,cloudbeds
5274708261273,2026-01-09,2026-01-11,2,Diamond,,918.0,1037.34,2026-01-03,6,459.0,Direct,Friday,2026-01,fbg_data.csv,cloudbeds
7558297484051,2026-01-04,2026-01-05,1,Cedar Haus,,258.0,291.54,2026-01-03,1,258.0,Direct,Sunday,2026-01,fbg_data.csv,cloudbeds
1700149912284,2026-01-20,2026-01-22,2,Great Lodge: King Room,,458.0,517.54,2026-01-03,17,229.0,Direct,Tuesday,2026-01,fbg_data.csv,cloudbeds
4232090051550,2026-01-28,2026-01-30,2,Diamond,,284.49,739.02,2026-01-03,25,142.245,Direct,Wednesday,2026-01,fbg_data.csv,cloudbeds
3670640628338,2026-01-30,2026-02-01,2,Sage Safari,,770.0,870.1,2026-01-03,27,385.0,Direct,Friday,2026-01,fbg_data.csv,cloudbeds
3734521504634,2026-01-30,2026-02-01,2,Great Lodge: King Room,,595.98,870.1,2026-01-03,27,297.99,Direct,Friday,2026-01,fbg_data.csv,cloudbeds
7928184033233,2026-02-05,2026-02-06,1,Diamond,,459.0,518.67,2026-01-03,33,459.0,Direct,Thursday,2026-02,fbg_data.csv,cloudbeds
5173424062045,2026-01-11,2026-01-13,2,Monolith,,532.4,601.61,2026-01-04,7,266.2,Direct,Sunday,2026-01,fbg_data.csv,cloudbeds
3420366923755,2026-08-02,2026-08-04,2,Cypress Lodge | Sleeps 2,,771.0,871.23,2026-01-04,210,385.5,Direct,Sunday,2026-08,fbg_data.csv,cloudbeds
6409786477524,2026-01-20,2026-01-23,3,Live Oak Lodge,,878.0,992.14,2026-01-04,16,292.6666666666667,Direct,Tuesday,2026-01,fbg_data.csv,cloudbeds
4231420393008,2026-02-06,2026-02-08,2,Post Oak,,1088.0,1441.87,2026-01-04,33,544.0,Direct,Friday,2026-02,fbg_data.csv,cloudbeds
2957693244775,2026-03-18,2026-03-20,2,Spyglass,,1341.0,1515.33,2026-01-04,73,670.5,Direct,Wednesday,2026-03,fbg_data.csv,cloudbeds
6866781041561,2026-05-02,2026-05-05,3,Monolith,,2819.0,3185.48,2026-01-04,118,939.6666666666666,Direct,Saturday,2026-05,fbg_data.csv,cloudbeds
3836210440758,2026-01-16,2026-01-19,3,Cypress Lodge | Sleeps 6,,1940.09,2192.31,2026-01-05,11,646.6966666666666,Booking.com,Friday,2026-01,fbg_data.csv,cloudbeds
6671967798869,2026-01-11,2026-01-12,1,Post Oak,,204.0,230.52,2026-01-05,6,204.0,Direct,Sunday,2026-01,fbg_data.csv,cloudbeds
8450305439212,2026-01-10,2026-01-11,1,Sage Safari,,385.0,435.05,2026-01-05,5,385.0,Direct,Saturday,2026-01,fbg_data.csv,cloudbeds
5785415145442,2026-01-22,2026-01-23,1,Diamond,,356.0,402.28,2026-01-05,17,356.0,Direct,Thursday,2026-01,fbg_data.csv,cloudbeds
2983492602040,2026-01-28,2026-01-30,2,Monolith,,622.0,702.86,2026-01-05,23,311.0,Direct,Wednesday,2026-01,fbg_data.csv,cloudbeds
8840054717239,2026-01-26,2026-01-30,4,Cypress Lodge | Sleeps 2,,959.0,1083.67,2026-01-05,21,239.75,Direct,Monday,2026-01,fbg_data.csv,cloudbeds
7060490341954,2026-02-06,2026-02-08,2,Monarch,,2235.46,0.0,2026-01-05,32,1117.73,Expedia,Friday,2026-02,fbg_data.csv,cloudbeds
3197245266321,2026-02-20,2026-02-22,2,Great Lodge: King Room,,815.0,920.95,2026-01-05,46,407.5,Direct,Friday,2026-02,fbg_data.csv,cloudbeds
9692766499707,2026-02-20,2026-02-22,2,Diamond,,2356.0,2662.28,2026-01-05,46,1178.0,Direct,Friday,2026-02,fbg_data.csv,cloudbeds
4217201077151,2026-01-15,2026-01-16,1,Lantana Dome,,273.0,308.49,2026-01-06,9,273.0,Direct,Thursday,2026-01,fbg_data.csv,cloudbeds
5807216332799,2026-01-14,2026-01-16,2,Cypress Lodge | Sleeps 2,,404.05,0.0,2026-01-06,8,202.025,Expedia,Wednesday,2026-01,fbg_data.csv,cloudbeds
4197692108516,2026-01-16,2026-01-18,2,Quonset,,948.0,1071.24,2026-01-06,10,474.0,Direct,Friday,2026-01,fbg_data.csv,cloudbeds
1643646298692,2026-01-17,2026-01-19,2,Winecup,,850.0,960.5,2026-01-06,11,425.0,Direct,Saturday,2026-01,fbg_data.csv,cloudbeds
8061158556421,2026-01-11,2026-01-12,1,Sage Safari,,268.21,0.0,2026-01-06,5,268.21,Expedia,Sunday,2026-01,fbg_data.csv,cloudbeds
8171420419479,2026-01-11,2026-01-12,1,Monolith,,264.0,298.32,2026-01-06,5,264.0,Direct,Sunday,2026-01,fbg_data.csv,cloudbeds
7564078716943,2026-01-09,2026-01-11,2,Buckeye Bungalow,,770.0,870.1,2026-01-06,3,385.0,Direct,Friday,2026-01,fbg_data.csv,cloudbeds
6211509438442,2026-01-09,2026-01-11,2,Walnut House,,844.0,953.72,2026-01-06,3,422.0,Direct,Friday,2026-01,fbg_data.csv,cloudbeds
4626421228288,2026-01-19,2026-01-22,3,Sage Safari,,836.0,944.68,2026-01-06,13,278.6666666666667,Direct,Monday,2026-01,fbg_data.csv,cloudbeds
8852092956732,2026-01-19,2026-01-22,3,Spiral,,758.9,0.0,2026-01-06,13,252.96666666666667,Expedia,Monday,2026-01,fbg_data.csv,cloudbeds
3136071085268,2026-01-31,2026-02-02,2,Walnut House,,1161.35,1312.32,2026-01-06,25,580.675,Direct,Saturday,2026-01,fbg_data.csv,cloudbeds
9184144516219,2026-02-17,2026-02-19,2,Monolith,,815.0,920.95,2026-01-06,42,407.5,Direct,Tuesday,2026-02,fbg_data.csv,cloudbeds
4965118161222,2026-02-19,2026-02-22,3,Diamond,,2898.0,3274.74,2026-01-06,44,966.0,Direct,Thursday,2026-02,fbg_data.csv,cloudbeds
2073650558398,2026-01-13,2026-01-15,2,Walnut House,,550.0,621.5,2026-01-07,6,275.0,Direct,Tuesday,2026-01,fbg_data.csv,cloudbeds
7658786327789,2026-01-16,2026-01-18,2,Cypress Lodge | Sleeps 6,,1042.6,0.0,2026-01-07,9,521.3,Airbnb,Friday,2026-01,fbg_data.csv,cloudbeds
2254807484580,2026-01-16,2026-01-18,2,Spiral,,1032.0,1273.51,2026-01-07,9,516.0,Direct,Friday,2026-01,fbg_data.csv,cloudbeds
8006647616141,2026-01-11,2026-01-12,1,Buckeye Bungalow,,224.0,253.12,2026-01-07,4,224.0,Direct,Sunday,2026-01,fbg_data.csv,cloudbeds
2765405962731,2026-01-09,2026-01-11,2,Cypress Lodge | Sleeps 2,,696.0,786.48,2026-01-07,2,348.0,Direct,Friday,2026-01,fbg_data.csv,cloudbeds
3528911033798,2026-01-10,2026-01-11,1,Quonset,,422.0,476.86,2026-01-07,3,422.0,Direct,Saturday,2026-01,fbg_data.csv,cloudbeds
6783334819777,2026-01-07,2026-01-08,1,Lantana Dome,,252.0,284.76,2026-01-07,0,252.0,Direct,Wednesday,2026-01,fbg_data.csv,cloudbeds
5334534978903,2026-01-28,2026-01-30,2,Spiral,,622.0,702.86,2026-01-07,21,311.0,Direct,Wednesday,2026-01,fbg_data.csv,cloudbeds
4650410158590,2026-01-31,2026-02-02,2,Buckeye Bungalow,,841.0,950.33,2026-01-07,24,420.5,Direct,Saturday,2026-01,fbg_data.csv,cloudbeds
1062847443464,2026-03-05,2026-03-08,3,Monarch,,2619.0,2959.47,2026-01-07,57,873.0,Direct,Thursday,2026-03,fbg_data.csv,cloudbeds
2566282058170,2026-03-09,2026-03-11,2,Monolith,,1084.0,1224.92,2026-01-07,61,542.0,Direct,Monday,2026-03,fbg_data.csv,cloudbeds
8048086160832,2026-04-03,2026-04-05,2,Cypress Lodge | Sleeps 4,,1364.9,1542.34,2026-01-07,86,682.45,Direct,Friday,2026-04,fbg_data.csv,cloudbeds
9739544529069,2026-07-14,2026-07-17,3,Live Oak Lodge,,1092.61,1342.01,2026-01-07,188,364.2033333333333,Direct,Tuesday,2026-07,fbg_data.csv,cloudbeds
5735942340677,2026-01-13,2026-01-16,3,Diamond,,952.0,1183.11,2026-01-08,5,317.3333333333333,Direct,Tuesday,2026-01,fbg_data.csv,cloudbeds
4107449479646,2026-01-16,2026-01-17,1,Winecup,,522.45,79.63,2026-01-08,8,522.45,Expedia,Friday,2026-01,fbg_data.csv,cloudbeds
1638175138448,2026-01-17,2026-01-19,2,Great Lodge: King Room,,697.0,787.61,2026-01-08,9,348.5,Direct,Saturday,2026-01,fbg_data.csv,cloudbeds
3457872253904,2026-01-17,2026-01-19,2,Post Oak,,699.0,1002.3,2026-01-08,9,349.5,Direct,Saturday,2026-01,fbg_data.csv,cloudbeds
5055081186506,2026-01-10,2026-01-12,2,Bluebonnet,,631.06,0.0,2026-01-08,2,315.53,Expedia,Saturday,2026-01,fbg_data.csv,cloudbeds
8842945084710,2026-01-10,2026-01-11,1,Quonset,,422.0,476.86,2026-01-08,2,422.0,Direct,Saturday,2026-01,fbg_data.csv,cloudbeds
6042492604482,2026-01-19,2026-01-21,2,Monolith,,685.0,774.05,2026-01-08,11,342.5,Direct,Monday,2026-01,fbg_data.csv,cloudbeds
6989867882465,2026-01-29,2026-01-31,2,Diamond,,988.98,0.0,2026-01-08,21,494.49,Expedia,Thursday,2026-01,fbg_data.csv,cloudbeds
4893255077159,2026-02-28,2026-03-03,3,Sage Safari,,1972.25,2228.65,2026-01-08,51,657.4166666666666,Direct,Saturday,2026-02,fbg_data.csv,cloudbeds
4050982724283,2026-04-01,2026-04-03,2,Post Oak,,649.99,0.0,2026-01-08,83,324.995,Expedia,Wednesday,2026-04,fbg_data.csv,cloudbeds
5659980033398,2026-01-14,2026-01-15,1,Cypress Lodge | Sleeps 2,,205.18,0.0,2026-01-09,5,205.18,Expedia,Wednesday,2026-01,fbg_data.csv,cloudbeds
9083353494198,2026-01-16,2026-01-19,3,Winecup,,1324.0,1496.12,2026-01-09,7,441.3333333333333,Direct,Friday,2026-01,fbg_data.csv,cloudbeds
4466580431154,2026-01-09,2026-01-10,1,Cedar Haus,,237.32,0.0,2026-01-09,0,237.32,Expedia,Friday,2026-01,fbg_data.csv,cloudbeds
9657038136368,2026-01-09,2026-01-10,1,Quonset,,314.0,354.82,2026-01-09,0,314.0,Direct,Friday,2026-01,fbg_data.csv,cloudbeds
3536223727063,2026-01-09,2026-01-10,1,Quonset,,314.0,354.82,2026-01-09,0,314.0,Direct,Friday,2026-01,fbg_data.csv,cloudbeds
5176493964179,2026-01-10,2026-01-11,1,Cedar Haus,,237.32,0.0,2026-01-09,1,237.32,Expedia,Saturday,2026-01,fbg_data.csv,cloudbeds
1042855336243,2026-01-10,2026-01-11,1,Cypress Lodge | Sleeps 4,,317.02,0.0,2026-01-09,1,317.02,Expedia,Saturday,2026-01,fbg_data.csv,cloudbeds
6786641244594,2026-01-10,2026-01-11,1,Cypress Lodge | Sleeps 4,,344.0,388.72,2026-01-09,1,344.0,Direct,Saturday,2026-01,fbg_data.csv,cloudbeds
9334996148008,2026-08-02,2026-08-07,5,Live Oak Lodge,,2135.8,2413.45,2026-01-09,205,427.16,Direct,Sunday,2026-08,fbg_data.csv,cloudbeds
1938513777449,2026-02-13,2026-02-15,2,Pecan Haus,,1072.0,1493.86,2026-01-09,35,536.0,Direct,Friday,2026-02,fbg_data.csv,cloudbeds
8258387928774,2026-02-13,2026-02-15,2,Post Oak,,1706.0,1927.78,2026-01-09,35,853.0,Direct,Friday,2026-02,fbg_data.csv,cloudbeds
6841989852435,2026-02-13,2026-02-15,2,Spyglass,,3662.0,4138.06,2026-01-09,35,1831.0,Direct,Friday,2026-02,fbg_data.csv,cloudbeds
6448666066240,2026-02-27,2026-03-01,2,Diamond,,1784.0,2015.92,2026-01-09,49,892.0,Direct,Friday,2026-02,fbg_data.csv,cloudbeds
4672222631980,2026-03-06,2026-03-08,2,Cypress Lodge | Sleeps 2,,1288.96,0.0,2026-01-09,56,644.48,Expedia,Friday,2026-03,fbg_data.csv,cloudbeds
7987451423126,2026-03-17,2026-03-19,2,Monolith,,1470.7,1661.88,2026-01-09,67,735.35,Direct,Tuesday,2026-03,fbg_data.csv,cloudbeds
9054993891597,2026-03-16,2026-03-20,4,Quonset,,2272.0,2567.36,2026-01-09,66,568.0,Direct,Monday,2026-03,fbg_data.csv,cloudbeds
9054993891597,2026-03-16,2026-03-20,4,Monarch,,2272.0,2567.36,2026-01-09,66,568.0,Direct,Monday,2026-03,fbg_data.csv,cloudbeds
4334223398281,2026-03-27,2026-03-31,4,Cypress Lodge | Sleeps 4,,1976.0,2340.23,2026-01-09,77,494.0,Direct,Friday,2026-03,fbg_data.csv,cloudbeds
5611181932506,2026-01-15,2026-01-16,1,Walnut House,,385.0,0.0,2026-01-10,5,385.0,Airbnb,Thursday,2026-01,fbg_data.csv,cloudbeds
6230515466729,2026-01-14,2026-01-16,2,Diamond,,654.0,739.02,2026-01-10,4,327.0,Direct,Wednesday,2026-01,fbg_data.csv,cloudbeds
3070876514803,2026-01-18,2026-01-19,1,Quonset,,335.0,378.55,2026-01-10,8,335.0,Direct,Sunday,2026-01,fbg_data.csv,cloudbeds
5295779891775,2026-01-17,2026-01-19,2,Great Lodge: King Room,,697.0,787.61,2026-01-10,7,348.5,Direct,Saturday,2026-01,fbg_data.csv,cloudbeds
5109699651515,2026-01-17,2026-01-19,2,Cocoon,,827.0,934.51,2026-01-10,7,413.5,Direct,Saturday,2026-01,fbg_data.csv,cloudbeds
3639763035071,2026-01-11,2026-01-12,1,Diamond,,264.0,510.75,2026-01-10,1,264.0,Direct,Sunday,2026-01,fbg_data.csv,cloudbeds
3806969693907,2026-01-11,2026-01-13,2,Diamond,,565.41,0.0,2026-01-10,1,282.705,Expedia,Sunday,2026-01,fbg_data.csv,cloudbeds
3806969693907,2026-01-11,2026-01-13,2,Walnut House,,565.41,0.0,2026-01-10,1,282.705,Expedia,Sunday,2026-01,fbg_data.csv,cloudbeds
9590889327911,2026-01-10,2026-01-11,1,Winecup,,287.13,0.0,2026-01-10,0,287.13,Expedia,Saturday,2026-01,fbg_data.csv,cloudbeds
4125692084596,2026-03-11,2026-03-15,4,Bluebonnet,,3448.0,4003.59,2026-01-10,60,862.0,Direct,Wednesday,2026-03,fbg_data.csv,cloudbeds
1151524382692,2026-05-08,2026-05-10,2,Cypress Lodge | Sleeps 4,,3448.0,3975.34,2026-01-10,118,1724.0,Direct,Friday,2026-05,fbg_data.csv,cloudbeds
1151524382692,2026-05-08,2026-05-10,2,Cypress Lodge | Sleeps 6,,3448.0,3975.34,2026-01-10,118,1724.0,Direct,Friday,2026-05,fbg_data.csv,cloudbeds
7914440432956,2026-01-16,2026-01-18,2,Great Lodge: King Room,,780.0,881.4,2026-01-11,5,390.0,Direct,Friday,2026-01,fbg_data.csv,cloudbeds
1752017363955,2026-01-19,2026-01-21,2,Diamond,,580.0,655.4,2026-01-11,8,290.0,Direct,Monday,2026-01,fbg_data.csv,cloudbeds
8277799637861,2026-01-23,2026-01-24,1,Post Oak,,348.0,500.59,2026-01-11,12,348.0,Direct,Friday,2026-01,fbg_data.csv,cloudbeds
7607616442370,2026-01-26,2026-01-28,2,Spiral,,504.0,569.52,2026-01-11,15,252.0,Direct,Monday,2026-01,fbg_data.csv,cloudbeds
2087483960904,2026-01-29,2026-01-30,1,Sage Safari,,273.0,308.49,2026-01-11,18,273.0,Direct,Thursday,2026-01,fbg_data.csv,cloudbeds
2223907358753,2026-01-30,2026-02-01,2,Cocoon,,715.74,95.0,2026-01-11,19,357.87,Expedia,Friday,2026-01,fbg_data.csv,cloudbeds
9113437742565,2026-02-20,2026-02-22,2,Spyglass,,2296.0,2594.48,2026-01-11,40,1148.0,Direct,Friday,2026-02,fbg_data.csv,cloudbeds
7233859431588,2026-02-20,2026-02-22,2,Monolith,,2702.0,3265.69,2026-01-11,40,1351.0,Direct,Friday,2026-02,fbg_data.csv,cloudbeds
9619931535960,2026-02-19,2026-02-23,4,Spiral,,3192.0,3606.96,2026-01-11,39,798.0,Direct,Thursday,2026-02,fbg_data.csv,cloudbeds
2782117065427,2026-03-16,2026-03-18,2,Live Oak Lodge,,1136.0,1283.68,2026-01-11,64,568.0,Direct,Monday,2026-03,fbg_data.csv,cloudbeds
8584957140285,2026-01-16,2026-01-17,1,Monolith,,419.0,473.47,2026-01-12,4,419.0,Direct,Friday,2026-01,fbg_data.csv,cloudbeds
2237330284692,2026-01-17,2026-01-18,1,Cedar Haus,,453.4,0.0,2026-01-12,5,453.4,Airbnb,Saturday,2026-01,fbg_data.csv,cloudbeds
6093559936348,2026-01-17,2026-01-18,1,Pecan Haus,,362.86,0.0,2026-01-12,5,362.86,Expedia,Saturday,2026-01,fbg_data.csv,cloudbeds
2216023314008,2026-01-17,2026-01-18,1,Buckeye Bungalow,,432.0,488.16,2026-01-12,5,432.0,Direct,Saturday,2026-01,fbg_data.csv,cloudbeds
2577402457860,2026-01-18,2026-01-19,1,Monolith,,373.0,421.49,2026-01-12,6,373.0,Direct,Sunday,2026-01,fbg_data.csv,cloudbeds
1133362327303,2026-01-18,2026-01-20,2,Cypress Lodge | Sleeps 2,,611.0,690.43,2026-01-12,6,305.5,Direct,Sunday,2026-01,fbg_data.csv,cloudbeds
7782758408514,2026-01-22,2026-01-23,1,Monarch,,299.0,337.87,2026-01-12,10,299.0,Direct,Thursday,2026-01,fbg_data.csv,cloudbeds
6044592963543,2026-01-25,2026-01-26,1,Monolith,,295.0,333.35,2026-01-12,13,295.0,Direct,Sunday,2026-01,fbg_data.csv,cloudbeds
6191667277419,2026-01-30,2026-02-02,3,Spiral,,1237.0,1610.24,2026-01-12,18,412.3333333333333,Direct,Friday,2026-01,fbg_data.csv,cloudbeds
8659020565349,2026-01-16,2026-01-18,2,Great Lodge: King Room,,780.0,881.4,2026-01-12,4,390.0,Direct,Friday,2026-01,fbg_data.csv,cloudbeds
8159861659291,2026-02-02,2026-02-03,1,Winecup,,407.0,459.91,2026-01-12,21,407.0,Direct,Monday,2026-02,fbg_data.csv,cloudbeds
4140031069849,2026-02-04,2026-02-06,2,Monolith,,1149.0,1298.37,2026-01-12,23,574.5,Direct,Wednesday,2026-02,fbg_data.csv,cloudbeds
6706509581272,2026-01-13,2026-01-14,1,Sage Safari,,209.12,0.0,2026-01-13,0,209.12,Expedia,Tuesday,2026-01,fbg_data.csv,cloudbeds
8414686120638,2026-01-13,2026-01-14,1,Spyglass,,275.0,310.75,2026-01-13,0,275.0,Direct,Tuesday,2026-01,fbg_data.csv,cloudbeds
5513032212333,2026-01-15,2026-01-16,1,Sage Safari,,224.0,253.12,2026-01-13,2,224.0,Direct,Thursday,2026-01,fbg_data.csv,cloudbeds
7883549316436,2026-01-18,2026-01-19,1,Cypress Lodge | Sleeps 4,,252.17,0.0,2026-01-13,5,252.17,Expedia,Sunday,2026-01,fbg_data.csv,cloudbeds
9362200193319,2026-01-18,2026-01-19,1,Buckeye Bungalow,,355.0,401.15,2026-01-13,5,355.0,Direct,Sunday,2026-01,fbg_data.csv,cloudbeds
5085804356984,2026-01-16,2026-01-18,2,Great Lodge: King Room,,869.0,981.97,2026-01-13,3,434.5,Direct,Friday,2026-01,fbg_data.csv,cloudbeds
5481923257100,2026-01-21,2026-01-22,1,Diamond,,251.04,0.0,2026-01-13,8,251.04,Expedia,Wednesday,2026-01,fbg_data.csv,cloudbeds
9286926604735,2026-01-21,2026-01-23,2,Great Lodge: King Room,,433.45,0.0,2026-01-13,8,216.725,Expedia,Wednesday,2026-01,fbg_data.csv,cloudbeds
1999366029153,2026-01-30,2026-02-01,2,Winecup,,883.0,997.79,2026-01-13,17,441.5,Direct,Friday,2026-01,fbg_data.csv,cloudbeds
7739628838625,2026-02-20,2026-02-22,2,Cypress Lodge | Sleeps 4,,1084.3,1225.26,2026-01-13,38,542.15,Direct,Friday,2026-02,fbg_data.csv,cloudbeds
8099955593498,2026-03-24,2026-03-27,3,Sage Safari,,1355.0,1531.15,2026-01-13,70,451.6666666666667,Direct,Tuesday,2026-03,fbg_data.csv,cloudbeds
8115377895180,2026-01-15,2026-01-16,1,Bluebonnet,,224.0,253.12,2026-01-14,1,224.0,Direct,Thursday,2026-01,fbg_data.csv,cloudbeds
4518789951589,2026-01-18,2026-01-19,1,Live Oak Lodge,,422.0,476.86,2026-01-14,4,422.0,Direct,Sunday,2026-01,fbg_data.csv,cloudbeds
9990443637115,2026-01-19,2026-01-20,1,Spyglass,,317.0,570.64,2026-01-14,5,317.0,Direct,Monday,2026-01,fbg_data.csv,cloudbeds
1397665206009,2026-02-01,2026-02-04,3,Monolith,,1071.0,1422.66,2026-01-14,18,357.0,Direct,Sunday,2026-02,fbg_data.csv,cloudbeds
9081243316477,2026-02-06,2026-02-09,3,Live Oak Lodge,,2091.0,2362.83,2026-01-14,23,697.0,Direct,Friday,2026-02,fbg_data.csv,cloudbeds
1663205192541,2026-02-17,2026-02-19,2,Monarch,,652.0,736.76,2026-01-14,34,326.0,Direct,Tuesday,2026-02,fbg_data.csv,cloudbeds
7660204649973,2026-02-23,2026-02-25,2,Spyglass,,478.0,540.14,2026-01-14,40,239.0,Direct,Monday,2026-02,fbg_data.csv,cloudbeds
2721150814481,2026-03-06,2026-03-09,3,Cypress Lodge | Sleeps 6,,1739.0,2179.08,2026-01-14,51,579.6666666666666,Direct,Friday,2026-03,fbg_data.csv,cloudbeds
2721150814481,2026-03-06,2026-03-09,3,Sage Safari,,1739.0,2179.08,2026-01-14,51,579.6666666666666,Direct,Friday,2026-03,fbg_data.csv,cloudbeds
6684260032926,2026-01-15,2026-01-16,1,Cypress Lodge | Sleeps 6,,264.0,298.32,2026-01-15,0,264.0,Direct,Thursday,2026-01,fbg_data.csv,cloudbeds
5729004928496,2026-01-17,2026-01-18,1,Bluebonnet,,586.0,662.18,2026-01-15,2,586.0,Direct,Saturday,2026-01,fbg_data.csv,cloudbeds
7764951099231,2026-01-18,2026-01-19,1,Cedar Haus,,356.0,0.0,2026-01-15,3,356.0,Airbnb,Sunday,2026-01,fbg_data.csv,cloudbeds
2927884555853,2026-01-18,2026-01-19,1,Bluebonnet,,391.0,441.83,2026-01-15,3,391.0,Direct,Sunday,2026-01,fbg_data.csv,cloudbeds
3689235200000,2026-01-18,2026-01-19,1,Walnut House,,369.0,501.72,2026-01-15,3,369.0,Direct,Sunday,2026-01,fbg_data.csv,cloudbeds
8614401940964,2026-01-29,2026-01-30,1,Spyglass,,272.2,0.0,2026-01-15,14,272.2,Expedia,Thursday,2026-01,fbg_data.csv,cloudbeds
8030142085957,2026-02-01,2026-02-03,2,Diamond,,825.0,932.25,2026-01-15,17,412.5,Direct,Sunday,2026-02,fbg_data.csv,cloudbeds
8579219732152,2026-02-02,2026-02-04,2,Monolith,,553.2,732.47,2026-01-15,18,276.6,Direct,Monday,2026-02,fbg_data.csv,cloudbeds
7813765859219,2026-02-15,2026-02-16,1,Post Oak,,287.13,0.0,2026-01-15,31,287.13,Expedia,Sunday,2026-02,fbg_data.csv,cloudbeds
1688516856371,2026-02-17,2026-02-18,1,Post Oak,,237.0,267.81,2026-01-15,33,237.0,Direct,Tuesday,2026-02,fbg_data.csv,cloudbeds
6746408417149,2026-02-20,2026-02-22,2,Diamond,,1784.0,2015.92,2026-01-15,36,892.0,Direct,Friday,2026-02,fbg_data.csv,cloudbeds
2124115193440,2026-02-22,2026-02-24,2,Live Oak Lodge,,817.0,1030.56,2026-01-15,38,408.5,Direct,Sunday,2026-02,fbg_data.csv,cloudbeds
6574888315511,2026-03-01,2026-03-02,1,Spiral,,427.0,482.51,2026-01-15,45,427.0,Direct,Sunday,2026-03,fbg_data.csv,cloudbeds
9047380986516,2026-03-12,2026-03-15,3,Sage Safari,,2732.0,3087.16,2026-01-15,56,910.6666666666666,Direct,Thursday,2026-03,fbg_data.csv,cloudbeds
4331848467449,2026-03-19,2026-03-22,3,Sage Safari,,2855.0,3226.15,2026-01-15,63,951.6666666666666,Direct,Thursday,2026-03,fbg_data.csv,cloudbeds
1028818839516,2026-03-23,2026-03-26,3,Cypress Lodge | Sleeps 2,,1170.0,1322.1,2026-01-15,67,390.0,Direct,Monday,2026-03,fbg_data.csv,cloudbeds
7756193209758,2026-01-16,2026-01-17,1,Cedar Haus,,297.8,0.0,2026-01-16,0,297.8,Airbnb,Friday,2026-01,fbg_data.csv,cloudbeds
3295746690675,2026-01-17,2026-01-19,2,Great Lodge: King Room,,951.0,1074.63,2026-01-16,1,475.5,Direct,Saturday,2026-01,fbg_data.csv,cloudbeds
8781914070306,2026-01-22,2026-01-24,2,Cocoon,,568.89,774.05,2026-01-16,6,284.445,Direct,Thursday,2026-01,fbg_data.csv,cloudbeds
9683009750916,2026-01-22,2026-01-24,2,Monolith,,815.0,920.95,2026-01-16,6,407.5,Direct,Thursday,2026-01,fbg_data.csv,cloudbeds
2710153438340,2026-02-11,2026-02-13,2,Spyglass,,563.6,636.86,2026-01-16,26,281.8,Direct,Wednesday,2026-02,fbg_data.csv,cloudbeds
5789247916949,2026-02-19,2026-02-21,2,Monolith,,1735.2,1960.77,2026-01-16,34,867.6,Direct,Thursday,2026-02,fbg_data.csv,cloudbeds
1113411848803,2026-02-23,2026-02-25,2,Bluebonnet,,518.0,585.34,2026-01-16,38,259.0,Direct,Monday,2026-02,fbg_data.csv,cloudbeds
5885372404713,2026-04-17,2026-04-20,3,Cedar Haus,,3420.45,3983.78,2026-01-16,91,1140.1499999999999,Direct,Friday,2026-04,fbg_data.csv,cloudbeds
5885372404713,2026-04-17,2026-04-20,3,Post Oak,,3420.45,3983.78,2026-01-16,91,1140.1499999999999,Direct,Friday,2026-04,fbg_data.csv,cloudbeds
2071766616573,2026-01-18,2026-01-19,1,Great Lodge: King Room,,348.0,500.59,2026-01-17,1,348.0,Direct,Sunday,2026-01,fbg_data.csv,cloudbeds
8495626140500,2026-02-01,2026-02-03,2,Quonset,,518.8,586.25,2026-01-17,15,259.4,Direct,Sunday,2026-02,fbg_data.csv,cloudbeds
5454368575595,2026-02-02,2026-02-04,2,Diamond,,566.0,852.01,2026-01-17,16,283.0,Direct,Monday,2026-02,fbg_data.csv,cloudbeds
4302603472621,2026-02-10,2026-02-12,2,Walnut House,,658.0,743.54,2026-01-17,24,329.0,Direct,Tuesday,2026-02,fbg_data.csv,cloudbeds
4711832685951,2026-02-15,2026-02-17,2,Monolith,,1905.4,2657.06,2026-01-17,29,952.7,Direct,Sunday,2026-02,fbg_data.csv,cloudbeds
4711832685951,2026-02-15,2026-02-17,2,Monolith,,1905.4,2657.06,2026-01-17,29,952.7,Direct,Sunday,2026-02,fbg_data.csv,cloudbeds
8274610753324,2026-02-19,2026-02-20,1,Post Oak,,238.0,268.94,2026-01-17,33,238.0,Direct,Thursday,2026-02,fbg_data.csv,cloudbeds
5561267757537,2026-03-06,2026-03-08,2,Monolith,,2718.0,3071.34,2026-01-17,48,1359.0,Direct,Friday,2026-03,fbg_data.csv,cloudbeds
5819507754122,2026-04-19,2026-04-21,2,Walnut House,,1034.0,1168.42,2026-01-17,92,517.0,Direct,Sunday,2026-04,fbg_data.csv,cloudbeds
4367729045707,2026-01-30,2026-01-31,1,Walnut House,,422.0,476.86,2026-01-18,12,422.0,Direct,Friday,2026-01,fbg_data.csv,cloudbeds
1802420454280,2026-01-30,2026-02-01,2,Quonset,,733.0,997.79,2026-01-18,12,366.5,Direct,Friday,2026-01,fbg_data.csv,cloudbeds
2696550769886,2026-01-31,2026-02-02,2,Diamond,,1043.0,1285.94,2026-01-18,13,521.5,Direct,Saturday,2026-01,fbg_data.csv,cloudbeds
3118811123056,2026-02-11,2026-02-12,1,Diamond,,283.0,427.14,2026-01-18,24,283.0,Direct,Wednesday,2026-02,fbg_data.csv,cloudbeds
7647112328217,2026-02-13,2026-02-15,2,Cedar Haus,,946.0,1068.98,2026-01-18,26,473.0,Direct,Friday,2026-02,fbg_data.csv,cloudbeds
9752739190142,2026-02-15,2026-02-17,2,Diamond,,866.0,978.58,2026-01-18,28,433.0,Direct,Sunday,2026-02,fbg_data.csv,cloudbeds
6909768491229,2026-02-17,2026-02-18,1,Monolith,,367.0,414.71,2026-01-18,30,367.0,Direct,Tuesday,2026-02,fbg_data.csv,cloudbeds
4919691436098,2026-03-18,2026-03-21,3,Live Oak Lodge,,2669.0,3015.97,2026-01-18,59,889.6666666666666,Direct,Wednesday,2026-03,fbg_data.csv,cloudbeds
5150614290854,2026-03-23,2026-03-25,2,Monolith,,1186.0,1340.18,2026-01-18,64,593.0,Direct,Monday,2026-03,fbg_data.csv,cloudbeds
5510299049600,2026-04-03,2026-04-05,2,Great Lodge: King Room,,802.0,1013.61,2026-01-18,75,401.0,Direct,Friday,2026-04,fbg_data.csv,cloudbeds
3778605412241,2026-01-19,2026-01-20,1,Live Oak Lodge,,467.34,528.09,2026-01-19,0,467.34,Booking.com,Monday,2026-01,fbg_data.csv,cloudbeds
6933035965610,2026-01-24,2026-01-25,1,Diamond,,420.0,474.6,2026-01-19,5,420.0,Direct,Saturday,2026-01,fbg_data.csv,cloudbeds
7271080044880,2026-01-28,2026-01-29,1,Diamond,,298.0,336.74,2026-01-19,9,298.0,Direct,Wednesday,2026-01,fbg_data.csv,cloudbeds
5046596400685,2026-01-29,2026-01-31,2,Quonset,,900.0,1017.0,2026-01-19,10,450.0,Direct,Thursday,2026-01,fbg_data.csv,cloudbeds
7562509063587,2026-01-30,2026-02-01,2,Cypress Lodge | Sleeps 4,,960.0,1084.8,2026-01-19,11,480.0,Direct,Friday,2026-01,fbg_data.csv,cloudbeds
1783896382975,2026-01-30,2026-02-01,2,Great Lodge: King Room,,727.0,916.51,2026-01-19,11,363.5,Direct,Friday,2026-01,fbg_data.csv,cloudbeds
7658266017403,2026-02-08,2026-02-09,1,Monolith,,496.0,560.48,2026-01-19,20,496.0,Direct,Sunday,2026-02,fbg_data.csv,cloudbeds
3758564754958,2026-02-12,2026-02-13,1,Winecup,,739.0,874.62,2026-01-19,24,739.0,Direct,Thursday,2026-02,fbg_data.csv,cloudbeds
3758564754958,2026-02-12,2026-02-13,1,Quonset,,739.0,874.62,2026-01-19,24,739.0,Direct,Thursday,2026-02,fbg_data.csv,cloudbeds
4424840179161,2026-02-13,2026-02-15,2,Monolith,,3230.0,3649.9,2026-01-19,25,1615.0,Direct,Friday,2026-02,fbg_data.csv,cloudbeds
3386203560198,2026-02-13,2026-02-15,2,Winecup,,946.0,1068.98,2026-01-19,25,473.0,Direct,Friday,2026-02,fbg_data.csv,cloudbeds
8127328721534,2026-02-14,2026-02-16,2,Diamond,,1812.0,2047.56,2026-01-19,26,906.0,Direct,Saturday,2026-02,fbg_data.csv,cloudbeds
6998467319168,2026-02-19,2026-02-20,1,Diamond,,280.16,0.0,2026-01-19,31,280.16,Expedia,Thursday,2026-02,fbg_data.csv,cloudbeds
1122422104602,2026-02-26,2026-03-01,3,Cypress Lodge | Sleeps 2,,2304.0,2722.17,2026-01-19,38,768.0,Direct,Thursday,2026-02,fbg_data.csv,cloudbeds
1122422104602,2026-02-26,2026-03-01,3,Cypress Lodge | Sleeps 4,,2304.0,2722.17,2026-01-19,38,768.0,Direct,Thursday,2026-02,fbg_data.csv,cloudbeds
1097131100640,2026-02-28,2026-03-04,4,Post Oak,,1105.25,1612.51,2026-01-19,40,276.3125,Direct,Saturday,2026-02,fbg_data.csv,cloudbeds
3442055070936,2026-01-20,2026-01-21,1,Winecup,,248.16,60.0,2026-01-20,0,248.16,Expedia,Tuesday,2026-01,fbg_data.csv,cloudbeds
4342542698311,2026-02-11,2026-02-13,2,Monarch,,640.62,0.0,2026-01-20,22,320.31,Expedia,Wednesday,2026-02,fbg_data.csv,cloudbeds
5407197852653,2026-02-14,2026-02-16,2,Great Lodge: King Room,,1077.4,1429.89,2026-01-20,25,538.7,Direct,Saturday,2026-02,fbg_data.csv,cloudbeds
5579708601336,2026-02-16,2026-02-18,2,Spyglass,,882.0,996.66,2026-01-20,27,441.0,Direct,Monday,2026-02,fbg_data.csv,cloudbeds
2938438580647,2026-02-15,2026-02-18,3,Diamond,,1121.5,1267.31,2026-01-20,26,373.8333333333333,Direct,Sunday,2026-02,fbg_data.csv,cloudbeds
8990119977569,2026-03-04,2026-03-07,3,Buckeye Bungalow,,2030.1,2294.02,2026-01-20,43,676.6999999999999,Direct,Wednesday,2026-03,fbg_data.csv,cloudbeds
4801012264026,2026-01-22,2026-01-23,1,Post Oak,,248.0,280.24,2026-01-21,1,248.0,Direct,Thursday,2026-01,fbg_data.csv,cloudbeds
5346649128739,2026-02-07,2026-02-09,2,Great Lodge: King Room,,694.0,784.22,2026-01-21,17,347.0,Direct,Saturday,2026-02,fbg_data.csv,cloudbeds
5121627599475,2026-03-01,2026-03-02,1,Great Lodge: King Room,,308.0,348.04,2026-01-21,39,308.0,Direct,Sunday,2026-03,fbg_data.csv,cloudbeds
6642931586076,2026-03-09,2026-03-11,2,Quonset,,814.0,919.82,2026-01-21,47,407.0,Direct,Monday,2026-03,fbg_data.csv,cloudbeds
5013563607068,2026-01-23,2026-01-25,2,Lantana Dome,,399.43,0.0,2026-01-22,1,199.715,Expedia,Friday,2026-01,fbg_data.csv,cloudbeds
4649351107899,2026-01-28,2026-01-29,1,Monarch,,385.0,0.0,2026-01-22,6,385.0,Airbnb,Wednesday,2026-01,fbg_data.csv,cloudbeds
5860820396119,2026-01-30,2026-02-01,2,Great Lodge: King Room,,774.0,874.62,2026-01-22,8,387.0,Direct,Friday,2026-01,fbg_data.csv,cloudbeds
9537353993069,2026-02-01,2026-02-02,1,Monarch,,285.0,322.05,2026-01-22,10,285.0,Direct,Sunday,2026-02,fbg_data.csv,cloudbeds
8955584218517,2026-02-02,2026-02-04,2,Diamond,,528.0,596.64,2026-01-22,11,264.0,Direct,Monday,2026-02,fbg_data.csv,cloudbeds
6565623453129,2026-02-06,2026-02-08,2,Monolith,,2044.0,2309.72,2026-01-22,15,1022.0,Direct,Friday,2026-02,fbg_data.csv,cloudbeds
8924440196518,2026-02-09,2026-02-10,1,Cypress Lodge | Sleeps 2,,165.37,0.0,2026-01-22,18,165.37,Expedia,Monday,2026-02,fbg_data.csv,cloudbeds
1368951536793,2026-02-10,2026-02-12,2,Monolith,,528.0,596.64,2026-01-22,19,264.0,Direct,Tuesday,2026-02,fbg_data.csv,cloudbeds
7196406145826,2026-02-11,2026-02-13,2,Cypress Lodge | Sleeps 2,,575.0,649.75,2026-01-22,20,287.5,Direct,Wednesday,2026-02,fbg_data.csv,cloudbeds
7196406145826,2026-02-11,2026-02-13,2,Cypress Lodge | Sleeps 4,,575.0,649.75,2026-01-22,20,287.5,Direct,Wednesday,2026-02,fbg_data.csv,cloudbeds
8743552178042,2026-05-27,2026-05-31,4,Post Oak,,1682.0,1900.66,2026-01-22,125,420.5,Direct,Wednesday,2026-05,fbg_data.csv,cloudbeds
3158078943672,2026-01-23,2026-01-24,1,Great Lodge: King Room,,221.0,249.73,2026-01-23,0,221.0,Direct,Friday,2026-01,fbg_data.csv,cloudbeds
2875906412485,2026-02-01,2026-02-02,1,Diamond,,273.0,308.49,2026-01-23,9,273.0,Direct,Sunday,2026-02,fbg_data.csv,cloudbeds
1118284068894,2026-02-01,2026-02-02,1,Sage Safari,,264.0,298.32,2026-01-23,9,264.0,Direct,Sunday,2026-02,fbg_data.csv,cloudbeds
1175331153413,2026-02-11,2026-02-13,2,Monolith,,760.0,858.8,2026-01-23,19,380.0,Direct,Wednesday,2026-02,fbg_data.csv,cloudbeds
7383313267140,2026-02-25,2026-02-26,1,Quonset,,247.0,279.11,2026-01-23,33,247.0,Direct,Wednesday,2026-02,fbg_data.csv,cloudbeds
5478163330505,2026-01-24,2026-01-25,1,Quonset,,275.0,310.75,2026-01-24,0,275.0,Direct,Saturday,2026-01,fbg_data.csv,cloudbeds
8031848030118,2026-02-12,2026-02-13,1,Sage Safari,,324.0,0.0,2026-01-24,19,324.0,Expedia,Thursday,2026-02,fbg_data.csv,cloudbeds
6892027692031,2026-02-13,2026-02-15,2,Lantana Dome,,1862.0,2556.06,2026-01-24,20,931.0,Direct,Friday,2026-02,fbg_data.csv,cloudbeds
6390194156923,2026-02-15,2026-02-16,1,Spyglass,,482.0,544.66,2026-01-24,22,482.0,Direct,Sunday,2026-02,fbg_data.csv,cloudbeds
8983629648227,2026-02-17,2026-02-19,2,Sage Safari,,431.04,0.0,2026-01-24,24,215.52,Expedia,Tuesday,2026-02,fbg_data.csv,cloudbeds
1618716277833,2026-02-20,2026-02-22,2,Juniper Haus,,734.67,1128.87,2026-01-24,27,367.335,Direct,Friday,2026-02,fbg_data.csv,cloudbeds
5951281506731,2026-02-20,2026-02-22,2,Sage Safari,,1330.0,1597.9,2026-01-24,27,665.0,Direct,Friday,2026-02,fbg_data.csv,cloudbeds
2852390098956,2026-02-22,2026-02-23,1,Spyglass,,465.0,0.0,2026-01-24,29,465.0,Airbnb,Sunday,2026-02,fbg_data.csv,cloudbeds
4781506661894,2026-02-20,2026-02-23,3,Monarch,,2387.75,2698.17,2026-01-24,27,795.9166666666666,Direct,Friday,2026-02,fbg_data.csv,cloudbeds
2613799825073,2026-02-21,2026-02-24,3,Walnut House,,1727.0,2271.29,2026-01-24,28,575.6666666666666,Direct,Saturday,2026-02,fbg_data.csv,cloudbeds
7688049915987,2026-02-01,2026-02-02,1,Post Oak,,213.0,240.69,2026-01-25,7,213.0,Direct,Sunday,2026-02,fbg_data.csv,cloudbeds
7015956402600,2026-02-06,2026-02-08,2,Cypress Lodge | Sleeps 2,,909.28,0.0,2026-01-25,12,454.64,Expedia,Friday,2026-02,fbg_data.csv,cloudbeds
8536842796043,2026-02-05,2026-02-08,3,Spyglass,,2197.0,2571.61,2026-01-25,11,732.3333333333334,Direct,Thursday,2026-02,fbg_data.csv,cloudbeds
6336075976430,2026-02-06,2026-02-08,2,Diamond,,1225.88,1385.26,2026-01-25,12,612.94,Direct,Friday,2026-02,fbg_data.csv,cloudbeds
9297331307579,2026-02-09,2026-02-10,1,Monolith,,264.0,298.32,2026-01-25,15,264.0,Direct,Monday,2026-02,fbg_data.csv,cloudbeds
1590565306775,2026-02-11,2026-02-12,1,Quonset,,224.0,253.12,2026-01-25,17,224.0,Direct,Wednesday,2026-02,fbg_data.csv,cloudbeds
3729179548899,2026-02-12,2026-02-13,1,Diamond,,415.0,468.95,2026-01-25,18,415.0,Direct,Thursday,2026-02,fbg_data.csv,cloudbeds
7985922849909,2026-02-12,2026-02-13,1,Post Oak,,211.42,0.0,2026-01-25,18,211.42,Expedia,Thursday,2026-02,fbg_data.csv,cloudbeds
5566802410179,2026-02-14,2026-02-15,1,Monolith,,1615.0,2037.38,2026-01-25,20,1615.0,Direct,Saturday,2026-02,fbg_data.csv,cloudbeds
3856994354881,2026-02-27,2026-03-01,2,Cypress Lodge | Sleeps 2,,970.0,1096.1,2026-01-25,33,485.0,Direct,Friday,2026-02,fbg_data.csv,cloudbeds
4992974817328,2026-03-09,2026-03-11,2,Cedar Haus,,664.0,750.32,2026-01-25,43,332.0,Direct,Monday,2026-03,fbg_data.csv,cloudbeds
9538287178340,2026-04-16,2026-04-18,2,Monolith,,2001.0,2261.13,2026-01-25,81,1000.5,Direct,Thursday,2026-04,fbg_data.csv,cloudbeds
7249631162491,2026-01-26,2026-01-27,1,Winecup,,298.0,336.74,2026-01-26,0,298.0,Direct,Monday,2026-01,fbg_data.csv,cloudbeds
7249631162491,2026-01-26,2026-01-27,1,Winecup,,298.0,336.74,2026-01-26,0,298.0,Direct,Monday,2026-01,fbg_data.csv,cloudbeds
9914120035148,2026-01-28,2026-01-29,1,Spyglass,,385.0,0.0,2026-01-26,2,385.0,Airbnb,Wednesday,2026-01,fbg_data.csv,cloudbeds
7094121912878,2026-02-08,2026-02-11,3,Winecup,,742.76,0.0,2026-01-26,13,247.58666666666667,Expedia,Sunday,2026-02,fbg_data.csv,cloudbeds
4732815903167,2026-02-10,2026-02-11,1,Monolith,,287.0,324.31,2026-01-26,15,287.0,Direct,Tuesday,2026-02,fbg_data.csv,cloudbeds
9206648505025,2026-02-13,2026-02-15,2,Cypress Lodge | Sleeps 4,,1494.0,1900.65,2026-01-26,18,747.0,Direct,Friday,2026-02,fbg_data.csv,cloudbeds
6170590586796,2026-02-14,2026-02-16,2,Monarch,,1930.7,2289.05,2026-01-26,19,965.35,Direct,Saturday,2026-02,fbg_data.csv,cloudbeds
8349182665463,2026-02-17,2026-02-18,1,Live Oak Lodge,,265.0,299.45,2026-01-26,22,265.0,Direct,Tuesday,2026-02,fbg_data.csv,cloudbeds
8598687245900,2026-02-27,2026-03-01,2,Pecan Haus,,904.0,1233.95,2026-01-26,32,452.0,Direct,Friday,2026-02,fbg_data.csv,cloudbeds
5002210566842,2026-01-31,2026-02-01,1,Quonset,,379.0,428.27,2026-01-27,4,379.0,Direct,Saturday,2026-01,fbg_data.csv,cloudbeds
6919535401256,2026-01-30,2026-02-01,2,Great Lodge: King Room,,791.93,0.0,2026-01-27,3,395.965,Expedia,Friday,2026-01,fbg_data.csv,cloudbeds
1433285492118,2026-02-13,2026-02-15,2,Great Lodge: King Room,,1266.0,1430.58,2026-01-27,17,633.0,Direct,Friday,2026-02,fbg_data.csv,cloudbeds
8057198746117,2026-05-17,2026-05-20,3,Monarch,,1467.0,1657.71,2026-01-27,110,489.0,Direct,Sunday,2026-05,fbg_data.csv,cloudbeds
1342707106346,2026-01-28,2026-01-30,2,Live Oak Lodge,,574.0,648.62,2026-01-28,0,287.0,Direct,Wednesday,2026-01,fbg_data.csv,cloudbeds
2471330600994,2026-02-01,2026-02-02,1,Monolith,,325.0,367.25,2026-01-28,4,325.0,Direct,Sunday,2026-02,fbg_data.csv,cloudbeds
8986020382222,2026-02-01,2026-02-02,1,Spyglass,,258.24,0.0,2026-01-28,4,258.24,Expedia,Sunday,2026-02,fbg_data.csv,cloudbeds
9004130990947,2026-02-01,2026-02-04,3,Live Oak Lodge,,815.0,1015.95,2026-01-28,4,271.6666666666667,Direct,Sunday,2026-02,fbg_data.csv,cloudbeds
2659320339828,2026-02-03,2026-02-05,2,Monarch,,530.0,598.9,2026-01-28,6,265.0,Direct,Tuesday,2026-02,fbg_data.csv,cloudbeds
7734561001231,2026-02-06,2026-02-08,2,Spiral,,1598.46,0.0,2026-01-28,9,799.23,Expedia,Friday,2026-02,fbg_data.csv,cloudbeds
3478726415632,2026-02-06,2026-02-08,2,Great Lodge: King Room,,850.0,960.5,2026-01-28,9,425.0,Direct,Friday,2026-02,fbg_data.csv,cloudbeds
8368350211241,2026-02-08,2026-02-09,1,Diamond,,231.34,0.0,2026-01-28,11,231.34,Expedia,Sunday,2026-02,fbg_data.csv,cloudbeds
3100882977644,2026-02-08,2026-02-09,1,Monarch,,311.0,351.43,2026-01-28,11,311.0,Direct,Sunday,2026-02,fbg_data.csv,cloudbeds
6985473711075,2026-02-10,2026-02-11,1,Cypress Lodge | Sleeps 2,,180.87,0.0,2026-01-28,13,180.87,Expedia,Tuesday,2026-02,fbg_data.csv,cloudbeds
5416878722836,2026-02-10,2026-02-13,3,Cypress Lodge | Sleeps 2,,625.74,0.0,2026-01-28,13,208.58,Expedia,Tuesday,2026-02,fbg_data.csv,cloudbeds
5416878722836,2026-02-10,2026-02-13,3,Diamond,,625.74,0.0,2026-01-28,13,208.58,Expedia,Tuesday,2026-02,fbg_data.csv,cloudbeds
7607665784076,2026-02-13,2026-02-14,1,Monolith,,1615.0,2037.38,2026-01-28,16,1615.0,Direct,Friday,2026-02,fbg_data.csv,cloudbeds
3464935735579,2026-02-13,2026-02-14,1,Monarch,,1007.0,1350.34,2026-01-28,16,1007.0,Direct,Friday,2026-02,fbg_data.csv,cloudbeds
1041919641742,2026-02-13,2026-02-16,3,Buckeye Bungalow,,2949.93,199.0,2026-01-28,16,983.31,Airbnb,Friday,2026-02,fbg_data.csv,cloudbeds
5981763790485,2026-02-22,2026-02-24,2,Diamond,,530.8,599.8,2026-01-28,25,265.4,Direct,Sunday,2026-02,fbg_data.csv,cloudbeds
2403786671311,2026-04-06,2026-04-08,2,Live Oak Lodge,,1107.3,1251.26,2026-01-28,68,553.65,Direct,Monday,2026-04,fbg_data.csv,cloudbeds
3563380269364,2026-01-30,2026-01-31,1,Cypress Lodge | Sleeps 2,,348.0,393.24,2026-01-29,1,348.0,Direct,Friday,2026-01,fbg_data.csv,cloudbeds
9320018347831,2026-01-31,2026-02-01,1,Cypress Lodge | Sleeps 2,,294.0,332.22,2026-01-29,2,294.0,Direct,Saturday,2026-01,fbg_data.csv,cloudbeds
4846394259240,2026-02-04,2026-02-05,1,Spiral,,287.0,324.31,2026-01-29,6,287.0,Direct,Wednesday,2026-02,fbg_data.csv,cloudbeds
7557370252705,2026-02-06,2026-02-08,2,Winecup,,1132.0,1279.16,2026-01-29,8,566.0,Direct,Friday,2026-02,fbg_data.csv,cloudbeds
9772906899016,2026-02-08,2026-02-11,3,Sage Safari,,790.0,892.7,2026-01-29,10,263.3333333333333,Direct,Sunday,2026-02,fbg_data.csv,cloudbeds
5045783025225,2026-02-11,2026-02-13,2,Diamond,,651.56,0.0,2026-01-29,13,325.78,Expedia,Wednesday,2026-02,fbg_data.csv,cloudbeds
9117799320056,2026-02-14,2026-02-16,2,Cypress Lodge | Sleeps 4,,1199.0,1354.87,2026-01-29,16,599.5,Direct,Saturday,2026-02,fbg_data.csv,cloudbeds
9418622342707,2026-02-15,2026-02-16,1,Winecup,,384.0,433.92,2026-01-29,17,384.0,Direct,Sunday,2026-02,fbg_data.csv,cloudbeds
4359958688890,2026-02-14,2026-02-16,2,Walnut House,,2073.81,0.0,2026-01-29,16,1036.905,Expedia,Saturday,2026-02,fbg_data.csv,cloudbeds
3618577749248,2026-02-20,2026-02-22,2,Live Oak Lodge,,1656.0,1871.28,2026-01-29,22,828.0,Direct,Friday,2026-02,fbg_data.csv,cloudbeds
2179098382669,2026-01-30,2026-01-31,1,Pecan Haus,,267.21,0.0,2026-01-30,0,267.21,Expedia,Friday,2026-01,fbg_data.csv,cloudbeds
6145981173277,2026-01-31,2026-02-01,1,Pecan Haus,,294.0,332.22,2026-01-30,1,294.0,Direct,Saturday,2026-01,fbg_data.csv,cloudbeds
1063695605281,2026-01-31,2026-02-01,1,Cypress Lodge | Sleeps 4,,336.95,0.0,2026-01-30,1,336.95,Expedia,Saturday,2026-01,fbg_data.csv,cloudbeds
8400078092087,2026-02-01,2026-02-05,4,Cypress Lodge | Sleeps 2,,758.02,0.0,2026-01-30,2,189.505,Expedia,Sunday,2026-02,fbg_data.csv,cloudbeds
3989419829519,2026-02-05,2026-02-08,3,Sage Safari,,1573.55,1778.11,2026-01-30,6,524.5166666666667,Direct,Thursday,2026-02,fbg_data.csv,cloudbeds
3024269070189,2026-02-06,2026-02-08,2,Quonset,,626.0,707.38,2026-01-30,7,313.0,Direct,Friday,2026-02,fbg_data.csv,cloudbeds
3505646068918,2026-02-09,2026-02-10,1,Spyglass,,265.0,406.8,2026-01-30,10,265.0,Direct,Monday,2026-02,fbg_data.csv,cloudbeds
6334967845880,2026-02-09,2026-02-12,3,Live Oak Lodge,,618.89,0.0,2026-01-30,10,206.29666666666665,Expedia,Monday,2026-02,fbg_data.csv,cloudbeds
9338439936926,2026-02-10,2026-02-12,2,Cypress Lodge | Sleeps 4,,507.0,572.91,2026-01-30,11,253.5,Direct,Tuesday,2026-02,fbg_data.csv,cloudbeds
8936583033173,2026-03-10,2026-03-12,2,Live Oak Lodge,,972.0,1098.36,2026-01-30,39,486.0,Direct,Tuesday,2026-03,fbg_data.csv,cloudbeds
7106299233589,2026-04-20,2026-04-22,2,Bluebonnet,,854.0,965.02,2026-01-30,80,427.0,Direct,Monday,2026-04,fbg_data.csv,cloudbeds
7166429200046,2026-04-23,2026-04-26,3,Cypress Lodge | Sleeps 6,,2390.12,3489.44,2026-01-30,83,796.7066666666666,Direct,Thursday,2026-04,fbg_data.csv,cloudbeds
3574847931961,2026-01-31,2026-02-01,1,Cedar Haus,,267.21,0.0,2026-01-31,0,267.21,Expedia,Saturday,2026-01,fbg_data.csv,cloudbeds
6512417706979,2026-02-02,2026-02-03,1,Spyglass,,200.01,0.0,2026-01-31,2,200.01,Expedia,Monday,2026-02,fbg_data.csv,cloudbeds
6048412196957,2026-02-02,2026-02-03,1,Monarch,,265.0,299.45,2026-01-31,2,265.0,Direct,Monday,2026-02,fbg_data.csv,cloudbeds
4770015125623,2026-02-03,2026-02-04,1,Cypress Lodge | Sleeps 6,,287.0,431.66,2026-01-31,3,287.0,Direct,Tuesday,2026-02,fbg_data.csv,cloudbeds
8557798760465,2026-02-02,2026-02-06,4,Walnut House,,1189.0,1343.57,2026-01-31,2,297.25,Direct,Monday,2026-02,fbg_data.csv,cloudbeds
9630418727092,2026-02-13,2026-02-15,2,Great Lodge: King Room,,1696.0,0.0,2026-01-31,13,848.0,Airbnb,Friday,2026-02,fbg_data.csv,cloudbeds
3114365726969,2026-02-15,2026-02-16,1,Cedar Haus,,258.0,291.54,2026-01-31,15,258.0,Direct,Sunday,2026-02,fbg_data.csv,cloudbeds
4074973449872,2026-02-14,2026-02-16,2,Live Oak Lodge,,1838.0,2076.94,2026-01-31,14,919.0,Direct,Saturday,2026-02,fbg_data.csv,cloudbeds
5051710861581,2026-02-18,2026-02-19,1,Spyglass,,265.0,511.88,2026-01-31,18,265.0,Direct,Wednesday,2026-02,fbg_data.csv,cloudbeds
3555501761005,2026-02-19,2026-02-20,1,Sage Safari,,215.41,0.0,2026-01-31,19,215.41,Expedia,Thursday,2026-02,fbg_data.csv,cloudbeds
2324108540157,2026-03-06,2026-03-08,2,Live Oak Lodge,,2501.1,2826.24,2026-01-31,34,1250.55,Direct,Friday,2026-03,fbg_data.csv,cloudbeds
9752120247909,2026-03-09,2026-03-10,1,Buckeye Bungalow,,562.8,1096.56,2026-01-31,37,562.8,Direct,Monday,2026-03,fbg_data.csv,cloudbeds
8048839728298,2026-03-12,2026-03-13,1,Live Oak Lodge,,531.0,600.03,2026-01-31,40,531.0,Direct,Thursday,2026-03,fbg_data.csv,cloudbeds
1741129895700,2026-04-10,2026-04-12,2,Cypress Lodge | Sleeps 4,,1196.0,1563.91,2026-01-31,69,598.0,Direct,Friday,2026-04,fbg_data.csv,cloudbeds
5859527599587,2026-02-05,2026-02-07,2,Diamond,,1044.0,1179.72,2026-02-01,4,522.0,Direct,Thursday,2026-02,fbg_data.csv,cloudbeds
3626590745777,2026-02-06,2026-02-08,2,Cypress Lodge | Sleeps 4,,732.0,827.16,2026-02-01,5,366.0,Direct,Friday,2026-02,fbg_data.csv,cloudbeds
3129627032252,2026-02-09,2026-02-11,2,Monarch,,530.0,598.9,2026-02-01,8,265.0,Direct,Monday,2026-02,fbg_data.csv,cloudbeds
1582562431510,2026-02-10,2026-02-12,2,Winecup,,553.0,624.89,2026-02-01,9,276.5,Direct,Tuesday,2026-02,fbg_data.csv,cloudbeds
6162147695536,2026-02-15,2026-02-16,1,Great Lodge: King Room,,291.0,328.83,2026-02-01,14,291.0,Direct,Sunday,2026-02,fbg_data.csv,cloudbeds
9725030092440,2026-02-15,2026-02-16,1,Cypress Lodge | Sleeps 4,,382.0,431.66,2026-02-01,14,382.0,Direct,Sunday,2026-02,fbg_data.csv,cloudbeds
3362201287733,2026-02-23,2026-02-24,1,Quonset,,247.0,279.11,2026-02-01,22,247.0,Direct,Monday,2026-02,fbg_data.csv,cloudbeds
9523164242673,2026-03-11,2026-03-13,2,Cypress Lodge | Sleeps 6,,1148.0,1297.24,2026-02-01,38,574.0,Direct,Wednesday,2026-03,fbg_data.csv,cloudbeds
4726498385618,2026-04-24,2026-04-27,3,Spyglass,,3401.0,3843.13,2026-02-01,82,1133.6666666666667,Direct,Friday,2026-04,fbg_data.csv,cloudbeds
9503932078420,2026-05-27,2026-05-29,2,Monarch,,1144.1,1505.25,2026-02-01,115,572.05,Direct,Wednesday,2026-05,fbg_data.csv,cloudbeds
4516908202394,2026-06-01,2026-06-04,3,Post Oak,,948.0,1178.59,2026-02-01,120,316.0,Direct,Monday,2026-06,fbg_data.csv,cloudbeds
1414823908649,2026-02-01,2026-02-02,1,Winecup,,288.0,325.44,2026-02-02,-1,288.0,Direct,Sunday,2026-02,fbg_data.csv,cloudbeds
5010071380225,2026-02-06,2026-02-07,1,Buckeye Bungalow,,324.0,366.12,2026-02-02,4,324.0,Direct,Friday,2026-02,fbg_data.csv,cloudbeds
8496136620210,2026-02-05,2026-02-07,2,Cypress Lodge | Sleeps 4,,782.0,883.66,2026-02-02,3,391.0,Direct,Thursday,2026-02,fbg_data.csv,cloudbeds
2002976277071,2026-02-05,2026-02-07,2,Monolith,,857.22,0.0,2026-02-02,3,428.61,Expedia,Thursday,2026-02,fbg_data.csv,cloudbeds
7974864437160,2026-02-07,2026-02-08,1,Cedar Haus,,415.13,469.1,2026-02-02,5,415.13,Booking.com,Saturday,2026-02,fbg_data.csv,cloudbeds
6441492774480,2026-02-06,2026-02-08,2,Quonset,,1012.0,1143.56,2026-02-02,4,506.0,Direct,Friday,2026-02,fbg_data.csv,cloudbeds
3143319654487,2026-02-13,2026-02-14,1,Cypress Lodge | Sleeps 4,,747.0,1056.54,2026-02-02,11,747.0,Direct,Friday,2026-02,fbg_data.csv,cloudbeds
6999808585023,2026-02-14,2026-02-15,1,Cypress Lodge | Sleeps 2,,833.0,1839.63,2026-02-02,12,833.0,Direct,Saturday,2026-02,fbg_data.csv,cloudbeds
2499833651511,2026-02-23,2026-02-24,1,Buckeye Bungalow,,236.0,266.68,2026-02-02,21,236.0,Direct,Monday,2026-02,fbg_data.csv,cloudbeds
7880954388536,2026-02-23,2026-02-25,2,Winecup,,518.0,585.34,2026-02-02,21,259.0,Direct,Monday,2026-02,fbg_data.csv,cloudbeds
9534804951483,2026-02-28,2026-03-03,3,Quonset,,1675.0,1892.75,2026-02-02,26,558.3333333333334,Direct,Saturday,2026-02,fbg_data.csv,cloudbeds
9556222830129,2026-03-09,2026-03-11,2,Spyglass,,1114.0,1258.82,2026-02-02,35,557.0,Direct,Monday,2026-03,fbg_data.csv,cloudbeds
4380758029346,2026-03-13,2026-03-15,2,Post Oak,,1284.0,1450.92,2026-02-02,39,642.0,Direct,Friday,2026-03,fbg_data.csv,cloudbeds
1335631257282,2026-02-04,2026-02-05,1,Winecup,,265.0,299.45,2026-02-03,1,265.0,Direct,Wednesday,2026-02,fbg_data.csv,cloudbeds
6308355778779,2026-02-04,2026-02-05,1,Cedar Haus,,259.55,0.0,2026-02-03,1,259.55,Airbnb,Wednesday,2026-02,fbg_data.csv,cloudbeds
7562043539866,2026-02-05,2026-02-06,1,Quonset,,252.0,284.76,2026-02-03,2,252.0,Direct,Thursday,2026-02,fbg_data.csv,cloudbeds
6999054197774,2026-02-07,2026-02-08,1,Cocoon,,352.0,397.76,2026-02-03,4,352.0,Direct,Saturday,2026-02,fbg_data.csv,cloudbeds
7457340001211,2026-02-07,2026-02-08,1,Buckeye Bungalow,,352.0,397.76,2026-02-03,4,352.0,Direct,Saturday,2026-02,fbg_data.csv,cloudbeds
2656288109518,2026-02-07,2026-02-08,1,Pecan Haus,,319.0,360.47,2026-02-03,4,319.0,Direct,Saturday,2026-02,fbg_data.csv,cloudbeds
4705324088027,2026-02-04,2026-02-08,4,Great Lodge: King Room,,1063.0,1413.62,2026-02-03,1,265.75,Direct,Wednesday,2026-02,fbg_data.csv,cloudbeds
9993468064213,2026-02-07,2026-02-08,1,Walnut House,,423.63,0.0,2026-02-03,4,423.63,Expedia,Saturday,2026-02,fbg_data.csv,cloudbeds
7392461345828,2026-02-06,2026-02-08,2,Great Lodge: King Room,,745.0,0.0,2026-02-03,3,372.5,Airbnb,Friday,2026-02,fbg_data.csv,cloudbeds
2725382526408,2026-02-08,2026-02-09,1,Spyglass,,220.38,0.0,2026-02-03,5,220.38,Expedia,Sunday,2026-02,fbg_data.csv,cloudbeds
4590130253482,2026-02-07,2026-02-09,2,Cypress Lodge | Sleeps 4,,738.66,95.0,2026-02-03,4,369.33,Expedia,Saturday,2026-02,fbg_data.csv,cloudbeds
9500988038630,2026-02-10,2026-02-12,2,Diamond,,599.0,676.87,2026-02-03,7,299.5,Direct,Tuesday,2026-02,fbg_data.csv,cloudbeds
4091420160399,2026-02-13,2026-02-15,2,Spiral,,2737.0,3412.59,2026-02-03,10,1368.5,Direct,Friday,2026-02,fbg_data.csv,cloudbeds
1510213483809,2026-02-13,2026-02-15,2,Diamond,,2678.0,3026.14,2026-02-03,10,1339.0,Direct,Friday,2026-02,fbg_data.csv,cloudbeds
8955832094899,2026-02-14,2026-02-16,2,Bluebonnet,,1710.0,2039.65,2026-02-03,11,855.0,Direct,Saturday,2026-02,fbg_data.csv,cloudbeds
8955832094899,2026-02-14,2026-02-16,2,Quonset,,1710.0,2039.65,2026-02-03,11,855.0,Direct,Saturday,2026-02,fbg_data.csv,cloudbeds
2629331677130,2026-02-14,2026-02-16,2,Cypress Lodge | Sleeps 2,,1440.0,1627.2,2026-02-03,11,720.0,Direct,Saturday,2026-02,fbg_data.csv,cloudbeds
9903011857094,2026-02-16,2026-02-17,1,Spiral,,287.0,536.74,2026-02-03,13,287.0,Direct,Monday,2026-02,fbg_data.csv,cloudbeds
2982159913736,2026-02-19,2026-02-21,2,Winecup,,1164.0,1315.32,2026-02-03,16,582.0,Direct,Thursday,2026-02,fbg_data.csv,cloudbeds
8861064981149,2026-02-27,2026-03-01,2,Live Oak Lodge,,1440.46,95.0,2026-02-03,24,720.23,Expedia,Friday,2026-02,fbg_data.csv,cloudbeds
4050784601843,2026-03-01,2026-03-03,2,Spyglass,,967.0,1092.71,2026-02-03,26,483.5,Direct,Sunday,2026-03,fbg_data.csv,cloudbeds
2141292089462,2026-02-04,2026-02-05,1,Sage Safari,,313.41,354.15,2026-02-04,0,313.41,Booking.com,Wednesday,2026-02,fbg_data.csv,cloudbeds
6174123769269,2026-02-04,2026-02-05,1,Spyglass,,244.0,275.72,2026-02-04,0,244.0,Direct,Wednesday,2026-02,fbg_data.csv,cloudbeds
9471361730703,2026-02-04,2026-02-06,2,Diamond,,559.25,631.95,2026-02-04,0,279.625,Direct,Wednesday,2026-02,fbg_data.csv,cloudbeds
7403252153685,2026-02-04,2026-02-06,2,Cypress Lodge | Sleeps 2,,450.0,508.5,2026-02-04,0,225.0,Direct,Wednesday,2026-02,fbg_data.csv,cloudbeds
8146123022716,2026-02-11,2026-02-12,1,Sage Safari,,264.0,298.32,2026-02-04,7,264.0,Direct,Wednesday,2026-02,fbg_data.csv,cloudbeds
2118267537526,2026-02-15,2026-02-16,1,Winecup,,258.0,291.54,2026-02-04,11,258.0,Direct,Sunday,2026-02,fbg_data.csv,cloudbeds
7462248416463,2026-02-17,2026-02-18,1,Cypress Lodge | Sleeps 4,,181.96,0.0,2026-02-04,13,181.96,Expedia,Tuesday,2026-02,fbg_data.csv,cloudbeds
8040478216135,2026-02-16,2026-02-18,2,Cypress Lodge | Sleeps 2,,356.48,0.0,2026-02-04,12,178.24,Expedia,Monday,2026-02,fbg_data.csv,cloudbeds
7012240121280,2026-02-18,2026-02-19,1,Cypress Lodge | Sleeps 4,,181.96,0.0,2026-02-04,14,181.96,Expedia,Wednesday,2026-02,fbg_data.csv,cloudbeds
3412784137457,2026-02-20,2026-02-22,2,Bluebonnet,,1538.0,1737.94,2026-02-04,16,769.0,Direct,Friday,2026-02,fbg_data.csv,cloudbeds
7650725020184,2026-02-19,2026-02-22,3,Great Lodge: King Room,,876.0,1782.0,2026-02-04,15,292.0,Direct,Thursday,2026-02,fbg_data.csv,cloudbeds
2283508582938,2026-02-25,2026-02-26,1,Monolith,,286.57,0.0,2026-02-04,21,286.57,Expedia,Wednesday,2026-02,fbg_data.csv,cloudbeds
2516810673837,2026-03-16,2026-03-19,3,Buckeye Bungalow,,1455.0,1644.15,2026-02-04,40,485.0,Direct,Monday,2026-03,fbg_data.csv,cloudbeds
5748607997659,2026-03-26,2026-03-28,2,Spyglass,,1827.0,2064.51,2026-02-04,50,913.5,Direct,Thursday,2026-03,fbg_data.csv,cloudbeds
8016364261395,2026-04-06,2026-04-09,3,Monolith,,1554.0,1756.02,2026-02-04,61,518.0,Direct,Monday,2026-04,fbg_data.csv,cloudbeds
1375147857425,2026-05-15,2026-05-17,2,Post Oak,,1132.6,1279.84,2026-02-04,100,566.3,Direct,Friday,2026-05,fbg_data.csv,cloudbeds
8802918758831,2026-02-05,2026-02-06,1,Live Oak Lodge,,275.0,310.75,2026-02-05,0,275.0,Direct,Thursday,2026-02,fbg_data.csv,cloudbeds
4996723650042,2026-02-07,2026-02-08,1,Diamond,,614.0,693.82,2026-02-05,2,614.0,Direct,Saturday,2026-02,fbg_data.csv,cloudbeds
2156342185728,2026-02-06,2026-02-08,2,Winecup,,967.0,1092.71,2026-02-05,1,483.5,Direct,Friday,2026-02,fbg_data.csv,cloudbeds
6815931624562,2026-02-08,2026-02-10,2,Cypress Lodge | Sleeps 2,,355.6,401.84,2026-02-05,3,177.8,Direct,Sunday,2026-02,fbg_data.csv,cloudbeds
3027113368757,2026-02-09,2026-02-11,2,Diamond,,574.0,648.62,2026-02-05,4,287.0,Direct,Monday,2026-02,fbg_data.csv,cloudbeds
6169885361086,2026-02-13,2026-02-15,2,Diamond,,2789.88,3152.56,2026-02-05,8,1394.94,Direct,Friday,2026-02,fbg_data.csv,cloudbeds
9648878167857,2026-02-16,2026-02-17,1,Cedar Haus,,265.0,299.45,2026-02-05,11,265.0,Direct,Monday,2026-02,fbg_data.csv,cloudbeds
1716702044559,2026-02-17,2026-02-19,2,Diamond,,574.0,648.62,2026-02-05,12,287.0,Direct,Tuesday,2026-02,fbg_data.csv,cloudbeds
4118546374068,2026-02-21,2026-02-24,3,Diamond,,1914.0,2162.82,2026-02-05,16,638.0,Direct,Saturday,2026-02,fbg_data.csv,cloudbeds
4118546374068,2026-02-21,2026-02-24,3,Monolith,,1914.0,2162.82,2026-02-05,16,638.0,Direct,Saturday,2026-02,fbg_data.csv,cloudbeds
1560753180800,2026-03-12,2026-03-14,2,Cypress Lodge | Sleeps 4,,1161.55,1312.55,2026-02-05,35,580.775,Direct,Thursday,2026-03,fbg_data.csv,cloudbeds
2516905432614,2026-02-06,2026-02-07,1,Cedar Haus,,307.15,0.0,2026-02-06,0,307.15,Airbnb,Friday,2026-02,fbg_data.csv,cloudbeds
8461288507680,2026-02-06,2026-02-07,1,Great Lodge: King Room,,268.0,302.84,2026-02-06,0,268.0,Direct,Friday,2026-02,fbg_data.csv,cloudbeds
1810868384733,2026-02-07,2026-02-08,1,Great Lodge: King Room,,289.25,0.0,2026-02-06,1,289.25,Expedia,Saturday,2026-02,fbg_data.csv,cloudbeds
5296886853315,2026-02-07,2026-02-08,1,Diamond,,586.02,0.0,2026-02-06,1,586.02,Expedia,Saturday,2026-02,fbg_data.csv,cloudbeds
5088882197810,2026-02-09,2026-02-11,2,Spiral,,574.0,861.05,2026-02-06,3,287.0,Direct,Monday,2026-02,fbg_data.csv,cloudbeds
4015991316740,2026-02-12,2026-02-13,1,Monolith,,256.38,0.0,2026-02-06,6,256.38,Expedia,Thursday,2026-02,fbg_data.csv,cloudbeds
7912019300009,2026-02-13,2026-02-14,1,Sage Safari,,919.0,1250.9,2026-02-06,7,919.0,Direct,Friday,2026-02,fbg_data.csv,cloudbeds
4230485862548,2026-03-17,2026-03-19,2,Sage Safari,,970.0,1096.1,2026-02-06,39,485.0,Direct,Tuesday,2026-03,fbg_data.csv,cloudbeds
3795203768669,2026-03-23,2026-03-27,4,Walnut House,,2489.0,2812.57,2026-02-06,45,622.25,Direct,Monday,2026-03,fbg_data.csv,cloudbeds
7676095837735,2026-02-08,2026-02-09,1,Walnut House,,311.0,351.43,2026-02-07,1,311.0,Direct,Sunday,2026-02,fbg_data.csv,cloudbeds
4132499433877,2026-02-08,2026-02-09,1,Diamond,,326.0,368.38,2026-02-07,1,326.0,Direct,Sunday,2026-02,fbg_data.csv,cloudbeds
4121365349198,2026-02-09,2026-02-10,1,Great Lodge: King Room,,221.0,249.73,2026-02-07,2,221.0,Direct,Monday,2026-02,fbg_data.csv,cloudbeds
7936766597675,2026-02-20,2026-02-21,1,Cypress Lodge | Sleeps 4,,515.0,581.95,2026-02-07,13,515.0,Direct,Friday,2026-02,fbg_data.csv,cloudbeds
9802525422008,2026-02-22,2026-02-24,2,Diamond,,530.8,599.8,2026-02-07,15,265.4,Direct,Sunday,2026-02,fbg_data.csv,cloudbeds
1442132291311,2026-02-09,2026-02-10,1,Walnut House,,265.0,299.45,2026-02-08,1,265.0,Direct,Monday,2026-02,fbg_data.csv,cloudbeds
1356873716967,2026-08-24,2026-08-28,4,Monarch,,1811.0,2046.43,2026-02-09,196,452.75,Direct,Monday,2026-08,fbg_data.csv,cloudbeds
5981606338404,2026-02-10,2026-02-11,1,Diamond,,287.0,324.31,2026-02-09,1,287.0,Direct,Tuesday,2026-02,fbg_data.csv,cloudbeds
5698314854073,2026-02-11,2026-02-12,1,Cypress Lodge | Sleeps 2,,240.0,483.63,2026-02-09,2,240.0,Direct,Wednesday,2026-02,fbg_data.csv,cloudbeds
4708874386319,2026-02-11,2026-02-12,1,Spiral,,312.0,352.56,2026-02-09,2,312.0,Direct,Wednesday,2026-02,fbg_data.csv,cloudbeds
7827729375116,2026-02-11,2026-02-12,1,Post Oak,,240.0,271.2,2026-02-09,2,240.0,Direct,Wednesday,2026-02,fbg_data.csv,cloudbeds
4703681137872,2026-02-12,2026-02-13,1,Cypress Lodge | Sleeps 4,,335.0,485.9,2026-02-09,3,335.0,Direct,Thursday,2026-02,fbg_data.csv,cloudbeds
4074668995493,2026-02-11,2026-02-13,2,Cedar Haus,,479.0,648.62,2026-02-09,2,239.5,Direct,Wednesday,2026-02,fbg_data.csv,cloudbeds
9645599588186,2026-02-13,2026-02-14,1,Cypress Lodge | Sleeps 2,,651.0,735.63,2026-02-09,4,651.0,Direct,Friday,2026-02,fbg_data.csv,cloudbeds
9775562176582,2026-02-13,2026-02-15,2,Great Lodge: King Room,,1405.19,0.0,2026-02-09,4,702.595,Expedia,Friday,2026-02,fbg_data.csv,cloudbeds
5063950320774,2026-02-17,2026-02-18,1,Winecup,,265.0,511.88,2026-02-09,8,265.0,Direct,Tuesday,2026-02,fbg_data.csv,cloudbeds
7269580789564,2026-02-23,2026-02-26,3,Spiral,,816.0,922.08,2026-02-09,14,272.0,Direct,Monday,2026-02,fbg_data.csv,cloudbeds
8693055637170,2026-02-25,2026-02-27,2,Sage Safari,,561.15,634.1,2026-02-09,16,280.575,Direct,Wednesday,2026-02,fbg_data.csv,cloudbeds
3339815434749,2026-02-26,2026-02-28,2,Great Lodge: King Room,,694.0,784.22,2026-02-09,17,347.0,Direct,Thursday,2026-02,fbg_data.csv,cloudbeds
1765221977002,2026-02-27,2026-02-28,1,Post Oak,,442.0,499.46,2026-02-09,18,442.0,Direct,Friday,2026-02,fbg_data.csv,cloudbeds
1938384921527,2026-02-26,2026-02-28,2,Buckeye Bungalow,,1016.0,1148.08,2026-02-09,17,508.0,Direct,Thursday,2026-02,fbg_data.csv,cloudbeds
2558153752078,2026-03-13,2026-03-15,2,Monolith,,3252.0,3782.11,2026-02-09,32,1626.0,Direct,Friday,2026-03,fbg_data.csv,cloudbeds
7831350516926,2026-04-04,2026-04-09,5,Sage Safari,,3542.66,4003.19,2026-02-09,54,708.5319999999999,Booking.com,Saturday,2026-04,fbg_data.csv,cloudbeds
3272066890709,2026-05-04,2026-05-06,2,Monolith,,1058.0,1407.97,2026-02-09,84,529.0,Direct,Monday,2026-05,fbg_data.csv,cloudbeds
6252878927004,2026-02-10,2026-02-11,1,Quonset,,243.0,274.59,2026-02-10,0,243.0,Direct,Tuesday,2026-02,fbg_data.csv,cloudbeds
9731176028945,2026-02-13,2026-02-14,1,Cypress Lodge | Sleeps 2,,622.89,0.0,2026-02-10,3,622.89,Expedia,Friday,2026-02,fbg_data.csv,cloudbeds
6405227393017,2026-02-13,2026-02-14,1,Diamond,,1208.0,1365.04,2026-02-10,3,1208.0,Direct,Friday,2026-02,fbg_data.csv,cloudbeds
3991749203967,2026-02-15,2026-02-16,1,Spiral,,337.0,380.81,2026-02-10,5,337.0,Direct,Sunday,2026-02,fbg_data.csv,cloudbeds
2057541573805,2026-02-16,2026-02-17,1,Sage Safari,,243.0,274.59,2026-02-10,6,243.0,Direct,Monday,2026-02,fbg_data.csv,cloudbeds
4251911593822,2026-02-20,2026-02-22,2,Buckeye Bungalow,,1393.0,1574.09,2026-02-10,10,696.5,Direct,Friday,2026-02,fbg_data.csv,cloudbeds
7382230425408,2026-02-22,2026-02-23,1,Lantana Dome,,465.0,525.45,2026-02-10,12,465.0,Direct,Sunday,2026-02,fbg_data.csv,cloudbeds
7988006211770,2026-02-22,2026-02-24,2,Post Oak,,477.0,539.01,2026-02-10,12,238.5,Direct,Sunday,2026-02,fbg_data.csv,cloudbeds
2050294822133,2026-02-24,2026-02-25,1,Lantana Dome,,247.0,279.11,2026-02-10,14,247.0,Direct,Tuesday,2026-02,fbg_data.csv,cloudbeds
6513673385566,2026-02-24,2026-02-27,3,Diamond,,1029.0,1162.77,2026-02-10,14,343.0,Direct,Tuesday,2026-02,fbg_data.csv,cloudbeds
1855933172588,2026-02-28,2026-03-01,1,Spyglass,,570.0,983.1,2026-02-10,18,570.0,Direct,Saturday,2026-02,fbg_data.csv,cloudbeds
5802433620290,2026-03-09,2026-03-11,2,Great Lodge: King Room,,851.68,962.4,2026-02-10,27,425.84,Booking.com,Monday,2026-03,fbg_data.csv,cloudbeds
5435503065109,2026-02-12,2026-02-13,1,Spiral,,312.05,0.0,2026-02-11,1,312.05,Expedia,Thursday,2026-02,fbg_data.csv,cloudbeds
1454034661212,2026-02-12,2026-02-13,1,Great Lodge: King Room,,276.18,0.0,2026-02-11,1,276.18,Expedia,Thursday,2026-02,fbg_data.csv,cloudbeds
7290231836632,2026-02-11,2026-02-13,2,Winecup,,675.0,762.75,2026-02-11,0,337.5,Direct,Wednesday,2026-02,fbg_data.csv,cloudbeds
2081998321450,2026-02-12,2026-02-13,1,Pecan Haus,,239.0,270.07,2026-02-11,1,239.0,Direct,Thursday,2026-02,fbg_data.csv,cloudbeds
9623497206252,2026-02-16,2026-02-18,2,Quonset,,438.0,602.29,2026-02-11,5,219.0,Direct,Monday,2026-02,fbg_data.csv,cloudbeds
3019023904846,2026-02-18,2026-02-20,2,Monolith,,493.2,664.67,2026-02-11,7,246.6,Direct,Wednesday,2026-02,fbg_data.csv,cloudbeds
6737418801030,2026-02-26,2026-02-27,1,Post Oak,,286.15,0.0,2026-02-11,15,286.15,Expedia,Thursday,2026-02,fbg_data.csv,cloudbeds
7510598778931,2026-02-12,2026-02-13,1,Walnut House,,244.0,275.72,2026-02-12,0,244.0,Direct,Thursday,2026-02,fbg_data.csv,cloudbeds
8306299811490,2026-02-13,2026-02-15,2,Great Lodge: King Room,,1492.0,0.0,2026-02-12,1,746.0,Airbnb,Friday,2026-02,fbg_data.csv,cloudbeds
6699378984291,2026-02-13,2026-02-15,2,Quonset,,2286.0,2583.18,2026-02-12,1,1143.0,Direct,Friday,2026-02,fbg_data.csv,cloudbeds
2372677724624,2026-02-15,2026-02-16,1,Great Lodge: King Room,,364.0,411.32,2026-02-12,3,364.0,Direct,Sunday,2026-02,fbg_data.csv,cloudbeds
5962081448531,2026-02-14,2026-02-16,2,Great Lodge: King Room,,1312.0,0.0,2026-02-12,2,656.0,Airbnb,Saturday,2026-02,fbg_data.csv,cloudbeds
9445950519250,2026-02-15,2026-02-16,1,Quonset,,521.0,588.73,2026-02-12,3,521.0,Direct,Sunday,2026-02,fbg_data.csv,cloudbeds
8078997555547,2026-02-16,2026-02-19,3,Cypress Lodge | Sleeps 2,,548.09,0.0,2026-02-12,4,182.6966666666667,Expedia,Monday,2026-02,fbg_data.csv,cloudbeds
2348144247014,2026-02-22,2026-02-23,1,Diamond,,349.0,394.37,2026-02-12,10,349.0,Direct,Sunday,2026-02,fbg_data.csv,cloudbeds
4579480319486,2026-02-26,2026-02-28,2,Monarch,,1203.0,1359.39,2026-02-12,14,601.5,Direct,Thursday,2026-02,fbg_data.csv,cloudbeds
8127063951491,2026-02-27,2026-03-01,2,Great Lodge: King Room,,831.78,0.0,2026-02-12,15,415.89,Expedia,Friday,2026-02,fbg_data.csv,cloudbeds
1720021777251,2026-03-16,2026-03-19,3,Diamond,,1692.0,1911.96,2026-02-12,32,564.0,Direct,Monday,2026-03,fbg_data.csv,cloudbeds
8236824504817,2026-02-13,2026-02-14,1,Walnut House,,655.0,740.15,2026-02-13,0,655.0,Direct,Friday,2026-02,fbg_data.csv,cloudbeds
7127853861527,2026-02-13,2026-02-14,1,Great Lodge: King Room,,583.0,0.0,2026-02-13,0,583.0,Airbnb,Friday,2026-02,fbg_data.csv,cloudbeds
1121327065965,2026-02-14,2026-02-15,1,Quonset,,1201.0,1357.13,2026-02-13,1,1201.0,Direct,Saturday,2026-02,fbg_data.csv,cloudbeds
9616341464283,2026-02-13,2026-02-15,2,Juniper Haus,,946.0,1068.98,2026-02-13,0,473.0,Direct,Friday,2026-02,fbg_data.csv,cloudbeds
5081211562148,2026-02-13,2026-02-15,2,Great Lodge: King Room,,1108.35,1252.44,2026-02-13,0,554.175,Direct,Friday,2026-02,fbg_data.csv,cloudbeds
7179094163434,2026-02-14,2026-02-16,2,Great Lodge: King Room,,1085.0,1226.05,2026-02-13,1,542.5,Direct,Saturday,2026-02,fbg_data.csv,cloudbeds
7071423869864,2026-02-16,2026-02-17,1,Live Oak Lodge,,265.0,299.45,2026-02-13,3,265.0,Direct,Monday,2026-02,fbg_data.csv,cloudbeds
8551551386240,2026-02-21,2026-02-23,2,Cypress Lodge | Sleeps 4,,873.17,0.0,2026-02-13,8,436.585,Expedia,Saturday,2026-02,fbg_data.csv,cloudbeds
4018400625978,2026-02-23,2026-02-24,1,Cypress Lodge | Sleeps 2,,237.0,267.81,2026-02-13,10,237.0,Direct,Monday,2026-02,fbg_data.csv,cloudbeds
1697736597033,2026-02-28,2026-03-01,1,Monarch,,788.0,890.44,2026-02-13,15,788.0,Direct,Saturday,2026-02,fbg_data.csv,cloudbeds
2707521333171,2026-02-28,2026-03-02,2,Lantana Dome,,886.15,1205.71,2026-02-13,15,443.075,Direct,Saturday,2026-02,fbg_data.csv,cloudbeds
1175997511755,2026-02-18,2026-02-19,1,Diamond,,287.0,324.31,2026-02-14,4,287.0,Direct,Wednesday,2026-02,fbg_data.csv,cloudbeds
3567626381609,2026-02-19,2026-02-20,1,Monarch,,326.0,368.38,2026-02-14,5,326.0,Direct,Thursday,2026-02,fbg_data.csv,cloudbeds
6389552766041,2026-03-19,2026-03-22,3,Diamond,,2573.67,2908.27,2026-02-14,33,857.89,Direct,Thursday,2026-03,fbg_data.csv,cloudbeds
1323010782640,2026-05-14,2026-05-18,4,Cypress Lodge | Sleeps 2,,2313.5,2614.28,2026-02-14,89,578.375,Direct,Thursday,2026-05,fbg_data.csv,cloudbeds
4873228805171,2026-10-15,2026-10-18,3,Monolith,,3790.0,4390.05,2026-02-15,242,1263.3333333333333,Direct,Thursday,2026-10,fbg_data.csv,cloudbeds
7061334562124,2026-02-15,2026-02-16,1,Great Lodge: King Room,,364.0,411.32,2026-02-15,0,364.0,Direct,Sunday,2026-02,fbg_data.csv,cloudbeds
1536818233804,2026-02-16,2026-02-17,1,Cypress Lodge | Sleeps 4,,287.0,324.31,2026-02-15,1,287.0,Direct,Monday,2026-02,fbg_data.csv,cloudbeds
6979460277339,2026-02-16,2026-02-18,2,Great Lodge: King Room,,442.0,499.46,2026-02-15,1,221.0,Direct,Monday,2026-02,fbg_data.csv,cloudbeds
1734956577858,2026-02-18,2026-02-19,1,Post Oak,,221.0,249.73,2026-02-15,3,221.0,Direct,Wednesday,2026-02,fbg_data.csv,cloudbeds
5403911229902,2026-02-22,2026-02-23,1,Cypress Lodge | Sleeps 6,,455.0,514.15,2026-02-15,7,455.0,Direct,Sunday,2026-02,fbg_data.csv,cloudbeds
8457408215778,2026-02-26,2026-03-01,3,Walnut House,,2197.0,2695.04,2026-02-15,11,732.3333333333334,Direct,Thursday,2026-02,fbg_data.csv,cloudbeds
4477612155744,2026-03-04,2026-03-06,2,Cypress Lodge | Sleeps 2,,674.9,1071.92,2026-02-15,17,337.45,Direct,Wednesday,2026-03,fbg_data.csv,cloudbeds
5039355441543,2026-03-09,2026-03-12,3,Monolith,,1779.0,2117.62,2026-02-15,22,593.0,Direct,Monday,2026-03,fbg_data.csv,cloudbeds
1447015188915,2026-03-13,2026-03-15,2,Monarch,,2650.0,2994.5,2026-02-15,26,1325.0,Direct,Friday,2026-03,fbg_data.csv,cloudbeds
1569436876982,2026-03-15,2026-03-17,2,Sage Safari,,1060.0,1197.8,2026-02-15,28,530.0,Direct,Sunday,2026-03,fbg_data.csv,cloudbeds
5908728692527,2026-03-27,2026-03-30,3,Cypress Lodge | Sleeps 2,,1660.0,1875.8,2026-02-15,40,553.3333333333334,Direct,Friday,2026-03,fbg_data.csv,cloudbeds
6078251225749,2026-02-16,2026-02-17,1,Great Lodge: King Room,,283.96,320.88,2026-02-16,0,283.96,Booking.com,Monday,2026-02,fbg_data.csv,cloudbeds
7238799469317,2026-02-16,2026-02-17,1,Pecan Haus,,180.87,0.0,2026-02-16,0,180.87,Expedia,Monday,2026-02,fbg_data.csv,cloudbeds
6632217575304,2026-02-16,2026-02-17,1,Winecup,,222.2,251.08,2026-02-16,0,222.2,Direct,Monday,2026-02,fbg_data.csv,cloudbeds
7643310324480,2026-02-16,2026-02-17,1,Monarch,,373.0,0.0,2026-02-16,0,373.0,Airbnb,Monday,2026-02,fbg_data.csv,cloudbeds
7497811003264,2026-02-16,2026-02-17,1,Post Oak,,221.0,249.73,2026-02-16,0,221.0,Direct,Monday,2026-02,fbg_data.csv,cloudbeds
4354620449460,2026-02-16,2026-02-19,3,Diamond,,794.0,897.22,2026-02-16,0,264.6666666666667,Direct,Monday,2026-02,fbg_data.csv,cloudbeds
4354620449460,2026-02-16,2026-02-19,3,Winecup,,794.0,897.22,2026-02-16,0,264.6666666666667,Direct,Monday,2026-02,fbg_data.csv,cloudbeds
3244072274006,2026-02-19,2026-02-21,2,Great Lodge: King Room,,694.0,784.22,2026-02-16,3,347.0,Direct,Thursday,2026-02,fbg_data.csv,cloudbeds
7639141908636,2026-02-22,2026-02-23,1,Buckeye Bungalow,,276.0,311.88,2026-02-16,6,276.0,Direct,Sunday,2026-02,fbg_data.csv,cloudbeds
6637723255540,2026-02-24,2026-02-26,2,Live Oak Lodge,,457.2,516.64,2026-02-16,8,228.6,Direct,Tuesday,2026-02,fbg_data.csv,cloudbeds
8711957659560,2026-02-23,2026-02-26,3,Cypress Lodge | Sleeps 4,,702.0,793.26,2026-02-16,7,234.0,Direct,Monday,2026-02,fbg_data.csv,cloudbeds
2319658568816,2026-02-26,2026-03-01,3,Great Lodge: King Room,,1099.0,1241.87,2026-02-16,10,366.3333333333333,Direct,Thursday,2026-02,fbg_data.csv,cloudbeds
7768240787202,2026-03-01,2026-03-02,1,Live Oak Lodge,,367.84,0.0,2026-02-16,13,367.84,Expedia,Sunday,2026-03,fbg_data.csv,cloudbeds
1840290504348,2026-03-07,2026-03-09,2,Cypress Lodge | Sleeps 2,,1124.0,1270.12,2026-02-16,19,562.0,Direct,Saturday,2026-03,fbg_data.csv,cloudbeds
6900081859921,2026-02-28,2026-03-02,2,Diamond,,905.95,1549.23,2026-02-16,12,452.975,Direct,Saturday,2026-02,fbg_data.csv,cloudbeds
7956256782065,2026-02-17,2026-02-18,1,Great Lodge: King Room,,221.0,249.73,2026-02-17,0,221.0,Direct,Tuesday,2026-02,fbg_data.csv,cloudbeds
5451454037185,2026-02-17,2026-02-18,1,Bluebonnet,,243.0,274.59,2026-02-17,0,243.0,Direct,Tuesday,2026-02,fbg_data.csv,cloudbeds
7898147584505,2026-02-18,2026-02-19,1,Spiral,,220.05,0.0,2026-02-17,1,220.05,Expedia,Wednesday,2026-02,fbg_data.csv,cloudbeds
3374168013353,2026-02-17,2026-02-19,2,Cedar Haus,,408.0,408.0,2026-02-17,0,204.0,Direct,Tuesday,2026-02,fbg_data.csv,cloudbeds
2514875179794,2026-02-18,2026-02-19,1,Quonset,,265.0,299.45,2026-02-17,1,265.0,Direct,Wednesday,2026-02,fbg_data.csv,cloudbeds
8644652622567,2026-02-19,2026-02-20,1,Walnut House,,238.32,0.0,2026-02-17,2,238.32,Expedia,Thursday,2026-02,fbg_data.csv,cloudbeds
2346567039583,2026-02-20,2026-02-21,1,Quonset,,392.64,0.0,2026-02-17,3,392.64,Expedia,Friday,2026-02,fbg_data.csv,cloudbeds
1926825117100,2026-02-21,2026-02-22,1,Great Lodge: King Room,,344.0,601.15,2026-02-17,4,344.0,Direct,Saturday,2026-02,fbg_data.csv,cloudbeds
8056044453177,2026-02-21,2026-02-22,1,Winecup,,838.0,946.94,2026-02-17,4,838.0,Direct,Saturday,2026-02,fbg_data.csv,cloudbeds
2851317976578,2026-02-24,2026-02-25,1,Monolith,,337.0,380.81,2026-02-17,7,337.0,Direct,Tuesday,2026-02,fbg_data.csv,cloudbeds
4144213296742,2026-02-25,2026-02-27,2,Bluebonnet,,486.0,549.18,2026-02-17,8,243.0,Direct,Wednesday,2026-02,fbg_data.csv,cloudbeds
3301048517738,2026-02-27,2026-02-28,1,Sage Safari,,507.0,572.91,2026-02-17,10,507.0,Direct,Friday,2026-02,fbg_data.csv,cloudbeds
4909677674092,2026-02-27,2026-03-01,2,Monolith,,1649.0,1863.37,2026-02-17,10,824.5,Direct,Friday,2026-02,fbg_data.csv,cloudbeds
8456150247131,2026-03-01,2026-03-02,1,Walnut House,,265.0,299.45,2026-02-17,12,265.0,Direct,Sunday,2026-03,fbg_data.csv,cloudbeds
5673625384086,2026-03-11,2026-03-14,3,Spyglass,,1816.1,2052.19,2026-02-17,22,605.3666666666667,Direct,Wednesday,2026-03,fbg_data.csv,cloudbeds
8301555562580,2026-02-19,2026-02-20,1,Cypress Lodge | Sleeps 2,,211.42,0.0,2026-02-18,1,211.42,Expedia,Thursday,2026-02,fbg_data.csv,cloudbeds
8833266525085,2026-02-18,2026-02-19,1,Winecup,,244.0,275.72,2026-02-18,0,244.0,Direct,Wednesday,2026-02,fbg_data.csv,cloudbeds
1331790738081,2026-02-18,2026-02-19,1,Live Oak Lodge,,201.82,0.0,2026-02-18,0,201.82,Expedia,Wednesday,2026-02,fbg_data.csv,cloudbeds
4560086131350,2026-02-18,2026-02-19,1,Winecup,,149.98,0.0,2026-02-18,0,149.98,Expedia,Wednesday,2026-02,fbg_data.csv,cloudbeds
6461540577400,2026-02-18,2026-02-19,1,Cypress Lodge | Sleeps 6,,220.05,0.0,2026-02-18,0,220.05,Expedia,Wednesday,2026-02,fbg_data.csv,cloudbeds
2656623199401,2026-02-19,2026-02-20,1,Great Lodge: King Room,,306.72,346.59,2026-02-18,1,306.72,Booking.com,Thursday,2026-02,fbg_data.csv,cloudbeds
5296039718682,2026-02-20,2026-02-22,2,Cypress Lodge | Sleeps 2,,638.0,720.94,2026-02-18,2,319.0,Direct,Friday,2026-02,fbg_data.csv,cloudbeds
2342554623966,2026-02-21,2026-02-22,1,Great Lodge: King Room,,465.0,0.0,2026-02-18,3,465.0,Airbnb,Saturday,2026-02,fbg_data.csv,cloudbeds
7812335523106,2026-02-21,2026-02-22,1,Cypress Lodge | Sleeps 2,,344.0,388.72,2026-02-18,3,344.0,Direct,Saturday,2026-02,fbg_data.csv,cloudbeds
9165566021127,2026-02-20,2026-02-22,2,Great Lodge: King Room,,638.0,720.94,2026-02-18,2,319.0,Direct,Friday,2026-02,fbg_data.csv,cloudbeds
5486707298876,2026-02-21,2026-02-22,1,Cocoon,,444.0,501.72,2026-02-18,3,444.0,Direct,Saturday,2026-02,fbg_data.csv,cloudbeds
8405614168947,2026-02-20,2026-02-22,2,Great Lodge: King Room,,584.23,0.0,2026-02-18,2,292.115,Expedia,Friday,2026-02,fbg_data.csv,cloudbeds
2750564627353,2026-02-24,2026-02-26,2,Quonset,,488.0,763.87,2026-02-18,6,244.0,Direct,Tuesday,2026-02,fbg_data.csv,cloudbeds
4050090441326,2026-02-25,2026-02-26,1,Walnut House,,347.0,0.0,2026-02-18,7,347.0,Airbnb,Wednesday,2026-02,fbg_data.csv,cloudbeds
4478151741606,2026-02-28,2026-03-02,2,Diamond,,1073.0,1212.49,2026-02-18,10,536.5,Direct,Saturday,2026-02,fbg_data.csv,cloudbeds
4879353843889,2026-03-02,2026-03-03,1,Spiral,,287.0,324.31,2026-02-18,12,287.0,Direct,Monday,2026-03,fbg_data.csv,cloudbeds
9442443773648,2026-03-02,2026-03-05,3,Live Oak Lodge,,795.0,898.35,2026-02-18,12,265.0,Direct,Monday,2026-03,fbg_data.csv,cloudbeds
7457251150486,2026-03-10,2026-03-12,2,Spiral,,918.0,1037.34,2026-02-18,20,459.0,Direct,Tuesday,2026-03,fbg_data.csv,cloudbeds
4129371454228,2026-02-19,2026-02-20,1,Cypress Lodge | Sleeps 6,,310.0,350.3,2026-02-19,0,310.0,Direct,Thursday,2026-02,fbg_data.csv,cloudbeds
4560614365156,2026-02-19,2026-02-20,1,Great Lodge: King Room,,238.0,268.94,2026-02-19,0,238.0,Direct,Thursday,2026-02,fbg_data.csv,cloudbeds
5598337909218,2026-02-20,2026-02-21,1,Cypress Lodge | Sleeps 2,,264.35,0.0,2026-02-19,1,264.35,Expedia,Friday,2026-02,fbg_data.csv,cloudbeds
4392456782613,2026-02-20,2026-02-21,1,Walnut House,,484.0,546.92,2026-02-19,1,484.0,Direct,Friday,2026-02,fbg_data.csv,cloudbeds
7822147964035,2026-02-20,2026-02-22,2,Cedar Haus,,678.0,766.14,2026-02-19,1,339.0,Direct,Friday,2026-02,fbg_data.csv,cloudbeds
3447651713879,2026-02-21,2026-02-22,1,Great Lodge: King Room,,344.0,388.72,2026-02-19,2,344.0,Direct,Saturday,2026-02,fbg_data.csv,cloudbeds
3965742999502,2026-02-22,2026-02-24,2,Sage Safari,,447.15,527.71,2026-02-19,3,223.575,Direct,Sunday,2026-02,fbg_data.csv,cloudbeds
3895471407225,2026-02-25,2026-02-26,1,Cypress Lodge | Sleeps 2,,204.0,230.52,2026-02-19,6,204.0,Direct,Wednesday,2026-02,fbg_data.csv,cloudbeds
4519885419578,2026-02-26,2026-02-27,1,Monolith,,287.0,324.31,2026-02-19,7,287.0,Direct,Thursday,2026-02,fbg_data.csv,cloudbeds
5998246402323,2026-02-27,2026-03-01,2,Great Lodge: King Room,,717.0,1022.64,2026-02-19,8,358.5,Direct,Friday,2026-02,fbg_data.csv,cloudbeds
3464892239213,2026-03-06,2026-03-08,2,Great Lodge: King Room,,1218.0,0.0,2026-02-19,15,609.0,Airbnb,Friday,2026-03,fbg_data.csv,cloudbeds
4684043667125,2026-03-07,2026-03-10,3,Diamond,,2219.0,2507.47,2026-02-19,16,739.6666666666666,Direct,Saturday,2026-03,fbg_data.csv,cloudbeds
2630530461335,2026-03-16,2026-03-18,2,Diamond,,1128.0,1274.64,2026-02-19,25,564.0,Direct,Monday,2026-03,fbg_data.csv,cloudbeds
7312272648179,2026-03-16,2026-03-19,3,Lantana Dome,,1527.0,1937.94,2026-02-19,25,509.0,Direct,Monday,2026-03,fbg_data.csv,cloudbeds
2340712370579,2026-03-20,2026-03-23,3,Walnut House,,3744.0,4443.15,2026-02-19,29,1248.0,Direct,Friday,2026-03,fbg_data.csv,cloudbeds
3202614028476,2026-10-22,2026-10-25,3,Post Oak,,1618.0,1828.34,2026-02-20,244,539.3333333333334,Direct,Thursday,2026-10,fbg_data.csv,cloudbeds
5190346165180,2026-02-19,2026-02-20,1,Pecan Haus,,221.0,249.73,2026-02-20,-1,221.0,Direct,Thursday,2026-02,fbg_data.csv,cloudbeds
8401264850738,2026-02-27,2026-03-01,2,Spiral,,1280.0,1446.4,2026-02-20,7,640.0,Direct,Friday,2026-02,fbg_data.csv,cloudbeds
2547270054913,2026-02-26,2026-03-01,3,Monolith,,1862.0,2104.06,2026-02-20,6,620.6666666666666,Direct,Thursday,2026-02,fbg_data.csv,cloudbeds
7351114703844,2026-03-03,2026-03-05,2,Spyglass,,530.0,598.9,2026-02-20,11,265.0,Direct,Tuesday,2026-03,fbg_data.csv,cloudbeds
3673703127430,2026-03-04,2026-03-05,1,Monolith,,287.0,324.31,2026-02-20,12,287.0,Direct,Wednesday,2026-03,fbg_data.csv,cloudbeds
9412532445853,2026-03-14,2026-03-17,3,Great Lodge: King Room,,1660.0,2088.23,2026-02-20,22,553.3333333333334,Direct,Saturday,2026-03,fbg_data.csv,cloudbeds
7239727261623,2026-03-20,2026-03-22,2,Spyglass,,2930.0,3310.9,2026-02-20,28,1465.0,Direct,Friday,2026-03,fbg_data.csv,cloudbeds
9200308072362,2026-03-24,2026-03-26,2,Monarch,,1012.0,1143.56,2026-02-20,32,506.0,Direct,Tuesday,2026-03,fbg_data.csv,cloudbeds
9570265467031,2026-07-16,2026-07-18,2,Diamond,,1005.0,1135.65,2026-02-20,146,502.5,Direct,Thursday,2026-07,fbg_data.csv,cloudbeds
5341359671851,2026-02-21,2026-02-22,1,Lantana Dome,,695.96,946.94,2026-02-21,0,695.96,Direct,Saturday,2026-02,fbg_data.csv,cloudbeds
1993160036287,2026-02-23,2026-02-25,2,Cypress Lodge | Sleeps 6,,528.0,596.64,2026-02-21,2,264.0,Direct,Monday,2026-02,fbg_data.csv,cloudbeds
7986835265324,2026-02-26,2026-02-27,1,Cypress Lodge | Sleeps 2,,220.0,248.6,2026-02-21,5,220.0,Direct,Thursday,2026-02,fbg_data.csv,cloudbeds
1393400277389,2026-02-28,2026-03-02,2,Great Lodge: King Room,,552.4,624.21,2026-02-21,7,276.2,Direct,Saturday,2026-02,fbg_data.csv,cloudbeds
5254227385448,2026-03-01,2026-03-03,2,Diamond,,597.0,674.61,2026-02-21,8,298.5,Direct,Sunday,2026-03,fbg_data.csv,cloudbeds
6333710039654,2026-03-06,2026-03-08,2,Great Lodge: King Room,,928.0,1048.64,2026-02-21,13,464.0,Direct,Friday,2026-03,fbg_data.csv,cloudbeds
5729512626616,2026-03-05,2026-03-08,3,Diamond,,2657.0,3002.41,2026-02-21,12,885.6666666666666,Direct,Thursday,2026-03,fbg_data.csv,cloudbeds
4417050333424,2026-03-07,2026-03-09,2,Post Oak,,970.0,1203.45,2026-02-21,14,485.0,Direct,Saturday,2026-03,fbg_data.csv,cloudbeds
1187154817083,2026-03-26,2026-03-27,1,Diamond,,686.0,882.53,2026-02-21,33,686.0,Direct,Thursday,2026-03,fbg_data.csv,cloudbeds
1350248625789,2026-10-16,2026-10-18,2,Post Oak,,1254.5,1417.6,2026-02-22,236,627.25,Direct,Friday,2026-10,fbg_data.csv,cloudbeds
6833406260615,2026-02-26,2026-02-28,2,Diamond,,924.0,1044.12,2026-02-22,4,462.0,Direct,Thursday,2026-02,fbg_data.csv,cloudbeds
1232679848665,2026-03-07,2026-03-09,2,Monolith,,1942.0,2194.46,2026-02-22,13,971.0,Direct,Saturday,2026-03,fbg_data.csv,cloudbeds
7647526152942,2026-03-08,2026-03-11,3,Cypress Lodge | Sleeps 2,,1371.22,1549.47,2026-02-22,14,457.0733333333333,Booking.com,Sunday,2026-03,fbg_data.csv,cloudbeds
9371584297903,2026-03-17,2026-03-19,2,Bluebonnet,,1068.0,1206.84,2026-02-22,23,534.0,Direct,Tuesday,2026-03,fbg_data.csv,cloudbeds
6519015705968,2026-03-18,2026-03-20,2,Walnut House,,1250.0,1412.5,2026-02-22,24,625.0,Direct,Wednesday,2026-03,fbg_data.csv,cloudbeds
5767248901333,2026-03-28,2026-03-30,2,Lantana Dome,,1605.0,1813.65,2026-02-22,34,802.5,Direct,Saturday,2026-03,fbg_data.csv,cloudbeds
3308488207918,2026-04-17,2026-04-19,2,Sage Safari,,1896.0,2142.48,2026-02-22,54,948.0,Direct,Friday,2026-04,fbg_data.csv,cloudbeds
1159224503059,2026-06-17,2026-06-19,2,Spyglass,,1231.0,1391.03,2026-02-22,115,615.5,Direct,Wednesday,2026-06,fbg_data.csv,cloudbeds
3800628893485,2026-02-23,2026-02-25,2,Pecan Haus,,408.0,461.04,2026-02-23,0,204.0,Direct,Monday,2026-02,fbg_data.csv,cloudbeds
2395119120457,2026-02-26,2026-02-27,1,Live Oak Lodge,,265.0,299.45,2026-02-23,3,265.0,Direct,Thursday,2026-02,fbg_data.csv,cloudbeds
4805975414827,2026-02-25,2026-02-28,3,Winecup,,1009.0,1247.52,2026-02-23,2,336.3333333333333,Direct,Wednesday,2026-02,fbg_data.csv,cloudbeds
8638741158151,2026-02-27,2026-02-28,1,Quonset,,571.0,645.23,2026-02-23,4,571.0,Direct,Friday,2026-02,fbg_data.csv,cloudbeds
7316806141010,2026-02-28,2026-03-01,1,Bluebonnet,,424.0,479.12,2026-02-23,5,424.0,Direct,Saturday,2026-02,fbg_data.csv,cloudbeds
7709835508552,2026-02-28,2026-03-01,1,Great Lodge: King Room,,314.0,354.82,2026-02-23,5,314.0,Direct,Saturday,2026-02,fbg_data.csv,cloudbeds
8045357325734,2026-02-28,2026-03-01,1,Great Lodge: King Room,,314.0,354.82,2026-02-23,5,314.0,Direct,Saturday,2026-02,fbg_data.csv,cloudbeds
1560324849574,2026-03-06,2026-03-08,2,Diamond,,2030.0,2293.9,2026-02-23,11,1015.0,Direct,Friday,2026-03,fbg_data.csv,cloudbeds
1086660435872,2026-03-06,2026-03-09,3,Quonset,,2269.0,2776.4,2026-02-23,11,756.3333333333334,Direct,Friday,2026-03,fbg_data.csv,cloudbeds
8024472621825,2026-03-08,2026-03-10,2,Monarch,,748.91,0.0,2026-02-23,13,374.455,Expedia,Sunday,2026-03,fbg_data.csv,cloudbeds
5306187165204,2026-03-10,2026-03-11,1,Great Lodge: King Room,,258.33,0.0,2026-02-23,15,258.33,Expedia,Tuesday,2026-03,fbg_data.csv,cloudbeds
5536487174131,2026-03-10,2026-03-11,1,Walnut House,,430.0,485.9,2026-02-23,15,430.0,Direct,Tuesday,2026-03,fbg_data.csv,cloudbeds
6595345687745,2026-03-16,2026-03-17,1,Post Oak,,329.4,0.0,2026-02-23,21,329.4,Expedia,Monday,2026-03,fbg_data.csv,cloudbeds
6614701910591,2026-05-15,2026-05-17,2,Diamond,,2066.0,2413.68,2026-02-23,81,1033.0,Direct,Friday,2026-05,fbg_data.csv,cloudbeds
6614701910591,2026-05-15,2026-05-17,2,Monolith,,2066.0,2413.68,2026-02-23,81,1033.0,Direct,Friday,2026-05,fbg_data.csv,cloudbeds
9005227166538,2026-02-26,2026-02-27,1,Diamond,,264.0,510.75,2026-02-24,2,264.0,Direct,Thursday,2026-02,fbg_data.csv,cloudbeds
4333790635963,2026-02-26,2026-02-27,1,Quonset,,286.0,323.18,2026-02-24,2,286.0,Direct,Thursday,2026-02,fbg_data.csv,cloudbeds
1089121314818,2026-02-26,2026-02-27,1,Spiral,,264.0,298.32,2026-02-24,2,264.0,Direct,Thursday,2026-02,fbg_data.csv,cloudbeds
1566382614753,2026-02-26,2026-02-27,1,Winecup,,262.0,296.06,2026-02-24,2,262.0,Direct,Thursday,2026-02,fbg_data.csv,cloudbeds
8409570405055,2026-02-27,2026-02-28,1,Great Lodge: King Room,,262.23,0.0,2026-02-24,3,262.23,Expedia,Friday,2026-02,fbg_data.csv,cloudbeds
7536973630563,2026-02-27,2026-02-28,1,Great Lodge: King Room,,289.0,326.57,2026-02-24,3,289.0,Direct,Friday,2026-02,fbg_data.csv,cloudbeds
2320684683659,2026-02-26,2026-02-28,2,Quonset,,765.0,864.45,2026-02-24,2,382.5,Direct,Thursday,2026-02,fbg_data.csv,cloudbeds
8746225159954,2026-02-26,2026-02-28,2,Juniper Haus,,562.0,635.06,2026-02-24,2,281.0,Direct,Thursday,2026-02,fbg_data.csv,cloudbeds
6037977979596,2026-02-28,2026-03-01,1,Great Lodge: King Room,,314.0,354.82,2026-02-24,4,314.0,Direct,Saturday,2026-02,fbg_data.csv,cloudbeds
6183454064883,2026-02-27,2026-03-01,2,Great Lodge: King Room,,549.36,0.0,2026-02-24,3,274.68,Expedia,Friday,2026-02,fbg_data.csv,cloudbeds
6407507927758,2026-03-01,2026-03-02,1,Winecup,,286.0,323.18,2026-02-24,5,286.0,Direct,Sunday,2026-03,fbg_data.csv,cloudbeds
4653370011159,2026-03-01,2026-03-03,2,Bluebonnet,,505.0,570.65,2026-02-24,5,252.5,Direct,Sunday,2026-03,fbg_data.csv,cloudbeds
2493407363897,2026-03-04,2026-03-05,1,Great Lodge: King Room,,221.0,249.73,2026-02-24,8,221.0,Direct,Wednesday,2026-03,fbg_data.csv,cloudbeds
3449445514787,2026-03-07,2026-03-09,2,Bluebonnet,,1389.0,1569.57,2026-02-24,11,694.5,Direct,Saturday,2026-03,fbg_data.csv,cloudbeds
5483024239556,2026-02-26,2026-02-27,1,Cypress Lodge | Sleeps 4,,237.32,0.0,2026-02-25,1,237.32,Expedia,Thursday,2026-02,fbg_data.csv,cloudbeds
2651121854369,2026-02-27,2026-02-28,1,Great Lodge: King Room,,289.0,326.57,2026-02-25,2,289.0,Direct,Friday,2026-02,fbg_data.csv,cloudbeds
7675089820881,2026-02-28,2026-03-01,1,Buckeye Bungalow,,439.0,496.07,2026-02-25,3,439.0,Direct,Saturday,2026-02,fbg_data.csv,cloudbeds
5606354089999,2026-02-27,2026-03-01,2,Cedar Haus,,700.26,0.0,2026-02-25,2,350.13,Airbnb,Friday,2026-02,fbg_data.csv,cloudbeds
5541277796068,2026-03-05,2026-03-06,1,Spyglass,,541.0,611.33,2026-02-25,8,541.0,Direct,Thursday,2026-03,fbg_data.csv,cloudbeds
8907843192741,2026-03-09,2026-03-13,4,Winecup,,1967.0,2330.06,2026-02-25,12,491.75,Direct,Monday,2026-03,fbg_data.csv,cloudbeds
4329827098756,2026-03-23,2026-03-26,3,Buckeye Bungalow,,1347.0,1629.46,2026-02-25,26,449.0,Direct,Monday,2026-03,fbg_data.csv,cloudbeds
8926252377163,2026-03-27,2026-03-29,2,Great Lodge: King Room,,1038.0,1172.94,2026-02-25,30,519.0,Direct,Friday,2026-03,fbg_data.csv,cloudbeds
4282815994037,2026-03-27,2026-03-29,2,Cypress Lodge | Sleeps 6,,2965.7,3351.24,2026-02-25,30,1482.85,Direct,Friday,2026-03,fbg_data.csv,cloudbeds
9167429774208,2026-03-31,2026-04-02,2,Monarch,,926.0,1046.38,2026-02-25,34,463.0,Direct,Tuesday,2026-03,fbg_data.csv,cloudbeds
1832216817447,2026-02-27,2026-02-28,1,Bluebonnet,,349.0,394.37,2026-02-26,1,349.0,Direct,Friday,2026-02,fbg_data.csv,cloudbeds
6608169035399,2026-02-28,2026-03-01,1,Juniper Haus,,379.42,0.0,2026-02-26,2,379.42,Airbnb,Saturday,2026-02,fbg_data.csv,cloudbeds
3331986293130,2026-02-27,2026-03-01,2,Winecup,,958.0,1082.54,2026-02-26,1,479.0,Direct,Friday,2026-02,fbg_data.csv,cloudbeds
7407469768072,2026-03-06,2026-03-08,2,Great Lodge: King Room,,938.3,0.0,2026-02-26,8,469.15,Airbnb,Friday,2026-03,fbg_data.csv,cloudbeds
9214320785009,2026-03-12,2026-03-16,4,Monolith,,4453.0,5031.89,2026-02-26,14,1113.25,Direct,Thursday,2026-03,fbg_data.csv,cloudbeds
6708474618948,2026-03-15,2026-03-17,2,Spyglass,,2446.0,2843.08,2026-02-26,17,1223.0,Direct,Sunday,2026-03,fbg_data.csv,cloudbeds
6708474618948,2026-03-15,2026-03-17,2,Monarch,,2446.0,2843.08,2026-02-26,17,1223.0,Direct,Sunday,2026-03,fbg_data.csv,cloudbeds
9379631575240,2026-03-18,2026-03-20,2,Cypress Lodge | Sleeps 4,,911.02,0.0,2026-02-26,20,455.51,Expedia,Wednesday,2026-03,fbg_data.csv,cloudbeds
8259861854529,2026-03-20,2026-03-22,2,Post Oak,,1162.0,1313.06,2026-02-26,22,581.0,Direct,Friday,2026-03,fbg_data.csv,cloudbeds
5916890814486,2026-03-30,2026-03-31,1,Monarch,,442.1,0.0,2026-02-26,32,442.1,Expedia,Monday,2026-03,fbg_data.csv,cloudbeds
3835126838281,2026-03-01,2026-03-04,3,Buckeye Bungalow,,640.8,724.11,2026-02-27,2,213.6,Direct,Sunday,2026-03,fbg_data.csv,cloudbeds
3188207145369,2026-03-04,2026-03-05,1,Sage Safari,,231.0,261.03,2026-02-27,5,231.0,Direct,Wednesday,2026-03,fbg_data.csv,cloudbeds
4310928377767,2026-03-03,2026-03-05,2,Walnut House,,504.0,569.52,2026-02-27,4,252.0,Direct,Tuesday,2026-03,fbg_data.csv,cloudbeds
4722191091485,2026-03-06,2026-03-08,2,Winecup,,1069.0,0.0,2026-02-27,7,534.5,Airbnb,Friday,2026-03,fbg_data.csv,cloudbeds
9651893650817,2026-03-10,2026-03-11,1,Quonset,,333.0,376.29,2026-02-27,11,333.0,Direct,Tuesday,2026-03,fbg_data.csv,cloudbeds
9333043863550,2026-03-11,2026-03-13,2,Buckeye Bungalow,,865.0,977.45,2026-02-27,12,432.5,Direct,Wednesday,2026-03,fbg_data.csv,cloudbeds
1719845068795,2026-03-18,2026-03-19,1,Diamond,,587.0,663.31,2026-02-27,19,587.0,Direct,Wednesday,2026-03,fbg_data.csv,cloudbeds
4275186974859,2026-03-18,2026-03-20,2,Cypress Lodge | Sleeps 2,,1006.68,0.0,2026-02-27,19,503.34,Expedia,Wednesday,2026-03,fbg_data.csv,cloudbeds
2309853412491,2026-03-18,2026-03-20,2,Cypress Lodge | Sleeps 2,,1006.68,0.0,2026-02-27,19,503.34,Expedia,Wednesday,2026-03,fbg_data.csv,cloudbeds
6304224252943,2026-03-27,2026-03-29,2,Buckeye Bungalow,,1890.0,2135.7,2026-02-27,28,945.0,Direct,Friday,2026-03,fbg_data.csv,cloudbeds
8099835841040,2026-05-04,2026-05-07,3,Cypress Lodge | Sleeps 6,,1719.6,1943.13,2026-02-27,66,573.1999999999999,Direct,Monday,2026-05,fbg_data.csv,cloudbeds
7961660166330,2026-05-14,2026-05-16,2,Monarch,,1701.7,1922.93,2026-02-27,76,850.85,Direct,Thursday,2026-05,fbg_data.csv,cloudbeds
7170886491521,2026-06-04,2026-06-07,3,Post Oak,,1495.0,1689.35,2026-02-27,97,498.3333333333333,Direct,Thursday,2026-06,fbg_data.csv,cloudbeds
8256358979195,2026-06-15,2026-06-17,2,Live Oak Lodge,,1456.9,1646.3,2026-02-27,108,728.45,Direct,Monday,2026-06,fbg_data.csv,cloudbeds
5350699706527,2026-03-02,2026-03-03,1,Walnut House,,231.0,261.03,2026-02-28,2,231.0,Direct,Monday,2026-03,fbg_data.csv,cloudbeds
1854025847691,2026-03-08,2026-03-09,1,Monolith,,856.0,0.0,2026-02-28,8,856.0,Airbnb,Sunday,2026-03,fbg_data.csv,cloudbeds
8156694364873,2026-03-11,2026-03-12,1,Monolith,,586.0,769.53,2026-02-28,11,586.0,Direct,Wednesday,2026-03,fbg_data.csv,cloudbeds
1873691620618,2026-03-16,2026-03-19,3,Cypress Lodge | Sleeps 4,,1290.0,1565.05,2026-02-28,16,430.0,Direct,Monday,2026-03,fbg_data.csv,cloudbeds
1781259949236,2026-03-20,2026-03-22,2,Monolith,,3068.0,3466.84,2026-02-28,20,1534.0,Direct,Friday,2026-03,fbg_data.csv,cloudbeds
1166869456501,2026-03-27,2026-03-29,2,Monarch,,2200.0,2706.35,2026-02-28,27,1100.0,Direct,Friday,2026-03,fbg_data.csv,cloudbeds
9393854744073,2026-04-13,2026-04-16,3,Monarch,,1609.2,1818.39,2026-02-28,44,536.4,Direct,Monday,2026-04,fbg_data.csv,cloudbeds
1714590911354,2026-03-01,2026-03-02,1,Cypress Lodge | Sleeps 2,,210.0,237.3,2026-03-01,0,210.0,Direct,Sunday,2026-03,fbg_data.csv,cloudbeds
7160885044030,2026-03-04,2026-03-05,1,Post Oak,,210.0,237.3,2026-03-01,3,210.0,Direct,Wednesday,2026-03,fbg_data.csv,cloudbeds
8430815574375,2026-03-04,2026-03-06,2,Diamond,,746.4,843.42,2026-03-01,3,373.2,Direct,Wednesday,2026-03,fbg_data.csv,cloudbeds
2554972079925,2026-03-15,2026-03-18,3,Cypress Lodge | Sleeps 6,,1953.0,2206.89,2026-03-01,14,651.0,Direct,Sunday,2026-03,fbg_data.csv,cloudbeds
3764145128763,2026-03-25,2026-03-27,2,Diamond,,1257.0,1632.84,2026-03-01,24,628.5,Direct,Wednesday,2026-03,fbg_data.csv,cloudbeds
8452774418429,2026-04-01,2026-04-02,1,Live Oak Lodge,,299.0,337.87,2026-03-01,31,299.0,Direct,Wednesday,2026-04,fbg_data.csv,cloudbeds
4703392400032,2026-04-03,2026-04-05,2,Lantana Dome,,2084.0,2354.92,2026-03-01,33,1042.0,Direct,Friday,2026-04,fbg_data.csv,cloudbeds
4386324100168,2026-04-06,2026-04-10,4,Monolith,,2259.0,2660.02,2026-03-01,36,564.75,Direct,Monday,2026-04,fbg_data.csv,cloudbeds
2548168511612,2026-03-04,2026-03-05,1,Great Lodge: King Room,,210.0,237.3,2026-03-02,2,210.0,Direct,Wednesday,2026-03,fbg_data.csv,cloudbeds
1180986690553,2026-03-04,2026-03-05,1,Great Lodge: King Room,,385.0,474.6,2026-03-02,2,385.0,Direct,Wednesday,2026-03,fbg_data.csv,cloudbeds
1180986690553,2026-03-04,2026-03-05,1,Great Lodge: King Room,,385.0,474.6,2026-03-02,2,385.0,Direct,Wednesday,2026-03,fbg_data.csv,cloudbeds
1132267978541,2026-03-04,2026-03-06,2,Monolith,,771.0,871.23,2026-03-02,2,385.5,Direct,Wednesday,2026-03,fbg_data.csv,cloudbeds
4741905811413,2026-03-05,2026-03-07,2,Sage Safari,,735.0,830.55,2026-03-02,3,367.5,Direct,Thursday,2026-03,fbg_data.csv,cloudbeds
5877328365186,2026-03-05,2026-03-07,2,Cedar Haus,,728.0,822.64,2026-03-02,3,364.0,Direct,Thursday,2026-03,fbg_data.csv,cloudbeds
3894855242060,2026-03-16,2026-03-19,3,Quonset,,1554.0,1756.02,2026-03-02,14,518.0,Direct,Monday,2026-03,fbg_data.csv,cloudbeds
3373976545513,2026-03-21,2026-03-24,3,Monarch,,2596.0,2933.48,2026-03-02,19,865.3333333333334,Direct,Saturday,2026-03,fbg_data.csv,cloudbeds
8614658465504,2026-04-29,2026-04-30,1,Buckeye Bungalow,,405.0,457.65,2026-03-02,58,405.0,Direct,Wednesday,2026-04,fbg_data.csv,cloudbeds
7806083249565,2026-09-02,2026-09-04,2,Monolith,,1637.45,1850.32,2026-03-03,183,818.725,Direct,Wednesday,2026-09,fbg_data.csv,cloudbeds
1947160567332,2026-03-07,2026-03-08,1,Great Lodge: King Room,,452.42,0.0,2026-03-03,4,452.42,Expedia,Saturday,2026-03,fbg_data.csv,cloudbeds
9478579931495,2026-03-07,2026-03-08,1,Great Lodge: King Room,,452.42,0.0,2026-03-03,4,452.42,Expedia,Saturday,2026-03,fbg_data.csv,cloudbeds
2382578357940,2026-03-04,2026-03-09,5,Spiral,,1988.15,0.0,2026-03-03,1,397.63,Expedia,Wednesday,2026-03,fbg_data.csv,cloudbeds
3879408161369,2026-03-10,2026-03-11,1,Diamond,,461.0,520.93,2026-03-03,7,461.0,Direct,Tuesday,2026-03,fbg_data.csv,cloudbeds
4531729161210,2026-03-11,2026-03-12,1,Lantana Dome,,333.04,453.13,2026-03-03,8,333.04,Direct,Wednesday,2026-03,fbg_data.csv,cloudbeds
6468133801278,2026-03-19,2026-03-20,1,Spiral,,644.0,940.15,2026-03-03,16,644.0,Direct,Thursday,2026-03,fbg_data.csv,cloudbeds
8216669269207,2026-03-19,2026-03-22,3,Cedar Haus,,1558.0,1760.54,2026-03-03,16,519.3333333333334,Direct,Thursday,2026-03,fbg_data.csv,cloudbeds
2276074215175,2026-03-30,2026-04-01,2,Live Oak Lodge,,1008.0,1139.04,2026-03-03,27,504.0,Direct,Monday,2026-03,fbg_data.csv,cloudbeds
7063054168728,2026-04-02,2026-04-05,3,Great Lodge: King Room,,1496.0,1690.48,2026-03-03,30,498.6666666666667,Direct,Thursday,2026-04,fbg_data.csv,cloudbeds
1701668454778,2026-05-01,2026-05-03,2,Monarch,,2250.0,2754.93,2026-03-03,59,1125.0,Direct,Friday,2026-05,fbg_data.csv,cloudbeds
5537216309608,2026-03-04,2026-03-05,1,Great Lodge: King Room,,208.0,235.04,2026-03-04,0,208.0,Direct,Wednesday,2026-03,fbg_data.csv,cloudbeds
4830583243011,2026-03-05,2026-03-06,1,Great Lodge: King Room,,253.27,0.0,2026-03-04,1,253.27,Expedia,Thursday,2026-03,fbg_data.csv,cloudbeds
9466764244408,2026-03-06,2026-03-07,1,Post Oak,,312.0,352.56,2026-03-04,2,312.0,Direct,Friday,2026-03,fbg_data.csv,cloudbeds
5219501867196,2026-03-09,2026-03-10,1,Walnut House,,404.0,456.52,2026-03-04,5,404.0,Direct,Monday,2026-03,fbg_data.csv,cloudbeds
7725609757165,2026-04-02,2026-04-03,1,Great Lodge: King Room,,352.7,398.55,2026-03-04,29,352.7,Direct,Thursday,2026-04,fbg_data.csv,cloudbeds
9041697478015,2026-04-04,2026-04-06,2,Spiral,,1295.0,1463.35,2026-03-04,31,647.5,Direct,Saturday,2026-04,fbg_data.csv,cloudbeds
1103788115240,2026-04-10,2026-04-12,2,Winecup,,1126.6,1273.06,2026-03-04,37,563.3,Direct,Friday,2026-04,fbg_data.csv,cloudbeds
7150502810369,2026-05-29,2026-05-31,2,Spiral,,2059.51,2898.28,2026-03-04,86,1029.755,Direct,Friday,2026-05,fbg_data.csv,cloudbeds
7139022719080,2026-03-05,2026-03-06,1,Cypress Lodge | Sleeps 6,,364.0,411.32,2026-03-05,0,364.0,Direct,Thursday,2026-03,fbg_data.csv,cloudbeds
5270278084741,2026-03-06,2026-03-07,1,Monolith,,537.0,714.16,2026-03-05,1,537.0,Direct,Friday,2026-03,fbg_data.csv,cloudbeds
2289102119003,2026-03-06,2026-03-07,1,Spyglass,,564.8,0.0,2026-03-05,1,564.8,Airbnb,Friday,2026-03,fbg_data.csv,cloudbeds
4129220845425,2026-03-07,2026-03-08,1,Buckeye Bungalow,,378.0,427.14,2026-03-05,2,378.0,Direct,Saturday,2026-03,fbg_data.csv,cloudbeds
2304267436396,2026-03-07,2026-03-08,1,Great Lodge: King Room,,279.0,315.27,2026-03-05,2,279.0,Direct,Saturday,2026-03,fbg_data.csv,cloudbeds
7866900399860,2026-03-07,2026-03-08,1,Spyglass,,535.6,605.23,2026-03-05,2,535.6,Booking.com,Saturday,2026-03,fbg_data.csv,cloudbeds
7572405059266,2026-03-07,2026-03-09,2,Great Lodge: King Room,,579.61,95.0,2026-03-05,2,289.805,Expedia,Saturday,2026-03,fbg_data.csv,cloudbeds
1035621020542,2026-03-07,2026-03-09,2,Great Lodge: King Room,,764.0,863.32,2026-03-05,2,382.0,Direct,Saturday,2026-03,fbg_data.csv,cloudbeds
9863020819131,2026-03-09,2026-03-10,1,Post Oak,,266.8,301.49,2026-03-05,4,266.8,Direct,Monday,2026-03,fbg_data.csv,cloudbeds
1213473495378,2026-03-11,2026-03-13,2,Walnut House,,885.0,1107.4,2026-03-05,6,442.5,Direct,Wednesday,2026-03,fbg_data.csv,cloudbeds
9332380711698,2026-03-27,2026-03-29,2,Great Lodge: King Room,,1022.0,1154.86,2026-03-05,22,511.0,Direct,Friday,2026-03,fbg_data.csv,cloudbeds
2695802780737,2026-04-03,2026-04-06,3,Cypress Lodge | Sleeps 2,,1868.0,2097.97,2026-03-05,29,622.6666666666666,Direct,Friday,2026-04,fbg_data.csv,cloudbeds
9792868512739,2026-04-27,2026-04-30,3,Monolith,,1668.0,1884.84,2026-03-05,53,556.0,Direct,Monday,2026-04,fbg_data.csv,cloudbeds
4831284787352,2026-09-01,2026-09-03,2,Monolith,,1461.5,1651.5,2026-03-06,179,730.75,Direct,Tuesday,2026-09,fbg_data.csv,cloudbeds
5765215843154,2026-03-06,2026-03-07,1,Great Lodge: King Room,,229.47,0.0,2026-03-06,0,229.47,Expedia,Friday,2026-03,fbg_data.csv,cloudbeds
8527537121703,2026-03-06,2026-03-07,1,Great Lodge: King Room,,259.0,292.67,2026-03-06,0,259.0,Direct,Friday,2026-03,fbg_data.csv,cloudbeds
8803105702265,2026-03-06,2026-03-07,1,Great Lodge: King Room,,259.0,292.67,2026-03-06,0,259.0,Direct,Friday,2026-03,fbg_data.csv,cloudbeds
8112184651206,2026-03-06,2026-03-08,2,Quonset,,1001.0,1238.48,2026-03-06,0,500.5,Direct,Friday,2026-03,fbg_data.csv,cloudbeds
9534071016198,2026-03-06,2026-03-08,2,Cypress Lodge | Sleeps 4,,829.0,1044.12,2026-03-06,0,414.5,Direct,Friday,2026-03,fbg_data.csv,cloudbeds
8648733395853,2026-03-07,2026-03-09,2,Pecan Haus,,581.0,656.53,2026-03-06,1,290.5,Direct,Saturday,2026-03,fbg_data.csv,cloudbeds
7491939490455,2026-03-07,2026-03-09,2,Cedar Haus,,582.0,657.66,2026-03-06,1,291.0,Direct,Saturday,2026-03,fbg_data.csv,cloudbeds
6481718679015,2026-03-09,2026-03-10,1,Cypress Lodge | Sleeps 2,,242.1,273.58,2026-03-06,3,242.1,Direct,Monday,2026-03,fbg_data.csv,cloudbeds
7439542655983,2026-03-13,2026-03-15,2,Quonset,,1763.0,1992.19,2026-03-06,7,881.5,Direct,Friday,2026-03,fbg_data.csv,cloudbeds
4660515543913,2026-03-13,2026-03-16,3,Walnut House,,2649.0,2993.37,2026-03-06,7,883.0,Direct,Friday,2026-03,fbg_data.csv,cloudbeds
1000760644352,2026-05-20,2026-05-23,3,Spiral,,2169.25,2451.26,2026-03-06,75,723.0833333333334,Direct,Wednesday,2026-05,fbg_data.csv,cloudbeds
5916357474917,2026-03-07,2026-03-08,1,Cypress Lodge | Sleeps 4,,306.0,345.78,2026-03-07,0,306.0,Direct,Saturday,2026-03,fbg_data.csv,cloudbeds
6768257806937,2026-03-08,2026-03-09,1,Great Lodge: King Room,,298.0,336.74,2026-03-07,1,298.0,Direct,Sunday,2026-03,fbg_data.csv,cloudbeds
2186067283083,2026-03-09,2026-03-10,1,Spiral,,294.0,332.22,2026-03-07,2,294.0,Direct,Monday,2026-03,fbg_data.csv,cloudbeds
6072340581468,2026-03-09,2026-03-10,1,Diamond,,384.0,433.92,2026-03-07,2,384.0,Direct,Monday,2026-03,fbg_data.csv,cloudbeds
7710211600946,2026-03-09,2026-03-11,2,Winecup,,671.11,0.0,2026-03-07,2,335.555,Airbnb,Monday,2026-03,fbg_data.csv,cloudbeds
1188377593249,2026-03-13,2026-03-15,2,Cypress Lodge | Sleeps 4,,1590.0,1796.7,2026-03-07,6,795.0,Direct,Friday,2026-03,fbg_data.csv,cloudbeds
9793419037298,2026-03-27,2026-03-29,2,Great Lodge: King Room,,1046.0,1181.98,2026-03-07,20,523.0,Direct,Friday,2026-03,fbg_data.csv,cloudbeds
4414086817166,2026-04-03,2026-04-05,2,Winecup,,2100.0,2373.0,2026-03-07,27,1050.0,Direct,Friday,2026-04,fbg_data.csv,cloudbeds
8478364264470,2026-04-27,2026-04-30,3,Monolith,,1647.0,1861.11,2026-03-07,51,549.0,Direct,Monday,2026-04,fbg_data.csv,cloudbeds
9037387760695,2026-03-10,2026-03-11,1,Pecan Haus,,206.38,0.0,2026-03-08,2,206.38,Expedia,Tuesday,2026-03,fbg_data.csv,cloudbeds
1468643985541,2026-03-10,2026-03-11,1,Post Oak,,274.0,416.97,2026-03-08,2,274.0,Direct,Tuesday,2026-03,fbg_data.csv,cloudbeds
4374250287316,2026-03-13,2026-03-15,2,Pecan Haus,,895.0,1011.35,2026-03-08,5,447.5,Direct,Friday,2026-03,fbg_data.csv,cloudbeds
1566164482777,2026-03-21,2026-03-23,2,Cypress Lodge | Sleeps 2,,1300.58,0.0,2026-03-08,13,650.29,Expedia,Saturday,2026-03,fbg_data.csv,cloudbeds
1381975282852,2026-04-03,2026-04-05,2,Monolith,,2676.4,3024.32,2026-03-08,26,1338.2,Direct,Friday,2026-04,fbg_data.csv,cloudbeds
1659532983826,2026-04-17,2026-04-19,2,Great Lodge: King Room,,1250.0,1412.5,2026-03-08,40,625.0,Direct,Friday,2026-04,fbg_data.csv,cloudbeds
1389230258290,2026-03-09,2026-03-10,1,Live Oak Lodge,,357.0,403.41,2026-03-09,0,357.0,Direct,Monday,2026-03,fbg_data.csv,cloudbeds
8729966575244,2026-03-10,2026-03-11,1,Cypress Lodge | Sleeps 6,,240.61,0.0,2026-03-09,1,240.61,Expedia,Tuesday,2026-03,fbg_data.csv,cloudbeds
6975912973630,2026-03-10,2026-03-11,1,Diamond,,264.0,298.32,2026-03-09,1,264.0,Direct,Tuesday,2026-03,fbg_data.csv,cloudbeds
4768409930116,2026-03-10,2026-03-11,1,Great Lodge: King Room,,162.76,0.0,2026-03-09,1,162.76,Expedia,Tuesday,2026-03,fbg_data.csv,cloudbeds
2059512462392,2026-03-10,2026-03-11,1,Bluebonnet,,224.0,253.12,2026-03-09,1,224.0,Direct,Tuesday,2026-03,fbg_data.csv,cloudbeds
7130439858339,2026-03-10,2026-03-11,1,Buckeye Bungalow,,301.0,340.13,2026-03-09,1,301.0,Direct,Tuesday,2026-03,fbg_data.csv,cloudbeds
5774668086217,2026-03-10,2026-03-13,3,Diamond,,815.0,920.95,2026-03-09,1,271.6666666666667,Direct,Tuesday,2026-03,fbg_data.csv,cloudbeds
5849506097485,2026-03-13,2026-03-15,2,Buckeye Bungalow,,1115.8,1392.16,2026-03-09,4,557.9,Direct,Friday,2026-03,fbg_data.csv,cloudbeds
1749417805165,2026-03-13,2026-03-15,2,Great Lodge: King Room,,831.0,939.03,2026-03-09,4,415.5,Direct,Friday,2026-03,fbg_data.csv,cloudbeds
8401579653313,2026-03-14,2026-03-16,2,Lantana Dome,,1031.0,1165.03,2026-03-09,5,515.5,Direct,Saturday,2026-03,fbg_data.csv,cloudbeds
2380879847133,2026-03-16,2026-03-19,3,Cocoon,,729.0,823.77,2026-03-09,7,243.0,Direct,Monday,2026-03,fbg_data.csv,cloudbeds
8622339611981,2026-03-17,2026-03-19,2,Great Lodge: King Room,,442.0,499.46,2026-03-09,8,221.0,Direct,Tuesday,2026-03,fbg_data.csv,cloudbeds
3304247619164,2026-03-20,2026-03-22,2,Winecup,,922.98,0.0,2026-03-09,11,461.49,Expedia,Friday,2026-03,fbg_data.csv,cloudbeds
3304247619164,2026-03-20,2026-03-22,2,Pecan Haus,,922.98,0.0,2026-03-09,11,461.49,Expedia,Friday,2026-03,fbg_data.csv,cloudbeds
7698235120156,2026-03-31,2026-04-03,3,Sage Safari,,1008.0,1139.04,2026-03-09,22,336.0,Direct,Tuesday,2026-03,fbg_data.csv,cloudbeds
8895748834825,2026-04-26,2026-04-29,3,Monarch,,1060.68,0.0,2026-03-09,48,353.56,Expedia,Sunday,2026-04,fbg_data.csv,cloudbeds
9715801182974,2026-05-18,2026-05-20,2,Sage Safari,,518.0,924.34,2026-03-09,70,259.0,Direct,Monday,2026-05,fbg_data.csv,cloudbeds
4208715860961,2026-05-29,2026-06-03,5,Diamond,,2629.0,2970.77,2026-03-09,81,525.8,Direct,Friday,2026-05,fbg_data.csv,cloudbeds
1408320957923,2026-03-10,2026-03-11,1,Great Lodge: King Room,,212.0,239.56,2026-03-10,0,212.0,Direct,Tuesday,2026-03,fbg_data.csv,cloudbeds
5650011279770,2026-03-11,2026-03-12,1,Great Lodge: King Room,,270.58,305.75,2026-03-10,1,270.58,Booking.com,Wednesday,2026-03,fbg_data.csv,cloudbeds
4595816477017,2026-03-11,2026-03-12,1,Diamond,,219.14,0.0,2026-03-10,1,219.14,Expedia,Wednesday,2026-03,fbg_data.csv,cloudbeds
5918836050446,2026-03-11,2026-03-12,1,Cypress Lodge | Sleeps 4,,203.0,229.39,2026-03-10,1,203.0,Direct,Wednesday,2026-03,fbg_data.csv,cloudbeds
5046264691154,2026-03-11,2026-03-13,2,Quonset,,527.0,595.51,2026-03-10,1,263.5,Direct,Wednesday,2026-03,fbg_data.csv,cloudbeds
5662914811934,2026-03-11,2026-03-13,2,Winecup,,457.31,0.0,2026-03-10,1,228.655,Expedia,Wednesday,2026-03,fbg_data.csv,cloudbeds
9582039979589,2026-11-21,2026-11-24,3,Live Oak Lodge,,2414.65,0.0,2026-03-10,256,804.8833333333333,Expedia,Saturday,2026-11,fbg_data.csv,cloudbeds
1043508243031,2026-03-11,2026-03-13,2,Great Lodge: King Room,,423.0,477.99,2026-03-10,1,211.5,Direct,Wednesday,2026-03,fbg_data.csv,cloudbeds
7062625899980,2026-03-11,2026-03-13,2,Quonset,,506.0,571.78,2026-03-10,1,253.0,Direct,Wednesday,2026-03,fbg_data.csv,cloudbeds
2381167541518,2026-03-12,2026-03-13,1,Spiral,,283.05,0.0,2026-03-10,2,283.05,Expedia,Thursday,2026-03,fbg_data.csv,cloudbeds
3081533270858,2026-03-11,2026-03-13,2,Diamond,,548.0,619.24,2026-03-10,1,274.0,Direct,Wednesday,2026-03,fbg_data.csv,cloudbeds
4177293311318,2026-03-12,2026-03-13,1,Monarch,,263.0,297.19,2026-03-10,2,263.0,Direct,Thursday,2026-03,fbg_data.csv,cloudbeds
8937127345550,2026-03-12,2026-03-14,2,Cypress Lodge | Sleeps 2,,726.0,820.38,2026-03-10,2,363.0,Direct,Thursday,2026-03,fbg_data.csv,cloudbeds
2581441774803,2026-03-13,2026-03-14,1,Cocoon,,687.0,776.31,2026-03-10,3,687.0,Direct,Friday,2026-03,fbg_data.csv,cloudbeds
5901430042674,2026-03-13,2026-03-15,2,Spiral,,1239.0,1400.07,2026-03-10,3,619.5,Direct,Friday,2026-03,fbg_data.csv,cloudbeds
2261064306590,2026-03-13,2026-03-15,2,Winecup,,774.0,874.62,2026-03-10,3,387.0,Direct,Friday,2026-03,fbg_data.csv,cloudbeds
7894015643114,2026-03-12,2026-03-15,3,Cedar Haus,,1026.0,1159.38,2026-03-10,2,342.0,Direct,Thursday,2026-03,fbg_data.csv,cloudbeds
4335054711956,2026-03-14,2026-03-16,2,Diamond,,1205.0,1574.08,2026-03-10,4,602.5,Direct,Saturday,2026-03,fbg_data.csv,cloudbeds
4973295828583,2026-03-15,2026-03-16,1,Great Lodge: King Room,,702.0,940.16,2026-03-10,5,702.0,Direct,Sunday,2026-03,fbg_data.csv,cloudbeds
4973295828583,2026-03-15,2026-03-16,1,Cypress Lodge | Sleeps 6,,702.0,940.16,2026-03-10,5,702.0,Direct,Sunday,2026-03,fbg_data.csv,cloudbeds
6141254620047,2026-03-24,2026-03-25,1,Diamond,,285.0,322.05,2026-03-10,14,285.0,Direct,Tuesday,2026-03,fbg_data.csv,cloudbeds
4879280188403,2026-03-24,2026-03-26,2,Spiral,,570.0,644.1,2026-03-10,14,285.0,Direct,Tuesday,2026-03,fbg_data.csv,cloudbeds
3037166708628,2026-04-03,2026-04-05,2,Spyglass,,2643.0,3093.94,2026-03-10,24,1321.5,Direct,Friday,2026-04,fbg_data.csv,cloudbeds
8012704137996,2026-04-22,2026-04-23,1,Buckeye Bungalow,,272.0,307.36,2026-03-10,43,272.0,Direct,Wednesday,2026-04,fbg_data.csv,cloudbeds
2474357377569,2026-05-10,2026-05-13,3,Cedar Haus,,892.82,0.0,2026-03-10,61,297.6066666666667,Expedia,Sunday,2026-05,fbg_data.csv,cloudbeds
4177818782544,2026-03-11,2026-03-12,1,Great Lodge: King Room,,387.0,476.86,2026-03-11,0,387.0,Direct,Wednesday,2026-03,fbg_data.csv,cloudbeds
4177818782544,2026-03-11,2026-03-12,1,Great Lodge: King Room,,387.0,476.86,2026-03-11,0,387.0,Direct,Wednesday,2026-03,fbg_data.csv,cloudbeds
6857743683568,2026-03-12,2026-03-13,1,Diamond,,380.3,0.0,2026-03-11,1,380.3,Airbnb,Thursday,2026-03,fbg_data.csv,cloudbeds
9003677976802,2026-03-11,2026-03-13,2,Pecan Haus,,440.0,497.2,2026-03-11,0,220.0,Direct,Wednesday,2026-03,fbg_data.csv,cloudbeds
8213532854791,2026-03-12,2026-03-13,1,Lantana Dome,,252.0,284.76,2026-03-11,1,252.0,Direct,Thursday,2026-03,fbg_data.csv,cloudbeds
8708478986474,2026-03-12,2026-03-13,1,Cocoon,,252.0,284.76,2026-03-11,1,252.0,Direct,Thursday,2026-03,fbg_data.csv,cloudbeds
6751879099601,2026-03-12,2026-03-13,1,Monolith,,297.0,335.61,2026-03-11,1,297.0,Direct,Thursday,2026-03,fbg_data.csv,cloudbeds
6703983450652,2026-03-12,2026-03-14,2,Great Lodge: King Room,,648.0,732.24,2026-03-11,1,324.0,Direct,Thursday,2026-03,fbg_data.csv,cloudbeds
7062688383999,2026-03-12,2026-03-14,2,Great Lodge: King Room,,648.0,732.24,2026-03-11,1,324.0,Direct,Thursday,2026-03,fbg_data.csv,cloudbeds
9716466105899,2026-03-13,2026-03-15,2,Diamond,,1595.0,1802.35,2026-03-11,2,797.5,Direct,Friday,2026-03,fbg_data.csv,cloudbeds
6394617082756,2026-03-14,2026-03-15,1,Spyglass,,815.0,920.95,2026-03-11,3,815.0,Direct,Saturday,2026-03,fbg_data.csv,cloudbeds
8169473828734,2026-03-13,2026-03-16,3,Diamond,,2497.99,0.0,2026-03-11,2,832.6633333333333,Airbnb,Friday,2026-03,fbg_data.csv,cloudbeds
1861659946884,2026-03-25,2026-03-26,1,Monolith,,250.12,0.0,2026-03-11,14,250.12,Expedia,Wednesday,2026-03,fbg_data.csv,cloudbeds
6010404934879,2026-03-29,2026-03-31,2,Monolith,,895.0,1011.35,2026-03-11,18,447.5,Direct,Sunday,2026-03,fbg_data.csv,cloudbeds
7087762146601,2026-04-16,2026-04-17,1,Buckeye Bungalow,,415.0,468.95,2026-03-11,36,415.0,Direct,Thursday,2026-04,fbg_data.csv,cloudbeds
5354436181302,2026-04-23,2026-04-26,3,Walnut House,,1783.0,2014.79,2026-03-11,43,594.3333333333334,Direct,Thursday,2026-04,fbg_data.csv,cloudbeds
5354436181302,2026-04-23,2026-04-26,3,Pecan Haus,,1783.0,2014.79,2026-03-11,43,594.3333333333334,Direct,Thursday,2026-04,fbg_data.csv,cloudbeds
8770462918341,2026-06-12,2026-06-15,3,Winecup,,2491.8,2815.74,2026-03-11,93,830.6,Direct,Friday,2026-06,fbg_data.csv,cloudbeds
2033858057892,2026-03-12,2026-03-13,1,Post Oak,,201.45,0.0,2026-03-12,0,201.45,Expedia,Thursday,2026-03,fbg_data.csv,cloudbeds
8885588679937,2026-03-12,2026-03-13,1,Juniper Haus,,182.23,0.0,2026-03-12,0,182.23,Expedia,Thursday,2026-03,fbg_data.csv,cloudbeds
4017551436927,2026-03-14,2026-03-15,1,Great Lodge: King Room,,406.0,458.78,2026-03-12,2,406.0,Direct,Saturday,2026-03,fbg_data.csv,cloudbeds
8555988798646,2026-03-14,2026-03-15,1,Cypress Lodge | Sleeps 2,,482.0,544.66,2026-03-12,2,482.0,Direct,Saturday,2026-03,fbg_data.csv,cloudbeds
5108518807170,2026-03-13,2026-03-15,2,Winecup,,1443.0,1630.59,2026-03-12,1,721.5,Direct,Friday,2026-03,fbg_data.csv,cloudbeds
3604850554681,2026-03-12,2026-03-15,3,Great Lodge: King Room,,1205.88,0.0,2026-03-12,0,401.96000000000004,Airbnb,Thursday,2026-03,fbg_data.csv,cloudbeds
2490892090418,2026-03-14,2026-03-15,1,Cypress Lodge | Sleeps 2,,482.0,544.66,2026-03-12,2,482.0,Direct,Saturday,2026-03,fbg_data.csv,cloudbeds
2125370701083,2026-03-16,2026-03-17,1,Monolith,,409.0,0.0,2026-03-12,4,409.0,Airbnb,Monday,2026-03,fbg_data.csv,cloudbeds
1394265902519,2026-03-16,2026-03-18,2,Spiral,,590.0,666.7,2026-03-12,4,295.0,Direct,Monday,2026-03,fbg_data.csv,cloudbeds
7167461189775,2026-03-17,2026-03-18,1,Walnut House,,382.0,0.0,2026-03-12,5,382.0,Airbnb,Tuesday,2026-03,fbg_data.csv,cloudbeds
3252069175660,2026-03-16,2026-03-18,2,Diamond,,723.0,0.0,2026-03-12,4,361.5,Airbnb,Monday,2026-03,fbg_data.csv,cloudbeds
8887924223882,2026-03-17,2026-03-18,1,Spyglass,,273.0,308.49,2026-03-12,5,273.0,Direct,Tuesday,2026-03,fbg_data.csv,cloudbeds
4529732774703,2026-03-16,2026-03-18,2,Monolith,,577.0,652.01,2026-03-12,4,288.5,Direct,Monday,2026-03,fbg_data.csv,cloudbeds
7570239234774,2026-03-17,2026-03-19,2,Great Lodge: King Room,,293.35,724.33,2026-03-12,5,146.675,Direct,Tuesday,2026-03,fbg_data.csv,cloudbeds
2403062165995,2026-03-19,2026-03-21,2,Buckeye Bungalow,,1672.0,0.0,2026-03-12,7,836.0,Airbnb,Thursday,2026-03,fbg_data.csv,cloudbeds
5204514240415,2026-03-28,2026-03-30,2,Bluebonnet,,1667.0,1883.71,2026-03-12,16,833.5,Direct,Saturday,2026-03,fbg_data.csv,cloudbeds
9832155293411,2026-04-08,2026-04-10,2,Spiral,,760.0,858.8,2026-03-12,27,380.0,Direct,Wednesday,2026-04,fbg_data.csv,cloudbeds
6502555674048,2026-04-13,2026-04-15,2,Sage Safari,,542.0,612.46,2026-03-12,32,271.0,Direct,Monday,2026-04,fbg_data.csv,cloudbeds
1603420901643,2026-04-13,2026-04-16,3,Monolith,,614.4,1033.29,2026-03-12,32,204.79999999999998,Direct,Monday,2026-04,fbg_data.csv,cloudbeds
2943698741038,2026-04-15,2026-04-17,2,Live Oak Lodge,,770.2,870.34,2026-03-12,34,385.1,Direct,Wednesday,2026-04,fbg_data.csv,cloudbeds
6364734629854,2026-03-13,2026-03-14,1,Great Lodge: King Room,,397.0,448.61,2026-03-13,0,397.0,Direct,Friday,2026-03,fbg_data.csv,cloudbeds
3047004932850,2026-03-13,2026-03-14,1,Juniper Haus,,358.0,404.54,2026-03-13,0,358.0,Direct,Friday,2026-03,fbg_data.csv,cloudbeds
7725163694213,2026-03-14,2026-03-15,1,Juniper Haus,,377.0,426.01,2026-03-13,1,377.0,Direct,Saturday,2026-03,fbg_data.csv,cloudbeds
5712769651064,2026-03-13,2026-03-15,2,Great Lodge: King Room,,929.0,0.0,2026-03-13,0,464.5,Airbnb,Friday,2026-03,fbg_data.csv,cloudbeds
9935530424337,2026-03-14,2026-03-15,1,Great Lodge: King Room,,517.0,0.0,2026-03-13,1,517.0,Airbnb,Saturday,2026-03,fbg_data.csv,cloudbeds
6801552372507,2026-03-14,2026-03-15,1,Great Lodge: King Room,,357.0,0.0,2026-03-13,1,357.0,Expedia,Saturday,2026-03,fbg_data.csv,cloudbeds
1884791078463,2026-03-13,2026-03-15,2,Great Lodge: King Room,,729.69,0.0,2026-03-13,0,364.845,Expedia,Friday,2026-03,fbg_data.csv,cloudbeds
8501165393079,2026-03-14,2026-03-15,1,Quonset,,712.0,804.56,2026-03-13,1,712.0,Direct,Saturday,2026-03,fbg_data.csv,cloudbeds
2036286124723,2026-03-15,2026-03-16,1,Monolith,,568.0,681.39,2026-03-13,2,568.0,Direct,Sunday,2026-03,fbg_data.csv,cloudbeds
2036286124723,2026-03-15,2026-03-16,1,Spiral,,568.0,681.39,2026-03-13,2,568.0,Direct,Sunday,2026-03,fbg_data.csv,cloudbeds
5756033572797,2026-03-15,2026-03-16,1,Live Oak Lodge,,268.21,0.0,2026-03-13,2,268.21,Expedia,Sunday,2026-03,fbg_data.csv,cloudbeds
1166310943694,2026-03-16,2026-03-17,1,Cypress Lodge | Sleeps 2,,208.0,235.04,2026-03-13,3,208.0,Direct,Monday,2026-03,fbg_data.csv,cloudbeds
9843634426250,2026-03-16,2026-03-18,2,Great Lodge: King Room,,357.32,0.0,2026-03-13,3,178.66,Expedia,Monday,2026-03,fbg_data.csv,cloudbeds
2444206297927,2026-03-17,2026-03-19,2,Great Lodge: King Room,,416.0,470.08,2026-03-13,4,208.0,Direct,Tuesday,2026-03,fbg_data.csv,cloudbeds
4730171314839,2026-03-19,2026-03-20,1,Post Oak,,225.0,254.25,2026-03-13,6,225.0,Direct,Thursday,2026-03,fbg_data.csv,cloudbeds
4695517869984,2026-03-20,2026-03-22,2,Diamond,,1872.0,2327.79,2026-03-13,7,936.0,Direct,Friday,2026-03,fbg_data.csv,cloudbeds
8850155016396,2026-03-23,2026-03-24,1,Lantana Dome,,240.0,271.2,2026-03-13,10,240.0,Direct,Monday,2026-03,fbg_data.csv,cloudbeds
5654404048824,2026-03-23,2026-03-24,1,Sage Safari,,188.52,0.0,2026-03-13,10,188.52,Expedia,Monday,2026-03,fbg_data.csv,cloudbeds
6143419069797,2026-03-27,2026-03-30,3,Great Lodge: King Room,,1289.0,1563.92,2026-03-13,14,429.6666666666667,Direct,Friday,2026-03,fbg_data.csv,cloudbeds
6608075962233,2026-03-29,2026-04-01,3,Diamond,,1138.01,0.0,2026-03-13,16,379.33666666666664,Airbnb,Sunday,2026-03,fbg_data.csv,cloudbeds
8871626548012,2026-04-01,2026-04-03,2,Buckeye Bungalow,,695.0,785.35,2026-03-13,19,347.5,Direct,Wednesday,2026-04,fbg_data.csv,cloudbeds
8540591497944,2026-04-03,2026-04-05,2,Great Lodge: King Room,,1016.88,0.0,2026-03-13,21,508.44,Expedia,Friday,2026-04,fbg_data.csv,cloudbeds
6108932970568,2026-04-05,2026-04-06,1,Spyglass,,314.0,354.82,2026-03-13,23,314.0,Direct,Sunday,2026-04,fbg_data.csv,cloudbeds
6493895469397,2026-04-07,2026-04-08,1,Bluebonnet,,247.0,279.11,2026-03-13,25,247.0,Direct,Tuesday,2026-04,fbg_data.csv,cloudbeds
5033481258837,2026-04-07,2026-04-08,1,Lantana Dome,,259.0,585.34,2026-03-13,25,259.0,Direct,Tuesday,2026-04,fbg_data.csv,cloudbeds
4165791822471,2026-04-08,2026-04-09,1,Live Oak Lodge,,268.0,302.84,2026-03-13,26,268.0,Direct,Wednesday,2026-04,fbg_data.csv,cloudbeds
6936404518774,2026-04-15,2026-04-18,3,Monolith,,2293.0,2591.09,2026-03-13,33,764.3333333333334,Direct,Wednesday,2026-04,fbg_data.csv,cloudbeds
9697837529728,2026-04-24,2026-04-26,2,Monolith,,2788.0,3150.44,2026-03-13,42,1394.0,Direct,Friday,2026-04,fbg_data.csv,cloudbeds
3420219540022,2026-03-15,2026-03-16,1,Bluebonnet,,231.0,261.03,2026-03-14,1,231.0,Direct,Sunday,2026-03,fbg_data.csv,cloudbeds
2585781844405,2026-03-16,2026-03-17,1,Bluebonnet,,227.0,256.51,2026-03-14,2,227.0,Direct,Monday,2026-03,fbg_data.csv,cloudbeds
4979708228815,2026-03-16,2026-03-17,1,Walnut House,,247.0,279.11,2026-03-14,2,247.0,Direct,Monday,2026-03,fbg_data.csv,cloudbeds
7980791552616,2026-03-16,2026-03-18,2,Cedar Haus,,519.65,0.0,2026-03-14,2,259.825,Airbnb,Monday,2026-03,fbg_data.csv,cloudbeds
8985042265869,2026-03-17,2026-03-18,1,Cypress Lodge | Sleeps 2,,179.54,0.0,2026-03-14,3,179.54,Expedia,Tuesday,2026-03,fbg_data.csv,cloudbeds
3080817006606,2026-03-16,2026-03-18,2,Great Lodge: King Room,,412.0,465.56,2026-03-14,2,206.0,Direct,Monday,2026-03,fbg_data.csv,cloudbeds
7306962011906,2026-03-15,2026-03-18,3,Winecup,,1334.0,1626.07,2026-03-14,1,444.6666666666667,Direct,Sunday,2026-03,fbg_data.csv,cloudbeds
7306962011906,2026-03-15,2026-03-18,3,Juniper Haus,,1334.0,1626.07,2026-03-14,1,444.6666666666667,Direct,Sunday,2026-03,fbg_data.csv,cloudbeds
1278027677775,2026-03-17,2026-03-19,2,Quonset,,440.76,0.0,2026-03-14,3,220.38,Expedia,Tuesday,2026-03,fbg_data.csv,cloudbeds
6692365991427,2026-03-19,2026-03-20,1,Great Lodge: King Room,,197.47,0.0,2026-03-14,5,197.47,Expedia,Thursday,2026-03,fbg_data.csv,cloudbeds
3586800752370,2026-03-19,2026-03-21,2,Bluebonnet,,1196.0,1351.48,2026-03-14,5,598.0,Direct,Thursday,2026-03,fbg_data.csv,cloudbeds
2533037498764,2026-04-05,2026-04-06,1,Live Oak Lodge,,312.0,352.56,2026-03-14,22,312.0,Direct,Sunday,2026-04,fbg_data.csv,cloudbeds
9964040523898,2026-04-17,2026-04-20,3,Great Lodge: King Room,,1491.0,1684.83,2026-03-14,34,497.0,Direct,Friday,2026-04,fbg_data.csv,cloudbeds
6033872723448,2026-04-20,2026-04-22,2,Monolith,,576.0,650.88,2026-03-14,37,288.0,Direct,Monday,2026-04,fbg_data.csv,cloudbeds
4822251538349,2026-04-30,2026-05-04,4,Quonset,,2142.0,3786.63,2026-03-14,47,535.5,Direct,Thursday,2026-04,fbg_data.csv,cloudbeds
2437440091266,2026-03-15,2026-03-16,1,Diamond,,450.0,0.0,2026-03-15,0,450.0,Airbnb,Sunday,2026-03,fbg_data.csv,cloudbeds
3856268812242,2026-03-15,2026-03-16,1,Winecup,,303.0,342.39,2026-03-15,0,303.0,Direct,Sunday,2026-03,fbg_data.csv,cloudbeds
7586257457874,2026-03-15,2026-03-16,1,Post Oak,,239.0,270.07,2026-03-15,0,239.0,Direct,Sunday,2026-03,fbg_data.csv,cloudbeds
6502255339671,2026-03-15,2026-03-16,1,Buckeye Bungalow,,291.0,436.18,2026-03-15,0,291.0,Direct,Sunday,2026-03,fbg_data.csv,cloudbeds
8310320992959,2026-03-16,2026-03-17,1,Great Lodge: King Room,,205.0,231.65,2026-03-15,1,205.0,Direct,Monday,2026-03,fbg_data.csv,cloudbeds
5011755751308,2026-03-17,2026-03-18,1,Post Oak,,178.54,0.0,2026-03-15,2,178.54,Expedia,Tuesday,2026-03,fbg_data.csv,cloudbeds
4804013320669,2026-03-15,2026-03-18,3,Great Lodge: King Room,,582.45,0.0,2026-03-15,0,194.15,Expedia,Sunday,2026-03,fbg_data.csv,cloudbeds
5698815348716,2026-03-19,2026-03-20,1,Great Lodge: King Room,,315.8,356.86,2026-03-15,4,315.8,Direct,Thursday,2026-03,fbg_data.csv,cloudbeds
3251100198567,2026-03-19,2026-03-20,1,Pecan Haus,,178.64,0.0,2026-03-15,4,178.64,Expedia,Thursday,2026-03,fbg_data.csv,cloudbeds
7510445237916,2026-03-19,2026-03-21,2,Great Lodge: King Room,,724.55,818.74,2026-03-15,4,362.275,Direct,Thursday,2026-03,fbg_data.csv,cloudbeds
4364973821511,2026-03-18,2026-03-21,3,Winecup,,1391.44,0.0,2026-03-15,3,463.81333333333333,Expedia,Wednesday,2026-03,fbg_data.csv,cloudbeds
1378671813093,2026-03-21,2026-03-23,2,Juniper Haus,,840.0,1056.55,2026-03-15,6,420.0,Direct,Saturday,2026-03,fbg_data.csv,cloudbeds
7787426313792,2026-03-25,2026-03-26,1,Juniper Haus,,205.0,231.65,2026-03-15,10,205.0,Direct,Wednesday,2026-03,fbg_data.csv,cloudbeds
3062081302078,2026-03-26,2026-03-27,1,Great Lodge: King Room,,287.0,324.31,2026-03-15,11,287.0,Direct,Thursday,2026-03,fbg_data.csv,cloudbeds
7385839170007,2026-03-30,2026-03-31,1,Sage Safari,,225.0,254.25,2026-03-15,15,225.0,Direct,Monday,2026-03,fbg_data.csv,cloudbeds
7338297168057,2026-03-30,2026-04-01,2,Lantana Dome,,402.24,0.0,2026-03-15,15,201.12,Expedia,Monday,2026-03,fbg_data.csv,cloudbeds
8612155195048,2026-04-03,2026-04-04,1,Sage Safari,,657.47,0.0,2026-03-15,19,657.47,Expedia,Friday,2026-04,fbg_data.csv,cloudbeds
9317103054638,2026-04-23,2026-04-24,1,Monarch,,531.0,600.03,2026-03-15,39,531.0,Direct,Thursday,2026-04,fbg_data.csv,cloudbeds
3470021483997,2026-04-28,2026-04-30,2,Diamond,,572.0,858.79,2026-03-15,44,286.0,Direct,Tuesday,2026-04,fbg_data.csv,cloudbeds
2720149460679,2026-06-19,2026-06-21,2,Monolith,,2148.3,2992.58,2026-03-15,96,1074.15,Direct,Friday,2026-06,fbg_data.csv,cloudbeds
3108636152188,2026-03-16,2026-03-17,1,Great Lodge: King Room,,213.0,240.69,2026-03-16,0,213.0,Direct,Monday,2026-03,fbg_data.csv,cloudbeds
7381237003113,2026-03-17,2026-03-18,1,Great Lodge: King Room,,212.0,239.56,2026-03-16,1,212.0,Direct,Tuesday,2026-03,fbg_data.csv,cloudbeds
2666721658622,2026-03-17,2026-03-19,2,Pecan Haus,,274.0,479.12,2026-03-16,1,137.0,Direct,Tuesday,2026-03,fbg_data.csv,cloudbeds
2666721658622,2026-03-17,2026-03-19,2,Post Oak,,274.0,479.12,2026-03-16,1,137.0,Direct,Tuesday,2026-03,fbg_data.csv,cloudbeds
9508086147192,2026-03-18,2026-03-19,1,Great Lodge: King Room,,174.68,0.0,2026-03-16,2,174.68,Expedia,Wednesday,2026-03,fbg_data.csv,cloudbeds
9854216490181,2026-03-18,2026-03-19,1,Cedar Haus,,241.7,0.0,2026-03-16,2,241.7,Airbnb,Wednesday,2026-03,fbg_data.csv,cloudbeds
6278305341892,2026-03-18,2026-03-19,1,Great Lodge: King Room,,204.0,230.52,2026-03-16,2,204.0,Direct,Wednesday,2026-03,fbg_data.csv,cloudbeds
5116945528196,2026-03-18,2026-03-19,1,Great Lodge: King Room,,204.0,230.52,2026-03-16,2,204.0,Direct,Wednesday,2026-03,fbg_data.csv,cloudbeds
6283231697118,2026-03-19,2026-03-20,1,Diamond,,446.0,503.98,2026-03-16,3,446.0,Direct,Thursday,2026-03,fbg_data.csv,cloudbeds
7354210087457,2026-03-18,2026-03-20,2,Great Lodge: King Room,,549.0,620.37,2026-03-16,2,274.5,Direct,Wednesday,2026-03,fbg_data.csv,cloudbeds
4934892877218,2026-03-19,2026-03-20,1,Lantana Dome,,394.0,445.22,2026-03-16,3,394.0,Direct,Thursday,2026-03,fbg_data.csv,cloudbeds
1890365285504,2026-03-19,2026-03-20,1,Great Lodge: King Room,,347.0,392.11,2026-03-16,3,347.0,Direct,Thursday,2026-03,fbg_data.csv,cloudbeds
5904245355910,2026-03-20,2026-03-21,1,Monarch,,689.0,885.92,2026-03-16,4,689.0,Direct,Friday,2026-03,fbg_data.csv,cloudbeds
1362713758463,2026-03-19,2026-03-21,2,Monolith,,1796.93,0.0,2026-03-16,3,898.465,Airbnb,Thursday,2026-03,fbg_data.csv,cloudbeds
1722030920465,2026-03-20,2026-03-22,2,Winecup,,1096.0,0.0,2026-03-16,4,548.0,Airbnb,Friday,2026-03,fbg_data.csv,cloudbeds
7652832677207,2026-03-22,2026-03-24,2,Diamond,,897.0,1013.61,2026-03-16,6,448.5,Direct,Sunday,2026-03,fbg_data.csv,cloudbeds
8617926539458,2026-03-25,2026-03-27,2,Cypress Lodge | Sleeps 2,,488.59,0.0,2026-03-16,9,244.295,Expedia,Wednesday,2026-03,fbg_data.csv,cloudbeds
3536887236058,2026-03-29,2026-03-30,1,Live Oak Lodge,,395.0,446.35,2026-03-16,13,395.0,Direct,Sunday,2026-03,fbg_data.csv,cloudbeds
1945805261892,2026-03-15,2026-03-17,2,Great Lodge: King Room,,220.28,560.48,2026-03-16,-1,110.14,Direct,Sunday,2026-03,fbg_data.csv,cloudbeds
1945805261892,2026-03-15,2026-03-17,2,Winecup,,220.28,560.48,2026-03-16,-1,110.14,Direct,Sunday,2026-03,fbg_data.csv,cloudbeds
4287137414114,2026-04-01,2026-04-03,2,Spyglass,,507.0,572.91,2026-03-16,16,253.5,Direct,Wednesday,2026-04,fbg_data.csv,cloudbeds
1433786444195,2026-04-06,2026-04-07,1,Cypress Lodge | Sleeps 6,,284.0,320.92,2026-03-16,21,284.0,Direct,Monday,2026-04,fbg_data.csv,cloudbeds
9664756801529,2026-04-14,2026-04-16,2,Diamond,,526.0,594.38,2026-03-16,29,263.0,Direct,Tuesday,2026-04,fbg_data.csv,cloudbeds
2404524342348,2026-04-19,2026-04-22,3,Monolith,,1116.75,1261.93,2026-03-16,34,372.25,Direct,Sunday,2026-04,fbg_data.csv,cloudbeds
1680324040910,2026-07-10,2026-07-12,2,Post Oak,,1036.0,1170.68,2026-03-16,116,518.0,Direct,Friday,2026-07,fbg_data.csv,cloudbeds
5964562261931,2026-03-17,2026-03-18,1,Great Lodge: King Room,,271.91,307.25,2026-03-17,0,271.91,Booking.com,Tuesday,2026-03,fbg_data.csv,cloudbeds
6110124553625,2026-03-19,2026-03-20,1,Great Lodge: King Room,,343.0,387.59,2026-03-17,2,343.0,Direct,Thursday,2026-03,fbg_data.csv,cloudbeds
9763493218208,2026-03-20,2026-03-21,1,Great Lodge: King Room,,408.0,461.04,2026-03-17,3,408.0,Direct,Friday,2026-03,fbg_data.csv,cloudbeds
4700748905901,2026-03-21,2026-03-22,1,Spiral,,466.1,580.82,2026-03-17,4,466.1,Direct,Saturday,2026-03,fbg_data.csv,cloudbeds
7023181085889,2026-03-19,2026-03-22,3,Quonset,,1736.0,2069.03,2026-03-17,2,578.6666666666666,Direct,Thursday,2026-03,fbg_data.csv,cloudbeds
1272366904640,2026-03-22,2026-03-24,2,Diamond,,586.0,662.18,2026-03-17,5,293.0,Direct,Sunday,2026-03,fbg_data.csv,cloudbeds
7014034220163,2026-03-25,2026-03-26,1,Live Oak Lodge,,243.0,274.59,2026-03-17,8,243.0,Direct,Wednesday,2026-03,fbg_data.csv,cloudbeds
2870338849672,2026-03-26,2026-03-27,1,Live Oak Lodge,,226.0,362.73,2026-03-17,9,226.0,Direct,Thursday,2026-03,fbg_data.csv,cloudbeds
7475851317220,2026-03-27,2026-03-30,3,Great Lodge: King Room,,1133.0,1280.29,2026-03-17,10,377.6666666666667,Direct,Friday,2026-03,fbg_data.csv,cloudbeds
9303833844704,2026-04-12,2026-04-14,2,Cedar Haus,,587.0,663.31,2026-03-17,26,293.5,Direct,Sunday,2026-04,fbg_data.csv,cloudbeds
3867785452835,2026-04-13,2026-04-15,2,Monolith,,588.0,664.44,2026-03-17,27,294.0,Direct,Monday,2026-04,fbg_data.csv,cloudbeds
9826722029614,2026-04-15,2026-04-16,1,Diamond,,282.0,318.66,2026-03-17,29,282.0,Direct,Wednesday,2026-04,fbg_data.csv,cloudbeds
2991755147746,2026-04-27,2026-04-30,3,Spyglass,,819.0,925.47,2026-03-17,41,273.0,Direct,Monday,2026-04,fbg_data.csv,cloudbeds
7131257836060,2026-06-05,2026-06-07,2,Live Oak Lodge,,2632.2,2974.4,2026-03-17,80,1316.1,Direct,Friday,2026-06,fbg_data.csv,cloudbeds
8962124112070,2026-03-18,2026-03-19,1,Juniper Haus,,327.0,369.51,2026-03-18,0,327.0,Direct,Wednesday,2026-03,fbg_data.csv,cloudbeds
8600697096331,2026-03-20,2026-03-21,1,Cypress Lodge | Sleeps 2,,406.0,458.78,2026-03-18,2,406.0,Direct,Friday,2026-03,fbg_data.csv,cloudbeds
6219659023316,2026-03-20,2026-03-21,1,Spiral,,511.0,684.78,2026-03-18,2,511.0,Direct,Friday,2026-03,fbg_data.csv,cloudbeds
6610298431675,2026-03-21,2026-03-22,1,Great Lodge: King Room,,721.0,854.28,2026-03-18,3,721.0,Direct,Saturday,2026-03,fbg_data.csv,cloudbeds
6610298431675,2026-03-21,2026-03-22,1,Great Lodge: King Room,,721.0,854.28,2026-03-18,3,721.0,Direct,Saturday,2026-03,fbg_data.csv,cloudbeds
8573842176348,2026-03-21,2026-03-22,1,Great Lodge: King Room,,348.04,0.0,2026-03-18,3,348.04,Expedia,Saturday,2026-03,fbg_data.csv,cloudbeds
7381584651586,2026-03-21,2026-03-22,1,Great Lodge: King Room,,378.0,427.14,2026-03-18,3,378.0,Direct,Saturday,2026-03,fbg_data.csv,cloudbeds
5514160330997,2026-03-20,2026-03-22,2,Great Lodge: King Room,,1027.0,0.0,2026-03-18,2,513.5,Airbnb,Friday,2026-03,fbg_data.csv,cloudbeds
7911121587647,2026-03-21,2026-03-22,1,Bluebonnet,,511.0,577.43,2026-03-18,3,511.0,Direct,Saturday,2026-03,fbg_data.csv,cloudbeds
9500285270087,2026-03-21,2026-03-22,1,Cypress Lodge | Sleeps 2,,487.0,0.0,2026-03-18,3,487.0,Airbnb,Saturday,2026-03,fbg_data.csv,cloudbeds
6345619490306,2026-03-20,2026-03-22,2,Lantana Dome,,993.44,1122.58,2026-03-18,2,496.72,Direct,Friday,2026-03,fbg_data.csv,cloudbeds
7394990951704,2026-03-21,2026-03-22,1,Great Lodge: King Room,,345.65,390.59,2026-03-18,3,345.65,Direct,Saturday,2026-03,fbg_data.csv,cloudbeds
6200508224529,2026-03-25,2026-03-26,1,Spyglass,,346.0,0.0,2026-03-18,7,346.0,Airbnb,Wednesday,2026-03,fbg_data.csv,cloudbeds
6181026670050,2026-03-27,2026-03-29,2,Diamond,,1910.0,2265.65,2026-03-18,9,955.0,Direct,Friday,2026-03,fbg_data.csv,cloudbeds
7477932966472,2026-03-29,2026-03-31,2,Walnut House,,621.0,0.0,2026-03-18,11,310.5,Airbnb,Sunday,2026-03,fbg_data.csv,cloudbeds
8643102942887,2026-03-30,2026-03-31,1,Monolith,,227.34,0.0,2026-03-18,12,227.34,Expedia,Monday,2026-03,fbg_data.csv,cloudbeds
1396607239985,2026-03-29,2026-04-02,4,Cypress Lodge | Sleeps 6,,1604.0,1812.52,2026-03-18,11,401.0,Direct,Sunday,2026-03,fbg_data.csv,cloudbeds
8457747679367,2026-04-03,2026-04-05,2,Juniper Haus,,1053.0,1189.89,2026-03-18,16,526.5,Direct,Friday,2026-04,fbg_data.csv,cloudbeds
6101935512250,2026-04-07,2026-04-08,1,Spyglass,,261.0,294.93,2026-03-18,20,261.0,Direct,Tuesday,2026-04,fbg_data.csv,cloudbeds
4079563248325,2026-04-09,2026-04-10,1,Diamond,,524.0,592.12,2026-03-18,22,524.0,Direct,Thursday,2026-04,fbg_data.csv,cloudbeds
5579153846581,2026-04-09,2026-04-10,1,Pecan Haus,,364.0,411.32,2026-03-18,22,364.0,Direct,Thursday,2026-04,fbg_data.csv,cloudbeds
8876443959480,2026-04-12,2026-04-14,2,Buckeye Bungalow,,611.0,690.43,2026-03-18,25,305.5,Direct,Sunday,2026-04,fbg_data.csv,cloudbeds
5752788542601,2026-06-05,2026-06-07,2,Cedar Haus,,1082.0,1222.66,2026-03-18,79,541.0,Direct,Friday,2026-06,fbg_data.csv,cloudbeds
4467598031654,2026-10-25,2026-10-28,3,Monolith,,2192.0,2476.96,2026-03-19,220,730.6666666666666,Direct,Sunday,2026-10,fbg_data.csv,cloudbeds
8825424523163,2026-09-11,2026-09-13,2,Cypress Lodge | Sleeps 6,,2734.0,3089.42,2026-03-19,176,1367.0,Direct,Friday,2026-09,fbg_data.csv,cloudbeds
2676023819977,2026-03-20,2026-03-21,1,Cypress Lodge | Sleeps 2,,404.0,456.52,2026-03-19,1,404.0,Direct,Friday,2026-03,fbg_data.csv,cloudbeds
6679744177936,2026-03-20,2026-03-21,1,Diamond,,865.0,977.45,2026-03-19,1,865.0,Direct,Friday,2026-03,fbg_data.csv,cloudbeds
4548679972824,2026-03-21,2026-03-22,1,Buckeye Bungalow,,509.0,575.17,2026-03-19,2,509.0,Direct,Saturday,2026-03,fbg_data.csv,cloudbeds
1443366546045,2026-03-21,2026-03-22,1,Great Lodge: King Room,,485.0,0.0,2026-03-19,2,485.0,Airbnb,Saturday,2026-03,fbg_data.csv,cloudbeds
8391888501141,2026-03-21,2026-03-22,1,Live Oak Lodge,,608.0,687.04,2026-03-19,2,608.0,Direct,Saturday,2026-03,fbg_data.csv,cloudbeds
5521149068029,2026-03-20,2026-03-22,2,Cypress Lodge | Sleeps 4,,1170.4,0.0,2026-03-19,1,585.2,Airbnb,Friday,2026-03,fbg_data.csv,cloudbeds
1174449866645,2026-03-20,2026-03-22,2,Cocoon,,1068.0,1419.27,2026-03-19,1,534.0,Direct,Friday,2026-03,fbg_data.csv,cloudbeds
8906327385855,2026-03-23,2026-03-24,1,Diamond,,274.0,309.62,2026-03-19,4,274.0,Direct,Monday,2026-03,fbg_data.csv,cloudbeds
8073209339064,2026-03-27,2026-03-29,2,Great Lodge: King Room,,1076.55,1216.5,2026-03-19,8,538.275,Booking.com,Friday,2026-03,fbg_data.csv,cloudbeds
6493138515418,2026-03-28,2026-03-29,1,Spyglass,,1026.0,1159.38,2026-03-19,9,1026.0,Direct,Saturday,2026-03,fbg_data.csv,cloudbeds
1151389819651,2026-03-27,2026-03-29,2,Spiral,,1546.0,1746.98,2026-03-19,8,773.0,Direct,Friday,2026-03,fbg_data.csv,cloudbeds
7364376300992,2026-03-30,2026-04-01,2,Diamond,,520.0,587.6,2026-03-19,11,260.0,Direct,Monday,2026-03,fbg_data.csv,cloudbeds
7302689398907,2026-04-02,2026-04-03,1,Live Oak Lodge,,246.0,277.98,2026-03-19,14,246.0,Direct,Thursday,2026-04,fbg_data.csv,cloudbeds
5843450860505,2026-04-16,2026-04-17,1,Walnut House,,237.0,267.81,2026-03-19,28,237.0,Direct,Thursday,2026-04,fbg_data.csv,cloudbeds
1937606982952,2026-06-12,2026-06-15,3,Post Oak,,1514.0,1710.82,2026-03-19,85,504.6666666666667,Direct,Friday,2026-06,fbg_data.csv,cloudbeds
2208321507379,2026-03-20,2026-03-21,1,Great Lodge: King Room,,419.0,0.0,2026-03-20,0,419.0,Airbnb,Friday,2026-03,fbg_data.csv,cloudbeds
2525459037409,2026-03-20,2026-03-21,1,Juniper Haus,,362.46,0.0,2026-03-20,0,362.46,Expedia,Friday,2026-03,fbg_data.csv,cloudbeds
6942869624830,2026-03-21,2026-03-22,1,Quonset,,605.0,683.65,2026-03-20,1,605.0,Direct,Saturday,2026-03,fbg_data.csv,cloudbeds
2614648639915,2026-03-20,2026-03-22,2,Cypress Lodge | Sleeps 4,,1434.0,0.0,2026-03-20,0,717.0,Airbnb,Friday,2026-03,fbg_data.csv,cloudbeds
9370884073902,2026-03-22,2026-03-23,1,Live Oak Lodge,,246.69,0.0,2026-03-20,2,246.69,Expedia,Sunday,2026-03,fbg_data.csv,cloudbeds
5319419553257,2026-03-24,2026-03-25,1,Lantana Dome,,290.0,0.0,2026-03-20,4,290.0,Airbnb,Tuesday,2026-03,fbg_data.csv,cloudbeds
4144166956038,2026-03-24,2026-03-26,2,Quonset,,482.0,544.66,2026-03-20,4,241.0,Direct,Tuesday,2026-03,fbg_data.csv,cloudbeds
7339272122769,2026-03-25,2026-03-26,1,Monolith,,332.0,0.0,2026-03-20,5,332.0,Airbnb,Wednesday,2026-03,fbg_data.csv,cloudbeds
2715344611052,2026-03-27,2026-03-29,2,Great Lodge: King Room,,879.0,0.0,2026-03-20,7,439.5,Airbnb,Friday,2026-03,fbg_data.csv,cloudbeds
1198275782092,2026-03-29,2026-03-30,1,Winecup,,375.0,423.75,2026-03-20,9,375.0,Direct,Sunday,2026-03,fbg_data.csv,cloudbeds
4676266897724,2026-03-30,2026-03-31,1,Cocoon,,201.5,227.7,2026-03-20,10,201.5,Direct,Monday,2026-03,fbg_data.csv,cloudbeds
9353874294994,2026-03-30,2026-04-02,3,Bluebonnet,,693.0,783.09,2026-03-20,10,231.0,Direct,Monday,2026-03,fbg_data.csv,cloudbeds
6703019804699,2026-04-02,2026-04-03,1,Monolith,,415.06,0.0,2026-03-20,13,415.06,Expedia,Thursday,2026-04,fbg_data.csv,cloudbeds
5663118588225,2026-04-03,2026-04-05,2,Monolith,,2522.0,2849.86,2026-03-20,14,1261.0,Direct,Friday,2026-04,fbg_data.csv,cloudbeds
6629711791026,2026-04-11,2026-04-13,2,Cypress Lodge | Sleeps 2,,1060.0,1197.8,2026-03-20,22,530.0,Direct,Saturday,2026-04,fbg_data.csv,cloudbeds
1245798918125,2026-04-13,2026-04-14,1,Cypress Lodge | Sleeps 6,,279.0,315.27,2026-03-20,24,279.0,Direct,Monday,2026-04,fbg_data.csv,cloudbeds
6802883772906,2026-04-20,2026-04-21,1,Juniper Haus,,218.0,705.11,2026-03-20,31,218.0,Direct,Monday,2026-04,fbg_data.csv,cloudbeds
6696546116458,2026-04-20,2026-04-23,3,Monarch,,777.0,878.01,2026-03-20,31,259.0,Direct,Monday,2026-04,fbg_data.csv,cloudbeds
6157632201563,2026-05-25,2026-05-27,2,Live Oak Lodge,,1145.25,1294.14,2026-03-20,66,572.625,Direct,Monday,2026-05,fbg_data.csv,cloudbeds
9579758598528,2026-06-12,2026-06-15,3,Spyglass,,2858.0,3229.54,2026-03-20,84,952.6666666666666,Direct,Friday,2026-06,fbg_data.csv,cloudbeds
6050287208233,2026-10-16,2026-10-17,1,Sage Safari,,874.0,987.62,2026-03-21,209,874.0,Direct,Friday,2026-10,fbg_data.csv,cloudbeds
8904866335423,2026-12-27,2026-12-29,2,Sage Safari,,1159.05,1309.72,2026-03-21,281,579.525,Direct,Sunday,2026-12,fbg_data.csv,cloudbeds
8645868232579,2026-03-22,2026-03-23,1,Diamond,,294.0,332.22,2026-03-21,1,294.0,Direct,Sunday,2026-03,fbg_data.csv,cloudbeds
8582549893496,2026-03-22,2026-03-23,1,Monolith,,366.0,0.0,2026-03-21,1,366.0,Airbnb,Sunday,2026-03,fbg_data.csv,cloudbeds
1440986681476,2026-03-22,2026-03-23,1,Sage Safari,,212.77,0.0,2026-03-21,1,212.77,Expedia,Sunday,2026-03,fbg_data.csv,cloudbeds
5908815365653,2026-03-22,2026-03-23,1,Monolith,,247.39,0.0,2026-03-21,1,247.39,Expedia,Sunday,2026-03,fbg_data.csv,cloudbeds
1914704012723,2026-03-23,2026-03-25,2,Monolith,,886.0,1001.18,2026-03-21,2,443.0,Direct,Monday,2026-03,fbg_data.csv,cloudbeds
2994155872893,2026-03-23,2026-03-26,3,Cypress Lodge | Sleeps 4,,641.34,0.0,2026-03-21,2,213.78,Expedia,Monday,2026-03,fbg_data.csv,cloudbeds
3462427069689,2026-03-29,2026-03-30,1,Spiral,,275.0,310.75,2026-03-21,8,275.0,Direct,Sunday,2026-03,fbg_data.csv,cloudbeds
9943764524018,2026-03-31,2026-04-02,2,Great Lodge: King Room,,398.0,449.74,2026-03-21,10,199.0,Direct,Tuesday,2026-03,fbg_data.csv,cloudbeds
6553935133142,2026-04-01,2026-04-03,2,Lantana Dome,,463.0,523.19,2026-03-21,11,231.5,Direct,Wednesday,2026-04,fbg_data.csv,cloudbeds
8952485077851,2026-04-03,2026-04-06,3,Cypress Lodge | Sleeps 4,,1493.0,1687.09,2026-03-21,13,497.6666666666667,Direct,Friday,2026-04,fbg_data.csv,cloudbeds
5095257741799,2026-04-05,2026-04-08,3,Buckeye Bungalow,,906.0,1023.78,2026-03-21,15,302.0,Direct,Sunday,2026-04,fbg_data.csv,cloudbeds
9300339194377,2026-04-10,2026-04-12,2,Lantana Dome,,1946.0,2198.98,2026-03-21,20,973.0,Direct,Friday,2026-04,fbg_data.csv,cloudbeds
5424926279344,2026-04-16,2026-04-17,1,Cedar Haus,,203.65,0.0,2026-03-21,26,203.65,Expedia,Thursday,2026-04,fbg_data.csv,cloudbeds
5648421887374,2026-04-16,2026-04-17,1,Monarch,,485.0,548.05,2026-03-21,26,485.0,Direct,Thursday,2026-04,fbg_data.csv,cloudbeds
1173913717276,2026-04-20,2026-04-22,2,Diamond,,582.0,657.66,2026-03-21,30,291.0,Direct,Monday,2026-04,fbg_data.csv,cloudbeds
4852009676027,2026-04-22,2026-04-23,1,Monolith,,291.0,328.83,2026-03-21,32,291.0,Direct,Wednesday,2026-04,fbg_data.csv,cloudbeds
5812309211997,2026-04-25,2026-04-27,2,Post Oak,,790.0,1105.13,2026-03-21,35,395.0,Direct,Saturday,2026-04,fbg_data.csv,cloudbeds
5703111001393,2026-06-12,2026-06-14,2,Spiral,,1524.0,1722.12,2026-03-21,83,762.0,Direct,Friday,2026-06,fbg_data.csv,cloudbeds
6977056031087,2026-03-22,2026-03-23,1,Spyglass,,266.8,301.49,2026-03-22,0,266.8,Direct,Sunday,2026-03,fbg_data.csv,cloudbeds
5570223344653,2026-03-22,2026-03-23,1,Winecup,,279.0,315.27,2026-03-22,0,279.0,Direct,Sunday,2026-03,fbg_data.csv,cloudbeds
6956124018784,2026-03-22,2026-03-23,1,Spiral,,366.0,0.0,2026-03-22,0,366.0,Airbnb,Sunday,2026-03,fbg_data.csv,cloudbeds
4077060026077,2026-03-22,2026-03-25,3,Quonset,,719.0,812.47,2026-03-22,0,239.66666666666666,Direct,Sunday,2026-03,fbg_data.csv,cloudbeds
4077060026077,2026-03-22,2026-03-25,3,Cypress Lodge | Sleeps 2,,719.0,812.47,2026-03-22,0,239.66666666666666,Direct,Sunday,2026-03,fbg_data.csv,cloudbeds
9205810686136,2026-03-24,2026-03-25,1,Cocoon,,219.0,247.47,2026-03-22,2,219.0,Direct,Tuesday,2026-03,fbg_data.csv,cloudbeds
7229850867993,2026-03-26,2026-03-27,1,Monolith,,367.68,0.0,2026-03-22,4,367.68,Expedia,Thursday,2026-03,fbg_data.csv,cloudbeds
1874770461479,2026-03-27,2026-03-29,2,Monolith,,2013.0,2274.69,2026-03-22,5,1006.5,Direct,Friday,2026-03,fbg_data.csv,cloudbeds
2014874144178,2026-03-27,2026-03-29,2,Great Lodge: King Room,,775.0,875.75,2026-03-22,5,387.5,Direct,Friday,2026-03,fbg_data.csv,cloudbeds
9574406183794,2026-03-29,2026-03-30,1,Buckeye Bungalow,,289.0,0.0,2026-03-22,7,289.0,Airbnb,Sunday,2026-03,fbg_data.csv,cloudbeds
9552130581901,2026-03-31,2026-04-01,1,Monolith,,244.0,275.72,2026-03-22,9,244.0,Direct,Tuesday,2026-03,fbg_data.csv,cloudbeds
6847726676306,2026-04-04,2026-04-06,2,Cypress Lodge | Sleeps 2,,836.0,1052.03,2026-03-22,13,418.0,Direct,Saturday,2026-04,fbg_data.csv,cloudbeds
4546739171790,2026-04-05,2026-04-07,2,Quonset,,497.5,0.0,2026-03-22,14,248.75,Expedia,Sunday,2026-04,fbg_data.csv,cloudbeds
5648076700191,2026-04-14,2026-04-16,2,Cocoon,,390.88,0.0,2026-03-22,23,195.44,Expedia,Tuesday,2026-04,fbg_data.csv,cloudbeds
4421250857430,2026-04-16,2026-04-19,3,Diamond,,2943.16,3667.98,2026-03-22,25,981.0533333333333,Direct,Thursday,2026-04,fbg_data.csv,cloudbeds
8466823219165,2026-04-23,2026-04-24,1,Lantana Dome,,257.0,290.41,2026-03-22,32,257.0,Direct,Thursday,2026-04,fbg_data.csv,cloudbeds
7847411197843,2026-04-06,2026-04-08,2,Diamond,,796.0,939.03,2026-03-22,15,398.0,Direct,Monday,2026-04,fbg_data.csv,cloudbeds
5820147050460,2026-06-23,2026-06-25,2,Monarch,,878.0,992.14,2026-03-22,93,439.0,Direct,Tuesday,2026-06,fbg_data.csv,cloudbeds
9991683631679,2026-03-24,2026-03-25,1,Cypress Lodge | Sleeps 4,,338.0,381.94,2026-03-23,1,338.0,Direct,Tuesday,2026-03,fbg_data.csv,cloudbeds
2250274778208,2026-03-25,2026-03-26,1,Lantana Dome,,218.0,246.34,2026-03-23,2,218.0,Direct,Wednesday,2026-03,fbg_data.csv,cloudbeds
8452167127770,2026-03-26,2026-03-27,1,Monolith,,384.98,0.0,2026-03-23,3,384.98,Expedia,Thursday,2026-03,fbg_data.csv,cloudbeds
8170189327473,2026-03-30,2026-03-31,1,Buckeye Bungalow,,198.8,224.65,2026-03-23,7,198.8,Direct,Monday,2026-03,fbg_data.csv,cloudbeds
6436555391666,2026-03-29,2026-04-01,3,Diamond,,869.0,981.97,2026-03-23,6,289.6666666666667,Direct,Sunday,2026-03,fbg_data.csv,cloudbeds
1395534014509,2026-03-31,2026-04-02,2,Walnut House,,474.0,535.62,2026-03-23,8,237.0,Direct,Tuesday,2026-03,fbg_data.csv,cloudbeds
9826172462741,2026-04-06,2026-04-07,1,Bluebonnet,,236.0,266.68,2026-03-23,14,236.0,Direct,Monday,2026-04,fbg_data.csv,cloudbeds
1097733659172,2026-04-17,2026-04-20,3,Buckeye Bungalow,,2114.0,2388.82,2026-03-23,25,704.6666666666666,Direct,Friday,2026-04,fbg_data.csv,cloudbeds
3213438802795,2026-04-19,2026-04-20,1,Great Lodge: King Room,,384.0,433.92,2026-03-23,27,384.0,Direct,Sunday,2026-04,fbg_data.csv,cloudbeds
9193809098039,2026-05-15,2026-05-17,2,Cypress Lodge | Sleeps 6,,2995.6,3385.04,2026-03-23,53,1497.8,Direct,Friday,2026-05,fbg_data.csv,cloudbeds
9995544219854,2026-10-09,2026-10-11,2,Pecan Haus,,974.2,0.0,2026-03-24,199,487.1,Expedia,Friday,2026-10,fbg_data.csv,cloudbeds
6104533130765,2026-03-25,2026-03-26,1,Post Oak,,197.0,222.61,2026-03-24,1,197.0,Direct,Wednesday,2026-03,fbg_data.csv,cloudbeds
1866836134846,2026-03-27,2026-03-28,1,Lantana Dome,,501.0,0.0,2026-03-24,3,501.0,Airbnb,Friday,2026-03,fbg_data.csv,cloudbeds
8361480909667,2026-03-27,2026-03-28,1,Monolith,,781.0,2361.7,2026-03-24,3,781.0,Direct,Friday,2026-03,fbg_data.csv,cloudbeds
4786353653380,2026-03-26,2026-03-28,2,Cedar Haus,,424.86,0.0,2026-03-24,2,212.43,Expedia,Thursday,2026-03,fbg_data.csv,cloudbeds
8640098830828,2026-03-28,2026-03-29,1,Diamond,,865.0,977.45,2026-03-24,4,865.0,Direct,Saturday,2026-03,fbg_data.csv,cloudbeds
4969509723578,2026-03-27,2026-03-29,2,Juniper Haus,,581.38,0.0,2026-03-24,3,290.69,Airbnb,Friday,2026-03,fbg_data.csv,cloudbeds
4144266514550,2026-03-28,2026-03-29,1,Cedar Haus,,339.28,0.0,2026-03-24,4,339.28,Airbnb,Saturday,2026-03,fbg_data.csv,cloudbeds
4287669256577,2026-03-27,2026-03-29,2,Pecan Haus,,565.31,0.0,2026-03-24,3,282.655,Expedia,Friday,2026-03,fbg_data.csv,cloudbeds
7749436879069,2026-03-26,2026-03-29,3,Cocoon,,978.0,1212.49,2026-03-24,2,326.0,Direct,Thursday,2026-03,fbg_data.csv,cloudbeds
3375101110853,2026-03-29,2026-03-30,1,Diamond,,322.0,363.86,2026-03-24,5,322.0,Direct,Sunday,2026-03,fbg_data.csv,cloudbeds
7097414695471,2026-03-29,2026-03-31,2,Winecup,,524.0,804.55,2026-03-24,5,262.0,Direct,Sunday,2026-03,fbg_data.csv,cloudbeds
8585480903435,2026-04-01,2026-04-03,2,Monolith,,543.0,613.59,2026-03-24,8,271.5,Direct,Wednesday,2026-04,fbg_data.csv,cloudbeds
9952224806931,2026-04-03,2026-04-05,2,Great Lodge: King Room,,748.87,199.0,2026-03-24,10,374.435,Expedia,Friday,2026-04,fbg_data.csv,cloudbeds
1861440971113,2026-04-03,2026-04-05,2,Pecan Haus,,845.0,954.85,2026-03-24,10,422.5,Direct,Friday,2026-04,fbg_data.csv,cloudbeds
3517248542026,2026-04-13,2026-04-15,2,Spiral,,572.0,646.36,2026-03-24,20,286.0,Direct,Monday,2026-04,fbg_data.csv,cloudbeds
5079241392762,2026-04-20,2026-04-22,2,Cypress Lodge | Sleeps 2,,360.12,0.0,2026-03-24,27,180.06,Expedia,Monday,2026-04,fbg_data.csv,cloudbeds
6788670318366,2026-04-21,2026-04-22,1,Lantana Dome,,244.0,275.72,2026-03-24,28,244.0,Direct,Tuesday,2026-04,fbg_data.csv,cloudbeds
3879002341976,2026-04-22,2026-04-23,1,Monolith,,286.0,323.18,2026-03-24,29,286.0,Direct,Wednesday,2026-04,fbg_data.csv,cloudbeds
1194236268621,2026-04-24,2026-04-25,1,Post Oak,,582.0,657.66,2026-03-24,31,582.0,Direct,Friday,2026-04,fbg_data.csv,cloudbeds
5380680382947,2026-04-24,2026-04-26,2,Diamond,,2470.0,3056.91,2026-03-24,31,1235.0,Direct,Friday,2026-04,fbg_data.csv,cloudbeds
8090290392633,2026-05-24,2026-05-27,3,Spyglass,,1500.0,1695.0,2026-03-24,61,500.0,Direct,Sunday,2026-05,fbg_data.csv,cloudbeds
9497983483306,2026-03-25,2026-03-26,1,Diamond,,247.0,279.11,2026-03-25,0,247.0,Direct,Wednesday,2026-03,fbg_data.csv,cloudbeds
6945892343239,2026-03-26,2026-03-27,1,Monarch,,314.0,354.82,2026-03-25,1,314.0,Direct,Thursday,2026-03,fbg_data.csv,cloudbeds
9965528359359,2026-03-27,2026-03-29,2,Quonset,,1140.0,1288.2,2026-03-25,2,570.0,Direct,Friday,2026-03,fbg_data.csv,cloudbeds
3557245967240,2026-03-26,2026-03-28,2,Quonset,,946.0,1268.41,2026-03-25,1,473.0,Direct,Thursday,2026-03,fbg_data.csv,cloudbeds
4843983447731,2026-03-29,2026-03-30,1,Monarch,,308.0,455.39,2026-03-25,4,308.0,Direct,Sunday,2026-03,fbg_data.csv,cloudbeds
2970098312028,2026-03-30,2026-03-31,1,Winecup,,235.0,265.55,2026-03-25,5,235.0,Direct,Monday,2026-03,fbg_data.csv,cloudbeds
1938938130271,2026-03-29,2026-03-31,2,Quonset,,972.0,1177.46,2026-03-25,4,486.0,Direct,Sunday,2026-03,fbg_data.csv,cloudbeds
1938938130271,2026-03-29,2026-03-31,2,Quonset,,972.0,1177.46,2026-03-25,4,486.0,Direct,Sunday,2026-03,fbg_data.csv,cloudbeds
6251939354035,2026-04-01,2026-04-03,2,Diamond,,629.0,710.77,2026-03-25,7,314.5,Direct,Wednesday,2026-04,fbg_data.csv,cloudbeds
4306173598261,2026-04-01,2026-04-03,2,Great Lodge: King Room,,450.0,508.5,2026-03-25,7,225.0,Direct,Wednesday,2026-04,fbg_data.csv,cloudbeds
1590620771809,2026-04-02,2026-04-03,1,Great Lodge: King Room,,267.0,301.71,2026-03-25,8,267.0,Direct,Thursday,2026-04,fbg_data.csv,cloudbeds
4388683379734,2026-04-03,2026-04-04,1,Monarch,,398.0,788.74,2026-03-25,9,398.0,Direct,Friday,2026-04,fbg_data.csv,cloudbeds
4860657218172,2026-04-03,2026-04-05,2,Great Lodge: King Room,,751.61,0.0,2026-03-25,9,375.805,Expedia,Friday,2026-04,fbg_data.csv,cloudbeds
8496550362112,2026-04-02,2026-04-06,4,Diamond,,2434.0,2857.77,2026-03-25,8,608.5,Direct,Thursday,2026-04,fbg_data.csv,cloudbeds
2490672094657,2026-04-05,2026-04-06,1,Diamond,,375.0,423.75,2026-03-25,11,375.0,Direct,Sunday,2026-04,fbg_data.csv,cloudbeds
3876600937504,2026-04-05,2026-04-07,2,Great Lodge: King Room,,864.0,1055.42,2026-03-25,11,432.0,Direct,Sunday,2026-04,fbg_data.csv,cloudbeds
3876600937504,2026-04-05,2026-04-07,2,Great Lodge: King Room,,864.0,1055.42,2026-03-25,11,432.0,Direct,Sunday,2026-04,fbg_data.csv,cloudbeds
1153516691448,2026-04-10,2026-04-12,2,Cypress Lodge | Sleeps 2,,1050.0,1186.5,2026-03-25,16,525.0,Direct,Friday,2026-04,fbg_data.csv,cloudbeds
2950645657031,2026-04-11,2026-04-13,2,Monolith,,1600.0,1808.0,2026-03-25,17,800.0,Direct,Saturday,2026-04,fbg_data.csv,cloudbeds
5488575738813,2026-04-16,2026-04-17,1,Lantana Dome,,411.0,464.43,2026-03-25,22,411.0,Direct,Thursday,2026-04,fbg_data.csv,cloudbeds
6587069332402,2026-04-17,2026-04-19,2,Spiral,,1608.0,1817.04,2026-03-25,23,804.0,Direct,Friday,2026-04,fbg_data.csv,cloudbeds
5811083967251,2026-04-21,2026-04-22,1,Cypress Lodge | Sleeps 2,,179.16,0.0,2026-03-25,27,179.16,Expedia,Tuesday,2026-04,fbg_data.csv,cloudbeds
7511709004527,2026-07-06,2026-07-09,3,Monarch,,1236.0,1396.68,2026-03-25,103,412.0,Direct,Monday,2026-07,fbg_data.csv,cloudbeds
6388641458947,2026-03-26,2026-03-27,1,Lantana Dome,,224.0,253.12,2026-03-26,0,224.0,Direct,Thursday,2026-03,fbg_data.csv,cloudbeds
6281276275079,2026-03-27,2026-03-28,1,Bluebonnet,,378.0,427.14,2026-03-26,1,378.0,Direct,Friday,2026-03,fbg_data.csv,cloudbeds
7822405273615,2026-03-28,2026-03-29,1,Quonset,,761.0,859.93,2026-03-26,2,761.0,Direct,Saturday,2026-03,fbg_data.csv,cloudbeds
2908761223616,2026-03-30,2026-04-02,3,Great Lodge: King Room,,582.0,657.66,2026-03-26,4,194.0,Direct,Monday,2026-03,fbg_data.csv,cloudbeds
7155808113725,2026-04-06,2026-04-07,1,Spyglass,,254.0,287.02,2026-03-26,11,254.0,Direct,Monday,2026-04,fbg_data.csv,cloudbeds
8083564633185,2026-04-10,2026-04-12,2,Diamond,,1560.0,1762.8,2026-03-26,15,780.0,Direct,Friday,2026-04,fbg_data.csv,cloudbeds
1728158564072,2026-04-13,2026-04-14,1,Spyglass,,285.0,322.05,2026-03-26,18,285.0,Direct,Monday,2026-04,fbg_data.csv,cloudbeds
6206040383986,2026-04-19,2026-04-20,1,Spyglass,,308.0,348.04,2026-03-26,24,308.0,Direct,Sunday,2026-04,fbg_data.csv,cloudbeds
3497709044372,2026-04-24,2026-04-26,2,Cypress Lodge | Sleeps 2,,1367.0,1531.84,2026-03-26,29,683.5,Direct,Friday,2026-04,fbg_data.csv,cloudbeds
9962726136007,2026-05-01,2026-05-03,2,Sage Safari,,1706.0,1927.78,2026-03-26,36,853.0,Direct,Friday,2026-05,fbg_data.csv,cloudbeds
7360235178080,2026-05-19,2026-05-21,2,Post Oak,,558.0,630.54,2026-03-26,54,279.0,Direct,Tuesday,2026-05,fbg_data.csv,cloudbeds
3813595327434,2026-05-24,2026-05-26,2,Cypress Lodge | Sleeps 6,,1925.0,2175.25,2026-03-26,59,962.5,Direct,Sunday,2026-05,fbg_data.csv,cloudbeds
2490159151607,2026-06-19,2026-06-21,2,Cypress Lodge | Sleeps 2,,1068.44,0.0,2026-03-26,85,534.22,Expedia,Friday,2026-06,fbg_data.csv,cloudbeds
9840618144870,2026-03-27,2026-03-29,2,Winecup,,1238.06,0.0,2026-03-27,0,619.03,Expedia,Friday,2026-03,fbg_data.csv,cloudbeds
5343744530644,2026-03-29,2026-03-30,1,Cocoon,,247.0,279.11,2026-03-27,2,247.0,Direct,Sunday,2026-03,fbg_data.csv,cloudbeds
9078887244768,2026-03-30,2026-04-01,2,Post Oak,,382.0,431.66,2026-03-27,3,191.0,Direct,Monday,2026-03,fbg_data.csv,cloudbeds
8515349058172,2026-03-29,2026-04-01,3,Pecan Haus,,636.0,718.68,2026-03-27,2,212.0,Direct,Sunday,2026-03,fbg_data.csv,cloudbeds
7717778176035,2026-04-02,2026-04-03,1,Diamond,,318.0,359.34,2026-03-27,6,318.0,Direct,Thursday,2026-04,fbg_data.csv,cloudbeds
5991703838615,2026-04-02,2026-04-04,2,Great Lodge: King Room,,545.0,615.85,2026-03-27,6,272.5,Direct,Thursday,2026-04,fbg_data.csv,cloudbeds
7376407902761,2026-04-03,2026-04-04,1,Cypress Lodge | Sleeps 2,,419.0,473.47,2026-03-27,7,419.0,Direct,Friday,2026-04,fbg_data.csv,cloudbeds
7666472753419,2026-04-05,2026-04-06,1,Monolith,,334.0,377.42,2026-03-27,9,334.0,Direct,Sunday,2026-04,fbg_data.csv,cloudbeds
3956492503740,2026-04-05,2026-04-06,1,Quonset,,278.0,314.14,2026-03-27,9,278.0,Direct,Sunday,2026-04,fbg_data.csv,cloudbeds
4710688969378,2026-04-05,2026-04-06,1,Post Oak,,220.38,0.0,2026-03-27,9,220.38,Expedia,Sunday,2026-04,fbg_data.csv,cloudbeds
9327255216780,2026-04-06,2026-04-07,1,Walnut House,,320.0,0.0,2026-03-27,10,320.0,Airbnb,Monday,2026-04,fbg_data.csv,cloudbeds
3158352734530,2026-04-05,2026-04-07,2,Cocoon,,524.0,592.12,2026-03-27,9,262.0,Direct,Sunday,2026-04,fbg_data.csv,cloudbeds
3455550337728,2026-04-10,2026-04-11,1,Cypress Lodge | Sleeps 4,,388.0,438.44,2026-03-27,14,388.0,Direct,Friday,2026-04,fbg_data.csv,cloudbeds
6975985224792,2026-04-10,2026-04-12,2,Great Lodge: King Room,,847.0,957.11,2026-03-27,14,423.5,Direct,Friday,2026-04,fbg_data.csv,cloudbeds
3116836083251,2026-04-13,2026-04-14,1,Bluebonnet,,262.0,296.06,2026-03-27,17,262.0,Direct,Monday,2026-04,fbg_data.csv,cloudbeds
1618554926134,2026-04-29,2026-04-30,1,Monarch,,250.0,282.5,2026-03-27,33,250.0,Direct,Wednesday,2026-04,fbg_data.csv,cloudbeds
1954254914107,2026-04-30,2026-05-03,3,Live Oak Lodge,,2519.0,2846.47,2026-03-27,34,839.6666666666666,Direct,Thursday,2026-04,fbg_data.csv,cloudbeds
4534987599429,2026-05-19,2026-05-21,2,Monolith,,1040.0,1175.2,2026-03-27,53,520.0,Direct,Tuesday,2026-05,fbg_data.csv,cloudbeds
4767719123307,2026-06-25,2026-06-27,2,Live Oak Lodge,,1892.39,29.0,2026-03-27,90,946.195,Expedia,Thursday,2026-06,fbg_data.csv,cloudbeds
8835462970643,2026-03-31,2026-04-02,2,Diamond,,283.0,560.48,2026-03-28,3,141.5,Direct,Tuesday,2026-03,fbg_data.csv,cloudbeds
8835462970643,2026-03-31,2026-04-02,2,Monolith,,283.0,560.48,2026-03-28,3,141.5,Direct,Tuesday,2026-03,fbg_data.csv,cloudbeds
7977881751917,2026-04-01,2026-04-02,1,Cedar Haus,,190.0,214.7,2026-03-28,4,190.0,Direct,Wednesday,2026-04,fbg_data.csv,cloudbeds
2831509986960,2026-04-01,2026-04-03,2,Pecan Haus,,396.0,447.48,2026-03-28,4,198.0,Direct,Wednesday,2026-04,fbg_data.csv,cloudbeds
5765579535878,2026-04-03,2026-04-06,3,Diamond,,1842.93,0.0,2026-03-28,6,614.3100000000001,Airbnb,Friday,2026-04,fbg_data.csv,cloudbeds
2149560329810,2026-04-10,2026-04-11,1,Cypress Lodge | Sleeps 2,,446.0,503.98,2026-03-28,13,446.0,Direct,Friday,2026-04,fbg_data.csv,cloudbeds
3980652786431,2026-04-15,2026-04-16,1,Lantana Dome,,240.0,271.2,2026-03-28,18,240.0,Direct,Wednesday,2026-04,fbg_data.csv,cloudbeds
7846201031048,2026-04-15,2026-04-17,2,Sage Safari,,368.04,0.0,2026-03-28,18,184.02,Expedia,Wednesday,2026-04,fbg_data.csv,cloudbeds
5043055447199,2026-04-17,2026-04-19,2,Juniper Haus,,1134.0,1281.42,2026-03-28,20,567.0,Direct,Friday,2026-04,fbg_data.csv,cloudbeds
9917336913972,2026-04-29,2026-04-30,1,Live Oak Lodge,,248.0,280.24,2026-03-28,32,248.0,Direct,Wednesday,2026-04,fbg_data.csv,cloudbeds
4547666380543,2026-04-29,2026-05-01,2,Walnut House,,807.0,911.91,2026-03-28,32,403.5,Direct,Wednesday,2026-04,fbg_data.csv,cloudbeds
6705394769735,2026-05-06,2026-05-07,1,Live Oak Lodge,,387.82,0.0,2026-03-28,39,387.82,Expedia,Wednesday,2026-05,fbg_data.csv,cloudbeds
5180597033096,2026-05-15,2026-05-17,2,Cedar Haus,,970.0,1096.1,2026-03-28,48,485.0,Direct,Friday,2026-05,fbg_data.csv,cloudbeds
5479888602359,2026-05-15,2026-05-18,3,Pecan Haus,,1350.0,1620.5,2026-03-28,48,450.0,Direct,Friday,2026-05,fbg_data.csv,cloudbeds
8498589787583,2026-03-29,2026-03-30,1,Monolith,,355.0,401.15,2026-03-29,0,355.0,Direct,Sunday,2026-03,fbg_data.csv,cloudbeds
8119791119935,2026-03-30,2026-04-02,3,Spiral,,680.1,835.19,2026-03-29,1,226.70000000000002,Direct,Monday,2026-03,fbg_data.csv,cloudbeds
9269479775955,2026-04-02,2026-04-03,1,Monarch,,215.49,0.0,2026-03-29,4,215.49,Expedia,Thursday,2026-04,fbg_data.csv,cloudbeds
9629529415367,2026-04-03,2026-04-05,2,Bluebonnet,,1398.0,1579.74,2026-03-29,5,699.0,Direct,Friday,2026-04,fbg_data.csv,cloudbeds
5800046645170,2026-04-03,2026-04-05,2,Cedar Haus,,829.0,936.77,2026-03-29,5,414.5,Direct,Friday,2026-04,fbg_data.csv,cloudbeds
1936747869150,2026-04-04,2026-04-06,2,Great Lodge: King Room,,592.13,0.0,2026-03-29,6,296.065,Expedia,Saturday,2026-04,fbg_data.csv,cloudbeds
1940218162037,2026-04-04,2026-04-06,2,Great Lodge: King Room,,586.65,0.0,2026-03-29,6,293.325,Expedia,Saturday,2026-04,fbg_data.csv,cloudbeds
2949874034248,2026-04-08,2026-04-09,1,Spyglass,,194.27,0.0,2026-03-29,10,194.27,Expedia,Wednesday,2026-04,fbg_data.csv,cloudbeds
3373011209175,2026-04-07,2026-04-09,2,Diamond,,558.0,630.54,2026-03-29,9,279.0,Direct,Tuesday,2026-04,fbg_data.csv,cloudbeds
1002094835951,2026-04-07,2026-04-12,5,Great Lodge: King Room,,1594.0,1801.22,2026-03-29,9,318.8,Direct,Tuesday,2026-04,fbg_data.csv,cloudbeds
1406399541500,2026-04-10,2026-04-12,2,Great Lodge: King Room,,659.5,948.07,2026-03-29,12,329.75,Direct,Friday,2026-04,fbg_data.csv,cloudbeds
8408069167932,2026-04-23,2026-04-24,1,Spyglass,,279.0,315.27,2026-03-29,25,279.0,Direct,Thursday,2026-04,fbg_data.csv,cloudbeds
6245685968984,2026-04-26,2026-04-27,1,Lantana Dome,,278.0,314.14,2026-03-29,28,278.0,Direct,Sunday,2026-04,fbg_data.csv,cloudbeds
7200737898589,2026-05-18,2026-05-20,2,Walnut House,,979.52,0.0,2026-03-29,50,489.76,Expedia,Monday,2026-05,fbg_data.csv,cloudbeds
3111189108263,2026-06-14,2026-06-16,2,Spiral,,719.0,812.47,2026-03-29,77,359.5,Direct,Sunday,2026-06,fbg_data.csv,cloudbeds
9709025044361,2026-03-31,2026-04-01,1,Great Lodge: King Room,,149.88,0.0,2026-03-30,1,149.88,Expedia,Tuesday,2026-03,fbg_data.csv,cloudbeds
4447399004880,2026-03-31,2026-04-01,1,Cypress Lodge | Sleeps 2,,149.88,0.0,2026-03-30,1,149.88,Expedia,Tuesday,2026-03,fbg_data.csv,cloudbeds
5001890055863,2026-03-30,2026-04-01,2,Great Lodge: King Room,,382.0,431.66,2026-03-30,0,191.0,Direct,Monday,2026-03,fbg_data.csv,cloudbeds
6769159221745,2026-03-31,2026-04-02,2,Winecup,,404.28,0.0,2026-03-30,1,202.14,Expedia,Tuesday,2026-03,fbg_data.csv,cloudbeds
8470165704984,2026-04-01,2026-04-02,1,Great Lodge: King Room,,149.88,0.0,2026-03-30,2,149.88,Expedia,Wednesday,2026-04,fbg_data.csv,cloudbeds
7566551629409,2026-04-01,2026-04-04,3,Cocoon,,1055.0,1299.5,2026-03-30,2,351.6666666666667,Direct,Wednesday,2026-04,fbg_data.csv,cloudbeds
5776745541666,2026-04-02,2026-04-05,3,Quonset,,1571.0,1775.23,2026-03-30,3,523.6666666666666,Direct,Thursday,2026-04,fbg_data.csv,cloudbeds
7379297390903,2026-04-05,2026-04-07,2,Cedar Haus,,411.85,0.0,2026-03-30,6,205.925,Expedia,Sunday,2026-04,fbg_data.csv,cloudbeds
8566553095977,2026-04-07,2026-04-08,1,Cocoon,,225.0,254.25,2026-03-30,8,225.0,Direct,Tuesday,2026-04,fbg_data.csv,cloudbeds
7903284107986,2026-04-06,2026-04-09,3,Diamond,,1098.0,1240.74,2026-03-30,7,366.0,Direct,Monday,2026-04,fbg_data.csv,cloudbeds
8338676330407,2026-04-06,2026-04-09,3,Winecup,,605.46,0.0,2026-03-30,7,201.82000000000002,Expedia,Monday,2026-04,fbg_data.csv,cloudbeds
2867037843822,2026-05-04,2026-05-07,3,Lantana Dome,,976.0,1328.88,2026-03-30,35,325.3333333333333,Direct,Monday,2026-05,fbg_data.csv,cloudbeds
1610665796447,2026-06-15,2026-06-18,3,Post Oak,,882.33,95.0,2026-03-30,77,294.11,Expedia,Monday,2026-06,fbg_data.csv,cloudbeds
7518704940584,2026-03-31,2026-04-01,1,Winecup,,279.0,315.27,2026-03-31,0,279.0,Booking.com,Tuesday,2026-03,fbg_data.csv,cloudbeds
6452667339021,2026-04-01,2026-04-03,2,Quonset,,395.67,0.0,2026-03-31,1,197.835,Expedia,Wednesday,2026-04,fbg_data.csv,cloudbeds
6293740943961,2026-04-02,2026-04-03,1,Cypress Lodge | Sleeps 2,,159.12,0.0,2026-03-31,2,159.12,Expedia,Thursday,2026-04,fbg_data.csv,cloudbeds
9360978655908,2026-04-02,2026-04-03,1,Cypress Lodge | Sleeps 2,,161.72,0.0,2026-03-31,2,161.72,Expedia,Thursday,2026-04,fbg_data.csv,cloudbeds
9249045115498,2026-04-03,2026-04-04,1,Walnut House,,648.0,998.05,2026-03-31,3,648.0,Direct,Friday,2026-04,fbg_data.csv,cloudbeds
8379440768509,2026-04-03,2026-04-04,1,Great Lodge: King Room,,332.0,375.16,2026-03-31,3,332.0,Direct,Friday,2026-04,fbg_data.csv,cloudbeds
8055418315851,2026-04-03,2026-04-05,2,Diamond,,1143.0,1291.59,2026-03-31,3,571.5,Direct,Friday,2026-04,fbg_data.csv,cloudbeds
6480327694493,2026-04-05,2026-04-06,1,Great Lodge: King Room,,205.0,231.65,2026-03-31,5,205.0,Direct,Sunday,2026-04,fbg_data.csv,cloudbeds
3123726997348,2026-04-05,2026-04-06,1,Great Lodge: King Room,,167.2,0.0,2026-03-31,5,167.2,Expedia,Sunday,2026-04,fbg_data.csv,cloudbeds
8533365618649,2026-04-06,2026-04-08,2,Cypress Lodge | Sleeps 2,,323.68,0.0,2026-03-31,6,161.84,Expedia,Monday,2026-04,fbg_data.csv,cloudbeds
6592397028520,2026-04-11,2026-04-13,2,Sage Safari,,1100.0,1243.0,2026-03-31,11,550.0,Direct,Saturday,2026-04,fbg_data.csv,cloudbeds
2918826945191,2026-04-12,2026-04-15,3,Diamond,,1315.95,1487.02,2026-03-31,12,438.65000000000003,Direct,Sunday,2026-04,fbg_data.csv,cloudbeds
9972679104971,2026-04-14,2026-04-15,1,Cypress Lodge | Sleeps 2,,216.0,244.08,2026-03-31,14,216.0,Direct,Tuesday,2026-04,fbg_data.csv,cloudbeds
8812725489456,2026-04-14,2026-04-15,1,Winecup,,167.19,244.08,2026-03-31,14,167.19,Direct,Tuesday,2026-04,fbg_data.csv,cloudbeds
2799213678611,2026-04-14,2026-04-16,2,Walnut House,,592.89,0.0,2026-03-31,14,296.445,Airbnb,Tuesday,2026-04,fbg_data.csv,cloudbeds
9934645828946,2026-04-19,2026-04-22,3,Spiral,,920.0,1252.03,2026-03-31,19,306.6666666666667,Direct,Sunday,2026-04,fbg_data.csv,cloudbeds
5093142528792,2026-04-27,2026-04-30,3,Post Oak,,622.4,703.3,2026-03-31,27,207.46666666666667,Direct,Monday,2026-04,fbg_data.csv,cloudbeds
2664242653293,2026-05-07,2026-05-10,3,Sage Safari,,2195.0,2480.35,2026-03-31,37,731.6666666666666,Direct,Thursday,2026-05,fbg_data.csv,cloudbeds
5148781972108,2026-04-17,2026-04-19,2,Winecup,,1488.0,2133.44,2026-03-31,17,744.0,Direct,Friday,2026-04,fbg_data.csv,cloudbeds
6002843068917,2026-04-03,2026-04-04,1,Great Lodge: King Room,,303.08,0.0,2026-04-01,2,303.08,Expedia,Friday,2026-04,fbg_data.csv,cloudbeds
2334826211708,2026-04-08,2026-04-09,1,Juniper Haus,,202.0,228.26,2026-04-01,7,202.0,Direct,Wednesday,2026-04,fbg_data.csv,cloudbeds
2245081643470,2026-04-09,2026-04-11,2,Diamond,,845.0,1386.51,2026-04-01,8,422.5,Direct,Thursday,2026-04,fbg_data.csv,cloudbeds
6060422879547,2026-04-13,2026-04-15,2,Quonset,,534.0,603.42,2026-04-01,12,267.0,Direct,Monday,2026-04,fbg_data.csv,cloudbeds
4348682746644,2026-04-22,2026-04-23,1,Diamond,,305.84,345.6,2026-04-01,21,305.84,Booking.com,Wednesday,2026-04,fbg_data.csv,cloudbeds
6581636537788,2026-04-23,2026-04-24,1,Post Oak,,178.24,0.0,2026-04-01,22,178.24,Expedia,Thursday,2026-04,fbg_data.csv,cloudbeds
4166394303352,2026-04-24,2026-04-26,2,Great Lodge: King Room,,1130.0,1384.25,2026-04-01,23,565.0,Direct,Friday,2026-04,fbg_data.csv,cloudbeds
4144568915382,2026-05-03,2026-05-06,3,Live Oak Lodge,,1847.25,2299.83,2026-04-01,32,615.75,Direct,Sunday,2026-05,fbg_data.csv,cloudbeds
8783431895750,2026-05-12,2026-05-13,1,Lantana Dome,,345.91,0.0,2026-04-01,41,345.91,Expedia,Tuesday,2026-05,fbg_data.csv,cloudbeds
1091202018063,2026-05-14,2026-05-17,3,Great Lodge: King Room,,1305.6,1475.33,2026-04-01,43,435.2,Direct,Thursday,2026-05,fbg_data.csv,cloudbeds
6427888878874,2026-09-22,2026-09-25,3,Monolith,,2079.55,2349.9,2026-04-02,173,693.1833333333334,Direct,Tuesday,2026-09,fbg_data.csv,cloudbeds
5676883533887,2026-04-02,2026-04-03,1,Cedar Haus,,234.84,0.0,2026-04-02,0,234.84,Airbnb,Thursday,2026-04,fbg_data.csv,cloudbeds
7861232653147,2026-04-03,2026-04-05,2,Quonset,,1131.0,1278.03,2026-04-02,1,565.5,Direct,Friday,2026-04,fbg_data.csv,cloudbeds
7644500601848,2026-04-09,2026-04-10,1,Cypress Lodge | Sleeps 2,,166.4,0.0,2026-04-02,7,166.4,Expedia,Thursday,2026-04,fbg_data.csv,cloudbeds
2712963972272,2026-04-09,2026-04-10,1,Lantana Dome,,293.81,0.0,2026-04-02,7,293.81,Airbnb,Thursday,2026-04,fbg_data.csv,cloudbeds
8582098160012,2026-04-10,2026-04-12,2,Great Lodge: King Room,,747.0,844.11,2026-04-02,8,373.5,Direct,Friday,2026-04,fbg_data.csv,cloudbeds
5076034958157,2026-04-10,2026-04-12,2,Great Lodge: King Room,,747.0,844.11,2026-04-02,8,373.5,Direct,Friday,2026-04,fbg_data.csv,cloudbeds
6489358582315,2026-04-14,2026-04-15,1,Buckeye Bungalow,,235.0,265.55,2026-04-02,12,235.0,Direct,Tuesday,2026-04,fbg_data.csv,cloudbeds
7738192058363,2026-04-17,2026-04-19,2,Diamond,,2166.0,2447.58,2026-04-02,15,1083.0,Direct,Friday,2026-04,fbg_data.csv,cloudbeds
9353669529698,2026-04-29,2026-05-01,2,Spiral,,710.55,802.92,2026-04-02,27,355.275,Direct,Wednesday,2026-04,fbg_data.csv,cloudbeds
5335784212185,2026-05-01,2026-05-03,2,Post Oak,,1242.38,0.0,2026-04-02,29,621.19,Expedia,Friday,2026-05,fbg_data.csv,cloudbeds
4347750630248,2026-05-12,2026-05-13,1,Great Lodge: King Room,,218.0,246.34,2026-04-02,40,218.0,Direct,Tuesday,2026-05,fbg_data.csv,cloudbeds
3062336857817,2026-05-13,2026-05-15,2,Great Lodge: King Room,,520.0,587.6,2026-04-02,41,260.0,Direct,Wednesday,2026-05,fbg_data.csv,cloudbeds
5799752499207,2026-05-23,2026-05-25,2,Post Oak,,1068.2,1207.06,2026-04-02,51,534.1,Direct,Saturday,2026-05,fbg_data.csv,cloudbeds
6357203745139,2026-06-23,2026-06-26,3,Buckeye Bungalow,,1238.0,1398.94,2026-04-02,82,412.6666666666667,Direct,Tuesday,2026-06,fbg_data.csv,cloudbeds
5731317086105,2026-09-11,2026-09-13,2,Buckeye Bungalow,,1394.0,2280.34,2026-04-02,162,697.0,Direct,Friday,2026-09,fbg_data.csv,cloudbeds
8389990913724,2026-04-04,2026-04-05,1,Walnut House,,607.3,686.25,2026-04-03,1,607.3,Direct,Saturday,2026-04,fbg_data.csv,cloudbeds
1527996615129,2026-04-03,2026-04-05,2,Winecup,,1267.0,1431.71,2026-04-03,0,633.5,Direct,Friday,2026-04,fbg_data.csv,cloudbeds
2822005271140,2026-04-04,2026-04-05,1,Cocoon,,457.0,516.41,2026-04-03,1,457.0,Direct,Saturday,2026-04,fbg_data.csv,cloudbeds
4594340560315,2026-04-05,2026-04-06,1,Monolith,,315.0,355.95,2026-04-03,2,315.0,Direct,Sunday,2026-04,fbg_data.csv,cloudbeds
4964528517153,2026-04-05,2026-04-06,1,Walnut House,,284.0,320.92,2026-04-03,2,284.0,Direct,Sunday,2026-04,fbg_data.csv,cloudbeds
3423973263171,2026-04-05,2026-04-06,1,Bluebonnet,,247.0,279.11,2026-04-03,2,247.0,Direct,Sunday,2026-04,fbg_data.csv,cloudbeds
5138175906343,2026-04-04,2026-04-07,3,Great Lodge: King Room,,849.84,0.0,2026-04-03,1,283.28000000000003,Airbnb,Saturday,2026-04,fbg_data.csv,cloudbeds
5908215955179,2026-04-07,2026-04-08,1,Quonset,,240.0,271.2,2026-04-03,4,240.0,Direct,Tuesday,2026-04,fbg_data.csv,cloudbeds
2620295722310,2026-04-09,2026-04-10,1,Winecup,,206.0,232.78,2026-04-03,6,206.0,Direct,Thursday,2026-04,fbg_data.csv,cloudbeds
4602147837596,2026-04-09,2026-04-10,1,Spyglass,,398.0,449.74,2026-04-03,6,398.0,Direct,Thursday,2026-04,fbg_data.csv,cloudbeds
5124482466382,2026-04-10,2026-04-12,2,Spiral,,1121.0,1532.54,2026-04-03,7,560.5,Direct,Friday,2026-04,fbg_data.csv,cloudbeds
7134236057089,2026-04-10,2026-04-12,2,Cedar Haus,,808.0,913.04,2026-04-03,7,404.0,Direct,Friday,2026-04,fbg_data.csv,cloudbeds
3882351688703,2026-04-10,2026-04-12,2,Bluebonnet,,1338.0,1511.94,2026-04-03,7,669.0,Direct,Friday,2026-04,fbg_data.csv,cloudbeds
4816338062170,2026-04-12,2026-04-13,1,Cypress Lodge | Sleeps 2,,203.65,0.0,2026-04-03,9,203.65,Expedia,Sunday,2026-04,fbg_data.csv,cloudbeds
9316938633173,2026-04-15,2026-04-17,2,Bluebonnet,,488.0,551.44,2026-04-03,12,244.0,Direct,Wednesday,2026-04,fbg_data.csv,cloudbeds
5571747349495,2026-04-16,2026-04-19,3,Great Lodge: King Room,,1374.0,1552.62,2026-04-03,13,458.0,Direct,Thursday,2026-04,fbg_data.csv,cloudbeds
4885217839507,2026-04-20,2026-04-21,1,Buckeye Bungalow,,255.0,288.15,2026-04-03,17,255.0,Direct,Monday,2026-04,fbg_data.csv,cloudbeds
9562692841539,2026-05-23,2026-05-25,2,Juniper Haus,,896.0,1119.83,2026-04-03,50,448.0,Direct,Saturday,2026-05,fbg_data.csv,cloudbeds
5350016419199,2026-06-18,2026-06-21,3,Great Lodge,,10845.67,0.0,2026-04-03,76,3615.2233333333334,Airbnb,Thursday,2026-06,fbg_data.csv,cloudbeds
9072607180141,2026-04-04,2026-04-05,1,Buckeye Bungalow,,687.0,776.31,2026-04-04,0,687.0,Direct,Saturday,2026-04,fbg_data.csv,cloudbeds
9291674337149,2026-04-05,2026-04-06,1,Great Lodge: King Room,,210.0,237.3,2026-04-04,1,210.0,Direct,Sunday,2026-04,fbg_data.csv,cloudbeds
2099163173867,2026-04-07,2026-04-09,2,Winecup,,476.6,645.91,2026-04-04,3,238.3,Direct,Tuesday,2026-04,fbg_data.csv,cloudbeds
7390737019511,2026-04-08,2026-04-09,1,Lantana Dome,,230.0,259.9,2026-04-04,4,230.0,Direct,Wednesday,2026-04,fbg_data.csv,cloudbeds
3376095854409,2026-04-10,2026-04-12,2,Great Lodge: King Room,,776.0,1153.36,2026-04-04,6,388.0,Direct,Friday,2026-04,fbg_data.csv,cloudbeds
1671784866434,2026-04-09,2026-04-12,3,Live Oak Lodge,,2124.0,2400.12,2026-04-04,5,708.0,Direct,Thursday,2026-04,fbg_data.csv,cloudbeds
7640751819743,2026-04-17,2026-04-20,3,Pecan Haus,,1515.0,1711.95,2026-04-04,13,505.0,Direct,Friday,2026-04,fbg_data.csv,cloudbeds
5236791447451,2026-04-21,2026-04-22,1,Quonset,,205.89,300.58,2026-04-04,17,205.89,Direct,Tuesday,2026-04,fbg_data.csv,cloudbeds
2430046481586,2026-04-21,2026-04-23,2,Sage Safari,,532.0,601.16,2026-04-04,17,266.0,Direct,Tuesday,2026-04,fbg_data.csv,cloudbeds
8416652017513,2026-04-25,2026-04-27,2,Monolith,,2013.0,2487.12,2026-04-04,21,1006.5,Direct,Saturday,2026-04,fbg_data.csv,cloudbeds
5874162594148,2026-04-27,2026-04-29,2,Walnut House,,573.93,0.0,2026-04-04,23,286.965,Airbnb,Monday,2026-04,fbg_data.csv,cloudbeds
7477434722821,2026-04-27,2026-04-29,2,Live Oak Lodge,,414.6,0.0,2026-04-04,23,207.3,Expedia,Monday,2026-04,fbg_data.csv,cloudbeds
6272697283753,2026-05-07,2026-05-10,3,Quonset,,2327.0,2629.51,2026-04-04,33,775.6666666666666,Direct,Thursday,2026-05,fbg_data.csv,cloudbeds
1688461776393,2026-04-23,2026-04-24,1,Live Oak Lodge,,418.74,611.33,2026-04-04,19,418.74,Direct,Thursday,2026-04,fbg_data.csv,cloudbeds
4509687031575,2026-09-17,2026-09-20,3,Live Oak Lodge,,2630.0,2971.9,2026-04-05,165,876.6666666666666,Direct,Thursday,2026-09,fbg_data.csv,cloudbeds
5030937809436,2026-04-08,2026-04-10,2,Cypress Lodge | Sleeps 2,,341.7,0.0,2026-04-05,3,170.85,Expedia,Wednesday,2026-04,fbg_data.csv,cloudbeds
7895261032030,2026-04-10,2026-04-12,2,Great Lodge: King Room,,768.0,867.84,2026-04-05,5,384.0,Direct,Friday,2026-04,fbg_data.csv,cloudbeds
2549860087434,2026-04-11,2026-04-13,2,Pecan Haus,,744.0,840.72,2026-04-05,6,372.0,Direct,Saturday,2026-04,fbg_data.csv,cloudbeds
6681541575643,2026-04-19,2026-04-22,3,Diamond,,1371.15,0.0,2026-04-05,14,457.05,Airbnb,Sunday,2026-04,fbg_data.csv,cloudbeds
2829856691753,2026-04-26,2026-04-28,2,Sage Safari,,655.0,847.5,2026-04-05,21,327.5,Direct,Sunday,2026-04,fbg_data.csv,cloudbeds
1838264259473,2026-04-17,2026-04-19,2,Great Lodge: King Room,,1285.12,1452.18,2026-04-05,12,642.56,Booking.com,Friday,2026-04,fbg_data.csv,cloudbeds
1826643619189,2026-09-21,2026-09-24,3,Sage Safari,,1153.8,1516.23,2026-04-06,168,384.59999999999997,Direct,Monday,2026-09,fbg_data.csv,cloudbeds
2463943663699,2026-04-06,2026-04-07,1,Lantana Dome,,169.66,0.0,2026-04-06,0,169.66,Expedia,Monday,2026-04,fbg_data.csv,cloudbeds
3797008379268,2026-04-07,2026-04-08,1,Cypress Lodge | Sleeps 2,,242.4,273.91,2026-04-06,1,242.4,Booking.com,Tuesday,2026-04,fbg_data.csv,cloudbeds
6714285902300,2026-04-07,2026-04-08,1,Walnut House,,247.0,279.11,2026-04-06,1,247.0,Direct,Tuesday,2026-04,fbg_data.csv,cloudbeds
3625395966952,2026-04-08,2026-04-09,1,Quonset,,236.0,266.68,2026-04-06,2,236.0,Direct,Wednesday,2026-04,fbg_data.csv,cloudbeds
5904474347493,2026-04-07,2026-04-09,2,Post Oak,,412.0,465.56,2026-04-06,1,206.0,Direct,Tuesday,2026-04,fbg_data.csv,cloudbeds
1438612751061,2026-04-09,2026-04-10,1,Cypress Lodge | Sleeps 4,,232.0,262.16,2026-04-06,3,232.0,Direct,Thursday,2026-04,fbg_data.csv,cloudbeds
7602537895943,2026-04-09,2026-04-11,2,Quonset,,454.0,513.02,2026-04-06,3,227.0,Direct,Thursday,2026-04,fbg_data.csv,cloudbeds
7322352818175,2026-04-10,2026-04-12,2,Walnut House,,1092.0,1499.77,2026-04-06,4,546.0,Direct,Friday,2026-04,fbg_data.csv,cloudbeds
4843478065054,2026-04-11,2026-04-12,1,Great Lodge: King Room,,333.0,376.29,2026-04-06,5,333.0,Direct,Saturday,2026-04,fbg_data.csv,cloudbeds
2172993772335,2026-04-10,2026-04-12,2,Spyglass,,1092.0,1233.96,2026-04-06,4,546.0,Direct,Friday,2026-04,fbg_data.csv,cloudbeds
3720997363647,2026-04-10,2026-04-12,2,Monolith,,1701.0,2029.48,2026-04-06,4,850.5,Direct,Friday,2026-04,fbg_data.csv,cloudbeds
1020387354441,2026-04-11,2026-04-12,1,Diamond,,359.75,934.51,2026-04-06,5,359.75,Direct,Saturday,2026-04,fbg_data.csv,cloudbeds
5543120157398,2026-04-11,2026-04-13,2,Juniper Haus,,562.0,635.06,2026-04-06,5,281.0,Direct,Saturday,2026-04,fbg_data.csv,cloudbeds
5543120157398,2026-04-11,2026-04-13,2,Cypress Lodge | Sleeps 4,,562.0,635.06,2026-04-06,5,281.0,Direct,Saturday,2026-04,fbg_data.csv,cloudbeds
3910140291336,2026-04-12,2026-04-14,2,Cocoon,,549.0,620.37,2026-04-06,6,274.5,Direct,Sunday,2026-04,fbg_data.csv,cloudbeds
4427103020384,2026-04-14,2026-04-16,2,Cypress Lodge | Sleeps 2,,412.0,465.56,2026-04-06,8,206.0,Direct,Tuesday,2026-04,fbg_data.csv,cloudbeds
8077766429852,2026-04-16,2026-04-17,1,Quonset,,420.0,474.6,2026-04-06,10,420.0,Direct,Thursday,2026-04,fbg_data.csv,cloudbeds
6229069566829,2026-04-28,2026-04-30,2,Diamond,,742.0,838.46,2026-04-06,22,371.0,Direct,Tuesday,2026-04,fbg_data.csv,cloudbeds
6766829998880,2026-05-05,2026-05-07,2,Monarch,,1352.0,1714.21,2026-04-06,29,676.0,Direct,Tuesday,2026-05,fbg_data.csv,cloudbeds
6766829998880,2026-05-05,2026-05-07,2,Juniper Haus,,1352.0,1714.21,2026-04-06,29,676.0,Direct,Tuesday,2026-05,fbg_data.csv,cloudbeds
8635075180309,2026-07-28,2026-07-30,2,Great Lodge: King Room,,508.52,0.0,2026-04-06,113,254.26,Expedia,Tuesday,2026-07,fbg_data.csv,cloudbeds
8573832581257,2026-06-15,2026-06-17,2,Pecan Haus,,550.7,622.28,2026-04-06,70,275.35,Direct,Monday,2026-06,fbg_data.csv,cloudbeds
1738225376000,2026-08-07,2026-08-09,2,Post Oak,,868.0,980.84,2026-04-07,122,434.0,Direct,Friday,2026-08,fbg_data.csv,cloudbeds
4720437637622,2026-04-07,2026-04-08,1,Great Lodge: King Room,,205.0,231.65,2026-04-07,0,205.0,Direct,Tuesday,2026-04,fbg_data.csv,cloudbeds
2769237696084,2026-04-07,2026-04-08,1,Spiral,,268.0,302.84,2026-04-07,0,268.0,Direct,Tuesday,2026-04,fbg_data.csv,cloudbeds
6412493232211,2026-04-07,2026-04-08,1,Quonset,,205.0,453.13,2026-04-07,0,205.0,Direct,Tuesday,2026-04,fbg_data.csv,cloudbeds
8007006701411,2026-04-07,2026-04-09,2,Cedar Haus,,401.0,453.13,2026-04-07,0,200.5,Direct,Tuesday,2026-04,fbg_data.csv,cloudbeds
1120069852702,2026-04-08,2026-04-09,1,Bluebonnet,,217.0,245.21,2026-04-07,1,217.0,Direct,Wednesday,2026-04,fbg_data.csv,cloudbeds
5629851435440,2026-04-09,2026-04-11,2,Buckeye Bungalow,,644.0,727.72,2026-04-07,2,322.0,Direct,Thursday,2026-04,fbg_data.csv,cloudbeds
5663787542845,2026-04-10,2026-04-11,1,Sage Safari,,377.0,426.01,2026-04-07,3,377.0,Direct,Friday,2026-04,fbg_data.csv,cloudbeds
8820758904181,2026-04-11,2026-04-12,1,Diamond,,667.84,0.0,2026-04-07,4,667.84,Expedia,Saturday,2026-04,fbg_data.csv,cloudbeds
2242347593582,2026-04-10,2026-04-12,2,Monarch,,1279.0,1445.27,2026-04-07,3,639.5,Direct,Friday,2026-04,fbg_data.csv,cloudbeds
8857467642893,2026-04-10,2026-04-12,2,Quonset,,729.88,1065.59,2026-04-07,3,364.94,Direct,Friday,2026-04,fbg_data.csv,cloudbeds
9483121528188,2026-04-15,2026-04-16,1,Spyglass,,211.93,416.97,2026-04-07,8,211.93,Direct,Wednesday,2026-04,fbg_data.csv,cloudbeds
1361934957578,2026-04-16,2026-04-17,1,Spiral,,289.0,326.57,2026-04-07,9,289.0,Direct,Thursday,2026-04,fbg_data.csv,cloudbeds
4378514396792,2026-04-21,2026-04-22,1,Live Oak Lodge,,270.0,412.45,2026-04-07,14,270.0,Direct,Tuesday,2026-04,fbg_data.csv,cloudbeds
8718064604854,2026-04-26,2026-04-28,2,Diamond,,636.15,718.85,2026-04-07,19,318.075,Direct,Sunday,2026-04,fbg_data.csv,cloudbeds
8718064604854,2026-04-26,2026-04-28,2,Monolith,,636.15,718.85,2026-04-07,19,318.075,Direct,Sunday,2026-04,fbg_data.csv,cloudbeds
3654852937601,2026-05-04,2026-05-06,2,Quonset,,782.5,884.24,2026-04-07,27,391.25,Direct,Monday,2026-05,fbg_data.csv,cloudbeds
6348396205240,2026-05-08,2026-05-10,2,Post Oak,,889.5,1004.16,2026-04-07,31,444.75,Direct,Friday,2026-05,fbg_data.csv,cloudbeds
1539566733364,2026-05-12,2026-05-14,2,Spyglass,,1075.21,0.0,2026-04-07,35,537.605,Airbnb,Tuesday,2026-05,fbg_data.csv,cloudbeds
7688578738002,2026-05-19,2026-05-22,3,Spyglass,,1512.0,1708.56,2026-04-07,42,504.0,Direct,Tuesday,2026-05,fbg_data.csv,cloudbeds
7821159783584,2026-05-28,2026-05-31,3,Live Oak Lodge,,2591.0,2927.83,2026-04-07,51,863.6666666666666,Direct,Thursday,2026-05,fbg_data.csv,cloudbeds
5455985950471,2026-06-30,2026-07-02,2,Sage Safari,,622.1,0.0,2026-04-07,84,311.05,Expedia,Tuesday,2026-06,fbg_data.csv,cloudbeds
5814474418102,2026-04-08,2026-04-09,1,Walnut House,,225.95,255.33,2026-04-08,0,225.95,Direct,Wednesday,2026-04,fbg_data.csv,cloudbeds
7868893166488,2026-04-08,2026-04-09,1,Diamond,,354.0,400.02,2026-04-08,0,354.0,Direct,Wednesday,2026-04,fbg_data.csv,cloudbeds
9870981983594,2026-04-09,2026-04-10,1,Sage Safari,,234.0,264.42,2026-04-08,1,234.0,Direct,Thursday,2026-04,fbg_data.csv,cloudbeds
9704866941330,2026-04-09,2026-04-10,1,Quonset,,254.0,287.02,2026-04-08,1,254.0,Direct,Thursday,2026-04,fbg_data.csv,cloudbeds
3853227572958,2026-04-09,2026-04-10,1,Monolith,,330.31,0.0,2026-04-08,1,330.31,Expedia,Thursday,2026-04,fbg_data.csv,cloudbeds
8229441627649,2026-04-09,2026-04-11,2,Great Lodge: King Room,,558.0,630.54,2026-04-08,1,279.0,Direct,Thursday,2026-04,fbg_data.csv,cloudbeds
8250306635154,2026-04-10,2026-04-12,2,Winecup,,1112.0,1256.56,2026-04-08,2,556.0,Direct,Friday,2026-04,fbg_data.csv,cloudbeds
7220829887967,2026-04-10,2026-04-12,2,Cocoon,,823.0,1142.42,2026-04-08,2,411.5,Direct,Friday,2026-04,fbg_data.csv,cloudbeds
3871676564300,2026-04-17,2026-04-19,2,Great Lodge: King Room,,943.16,0.0,2026-04-08,9,471.58,Expedia,Friday,2026-04,fbg_data.csv,cloudbeds
8306095780606,2026-04-23,2026-04-24,1,Monolith,,576.0,650.88,2026-04-08,15,576.0,Direct,Thursday,2026-04,fbg_data.csv,cloudbeds
5887595646670,2026-04-22,2026-04-25,3,Quonset,,1621.0,1831.73,2026-04-08,14,540.3333333333334,Direct,Wednesday,2026-04,fbg_data.csv,cloudbeds
1900266057177,2026-04-28,2026-04-30,2,Great Lodge: King Room,,334.0,555.96,2026-04-08,20,167.0,Direct,Tuesday,2026-04,fbg_data.csv,cloudbeds
2300270596729,2026-06-01,2026-06-04,3,Diamond,,1197.0,1352.61,2026-04-08,54,399.0,Direct,Monday,2026-06,fbg_data.csv,cloudbeds
6033223190965,2026-04-09,2026-04-10,1,Monarch,,221.0,249.73,2026-04-09,0,221.0,Direct,Thursday,2026-04,fbg_data.csv,cloudbeds
3767267944487,2026-04-09,2026-04-10,1,Walnut House,,254.0,287.02,2026-04-09,0,254.0,Direct,Thursday,2026-04,fbg_data.csv,cloudbeds
4314346488552,2026-04-09,2026-04-10,1,Cypress Lodge | Sleeps 4,,237.0,267.81,2026-04-09,0,237.0,Direct,Thursday,2026-04,fbg_data.csv,cloudbeds
2427487321151,2026-04-10,2026-04-11,1,Pecan Haus,,288.0,325.44,2026-04-09,1,288.0,Direct,Friday,2026-04,fbg_data.csv,cloudbeds
2496821148346,2026-04-10,2026-04-11,1,Juniper Haus,,236.03,0.0,2026-04-09,1,236.03,Expedia,Friday,2026-04,fbg_data.csv,cloudbeds
2103967696403,2026-04-10,2026-04-11,1,Monolith,,510.2,576.52,2026-04-09,1,510.2,Direct,Friday,2026-04,fbg_data.csv,cloudbeds
8796800645426,2026-04-12,2026-04-13,1,Monarch,,274.0,309.62,2026-04-09,3,274.0,Direct,Sunday,2026-04,fbg_data.csv,cloudbeds
9824234774798,2026-04-17,2026-04-19,2,Cocoon,,1862.85,2212.37,2026-04-09,8,931.425,Direct,Friday,2026-04,fbg_data.csv,cloudbeds
4734750702969,2026-04-17,2026-04-19,2,Great Lodge: King Room,,1000.0,1130.0,2026-04-09,8,500.0,Direct,Friday,2026-04,fbg_data.csv,cloudbeds
1578819079622,2026-04-19,2026-04-20,1,Sage Safari,,264.0,298.32,2026-04-09,10,264.0,Direct,Sunday,2026-04,fbg_data.csv,cloudbeds
2232327734986,2026-04-23,2026-04-24,1,Sage Safari,,398.0,449.74,2026-04-09,14,398.0,Direct,Thursday,2026-04,fbg_data.csv,cloudbeds
4103031061732,2026-05-03,2026-05-04,1,Post Oak,,259.23,0.0,2026-04-09,24,259.23,Expedia,Sunday,2026-05,fbg_data.csv,cloudbeds
8839766547504,2026-05-06,2026-05-09,3,Walnut House,,2423.0,2737.99,2026-04-09,27,807.6666666666666,Direct,Wednesday,2026-05,fbg_data.csv,cloudbeds
6798309650129,2026-06-25,2026-06-28,3,Monolith,,3114.55,3519.44,2026-04-09,77,1038.1833333333334,Direct,Thursday,2026-06,fbg_data.csv,cloudbeds
5069833663986,2026-06-29,2026-07-01,2,Monarch,,802.0,906.26,2026-04-09,81,401.0,Direct,Monday,2026-06,fbg_data.csv,cloudbeds
1698138782185,2026-04-10,2026-04-11,1,Diamond,,691.1,888.3,2026-04-10,0,691.1,Direct,Friday,2026-04,fbg_data.csv,cloudbeds
5863731410607,2026-04-12,2026-04-13,1,Lantana Dome,,219.0,247.47,2026-04-10,2,219.0,Direct,Sunday,2026-04,fbg_data.csv,cloudbeds
4627690265322,2026-04-11,2026-04-13,2,Quonset,,1024.0,1157.12,2026-04-10,1,512.0,Direct,Saturday,2026-04,fbg_data.csv,cloudbeds
4220442940944,2026-04-12,2026-04-14,2,Great Lodge: King Room,,395.45,0.0,2026-04-10,2,197.725,Expedia,Sunday,2026-04,fbg_data.csv,cloudbeds
1497374821009,2026-04-17,2026-04-19,2,Live Oak Lodge,,1984.0,2241.92,2026-04-10,7,992.0,Direct,Friday,2026-04,fbg_data.csv,cloudbeds
3640876241993,2026-04-21,2026-04-22,1,Winecup,,148.0,393.24,2026-04-10,11,148.0,Direct,Tuesday,2026-04,fbg_data.csv,cloudbeds
5373545973853,2026-04-26,2026-04-27,1,Spiral,,354.0,400.02,2026-04-10,16,354.0,Direct,Sunday,2026-04,fbg_data.csv,cloudbeds
8273380625135,2026-05-13,2026-05-15,2,Pecan Haus,,414.77,0.0,2026-04-10,33,207.385,Expedia,Wednesday,2026-05,fbg_data.csv,cloudbeds
7512873509674,2026-05-29,2026-06-01,3,Monolith,,2976.0,3362.88,2026-04-10,49,992.0,Direct,Friday,2026-05,fbg_data.csv,cloudbeds
8739379571644,2026-04-12,2026-04-13,1,Monolith,,295.11,0.0,2026-04-11,1,295.11,Expedia,Sunday,2026-04,fbg_data.csv,cloudbeds
5299242957947,2026-04-12,2026-04-14,2,Juniper Haus,,215.75,491.55,2026-04-11,1,107.875,Direct,Sunday,2026-04,fbg_data.csv,cloudbeds
4482561590250,2026-04-12,2026-04-14,2,Winecup,,571.0,645.23,2026-04-11,1,285.5,Direct,Sunday,2026-04,fbg_data.csv,cloudbeds
2739573704831,2026-04-14,2026-04-15,1,Spyglass,,230.0,259.9,2026-04-11,3,230.0,Direct,Tuesday,2026-04,fbg_data.csv,cloudbeds
8086664725047,2026-04-13,2026-04-15,2,Winecup,,506.0,571.78,2026-04-11,2,253.0,Direct,Monday,2026-04,fbg_data.csv,cloudbeds
8821534866658,2026-04-12,2026-04-16,4,Great Lodge: King Room,,839.0,948.07,2026-04-11,1,209.75,Direct,Sunday,2026-04,fbg_data.csv,cloudbeds
6188075628831,2026-04-19,2026-04-20,1,Lantana Dome,,282.0,318.66,2026-04-11,8,282.0,Direct,Sunday,2026-04,fbg_data.csv,cloudbeds
4598187634847,2026-04-18,2026-04-20,2,Monolith,,1776.6,2273.37,2026-04-11,7,888.3,Direct,Saturday,2026-04,fbg_data.csv,cloudbeds
1875567201072,2026-04-24,2026-04-26,2,Winecup,,1128.0,1726.64,2026-04-11,13,564.0,Direct,Friday,2026-04,fbg_data.csv,cloudbeds
4713420199699,2026-05-01,2026-05-03,2,Monolith,,2401.0,2713.13,2026-04-11,20,1200.5,Direct,Friday,2026-05,fbg_data.csv,cloudbeds
9464858330507,2026-05-13,2026-05-15,2,Post Oak,,639.74,722.9,2026-04-11,32,319.87,Booking.com,Wednesday,2026-05,fbg_data.csv,cloudbeds
7491010179563,2026-05-28,2026-05-29,1,Diamond,,453.0,511.89,2026-04-11,47,453.0,Direct,Thursday,2026-05,fbg_data.csv,cloudbeds
4291953176892,2026-05-31,2026-06-02,2,Live Oak Lodge,,858.0,969.54,2026-04-11,50,429.0,Direct,Sunday,2026-05,fbg_data.csv,cloudbeds
1200468351089,2026-07-14,2026-07-16,2,Spiral,,510.52,0.0,2026-04-11,94,255.26,Expedia,Tuesday,2026-07,fbg_data.csv,cloudbeds
4573310008513,2026-07-17,2026-07-19,2,Sage Safari,,1530.0,1728.9,2026-04-12,96,765.0,Direct,Friday,2026-07,fbg_data.csv,cloudbeds
5837089843283,2026-04-12,2026-04-14,2,Diamond,,662.0,748.06,2026-04-12,0,331.0,Direct,Sunday,2026-04,fbg_data.csv,cloudbeds
7522763877958,2026-04-15,2026-04-17,2,Great Lodge: King Room,,405.0,457.65,2026-04-12,3,202.5,Direct,Wednesday,2026-04,fbg_data.csv,cloudbeds
2609756071091,2026-04-16,2026-04-18,2,Spyglass,,1618.61,0.0,2026-04-12,4,809.305,Airbnb,Thursday,2026-04,fbg_data.csv,cloudbeds
9212330639321,2026-04-18,2026-04-20,2,Great Lodge: King Room,,789.0,891.57,2026-04-12,6,394.5,Direct,Saturday,2026-04,fbg_data.csv,cloudbeds
4367574109620,2026-05-24,2026-05-25,1,Monolith,,550.0,621.5,2026-04-12,42,550.0,Direct,Sunday,2026-05,fbg_data.csv,cloudbeds
2221954464954,2026-05-25,2026-05-26,1,Lantana Dome,,340.0,384.2,2026-04-12,43,340.0,Direct,Monday,2026-05,fbg_data.csv,cloudbeds
3646037657331,2026-06-03,2026-06-07,4,Monarch,,2394.92,0.0,2026-04-12,52,598.73,Expedia,Wednesday,2026-06,fbg_data.csv,cloudbeds
8329952552517,2026-04-15,2026-04-17,2,Winecup,,696.0,786.48,2026-04-13,2,348.0,Direct,Wednesday,2026-04,fbg_data.csv,cloudbeds
3663338537552,2026-04-16,2026-04-17,1,Cocoon,,172.37,0.0,2026-04-13,3,172.37,Expedia,Thursday,2026-04,fbg_data.csv,cloudbeds
4780297182035,2026-04-17,2026-04-18,1,Cypress Lodge | Sleeps 2,,534.0,603.42,2026-04-13,4,534.0,Direct,Friday,2026-04,fbg_data.csv,cloudbeds
9368055445366,2026-04-17,2026-04-19,2,Monarch,,1478.92,0.0,2026-04-13,4,739.46,Expedia,Friday,2026-04,fbg_data.csv,cloudbeds
9551051075889,2026-04-20,2026-04-22,2,Post Oak,,446.0,503.98,2026-04-13,7,223.0,Direct,Monday,2026-04,fbg_data.csv,cloudbeds
2262343141757,2026-04-23,2026-04-25,2,Spiral,,1102.0,1245.26,2026-04-13,10,551.0,Direct,Thursday,2026-04,fbg_data.csv,cloudbeds
3382543374727,2026-04-24,2026-04-26,2,Monarch,,1024.0,1157.12,2026-04-13,11,512.0,Direct,Friday,2026-04,fbg_data.csv,cloudbeds
7402482708364,2026-04-27,2026-04-29,2,Cocoon,,418.0,472.34,2026-04-13,14,209.0,Direct,Monday,2026-04,fbg_data.csv,cloudbeds
4306604215543,2026-04-29,2026-04-30,1,Cedar Haus,,211.9,239.44,2026-04-13,16,211.9,Booking.com,Wednesday,2026-04,fbg_data.csv,cloudbeds
2894871334431,2026-04-30,2026-05-01,1,Monarch,,203.65,0.0,2026-04-13,17,203.65,Expedia,Thursday,2026-04,fbg_data.csv,cloudbeds
4283603457589,2026-04-30,2026-05-01,1,Post Oak,,226.54,255.99,2026-04-13,17,226.54,Booking.com,Thursday,2026-04,fbg_data.csv,cloudbeds
2374924566585,2026-04-30,2026-05-01,1,Sage Safari,,159.82,0.0,2026-04-13,17,159.82,Expedia,Thursday,2026-04,fbg_data.csv,cloudbeds
4028462619430,2026-05-04,2026-05-06,2,Buckeye Bungalow,,661.0,746.93,2026-04-13,21,330.5,Direct,Monday,2026-05,fbg_data.csv,cloudbeds
7416369369103,2026-05-04,2026-05-06,2,Spyglass,,969.0,1307.4,2026-04-13,21,484.5,Direct,Monday,2026-05,fbg_data.csv,cloudbeds
1227855564729,2026-05-16,2026-05-18,2,Great Lodge: King Room,,979.0,1106.27,2026-04-13,33,489.5,Direct,Saturday,2026-05,fbg_data.csv,cloudbeds
1227855564729,2026-05-16,2026-05-18,2,Great Lodge: King Room,,979.0,1106.27,2026-04-13,33,489.5,Direct,Saturday,2026-05,fbg_data.csv,cloudbeds
5027469758727,2026-05-21,2026-05-24,3,Pecan Haus,,1246.0,1515.33,2026-04-13,38,415.3333333333333,Direct,Thursday,2026-05,fbg_data.csv,cloudbeds
9811369578612,2026-12-19,2026-12-21,2,Cedar Haus,,839.0,948.07,2026-04-14,249,419.5,Direct,Saturday,2026-12,fbg_data.csv,cloudbeds
7996254984623,2026-04-23,2026-04-24,1,Cedar Haus,,173.76,0.0,2026-04-14,9,173.76,Expedia,Thursday,2026-04,fbg_data.csv,cloudbeds
8258921871783,2026-04-23,2026-04-25,2,Monolith,,1637.0,1849.81,2026-04-14,9,818.5,Direct,Thursday,2026-04,fbg_data.csv,cloudbeds
9367381667916,2026-04-24,2026-04-26,2,Sage Safari,,1603.0,1811.39,2026-04-14,10,801.5,Direct,Friday,2026-04,fbg_data.csv,cloudbeds
2559576829468,2026-04-25,2026-04-26,1,Spiral,,778.0,879.14,2026-04-14,11,778.0,Direct,Saturday,2026-04,fbg_data.csv,cloudbeds
8969978930688,2026-04-24,2026-04-26,2,Great Lodge: King Room,,975.0,1101.75,2026-04-14,10,487.5,Direct,Friday,2026-04,fbg_data.csv,cloudbeds
7904461199763,2026-04-30,2026-05-01,1,Buckeye Bungalow,,392.0,442.96,2026-04-14,16,392.0,Direct,Thursday,2026-04,fbg_data.csv,cloudbeds
4389635325067,2026-05-05,2026-05-06,1,Sage Safari,,358.0,404.54,2026-04-14,21,358.0,Direct,Tuesday,2026-05,fbg_data.csv,cloudbeds
1656026409484,2026-05-10,2026-05-13,3,Cocoon,,1108.0,1517.85,2026-04-14,26,369.3333333333333,Direct,Sunday,2026-05,fbg_data.csv,cloudbeds
7854957773252,2026-05-22,2026-05-24,2,Great Lodge: King Room,,976.78,0.0,2026-04-14,38,488.39,Expedia,Friday,2026-05,fbg_data.csv,cloudbeds
3649712560588,2026-05-22,2026-05-24,2,Sage Safari,,1684.0,1902.92,2026-04-14,38,842.0,Direct,Friday,2026-05,fbg_data.csv,cloudbeds
8052724809913,2026-06-03,2026-06-06,3,Spyglass,,1772.1,0.0,2026-04-14,50,590.6999999999999,Expedia,Wednesday,2026-06,fbg_data.csv,cloudbeds
4332749742229,2026-08-02,2026-08-04,2,Spiral,,586.0,662.18,2026-04-15,109,293.0,Direct,Sunday,2026-08,fbg_data.csv,cloudbeds
9552135871056,2026-04-15,2026-04-17,2,Great Lodge: King Room,,485.49,0.0,2026-04-15,0,242.745,Airbnb,Wednesday,2026-04,fbg_data.csv,cloudbeds
9844325020913,2026-04-16,2026-04-18,2,Great Lodge: King Room,,568.0,749.19,2026-04-15,1,284.0,Direct,Thursday,2026-04,fbg_data.csv,cloudbeds
9243006574315,2026-04-18,2026-04-19,1,Spyglass,,602.37,0.0,2026-04-15,3,602.37,Airbnb,Saturday,2026-04,fbg_data.csv,cloudbeds
3329696792749,2026-04-16,2026-04-19,3,Cypress Lodge | Sleeps 4,,1281.0,1447.53,2026-04-15,1,427.0,Direct,Thursday,2026-04,fbg_data.csv,cloudbeds
8075876995582,2026-04-16,2026-04-19,3,Cypress Lodge | Sleeps 2,,839.85,95.0,2026-04-15,1,279.95,Expedia,Thursday,2026-04,fbg_data.csv,cloudbeds
5393039595791,2026-04-17,2026-04-19,2,Walnut House,,1438.0,1837.37,2026-04-15,2,719.0,Direct,Friday,2026-04,fbg_data.csv,cloudbeds
5233172325644,2026-04-18,2026-04-20,2,Cypress Lodge | Sleeps 2,,615.0,694.95,2026-04-15,3,307.5,Direct,Saturday,2026-04,fbg_data.csv,cloudbeds
5729578115565,2026-04-19,2026-04-20,1,Quonset,,387.0,437.31,2026-04-15,4,387.0,Direct,Sunday,2026-04,fbg_data.csv,cloudbeds
2739940098860,2026-04-24,2026-04-26,2,Great Lodge: King Room,,975.0,1101.75,2026-04-15,9,487.5,Direct,Friday,2026-04,fbg_data.csv,cloudbeds
1207334619620,2026-04-30,2026-05-03,3,Diamond,,1906.0,2831.78,2026-04-15,15,635.3333333333334,Direct,Thursday,2026-04,fbg_data.csv,cloudbeds
7084908738471,2026-05-08,2026-05-10,2,Great Lodge: King Room,,820.0,926.6,2026-04-15,23,410.0,Direct,Friday,2026-05,fbg_data.csv,cloudbeds
3050611813821,2026-05-15,2026-05-17,2,Monolith,,2380.0,2689.4,2026-04-15,30,1190.0,Direct,Friday,2026-05,fbg_data.csv,cloudbeds
4265825110382,2026-05-17,2026-05-20,3,Diamond,,1568.95,1772.91,2026-04-15,32,522.9833333333333,Direct,Sunday,2026-05,fbg_data.csv,cloudbeds
6420693972616,2026-05-23,2026-05-25,2,Quonset,,70.0,0.0,2026-04-15,38,35.0,Direct,Saturday,2026-05,fbg_data.csv,cloudbeds
4717536030961,2026-05-26,2026-05-27,1,Post Oak,,208.7,235.83,2026-04-15,41,208.7,Direct,Tuesday,2026-05,fbg_data.csv,cloudbeds
7205810751095,2026-06-22,2026-06-24,2,Sage Safari,,746.2,843.22,2026-04-15,68,373.1,Direct,Monday,2026-06,fbg_data.csv,cloudbeds
5037837608610,2026-06-21,2026-06-24,3,Monolith,,1629.9,2107.61,2026-04-15,67,543.3000000000001,Direct,Sunday,2026-06,fbg_data.csv,cloudbeds
9208142449110,2026-04-16,2026-04-17,1,Great Lodge: King Room,,210.0,237.3,2026-04-16,0,210.0,Direct,Thursday,2026-04,fbg_data.csv,cloudbeds
9129338206371,2026-04-17,2026-04-18,1,Cypress Lodge | Sleeps 4,,547.61,0.0,2026-04-16,1,547.61,Airbnb,Friday,2026-04,fbg_data.csv,cloudbeds
5699760509894,2026-04-18,2026-04-19,1,Monolith,,929.0,1315.58,2026-04-16,2,929.0,Direct,Saturday,2026-04,fbg_data.csv,cloudbeds
8038813756219,2026-04-19,2026-04-20,1,Cypress Lodge | Sleeps 2,,225.37,0.0,2026-04-16,3,225.37,Expedia,Sunday,2026-04,fbg_data.csv,cloudbeds
5588276808558,2026-04-19,2026-04-20,1,Live Oak Lodge,,248.0,280.24,2026-04-16,3,248.0,Direct,Sunday,2026-04,fbg_data.csv,cloudbeds
4315389906921,2026-04-18,2026-04-20,2,Cypress Lodge | Sleeps 4,,876.0,989.88,2026-04-16,2,438.0,Direct,Saturday,2026-04,fbg_data.csv,cloudbeds
4777967406378,2026-04-28,2026-04-29,1,Quonset,,215.0,242.95,2026-04-16,12,215.0,Direct,Tuesday,2026-04,fbg_data.csv,cloudbeds
7376829488008,2026-04-28,2026-04-29,1,Sage Safari,,198.0,223.74,2026-04-16,12,198.0,Direct,Tuesday,2026-04,fbg_data.csv,cloudbeds
7197556016979,2026-04-27,2026-05-01,4,Cypress Lodge | Sleeps 2,,781.79,0.0,2026-04-16,11,195.4475,Expedia,Monday,2026-04,fbg_data.csv,cloudbeds
1943653597124,2026-04-29,2026-05-03,4,Great Lodge: King Room,,1202.74,0.0,2026-04-16,13,300.685,Expedia,Wednesday,2026-04,fbg_data.csv,cloudbeds
2642269235947,2026-05-04,2026-05-07,3,Spiral,,926.0,1258.81,2026-04-16,18,308.6666666666667,Direct,Monday,2026-05,fbg_data.csv,cloudbeds
4849070939117,2026-05-05,2026-05-07,2,Diamond,,820.0,926.6,2026-04-16,19,410.0,Direct,Tuesday,2026-05,fbg_data.csv,cloudbeds
9281728780435,2026-05-22,2026-05-23,1,Quonset,,448.0,506.24,2026-04-16,36,448.0,Direct,Friday,2026-05,fbg_data.csv,cloudbeds
8088899313852,2026-05-22,2026-05-24,2,Monarch,,2270.0,2830.91,2026-04-16,36,1135.0,Direct,Friday,2026-05,fbg_data.csv,cloudbeds
9555509371824,2026-05-22,2026-05-24,2,Live Oak Lodge,,2102.0,2827.26,2026-04-16,36,1051.0,Direct,Friday,2026-05,fbg_data.csv,cloudbeds
1760519654561,2026-05-15,2026-05-17,2,Lantana Dome,,1194.0,1688.22,2026-04-16,29,597.0,Direct,Friday,2026-05,fbg_data.csv,cloudbeds
1760519654561,2026-05-15,2026-05-17,2,Winecup,,1194.0,1688.22,2026-04-16,29,597.0,Direct,Friday,2026-05,fbg_data.csv,cloudbeds
4385828146380,2026-04-18,2026-04-19,1,Quonset,,826.0,933.38,2026-04-17,1,826.0,Direct,Saturday,2026-04,fbg_data.csv,cloudbeds
8462416173253,2026-04-20,2026-04-21,1,Lantana Dome,,241.0,272.33,2026-04-17,3,241.0,Direct,Monday,2026-04,fbg_data.csv,cloudbeds
3197971814272,2026-04-19,2026-04-21,2,Great Lodge: King Room,,456.0,515.28,2026-04-17,2,228.0,Direct,Sunday,2026-04,fbg_data.csv,cloudbeds
9581955669999,2026-04-28,2026-04-29,1,Bluebonnet,,159.0,0.0,2026-04-17,11,159.0,Expedia,Tuesday,2026-04,fbg_data.csv,cloudbeds
2121371849110,2026-04-27,2026-04-29,2,Great Lodge: King Room,,352.0,610.19,2026-04-17,10,176.0,Direct,Monday,2026-04,fbg_data.csv,cloudbeds
7830944722964,2026-05-07,2026-05-09,2,Live Oak Lodge,,1645.0,1858.85,2026-04-17,20,822.5,Direct,Thursday,2026-05,fbg_data.csv,cloudbeds
2712422257466,2026-05-11,2026-05-13,2,Diamond,,849.7,960.16,2026-04-17,24,424.85,Direct,Monday,2026-05,fbg_data.csv,cloudbeds
9732032310927,2026-05-21,2026-05-22,1,Buckeye Bungalow,,368.0,415.84,2026-04-17,34,368.0,Direct,Thursday,2026-05,fbg_data.csv,cloudbeds
9259322903338,2026-04-18,2026-04-19,1,Winecup,,862.0,974.06,2026-04-18,0,862.0,Direct,Saturday,2026-04,fbg_data.csv,cloudbeds
1939349098413,2026-04-18,2026-04-19,1,Lantana Dome,,887.0,1002.31,2026-04-18,0,887.0,Direct,Saturday,2026-04,fbg_data.csv,cloudbeds
4263664404159,2026-04-19,2026-04-21,2,Cypress Lodge | Sleeps 4,,711.0,803.43,2026-04-18,1,355.5,Direct,Sunday,2026-04,fbg_data.csv,cloudbeds
4236041427428,2026-04-20,2026-04-21,1,Cypress Lodge | Sleeps 6,,360.44,490.42,2026-04-18,2,360.44,Direct,Monday,2026-04,fbg_data.csv,cloudbeds
6402231753307,2026-04-23,2026-04-25,2,Great Lodge: King Room,,768.0,867.84,2026-04-18,5,384.0,Direct,Thursday,2026-04,fbg_data.csv,cloudbeds
9635665874605,2026-04-26,2026-04-27,1,Pecan Haus,,163.55,0.0,2026-04-18,8,163.55,Expedia,Sunday,2026-04,fbg_data.csv,cloudbeds
7877046663574,2026-05-01,2026-05-04,3,Great Lodge: King Room,,1207.0,1363.91,2026-04-18,13,402.3333333333333,Direct,Friday,2026-05,fbg_data.csv,cloudbeds
9818071069618,2026-05-21,2026-05-22,1,Sage Safari,,339.0,383.07,2026-04-18,33,339.0,Direct,Thursday,2026-05,fbg_data.csv,cloudbeds
3581241313079,2026-05-25,2026-05-27,2,Diamond,,767.0,866.71,2026-04-18,37,383.5,Direct,Monday,2026-05,fbg_data.csv,cloudbeds
2846180641987,2026-10-29,2026-11-01,3,Monarch,,3236.74,0.0,2026-04-19,193,1078.9133333333332,Booking.com,Thursday,2026-10,fbg_data.csv,cloudbeds
5903352530331,2026-04-20,2026-04-24,4,Winecup,,1227.0,1386.51,2026-04-19,1,306.75,Direct,Monday,2026-04,fbg_data.csv,cloudbeds
9952523164562,2026-04-23,2026-04-24,1,Bluebonnet,,404.0,456.52,2026-04-19,4,404.0,Direct,Thursday,2026-04,fbg_data.csv,cloudbeds
4051317709398,2026-04-23,2026-04-24,1,Great Lodge: King Room,,388.8,439.35,2026-04-19,4,388.8,Booking.com,Thursday,2026-04,fbg_data.csv,cloudbeds
8881603492407,2026-04-22,2026-04-25,3,Diamond,,1591.09,0.0,2026-04-19,3,530.3633333333333,Expedia,Wednesday,2026-04,fbg_data.csv,cloudbeds
4487477240379,2026-04-23,2026-04-26,3,Great Lodge: King Room,,1207.0,1363.91,2026-04-19,4,402.3333333333333,Direct,Thursday,2026-04,fbg_data.csv,cloudbeds
9162643268352,2026-04-24,2026-04-26,2,Buckeye Bungalow,,1506.0,1701.78,2026-04-19,5,753.0,Direct,Friday,2026-04,fbg_data.csv,cloudbeds
8314907211907,2026-04-25,2026-04-27,2,Walnut House,,1543.0,1743.59,2026-04-19,6,771.5,Direct,Saturday,2026-04,fbg_data.csv,cloudbeds
1244205253942,2026-04-28,2026-04-29,1,Spiral,,249.0,281.37,2026-04-19,9,249.0,Direct,Tuesday,2026-04,fbg_data.csv,cloudbeds
2537991627107,2026-04-30,2026-05-01,1,Cedar Haus,,135.23,0.0,2026-04-19,11,135.23,Expedia,Thursday,2026-04,fbg_data.csv,cloudbeds
8600623349735,2026-05-01,2026-05-03,2,Cypress Lodge | Sleeps 2,,1014.0,1145.82,2026-04-19,12,507.0,Direct,Friday,2026-05,fbg_data.csv,cloudbeds
2202792620130,2026-05-01,2026-05-04,3,Walnut House,,1948.2,2201.48,2026-04-19,12,649.4,Direct,Friday,2026-05,fbg_data.csv,cloudbeds
3311655610836,2026-05-07,2026-05-09,2,Monolith,,1702.0,1923.26,2026-04-19,18,851.0,Direct,Thursday,2026-05,fbg_data.csv,cloudbeds
9793695033192,2026-05-12,2026-05-15,3,Sage Safari,,896.1,1111.92,2026-04-19,23,298.7,Direct,Tuesday,2026-05,fbg_data.csv,cloudbeds
6019206787585,2026-05-18,2026-05-20,2,Buckeye Bungalow,,708.0,907.39,2026-04-19,29,354.0,Direct,Monday,2026-05,fbg_data.csv,cloudbeds
3071745397994,2026-05-21,2026-05-23,2,Walnut House,,1616.0,1826.08,2026-04-19,32,808.0,Direct,Thursday,2026-05,fbg_data.csv,cloudbeds
2677932700064,2026-05-25,2026-05-27,2,Monarch,,727.0,928.86,2026-04-19,36,363.5,Direct,Monday,2026-05,fbg_data.csv,cloudbeds
7112942761681,2026-06-05,2026-06-07,2,Monolith,,1894.0,2140.22,2026-04-19,47,947.0,Direct,Friday,2026-06,fbg_data.csv,cloudbeds
9609692997925,2026-07-07,2026-07-09,2,Spiral,,453.08,0.0,2026-04-19,79,226.54,Expedia,Tuesday,2026-07,fbg_data.csv,cloudbeds
6263404568834,2026-07-12,2026-07-14,2,Great Lodge,,3958.35,4472.94,2026-04-19,84,1979.175,Direct,Sunday,2026-07,fbg_data.csv,cloudbeds
4198971940183,2026-04-20,2026-04-21,1,Quonset,,271.0,306.23,2026-04-20,0,271.0,Direct,Monday,2026-04,fbg_data.csv,cloudbeds
9333191926545,2026-04-21,2026-04-22,1,Walnut House,,229.0,258.77,2026-04-20,1,229.0,Direct,Tuesday,2026-04,fbg_data.csv,cloudbeds
1218041601635,2026-05-01,2026-05-03,2,Cypress Lodge | Sleeps 2,,1060.0,1197.8,2026-04-20,11,530.0,Direct,Friday,2026-05,fbg_data.csv,cloudbeds
4580853062595,2026-05-04,2026-05-05,1,Cocoon,,272.17,0.0,2026-04-20,14,272.17,Expedia,Monday,2026-05,fbg_data.csv,cloudbeds
7944350013072,2026-05-14,2026-05-17,3,Spyglass,,3158.0,3780.97,2026-04-20,24,1052.6666666666667,Direct,Thursday,2026-05,fbg_data.csv,cloudbeds
5987226546955,2026-05-24,2026-05-25,1,Pecan Haus,,289.0,326.57,2026-04-20,34,289.0,Direct,Sunday,2026-05,fbg_data.csv,cloudbeds
1714751240223,2026-06-05,2026-06-07,2,Spiral,,1438.0,1624.94,2026-04-20,46,719.0,Direct,Friday,2026-06,fbg_data.csv,cloudbeds
3740610243609,2026-09-11,2026-09-13,2,Walnut House,,1788.1,2232.97,2026-04-21,143,894.05,Direct,Friday,2026-09,fbg_data.csv,cloudbeds
8600179433379,2026-04-22,2026-04-23,1,Spiral,,295.0,333.35,2026-04-21,1,295.0,Direct,Wednesday,2026-04,fbg_data.csv,cloudbeds
7411063052611,2026-04-22,2026-04-23,1,Walnut House,,218.0,246.34,2026-04-21,1,218.0,Direct,Wednesday,2026-04,fbg_data.csv,cloudbeds
6724420186132,2026-04-22,2026-04-23,1,Live Oak Lodge,,213.4,291.54,2026-04-21,1,213.4,Direct,Wednesday,2026-04,fbg_data.csv,cloudbeds
4580860838441,2026-04-22,2026-04-24,2,Great Lodge: King Room,,447.0,612.46,2026-04-21,1,223.5,Direct,Wednesday,2026-04,fbg_data.csv,cloudbeds
7020302908952,2026-04-24,2026-04-25,1,Cocoon,,511.0,577.43,2026-04-21,3,511.0,Direct,Friday,2026-04,fbg_data.csv,cloudbeds
5888503881237,2026-04-24,2026-04-26,2,Great Lodge: King Room,,854.24,0.0,2026-04-21,3,427.12,Expedia,Friday,2026-04,fbg_data.csv,cloudbeds
6481363731996,2026-04-25,2026-04-26,1,Great Lodge: King Room,,497.0,561.61,2026-04-21,4,497.0,Direct,Saturday,2026-04,fbg_data.csv,cloudbeds
7587513726114,2026-04-27,2026-04-29,2,Cypress Lodge | Sleeps 2,,340.0,384.2,2026-04-21,6,170.0,Direct,Monday,2026-04,fbg_data.csv,cloudbeds
9738649299709,2026-04-29,2026-04-30,1,Sage Safari,,192.0,216.96,2026-04-21,8,192.0,Direct,Wednesday,2026-04,fbg_data.csv,cloudbeds
3412917096197,2026-05-01,2026-05-03,2,Spiral,,1425.0,1610.25,2026-04-21,10,712.5,Direct,Friday,2026-05,fbg_data.csv,cloudbeds
1841394673101,2026-04-30,2026-05-03,3,Lantana Dome,,1905.0,2418.46,2026-04-21,9,635.0,Direct,Thursday,2026-04,fbg_data.csv,cloudbeds
1533403802032,2026-05-07,2026-05-08,1,Post Oak,,240.0,271.2,2026-04-21,16,240.0,Direct,Thursday,2026-05,fbg_data.csv,cloudbeds
2947164555809,2026-05-08,2026-05-10,2,Great Lodge: King Room,,758.0,856.54,2026-04-21,17,379.0,Direct,Friday,2026-05,fbg_data.csv,cloudbeds
4817500386833,2026-05-10,2026-05-11,1,Spiral,,297.18,0.0,2026-04-21,19,297.18,Airbnb,Sunday,2026-05,fbg_data.csv,cloudbeds
3265185270843,2026-05-11,2026-05-14,3,Walnut House,,1039.2,1291.59,2026-04-21,20,346.40000000000003,Direct,Monday,2026-05,fbg_data.csv,cloudbeds
5820389222771,2026-05-21,2026-05-24,3,Diamond,,2114.0,2388.82,2026-04-21,30,704.6666666666666,Direct,Thursday,2026-05,fbg_data.csv,cloudbeds
2988640957743,2026-05-29,2026-05-31,2,Cocoon,,1640.0,2065.63,2026-04-21,38,820.0,Direct,Friday,2026-05,fbg_data.csv,cloudbeds
6029864934616,2026-06-19,2026-06-22,3,Sage Safari,,2227.9,2517.52,2026-04-21,59,742.6333333333333,Direct,Friday,2026-06,fbg_data.csv,cloudbeds
3931959198650,2026-07-02,2026-07-04,2,Sage Safari,,1555.0,0.0,2026-04-21,72,777.5,Airbnb,Thursday,2026-07,fbg_data.csv,cloudbeds
6870038723034,2026-07-08,2026-07-11,3,Monolith,,1836.0,2074.68,2026-04-21,78,612.0,Direct,Wednesday,2026-07,fbg_data.csv,cloudbeds
8646276065550,2026-04-22,2026-04-23,1,Winecup,,241.0,0.0,2026-04-22,0,241.0,Expedia,Wednesday,2026-04,fbg_data.csv,cloudbeds
3604420243832,2026-04-23,2026-04-24,1,Great Lodge: King Room,,230.0,259.9,2026-04-22,1,230.0,Direct,Thursday,2026-04,fbg_data.csv,cloudbeds
6869724397154,2026-04-23,2026-04-24,1,Buckeye Bungalow,,206.0,232.78,2026-04-22,1,206.0,Direct,Thursday,2026-04,fbg_data.csv,cloudbeds
1315865264692,2026-04-24,2026-04-25,1,Walnut House,,936.21,0.0,2026-04-22,2,936.21,Airbnb,Friday,2026-04,fbg_data.csv,cloudbeds
1815618176231,2026-04-24,2026-04-25,1,Bluebonnet,,476.78,0.0,2026-04-22,2,476.78,Expedia,Friday,2026-04,fbg_data.csv,cloudbeds
4869535616546,2026-04-24,2026-04-26,2,Lantana Dome,,1666.0,2148.39,2026-04-22,2,833.0,Direct,Friday,2026-04,fbg_data.csv,cloudbeds
4724294240578,2026-04-25,2026-04-26,1,Bluebonnet,,585.3,621.84,2026-04-22,3,585.3,HotelTonight (Channel Collect Booking),Saturday,2026-04,fbg_data.csv,cloudbeds
1266130194608,2026-04-24,2026-04-26,2,Juniper Haus,,937.0,1058.81,2026-04-22,2,468.5,Direct,Friday,2026-04,fbg_data.csv,cloudbeds
2406273605728,2026-04-25,2026-04-27,2,Cedar Haus,,603.45,0.0,2026-04-22,3,301.725,Expedia,Saturday,2026-04,fbg_data.csv,cloudbeds
7212447352262,2026-04-26,2026-04-27,1,Buckeye Bungalow,,185.3,169.84,2026-04-22,4,185.3,HotelTonight (Channel Collect Booking),Sunday,2026-04,fbg_data.csv,cloudbeds
7986323170024,2026-04-27,2026-04-29,2,Great Lodge: King Room,,244.18,0.0,2026-04-22,5,122.09,Expedia,Monday,2026-04,fbg_data.csv,cloudbeds
2519736151996,2026-05-01,2026-05-03,2,Great Lodge: King Room,,790.0,1105.13,2026-04-22,9,395.0,Direct,Friday,2026-05,fbg_data.csv,cloudbeds
5339209663947,2026-05-01,2026-05-03,2,Cocoon,,1632.0,1844.16,2026-04-22,9,816.0,Direct,Friday,2026-05,fbg_data.csv,cloudbeds
8551032530434,2026-05-12,2026-05-15,3,Diamond,,1375.34,0.0,2026-04-22,20,458.44666666666666,Airbnb,Tuesday,2026-05,fbg_data.csv,cloudbeds
1455885936797,2026-05-14,2026-05-16,2,Diamond,,1309.87,0.0,2026-04-22,22,654.935,Expedia,Thursday,2026-05,fbg_data.csv,cloudbeds
7864858027791,2026-05-19,2026-05-21,2,Winecup,,508.0,574.04,2026-04-22,27,254.0,Direct,Tuesday,2026-05,fbg_data.csv,cloudbeds
8463141000908,2026-05-20,2026-05-22,2,Monolith,,921.0,1040.73,2026-04-22,28,460.5,Direct,Wednesday,2026-05,fbg_data.csv,cloudbeds
2922808424670,2026-04-23,2026-04-24,1,Great Lodge: King Room,,302.0,341.26,2026-04-23,0,302.0,Direct,Thursday,2026-04,fbg_data.csv,cloudbeds
7486153447752,2026-04-23,2026-04-25,2,Winecup,,1149.0,1298.37,2026-04-23,0,574.5,Direct,Thursday,2026-04,fbg_data.csv,cloudbeds
9361080469016,2026-04-24,2026-04-25,1,Cedar Haus,,505.33,0.0,2026-04-23,1,505.33,Airbnb,Friday,2026-04,fbg_data.csv,cloudbeds
1001496641971,2026-04-25,2026-04-27,2,Diamond,,1429.0,1880.58,2026-04-23,2,714.5,Direct,Saturday,2026-04,fbg_data.csv,cloudbeds
6448673542226,2026-04-27,2026-04-29,2,Winecup,,452.0,510.76,2026-04-23,4,226.0,Direct,Monday,2026-04,fbg_data.csv,cloudbeds
5353630016749,2026-04-29,2026-04-30,1,Quonset,,173.59,0.0,2026-04-23,6,173.59,Expedia,Wednesday,2026-04,fbg_data.csv,cloudbeds
8138144344902,2026-05-01,2026-05-04,3,Cedar Haus,,1169.0,1320.97,2026-04-23,8,389.6666666666667,Direct,Friday,2026-05,fbg_data.csv,cloudbeds
6201444552943,2026-05-15,2026-05-17,2,Diamond,,2024.0,2287.12,2026-04-23,22,1012.0,Direct,Friday,2026-05,fbg_data.csv,cloudbeds
6096568796151,2026-05-15,2026-05-17,2,Live Oak Lodge,,2338.0,2641.94,2026-04-23,22,1169.0,Direct,Friday,2026-05,fbg_data.csv,cloudbeds
6421922249385,2026-05-17,2026-05-20,3,Live Oak Lodge,,1405.55,1588.27,2026-04-23,24,468.51666666666665,Direct,Sunday,2026-05,fbg_data.csv,cloudbeds
3459157667986,2026-05-22,2026-05-24,2,Cedar Haus,,1002.0,1132.26,2026-04-23,29,501.0,Direct,Friday,2026-05,fbg_data.csv,cloudbeds
9321903677501,2026-05-23,2026-05-25,2,Cypress Lodge | Sleeps 2,,953.16,0.0,2026-04-23,30,476.58,Expedia,Saturday,2026-05,fbg_data.csv,cloudbeds
2019984580117,2026-05-23,2026-05-25,2,Diamond,,1750.0,1977.5,2026-04-23,30,875.0,Direct,Saturday,2026-05,fbg_data.csv,cloudbeds
5603971459778,2026-06-17,2026-06-19,2,Monolith,,1040.0,1175.2,2026-04-23,55,520.0,Direct,Wednesday,2026-06,fbg_data.csv,cloudbeds
4225406701769,2026-10-28,2026-10-30,2,Sage Safari,,937.0,1058.81,2026-04-24,187,468.5,Direct,Wednesday,2026-10,fbg_data.csv,cloudbeds
4271653718713,2026-04-25,2026-04-26,1,Great Lodge: King Room,,508.32,0.0,2026-04-24,1,508.32,Expedia,Saturday,2026-04,fbg_data.csv,cloudbeds
5834206272094,2026-04-26,2026-04-27,1,Diamond,,334.0,377.42,2026-04-24,2,334.0,Direct,Sunday,2026-04,fbg_data.csv,cloudbeds
3698580600616,2026-04-25,2026-04-27,2,Quonset,,1253.2,1750.37,2026-04-24,1,626.6,Direct,Saturday,2026-04,fbg_data.csv,cloudbeds
5638609151040,2026-04-28,2026-04-29,1,Great Lodge: King Room,,187.0,211.31,2026-04-24,4,187.0,Direct,Tuesday,2026-04,fbg_data.csv,cloudbeds
1127610367947,2026-04-28,2026-04-30,2,Cypress Lodge | Sleeps 4,,532.0,708.51,2026-04-24,4,266.0,Direct,Tuesday,2026-04,fbg_data.csv,cloudbeds
4918049283184,2026-05-09,2026-05-11,2,Monarch,,1426.0,1718.73,2026-04-24,15,713.0,Direct,Saturday,2026-05,fbg_data.csv,cloudbeds
9784468598994,2026-05-09,2026-05-11,2,Lantana Dome,,562.0,765.01,2026-04-24,15,281.0,Direct,Saturday,2026-05,fbg_data.csv,cloudbeds
9784468598994,2026-05-09,2026-05-11,2,Quonset,,562.0,765.01,2026-04-24,15,281.0,Direct,Saturday,2026-05,fbg_data.csv,cloudbeds
2882760272061,2026-05-27,2026-05-28,1,Spyglass,,439.0,496.07,2026-04-24,33,439.0,Direct,Wednesday,2026-05,fbg_data.csv,cloudbeds
8008458470498,2026-04-25,2026-04-26,1,Winecup,,722.64,0.0,2026-04-25,0,722.64,Expedia,Saturday,2026-04,fbg_data.csv,cloudbeds
9433957783464,2026-04-25,2026-04-26,1,Cocoon,,807.0,1019.26,2026-04-25,0,807.0,Direct,Saturday,2026-04,fbg_data.csv,cloudbeds
6104062045175,2026-04-26,2026-04-27,1,Bluebonnet,,319.0,360.47,2026-04-25,1,319.0,Direct,Sunday,2026-04,fbg_data.csv,cloudbeds
1026072399892,2026-04-27,2026-04-29,2,Great Lodge: King Room,,340.0,384.2,2026-04-25,2,170.0,Direct,Monday,2026-04,fbg_data.csv,cloudbeds
2828747787133,2026-04-30,2026-05-01,1,Monolith,,510.0,576.3,2026-04-25,5,510.0,Direct,Thursday,2026-04,fbg_data.csv,cloudbeds
3775460528899,2026-05-17,2026-05-19,2,Spyglass,,1084.0,1224.92,2026-04-25,22,542.0,Direct,Sunday,2026-05,fbg_data.csv,cloudbeds
9276654260688,2026-06-10,2026-06-12,2,Monolith,,932.2,1161.64,2026-04-25,46,466.1,Direct,Wednesday,2026-06,fbg_data.csv,cloudbeds
2028219707055,2026-06-15,2026-06-18,3,Monolith,,1088.4,1568.91,2026-04-25,51,362.8,Direct,Monday,2026-06,fbg_data.csv,cloudbeds
5524045336530,2026-06-22,2026-06-24,2,Spiral,,554.0,626.02,2026-04-25,58,277.0,Direct,Monday,2026-06,fbg_data.csv,cloudbeds
6819179753037,2026-04-26,2026-04-27,1,Diamond,,295.0,333.35,2026-04-26,0,295.0,Direct,Sunday,2026-04,fbg_data.csv,cloudbeds
9753746845151,2026-04-26,2026-04-27,1,Juniper Haus,,204.0,230.52,2026-04-26,0,204.0,Direct,Sunday,2026-04,fbg_data.csv,cloudbeds
9760731535168,2026-04-27,2026-04-28,1,Great Lodge: King Room,,204.58,231.17,2026-04-26,1,204.58,Booking.com,Monday,2026-04,fbg_data.csv,cloudbeds
6879885657823,2026-04-27,2026-04-29,2,Great Lodge: King Room,,348.0,393.24,2026-04-26,1,174.0,Direct,Monday,2026-04,fbg_data.csv,cloudbeds
5499827198122,2026-05-01,2026-05-03,2,Great Lodge: King Room,,810.0,915.3,2026-04-26,5,405.0,Direct,Friday,2026-05,fbg_data.csv,cloudbeds
2397372027425,2026-05-03,2026-05-05,2,Diamond,,610.89,1030.56,2026-04-26,7,305.445,Direct,Sunday,2026-05,fbg_data.csv,cloudbeds
8498164950920,2026-05-15,2026-05-17,2,Walnut House,,2070.0,2604.91,2026-04-26,19,1035.0,Direct,Friday,2026-05,fbg_data.csv,cloudbeds
7101490092931,2026-05-22,2026-05-24,2,Great Lodge: King Room,,1174.0,1326.62,2026-04-26,26,587.0,Direct,Friday,2026-05,fbg_data.csv,cloudbeds
8309591369512,2026-05-31,2026-06-01,1,Post Oak,,237.37,0.0,2026-04-26,35,237.37,Expedia,Sunday,2026-05,fbg_data.csv,cloudbeds
1008746429556,2026-06-09,2026-06-11,2,Diamond,,730.0,824.9,2026-04-26,44,365.0,Direct,Tuesday,2026-06,fbg_data.csv,cloudbeds
1925115944374,2026-06-11,2026-06-14,3,Live Oak Lodge,,3095.0,3497.35,2026-04-26,46,1031.6666666666667,Direct,Thursday,2026-06,fbg_data.csv,cloudbeds
2173898379971,2026-06-24,2026-06-26,2,Monolith,,1167.1,1318.83,2026-04-26,59,583.55,Direct,Wednesday,2026-06,fbg_data.csv,cloudbeds
8676976651995,2026-04-29,2026-04-30,1,Great Lodge: King Room,,137.13,0.0,2026-04-27,2,137.13,Expedia,Wednesday,2026-04,fbg_data.csv,cloudbeds
4094210480793,2026-04-28,2026-04-30,2,Great Lodge: King Room,,320.8,362.5,2026-04-27,1,160.4,Direct,Tuesday,2026-04,fbg_data.csv,cloudbeds
8259699993886,2026-04-30,2026-05-01,1,Monolith,,506.0,571.78,2026-04-27,3,506.0,Direct,Thursday,2026-04,fbg_data.csv,cloudbeds
6933371218571,2026-04-29,2026-05-01,2,Cocoon,,423.0,477.99,2026-04-27,2,211.5,Direct,Wednesday,2026-04,fbg_data.csv,cloudbeds
1483218920491,2026-04-29,2026-05-01,2,Cypress Lodge | Sleeps 2,,349.0,394.37,2026-04-27,2,174.5,Direct,Wednesday,2026-04,fbg_data.csv,cloudbeds
9601643797147,2026-04-30,2026-05-02,2,Pecan Haus,,772.0,872.36,2026-04-27,3,386.0,Direct,Thursday,2026-04,fbg_data.csv,cloudbeds
4361574646040,2026-05-08,2026-05-11,3,Cypress Lodge | Sleeps 2,,1303.0,1472.39,2026-04-27,11,434.3333333333333,Direct,Friday,2026-05,fbg_data.csv,cloudbeds
1784494864396,2026-05-15,2026-05-17,2,Spiral,,1614.0,1823.82,2026-04-27,18,807.0,Direct,Friday,2026-05,fbg_data.csv,cloudbeds
8596837810510,2026-06-02,2026-06-05,3,Monolith,,1488.0,1681.44,2026-04-27,36,496.0,Direct,Tuesday,2026-06,fbg_data.csv,cloudbeds
1367976753277,2026-06-08,2026-06-10,2,Sage Safari,,620.0,700.6,2026-04-27,42,310.0,Direct,Monday,2026-06,fbg_data.csv,cloudbeds
9703036980719,2026-06-16,2026-06-18,2,Diamond,,696.0,786.48,2026-04-27,50,348.0,Direct,Tuesday,2026-06,fbg_data.csv,cloudbeds
6876576954196,2026-07-05,2026-07-07,2,Monolith,,1065.0,1203.45,2026-04-27,69,532.5,Direct,Sunday,2026-07,fbg_data.csv,cloudbeds
9100603174415,2026-04-28,2026-04-29,1,Pecan Haus,,124.55,0.0,2026-04-28,0,124.55,Expedia,Tuesday,2026-04,fbg_data.csv,cloudbeds
2200041512200,2026-05-01,2026-05-02,1,Great Lodge: King Room,,312.0,352.56,2026-04-28,3,312.0,Direct,Friday,2026-05,fbg_data.csv,cloudbeds
2748175557802,2026-05-01,2026-05-02,1,Buckeye Bungalow,,457.0,516.41,2026-04-28,3,457.0,Direct,Friday,2026-05,fbg_data.csv,cloudbeds
7232741290015,2026-05-02,2026-05-03,1,Great Lodge: King Room,,378.0,427.14,2026-04-28,4,378.0,Direct,Saturday,2026-05,fbg_data.csv,cloudbeds
5309921791239,2026-05-01,2026-05-03,2,Great Lodge: King Room,,553.2,625.12,2026-04-28,3,276.6,Direct,Friday,2026-05,fbg_data.csv,cloudbeds
6284698695692,2026-05-01,2026-05-03,2,Cypress Lodge | Sleeps 4,,1588.0,2060.25,2026-04-28,3,794.0,Direct,Friday,2026-05,fbg_data.csv,cloudbeds
7357498423106,2026-05-02,2026-05-04,2,Bluebonnet,,763.21,0.0,2026-04-28,4,381.605,Expedia,Saturday,2026-05,fbg_data.csv,cloudbeds
5754289866574,2026-05-06,2026-05-07,1,Spyglass,,452.0,510.76,2026-04-28,8,452.0,Direct,Wednesday,2026-05,fbg_data.csv,cloudbeds
5314086759928,2026-05-11,2026-05-12,1,Spyglass,,432.0,488.16,2026-04-28,13,432.0,Direct,Monday,2026-05,fbg_data.csv,cloudbeds
9939687273469,2026-05-11,2026-05-12,1,Post Oak,,203.3,229.73,2026-04-28,13,203.3,Direct,Monday,2026-05,fbg_data.csv,cloudbeds
7453167235509,2026-05-19,2026-05-20,1,Great Lodge: King Room,,212.77,0.0,2026-04-28,21,212.77,Expedia,Tuesday,2026-05,fbg_data.csv,cloudbeds
5187167881717,2026-05-24,2026-05-25,1,Diamond,,333.04,0.0,2026-04-28,26,333.04,Expedia,Sunday,2026-05,fbg_data.csv,cloudbeds
8692923870795,2026-05-25,2026-05-26,1,Diamond,,395.0,446.35,2026-04-28,27,395.0,Direct,Monday,2026-05,fbg_data.csv,cloudbeds
2688533982856,2026-06-12,2026-06-14,2,Cypress Lodge | Sleeps 2,,1192.0,1559.39,2026-04-28,45,596.0,Direct,Friday,2026-06,fbg_data.csv,cloudbeds
1488200192917,2026-06-15,2026-06-17,2,Monarch,,824.4,931.56,2026-04-28,48,412.2,Direct,Monday,2026-06,fbg_data.csv,cloudbeds
9029085361468,2026-06-23,2026-06-26,3,Quonset,,836.9,1228.19,2026-04-28,56,278.96666666666664,Direct,Tuesday,2026-06,fbg_data.csv,cloudbeds
2531879527904,2026-04-29,2026-04-30,1,Bluebonnet,,156.26,0.0,2026-04-29,0,156.26,Expedia,Wednesday,2026-04,fbg_data.csv,cloudbeds
1757696036802,2026-05-01,2026-05-03,2,Diamond,,2051.0,2412.63,2026-04-29,2,1025.5,Direct,Friday,2026-05,fbg_data.csv,cloudbeds
3048614506180,2026-05-02,2026-05-03,1,Buckeye Bungalow,,210.0,406.8,2026-04-29,3,210.0,Direct,Saturday,2026-05,fbg_data.csv,cloudbeds
2798983234414,2026-05-03,2026-05-04,1,Sage Safari,,363.0,410.19,2026-04-29,4,363.0,Direct,Sunday,2026-05,fbg_data.csv,cloudbeds
3003931550272,2026-05-02,2026-05-05,3,Winecup,,885.6,1102.88,2026-04-29,3,295.2,Direct,Saturday,2026-05,fbg_data.csv,cloudbeds
3003931550272,2026-05-02,2026-05-05,3,Great Lodge: King Room,,885.6,1102.88,2026-04-29,3,295.2,Direct,Saturday,2026-05,fbg_data.csv,cloudbeds
8698067767159,2026-05-08,2026-05-10,2,Great Lodge: King Room,,798.0,901.74,2026-04-29,9,399.0,Direct,Friday,2026-05,fbg_data.csv,cloudbeds
6884494694423,2026-05-08,2026-05-10,2,Spiral,,1324.0,1496.12,2026-04-29,9,662.0,Direct,Friday,2026-05,fbg_data.csv,cloudbeds
4855523635732,2026-05-18,2026-05-20,2,Great Lodge: King Room,,606.8,685.68,2026-04-29,19,303.4,Booking.com,Monday,2026-05,fbg_data.csv,cloudbeds
3951917524583,2026-05-25,2026-05-26,1,Post Oak,,238.0,268.94,2026-04-29,26,238.0,Direct,Monday,2026-05,fbg_data.csv,cloudbeds
1217684889646,2026-05-25,2026-05-27,2,Spiral,,542.5,613.03,2026-04-29,26,271.25,Direct,Monday,2026-05,fbg_data.csv,cloudbeds
1880705086414,2026-05-29,2026-05-31,2,Cypress Lodge | Sleeps 2,,1037.46,1172.34,2026-04-29,30,518.73,Booking.com,Friday,2026-05,fbg_data.csv,cloudbeds
4204860171423,2026-06-05,2026-06-07,2,Great Lodge: King Room,,1062.0,1200.06,2026-04-29,37,531.0,Direct,Friday,2026-06,fbg_data.csv,cloudbeds
2978592563689,2026-06-08,2026-06-10,2,Spiral,,520.3,587.94,2026-04-29,40,260.15,Direct,Monday,2026-06,fbg_data.csv,cloudbeds
9124641731654,2026-06-30,2026-07-03,3,Spiral,,894.33,0.0,2026-04-29,62,298.11,Expedia,Tuesday,2026-06,fbg_data.csv,cloudbeds
7711787631723,2026-07-05,2026-07-08,3,Live Oak Lodge,,1302.0,1923.26,2026-04-29,67,434.0,Direct,Sunday,2026-07,fbg_data.csv,cloudbeds
6247846875211,2026-07-17,2026-07-20,3,Monarch,,2452.84,0.0,2026-04-29,79,817.6133333333333,Airbnb,Friday,2026-07,fbg_data.csv,cloudbeds
1797901341110,2026-05-01,2026-05-02,1,Great Lodge: King Room,,308.0,348.04,2026-04-30,1,308.0,Direct,Friday,2026-05,fbg_data.csv,cloudbeds
3279954226711,2026-05-01,2026-05-02,1,Winecup,,1387.0,1819.29,2026-04-30,1,1387.0,Direct,Friday,2026-05,fbg_data.csv,cloudbeds
1592131821339,2026-05-02,2026-05-03,1,Pecan Haus,,464.0,524.32,2026-04-30,2,464.0,Direct,Saturday,2026-05,fbg_data.csv,cloudbeds
5391160420111,2026-05-01,2026-05-03,2,Juniper Haus,,803.0,907.39,2026-04-30,1,401.5,Direct,Friday,2026-05,fbg_data.csv,cloudbeds
3867809990125,2026-05-03,2026-05-04,1,Monarch,,432.0,488.16,2026-04-30,3,432.0,Direct,Sunday,2026-05,fbg_data.csv,cloudbeds
2260576125265,2026-05-08,2026-05-10,2,Great Lodge: King Room,,798.0,1009.09,2026-04-30,8,399.0,Direct,Friday,2026-05,fbg_data.csv,cloudbeds
1870761026154,2026-05-11,2026-05-13,2,Monarch,,732.0,934.51,2026-04-30,11,366.0,Direct,Monday,2026-05,fbg_data.csv,cloudbeds
5558506405228,2026-05-13,2026-05-15,2,Diamond,,765.0,864.45,2026-04-30,13,382.5,Direct,Wednesday,2026-05,fbg_data.csv,cloudbeds
8778315987771,2026-05-14,2026-05-17,3,Quonset,,2280.71,2577.21,2026-04-30,14,760.2366666666667,Direct,Thursday,2026-05,fbg_data.csv,cloudbeds
2948716995624,2026-05-22,2026-05-25,3,Bluebonnet,,2181.7,2465.33,2026-04-30,22,727.2333333333332,Direct,Friday,2026-05,fbg_data.csv,cloudbeds
4113265962403,2026-06-02,2026-06-04,2,Diamond,,684.0,772.92,2026-04-30,33,342.0,Direct,Tuesday,2026-06,fbg_data.csv,cloudbeds
4356271908745,2026-06-01,2026-06-04,3,Monolith,,1191.0,1345.83,2026-04-30,32,397.0,Direct,Monday,2026-06,fbg_data.csv,cloudbeds
2893896605467,2026-06-12,2026-06-14,2,Great Lodge: King Room,,1054.1,0.0,2026-04-30,43,527.05,Expedia,Friday,2026-06,fbg_data.csv,cloudbeds
3003150072579,2026-06-12,2026-06-14,2,Great Lodge: King Room,,974.0,1100.62,2026-04-30,43,487.0,Direct,Friday,2026-06,fbg_data.csv,cloudbeds
5747468677734,2026-06-22,2026-06-25,3,Monolith,,1229.01,1529.91,2026-04-30,53,409.67,Direct,Monday,2026-06,fbg_data.csv,cloudbeds
7262674902928,2026-05-03,2026-05-04,1,Monolith,,502.0,567.26,2026-05-01,2,502.0,Direct,Sunday,2026-05,fbg_data.csv,cloudbeds
4817146910853,2026-05-08,2026-05-09,1,Great Lodge: King Room,,350.9,0.0,2026-05-01,7,350.9,Expedia,Friday,2026-05,fbg_data.csv,cloudbeds
4010688376820,2026-05-10,2026-05-11,1,Lantana Dome,,378.0,534.49,2026-05-01,9,378.0,Direct,Sunday,2026-05,fbg_data.csv,cloudbeds
2019850588916,2026-05-13,2026-05-15,2,Cedar Haus,,407.31,0.0,2026-05-01,12,203.655,Expedia,Wednesday,2026-05,fbg_data.csv,cloudbeds
9761247630190,2026-06-29,2026-07-02,3,Spyglass,,1234.0,1394.42,2026-05-01,59,411.3333333333333,Direct,Monday,2026-06,fbg_data.csv,cloudbeds
6957641857445,2026-11-25,2026-11-29,4,Sage Safari,,2303.0,2602.39,2026-05-02,207,575.75,Direct,Wednesday,2026-11,fbg_data.csv,cloudbeds
1546244410623,2026-05-02,2026-05-03,1,Winecup,,902.0,1231.69,2026-05-02,0,902.0,Direct,Saturday,2026-05,fbg_data.csv,cloudbeds
3806186592118,2026-05-03,2026-05-04,1,Juniper Haus,,244.3,0.0,2026-05-02,1,244.3,Expedia,Sunday,2026-05,fbg_data.csv,cloudbeds
6140830468043,2026-05-06,2026-05-08,2,Cedar Haus,,577.0,652.01,2026-05-02,4,288.5,Direct,Wednesday,2026-05,fbg_data.csv,cloudbeds
5477650033304,2026-05-06,2026-05-13,7,Bluebonnet,,2938.0,3804.71,2026-05-02,4,419.7142857142857,Direct,Wednesday,2026-05,fbg_data.csv,cloudbeds
6357365869552,2026-05-17,2026-05-18,1,Monolith,,501.0,566.13,2026-05-02,15,501.0,Direct,Sunday,2026-05,fbg_data.csv,cloudbeds
1167662563307,2026-06-23,2026-06-25,2,Great Lodge: King Room,,446.1,0.0,2026-05-02,52,223.05,Expedia,Tuesday,2026-06,fbg_data.csv,cloudbeds
7049257109002,2026-07-03,2026-07-05,2,Monolith,,2486.0,2809.18,2026-05-02,62,1243.0,Direct,Friday,2026-07,fbg_data.csv,cloudbeds
3645153533751,2026-05-03,2026-05-05,2,Cypress Lodge | Sleeps 4,,1185.0,1446.4,2026-05-03,0,592.5,Direct,Sunday,2026-05,fbg_data.csv,cloudbeds
1060489435341,2026-05-12,2026-05-14,2,Buckeye Bungalow,,584.0,813.6,2026-05-03,9,292.0,Direct,Tuesday,2026-05,fbg_data.csv,cloudbeds
5933580193231,2026-05-12,2026-05-14,2,Cypress Lodge | Sleeps 4,,411.77,601.16,2026-05-03,9,205.885,Direct,Tuesday,2026-05,fbg_data.csv,cloudbeds
2282140689530,2026-05-22,2026-05-24,2,Monolith,,2822.0,3296.21,2026-05-03,19,1411.0,Direct,Friday,2026-05,fbg_data.csv,cloudbeds
2539102363380,2026-05-24,2026-05-25,1,Monarch,,450.0,508.5,2026-05-03,21,450.0,Direct,Sunday,2026-05,fbg_data.csv,cloudbeds
4224202550270,2026-05-23,2026-05-25,2,Walnut House,,1492.0,1685.96,2026-05-03,20,746.0,Direct,Saturday,2026-05,fbg_data.csv,cloudbeds
1214079634083,2026-05-25,2026-05-27,2,Walnut House,,739.0,835.07,2026-05-03,22,369.5,Direct,Monday,2026-05,fbg_data.csv,cloudbeds
5091562701952,2026-06-08,2026-06-12,4,Monolith,,1785.0,2017.05,2026-05-03,36,446.25,Direct,Monday,2026-06,fbg_data.csv,cloudbeds
1694172891421,2026-07-02,2026-07-05,3,Monolith,,3203.0,3619.39,2026-05-03,60,1067.6666666666667,Direct,Thursday,2026-07,fbg_data.csv,cloudbeds
9966608794716,2026-07-20,2026-07-22,2,Spyglass,,1586.0,1871.28,2026-05-04,77,793.0,Direct,Monday,2026-07,fbg_data.csv,cloudbeds
9966608794716,2026-07-20,2026-07-22,2,Live Oak Lodge,,1586.0,1871.28,2026-05-04,77,793.0,Direct,Monday,2026-07,fbg_data.csv,cloudbeds
3931362571548,2026-05-04,2026-05-05,1,Great Lodge: King Room,,226.0,255.38,2026-05-04,0,226.0,Direct,Monday,2026-05,fbg_data.csv,cloudbeds
2081733541858,2026-05-04,2026-05-07,3,Post Oak,,698.0,788.74,2026-05-04,0,232.66666666666666,Direct,Monday,2026-05,fbg_data.csv,cloudbeds
9930370266775,2026-05-07,2026-05-08,1,Spiral,,318.0,359.34,2026-05-04,3,318.0,Direct,Thursday,2026-05,fbg_data.csv,cloudbeds
3387536440098,2026-05-06,2026-05-09,3,Great Lodge: King Room,,910.0,1028.3,2026-05-04,2,303.3333333333333,Direct,Wednesday,2026-05,fbg_data.csv,cloudbeds
2555395494487,2026-05-08,2026-05-10,2,Great Lodge: King Room,,400.14,497.64,2026-05-04,4,200.07,Direct,Friday,2026-05,fbg_data.csv,cloudbeds
5156124035187,2026-05-10,2026-05-11,1,Diamond,,428.0,483.64,2026-05-04,6,428.0,Direct,Sunday,2026-05,fbg_data.csv,cloudbeds
2509553919305,2026-05-08,2026-05-10,2,Winecup,,992.03,2054.34,2026-05-04,4,496.015,Direct,Friday,2026-05,fbg_data.csv,cloudbeds
1557625826253,2026-05-13,2026-05-15,2,Great Lodge: King Room,,517.0,584.21,2026-05-04,9,258.5,Direct,Wednesday,2026-05,fbg_data.csv,cloudbeds
4544785224526,2026-05-15,2026-05-17,2,Juniper Haus,,1215.0,1372.95,2026-05-04,11,607.5,Direct,Friday,2026-05,fbg_data.csv,cloudbeds
2253572756402,2026-05-24,2026-05-25,1,Cedar Haus,,294.0,332.22,2026-05-04,20,294.0,Direct,Sunday,2026-05,fbg_data.csv,cloudbeds
6751537848176,2026-05-30,2026-06-02,3,Diamond,,1875.0,2118.75,2026-05-04,26,625.0,Direct,Saturday,2026-05,fbg_data.csv,cloudbeds
7315006411848,2026-06-20,2026-06-22,2,Post Oak,,986.0,1114.18,2026-05-04,47,493.0,Direct,Saturday,2026-06,fbg_data.csv,cloudbeds
8356899168397,2026-07-09,2026-07-11,2,Spyglass,,1052.0,1188.76,2026-05-04,66,526.0,Direct,Thursday,2026-07,fbg_data.csv,cloudbeds
2682356477709,2026-10-09,2026-10-11,2,Buckeye Bungalow,,1648.0,1862.24,2026-05-04,158,824.0,Direct,Friday,2026-10,fbg_data.csv,cloudbeds
5020597834939,2026-08-14,2026-08-17,3,Post Oak,,1054.0,1191.02,2026-05-05,101,351.3333333333333,Direct,Friday,2026-08,fbg_data.csv,cloudbeds
4641539888891,2026-05-06,2026-05-07,1,Monolith,,457.0,516.41,2026-05-05,1,457.0,Direct,Wednesday,2026-05,fbg_data.csv,cloudbeds
7296815215719,2026-05-06,2026-05-07,1,Great Lodge: King Room,,235.0,265.55,2026-05-05,1,235.0,Direct,Wednesday,2026-05,fbg_data.csv,cloudbeds
6916722489421,2026-05-08,2026-05-10,2,Diamond,,1500.0,1907.43,2026-05-05,3,750.0,Direct,Friday,2026-05,fbg_data.csv,cloudbeds
6357470940899,2026-05-09,2026-05-10,1,Great Lodge: King Room,,392.0,442.96,2026-05-05,4,392.0,Direct,Saturday,2026-05,fbg_data.csv,cloudbeds
1487218394758,2026-05-08,2026-05-10,2,Buckeye Bungalow,,1032.0,1273.51,2026-05-05,3,516.0,Direct,Friday,2026-05,fbg_data.csv,cloudbeds
6672448257759,2026-05-09,2026-05-10,1,Great Lodge: King Room,,357.05,403.46,2026-05-05,4,357.05,Direct,Saturday,2026-05,fbg_data.csv,cloudbeds
1241039280171,2026-05-08,2026-05-10,2,Spyglass,,1220.0,1485.95,2026-05-05,3,610.0,Direct,Friday,2026-05,fbg_data.csv,cloudbeds
1860736580174,2026-05-19,2026-05-20,1,Quonset,,263.65,297.93,2026-05-05,14,263.65,Direct,Tuesday,2026-05,fbg_data.csv,cloudbeds
1986741605696,2026-05-20,2026-05-21,1,Lantana Dome,,314.0,462.17,2026-05-05,15,314.0,Direct,Wednesday,2026-05,fbg_data.csv,cloudbeds
2149317886945,2026-05-23,2026-05-25,2,Spiral,,1223.0,1381.99,2026-05-05,18,611.5,Direct,Saturday,2026-05,fbg_data.csv,cloudbeds
8811877958355,2026-05-27,2026-05-28,1,Bluebonnet,,429.06,484.83,2026-05-05,22,429.06,Booking.com,Wednesday,2026-05,fbg_data.csv,cloudbeds
9779166327258,2026-06-13,2026-06-17,4,Diamond,,2224.0,2620.47,2026-05-05,39,556.0,Direct,Saturday,2026-06,fbg_data.csv,cloudbeds
1969993839170,2026-06-20,2026-06-23,3,Monarch,,1940.4,2300.01,2026-05-05,46,646.8000000000001,Direct,Saturday,2026-06,fbg_data.csv,cloudbeds
6250402913254,2026-12-11,2026-12-13,2,Buckeye Bungalow,,1170.0,1462.22,2026-05-05,220,585.0,Direct,Friday,2026-12,fbg_data.csv,cloudbeds
3520873625429,2026-05-06,2026-05-07,1,Great Lodge: King Room,,245.0,276.85,2026-05-06,0,245.0,Direct,Wednesday,2026-05,fbg_data.csv,cloudbeds
9719382923904,2026-05-06,2026-05-07,1,Great Lodge: King Room,,245.0,276.85,2026-05-06,0,245.0,Direct,Wednesday,2026-05,fbg_data.csv,cloudbeds
5312987386374,2026-05-09,2026-05-10,1,Juniper Haus,,457.8,0.0,2026-05-06,3,457.8,Airbnb,Saturday,2026-05,fbg_data.csv,cloudbeds
9038127472357,2026-05-10,2026-05-11,1,Monolith,,448.89,0.0,2026-05-06,4,448.89,Expedia,Sunday,2026-05,fbg_data.csv,cloudbeds
8231832011300,2026-05-10,2026-05-11,1,Great Lodge: King Room,,220.05,0.0,2026-05-06,4,220.05,Expedia,Sunday,2026-05,fbg_data.csv,cloudbeds
5807420189010,2026-05-13,2026-05-15,2,Bluebonnet,,909.0,1027.17,2026-05-06,7,454.5,Direct,Wednesday,2026-05,fbg_data.csv,cloudbeds
1127332476515,2026-05-18,2026-05-19,1,Winecup,,485.0,0.0,2026-05-06,12,485.0,Airbnb,Monday,2026-05,fbg_data.csv,cloudbeds
9451267502774,2026-07-26,2026-07-28,2,Sage Safari,,1183.0,1336.79,2026-05-06,81,591.5,Direct,Sunday,2026-07,fbg_data.csv,cloudbeds
3339266424467,2026-05-26,2026-05-29,3,Monolith,,1470.0,1661.1,2026-05-06,20,490.0,Direct,Tuesday,2026-05,fbg_data.csv,cloudbeds
1274160757066,2026-08-14,2026-08-16,2,Spyglass,,1170.0,1322.1,2026-05-06,100,585.0,Direct,Friday,2026-08,fbg_data.csv,cloudbeds
7211989859918,2026-07-06,2026-07-10,4,Diamond,,1619.0,1829.47,2026-05-06,61,404.75,Direct,Monday,2026-07,fbg_data.csv,cloudbeds
6074890064827,2026-11-15,2026-11-19,4,Live Oak Lodge,,1906.0,2153.78,2026-05-07,192,476.5,Direct,Sunday,2026-11,fbg_data.csv,cloudbeds
2638122584058,2026-05-07,2026-05-10,3,Pecan Haus,,1071.0,1210.23,2026-05-07,0,357.0,Direct,Thursday,2026-05,fbg_data.csv,cloudbeds
6385150991868,2026-05-11,2026-05-12,1,Sage Safari,,282.0,318.66,2026-05-07,4,282.0,Direct,Monday,2026-05,fbg_data.csv,cloudbeds
3815001652898,2026-05-10,2026-05-13,3,Winecup,,957.0,1081.41,2026-05-07,3,319.0,Direct,Sunday,2026-05,fbg_data.csv,cloudbeds
6326089845808,2026-05-16,2026-05-17,1,Monarch,,1160.0,1310.8,2026-05-07,9,1160.0,Direct,Saturday,2026-05,fbg_data.csv,cloudbeds
2702493177219,2026-05-19,2026-05-21,2,Great Lodge: King Room,,454.0,513.02,2026-05-07,12,227.0,Direct,Tuesday,2026-05,fbg_data.csv,cloudbeds
8280679822592,2026-05-27,2026-05-28,1,Live Oak Lodge,,451.0,509.63,2026-05-07,20,451.0,Direct,Wednesday,2026-05,fbg_data.csv,cloudbeds
6973433644829,2026-05-31,2026-06-02,2,Monolith,,758.12,0.0,2026-05-07,24,379.06,Expedia,Sunday,2026-05,fbg_data.csv,cloudbeds
1330572999159,2026-06-04,2026-06-06,2,Pecan Haus,,838.0,946.94,2026-05-07,28,419.0,Direct,Thursday,2026-06,fbg_data.csv,cloudbeds
7742712891129,2026-06-14,2026-06-15,1,Juniper Haus,,376.0,424.88,2026-05-07,38,376.0,Direct,Sunday,2026-06,fbg_data.csv,cloudbeds
3623577542802,2026-07-31,2026-08-02,2,Monolith,,1782.05,2279.52,2026-05-08,84,891.025,Direct,Friday,2026-07,fbg_data.csv,cloudbeds
3571404302130,2026-07-25,2026-07-28,3,Diamond,,1551.0,1965.06,2026-05-08,78,517.0,Direct,Saturday,2026-07,fbg_data.csv,cloudbeds
9286116031427,2026-05-09,2026-05-10,1,Monolith,,697.4,788.06,2026-05-08,1,697.4,Direct,Saturday,2026-05,fbg_data.csv,cloudbeds
8345906954476,2026-05-08,2026-05-10,2,Cocoon,,876.0,989.88,2026-05-08,0,438.0,Direct,Friday,2026-05,fbg_data.csv,cloudbeds
6694193452921,2026-05-09,2026-05-10,1,Walnut House,,501.34,0.0,2026-05-08,1,501.34,Expedia,Saturday,2026-05,fbg_data.csv,cloudbeds
9572000600000,2026-05-08,2026-05-10,2,Diamond,,1095.0,1344.7,2026-05-08,0,547.5,Direct,Friday,2026-05,fbg_data.csv,cloudbeds
1601334947022,2026-05-09,2026-05-10,1,Live Oak Lodge,,582.05,0.0,2026-05-08,1,582.05,Expedia,Saturday,2026-05,fbg_data.csv,cloudbeds
7280719384445,2026-05-10,2026-05-11,1,Great Lodge: King Room,,183.71,0.0,2026-05-08,2,183.71,Expedia,Sunday,2026-05,fbg_data.csv,cloudbeds
7752564541461,2026-05-08,2026-05-11,3,Monolith,,2137.0,2414.81,2026-05-08,0,712.3333333333334,Direct,Friday,2026-05,fbg_data.csv,cloudbeds
9405680638600,2026-05-25,2026-05-27,2,Winecup,,674.57,0.0,2026-05-08,17,337.285,Expedia,Monday,2026-05,fbg_data.csv,cloudbeds
9184048568936,2026-05-25,2026-05-28,3,Cocoon,,1050.0,1186.5,2026-05-08,17,350.0,Direct,Monday,2026-05,fbg_data.csv,cloudbeds
6049360572782,2026-05-31,2026-06-01,1,Spyglass,,402.0,454.26,2026-05-08,23,402.0,Direct,Sunday,2026-05,fbg_data.csv,cloudbeds
2362864649807,2026-06-02,2026-06-04,2,Lantana Dome,,638.0,720.94,2026-05-08,25,319.0,Direct,Tuesday,2026-06,fbg_data.csv,cloudbeds
7979919891480,2026-06-04,2026-06-08,4,Great Lodge: King Room,,1646.0,1859.98,2026-05-08,27,411.5,Direct,Thursday,2026-06,fbg_data.csv,cloudbeds
6981877873520,2026-06-15,2026-06-17,2,Monolith,,788.0,997.79,2026-05-08,38,394.0,Direct,Monday,2026-06,fbg_data.csv,cloudbeds
4392408007896,2026-06-16,2026-06-18,2,Juniper Haus,,504.0,569.52,2026-05-08,39,252.0,Direct,Tuesday,2026-06,fbg_data.csv,cloudbeds
6036871469561,2026-06-26,2026-06-28,2,Monolith,,1960.0,2214.8,2026-05-08,49,980.0,Direct,Friday,2026-06,fbg_data.csv,cloudbeds
2119144536333,2026-07-12,2026-07-15,3,Post Oak,,762.0,1073.49,2026-05-08,65,254.0,Direct,Sunday,2026-07,fbg_data.csv,cloudbeds
8313730140763,2026-10-30,2026-11-01,2,Post Oak,,942.0,1171.81,2026-05-09,174,471.0,Direct,Friday,2026-10,fbg_data.csv,cloudbeds
3938807111724,2026-05-11,2026-05-12,1,Spiral,,306.0,345.78,2026-05-09,2,306.0,Direct,Monday,2026-05,fbg_data.csv,cloudbeds
8166409663135,2026-05-14,2026-05-15,1,Juniper Haus,,200.91,0.0,2026-05-09,5,200.91,Expedia,Thursday,2026-05,fbg_data.csv,cloudbeds
4013559485132,2026-05-15,2026-05-19,4,Cocoon,,2893.0,3269.09,2026-05-09,6,723.25,Direct,Friday,2026-05,fbg_data.csv,cloudbeds
7368858653677,2026-06-10,2026-06-11,1,Spiral,,317.0,358.21,2026-05-09,32,317.0,Direct,Wednesday,2026-06,fbg_data.csv,cloudbeds
4150001237853,2026-06-12,2026-06-14,2,Cypress Lodge | Sleeps 2,,1086.36,0.0,2026-05-09,34,543.18,Expedia,Friday,2026-06,fbg_data.csv,cloudbeds
3777079429747,2026-06-20,2026-06-22,2,Lantana Dome,,998.25,1678.31,2026-05-09,42,499.125,Direct,Saturday,2026-06,fbg_data.csv,cloudbeds
4818503676678,2026-07-09,2026-07-12,3,Spiral,,1452.0,1640.76,2026-05-09,61,484.0,Direct,Thursday,2026-07,fbg_data.csv,cloudbeds
1473851119276,2026-10-29,2026-11-01,3,Cypress Lodge | Sleeps 2,,1507.0,1702.91,2026-05-10,172,502.3333333333333,Direct,Thursday,2026-10,fbg_data.csv,cloudbeds
4806567257799,2026-05-10,2026-05-11,1,Great Lodge: King Room,,250.27,0.0,2026-05-10,0,250.27,Expedia,Sunday,2026-05,fbg_data.csv,cloudbeds
6790244836318,2026-05-14,2026-05-15,1,Winecup,,244.65,0.0,2026-05-10,4,244.65,Expedia,Thursday,2026-05,fbg_data.csv,cloudbeds
2368773250051,2026-05-17,2026-05-18,1,Post Oak,,279.0,315.27,2026-05-10,7,279.0,Direct,Sunday,2026-05,fbg_data.csv,cloudbeds
4620003338380,2026-05-23,2026-05-24,1,Cocoon,,2208.0,2534.59,2026-05-10,13,2208.0,Direct,Saturday,2026-05,fbg_data.csv,cloudbeds
4620003338380,2026-05-23,2026-05-24,1,Spyglass,,2208.0,2534.59,2026-05-10,13,2208.0,Direct,Saturday,2026-05,fbg_data.csv,cloudbeds
9814770630901,2026-05-21,2026-05-25,4,Quonset,,2647.4,3306.38,2026-05-10,11,661.85,Direct,Thursday,2026-05,fbg_data.csv,cloudbeds
1420532481810,2026-05-25,2026-05-27,2,Diamond,,792.0,1002.31,2026-05-10,15,396.0,Direct,Monday,2026-05,fbg_data.csv,cloudbeds
2119918395297,2026-05-28,2026-05-30,2,Walnut House,,998.83,0.0,2026-05-10,18,499.415,Expedia,Thursday,2026-05,fbg_data.csv,cloudbeds
9288488595666,2026-05-31,2026-06-01,1,Great Lodge: King Room,,292.0,329.96,2026-05-10,21,292.0,Direct,Sunday,2026-05,fbg_data.csv,cloudbeds
5930096349302,2026-05-31,2026-06-02,2,Spiral,,565.0,638.45,2026-05-10,21,282.5,Direct,Sunday,2026-05,fbg_data.csv,cloudbeds
5826046245920,2026-06-17,2026-06-18,1,Monarch,,330.0,372.9,2026-05-10,38,330.0,Direct,Wednesday,2026-06,fbg_data.csv,cloudbeds
3120593687485,2026-06-17,2026-06-19,2,Winecup,,738.0,833.94,2026-05-10,38,369.0,Direct,Wednesday,2026-06,fbg_data.csv,cloudbeds
5266452583811,2026-12-13,2026-12-15,2,Sage Safari,,553.35,0.0,2026-05-11,216,276.675,Expedia,Sunday,2026-12,fbg_data.csv,cloudbeds
5855978109681,2026-07-20,2026-07-22,2,Monolith,,764.0,863.32,2026-05-11,70,382.0,Direct,Monday,2026-07,fbg_data.csv,cloudbeds
4936652728065,2026-05-11,2026-05-12,1,Quonset,,302.0,341.26,2026-05-11,0,302.0,Direct,Monday,2026-05,fbg_data.csv,cloudbeds
7861601549870,2026-05-12,2026-05-13,1,Quonset,,301.0,340.13,2026-05-11,1,301.0,Direct,Tuesday,2026-05,fbg_data.csv,cloudbeds
1880321083405,2026-05-11,2026-05-13,2,Juniper Haus,,443.7,514.15,2026-05-11,0,221.85,Direct,Monday,2026-05,fbg_data.csv,cloudbeds
2670174050018,2026-05-12,2026-05-14,2,Cypress Lodge | Sleeps 2,,423.7,0.0,2026-05-11,1,211.85,Expedia,Tuesday,2026-05,fbg_data.csv,cloudbeds
4588276820858,2026-05-14,2026-05-16,2,Great Lodge: King Room,,853.0,944.52,2026-05-11,3,426.5,Direct,Thursday,2026-05,fbg_data.csv,cloudbeds
8164877439976,2026-05-16,2026-05-18,2,Sage Safari,,941.0,1063.33,2026-05-11,5,470.5,Direct,Saturday,2026-05,fbg_data.csv,cloudbeds
9560915637220,2026-05-22,2026-05-23,1,Post Oak,,423.0,477.99,2026-05-11,11,423.0,Direct,Friday,2026-05,fbg_data.csv,cloudbeds
7602099744953,2026-05-24,2026-05-25,1,Cocoon,,549.0,620.37,2026-05-11,13,549.0,Direct,Sunday,2026-05,fbg_data.csv,cloudbeds
7282580703735,2026-05-26,2026-05-28,2,Diamond,,798.0,1009.09,2026-05-11,15,399.0,Direct,Tuesday,2026-05,fbg_data.csv,cloudbeds
5796928974536,2026-06-04,2026-06-06,2,Juniper Haus,,780.1,881.52,2026-05-11,24,390.05,Direct,Thursday,2026-06,fbg_data.csv,cloudbeds
3350501401866,2026-06-04,2026-06-06,2,Cocoon,,1187.8,1342.22,2026-05-11,24,593.9,Direct,Thursday,2026-06,fbg_data.csv,cloudbeds
7517622463212,2026-06-07,2026-06-09,2,Diamond,,328.0,300.64,2026-05-11,27,164.0,Direct,Sunday,2026-06,fbg_data.csv,cloudbeds
2394536633118,2026-06-11,2026-06-14,3,Walnut House,,2467.0,2787.71,2026-05-11,31,822.3333333333334,Direct,Thursday,2026-06,fbg_data.csv,cloudbeds
5631998182445,2026-06-28,2026-07-02,4,Quonset,,1155.0,1305.15,2026-05-11,48,288.75,Direct,Sunday,2026-06,fbg_data.csv,cloudbeds
5631998182445,2026-06-28,2026-07-02,4,Cypress Lodge | Sleeps 2,,1155.0,1305.15,2026-05-11,48,288.75,Direct,Sunday,2026-06,fbg_data.csv,cloudbeds
1325633999568,2026-07-19,2026-07-22,3,Walnut House,,984.0,1324.35,2026-05-12,68,328.0,Direct,Sunday,2026-07,fbg_data.csv,cloudbeds
5753823281289,2026-07-21,2026-07-24,3,Post Oak,,765.0,864.45,2026-05-12,70,255.0,Direct,Tuesday,2026-07,fbg_data.csv,cloudbeds
3267744416902,2026-07-20,2026-07-23,3,Sage Safari,,663.9,750.21,2026-05-12,69,221.29999999999998,Direct,Monday,2026-07,fbg_data.csv,cloudbeds
9051029803838,2026-10-18,2026-10-21,3,Monolith,,2030.1,2401.36,2026-05-12,159,676.6999999999999,Direct,Sunday,2026-10,fbg_data.csv,cloudbeds
9330994805167,2026-05-12,2026-05-13,1,Post Oak,,173.59,0.0,2026-05-12,0,173.59,Expedia,Tuesday,2026-05,fbg_data.csv,cloudbeds
7071550772769,2026-05-13,2026-05-14,1,Great Lodge: King Room,,204.0,230.52,2026-05-12,1,204.0,Direct,Wednesday,2026-05,fbg_data.csv,cloudbeds
7901694694376,2026-05-13,2026-05-15,2,Great Lodge: King Room,,492.0,555.96,2026-05-12,1,246.0,Direct,Wednesday,2026-05,fbg_data.csv,cloudbeds
6325651681298,2026-05-13,2026-05-15,2,Lantana Dome,,661.0,746.93,2026-05-12,1,330.5,Direct,Wednesday,2026-05,fbg_data.csv,cloudbeds
7375383730372,2026-05-14,2026-05-15,1,Monolith,,440.0,497.2,2026-05-12,2,440.0,Direct,Thursday,2026-05,fbg_data.csv,cloudbeds
8430973562299,2026-05-15,2026-05-17,2,Great Lodge: King Room,,923.0,1042.99,2026-05-12,3,461.5,Direct,Friday,2026-05,fbg_data.csv,cloudbeds
9686537163695,2026-05-21,2026-05-22,1,Diamond,,452.0,510.76,2026-05-12,9,452.0,Direct,Thursday,2026-05,fbg_data.csv,cloudbeds
5960886435031,2026-05-23,2026-05-25,2,Winecup,,1075.0,1322.1,2026-05-12,11,537.5,Direct,Saturday,2026-05,fbg_data.csv,cloudbeds
1341417036562,2026-05-24,2026-05-25,1,Live Oak Lodge,,624.0,705.12,2026-05-12,12,624.0,Direct,Sunday,2026-05,fbg_data.csv,cloudbeds
4976241514054,2026-05-22,2026-05-25,3,Great Lodge: King Room,,1173.0,1777.49,2026-05-12,10,391.0,Direct,Friday,2026-05,fbg_data.csv,cloudbeds
5330698600182,2026-06-02,2026-06-04,2,Live Oak Lodge,,692.0,781.96,2026-05-12,21,346.0,Direct,Tuesday,2026-06,fbg_data.csv,cloudbeds
3398959368861,2026-06-03,2026-06-05,2,Sage Safari,,578.27,0.0,2026-05-12,22,289.135,Expedia,Wednesday,2026-06,fbg_data.csv,cloudbeds
8931308852483,2026-06-05,2026-06-07,2,Diamond,,1842.0,2293.89,2026-05-12,24,921.0,Direct,Friday,2026-06,fbg_data.csv,cloudbeds
9833441939047,2026-06-07,2026-06-09,2,Walnut House,,710.0,802.3,2026-05-12,26,355.0,Direct,Sunday,2026-06,fbg_data.csv,cloudbeds
5051454919125,2026-06-19,2026-06-21,2,Spiral,,1386.0,1566.18,2026-05-12,38,693.0,Direct,Friday,2026-06,fbg_data.csv,cloudbeds
3727504948930,2026-06-25,2026-06-28,3,Cypress Lodge | Sleeps 6,,3101.33,3504.49,2026-05-12,44,1033.7766666666666,Direct,Thursday,2026-06,fbg_data.csv,cloudbeds
4127101536502,2026-07-23,2026-07-26,3,Spyglass,,2636.15,2978.87,2026-05-13,71,878.7166666666667,Direct,Thursday,2026-07,fbg_data.csv,cloudbeds
1009455856992,2026-07-16,2026-07-19,3,Post Oak,,1098.0,1240.74,2026-05-13,64,366.0,Direct,Thursday,2026-07,fbg_data.csv,cloudbeds
4028873291192,2026-05-13,2026-05-14,1,Quonset,,680.38,808.38,2026-05-13,0,680.38,Booking.com,Wednesday,2026-05,fbg_data.csv,cloudbeds
4028873291192,2026-05-13,2026-05-14,1,Winecup,,680.38,808.38,2026-05-13,0,680.38,Booking.com,Wednesday,2026-05,fbg_data.csv,cloudbeds
4002311758274,2026-05-13,2026-05-14,1,Cocoon,,203.0,229.39,2026-05-13,0,203.0,Direct,Wednesday,2026-05,fbg_data.csv,cloudbeds
5670844260861,2026-05-13,2026-05-14,1,Great Lodge: King Room,,165.37,0.0,2026-05-13,0,165.37,Expedia,Wednesday,2026-05,fbg_data.csv,cloudbeds
5831735755026,2026-05-14,2026-05-16,2,Great Lodge: King Room,,696.0,786.48,2026-05-13,1,348.0,Direct,Thursday,2026-05,fbg_data.csv,cloudbeds
6065564564249,2026-05-22,2026-05-24,2,Cypress Lodge | Sleeps 4,,1976.0,2232.88,2026-05-13,9,988.0,Direct,Friday,2026-05,fbg_data.csv,cloudbeds
3490001763077,2026-05-24,2026-05-25,1,Sage Safari,,499.0,0.0,2026-05-13,11,499.0,Airbnb,Sunday,2026-05,fbg_data.csv,cloudbeds
5407332920186,2026-05-31,2026-06-01,1,Sage Safari,,319.0,360.47,2026-05-13,18,319.0,Direct,Sunday,2026-05,fbg_data.csv,cloudbeds
6644363693024,2026-06-08,2026-06-11,3,Diamond,,966.0,1091.58,2026-05-13,26,322.0,Direct,Monday,2026-06,fbg_data.csv,cloudbeds
8596032247983,2026-06-11,2026-06-13,2,Great Lodge: King Room,,785.0,887.05,2026-05-13,29,392.5,Direct,Thursday,2026-06,fbg_data.csv,cloudbeds
1416717534195,2026-06-17,2026-06-18,1,Walnut House,,243.04,354.82,2026-05-13,35,243.04,Direct,Wednesday,2026-06,fbg_data.csv,cloudbeds
4095484443311,2026-06-20,2026-06-21,1,Monolith,,1797.0,4140.32,2026-05-13,38,1797.0,Direct,Saturday,2026-06,fbg_data.csv,cloudbeds
5594417909829,2026-07-02,2026-07-05,3,Great Lodge,,12566.52,0.0,2026-05-13,50,4188.84,Airbnb,Thursday,2026-07,fbg_data.csv,cloudbeds
5310761505963,2026-08-21,2026-08-23,2,Live Oak Lodge,,2011.2,2272.66,2026-05-14,99,1005.6,Direct,Friday,2026-08,fbg_data.csv,cloudbeds
1383069657957,2026-05-15,2026-05-16,1,Great Lodge: King Room,,428.0,483.64,2026-05-14,1,428.0,Direct,Friday,2026-05,fbg_data.csv,cloudbeds
6983768770407,2026-05-15,2026-05-16,1,Sage Safari,,499.0,563.87,2026-05-14,1,499.0,Direct,Friday,2026-05,fbg_data.csv,cloudbeds
4904607769782,2026-05-15,2026-05-17,2,Great Lodge: King Room,,960.0,1084.8,2026-05-14,1,480.0,Direct,Friday,2026-05,fbg_data.csv,cloudbeds
9258917915626,2026-05-16,2026-05-17,1,Cypress Lodge | Sleeps 4,,758.0,856.54,2026-05-14,2,758.0,Direct,Saturday,2026-05,fbg_data.csv,cloudbeds
2924074719101,2026-05-16,2026-05-18,2,Great Lodge: King Room,,784.74,0.0,2026-05-14,2,392.37,Expedia,Saturday,2026-05,fbg_data.csv,cloudbeds
4603623626722,2026-05-17,2026-05-19,2,Monolith,,756.0,854.28,2026-05-14,3,378.0,Direct,Sunday,2026-05,fbg_data.csv,cloudbeds
5189331731095,2026-05-25,2026-05-27,2,Great Lodge: King Room,,398.18,0.0,2026-05-14,11,199.09,Expedia,Monday,2026-05,fbg_data.csv,cloudbeds
3036275974422,2026-05-25,2026-05-27,2,Cypress Lodge | Sleeps 2,,585.0,661.05,2026-05-14,11,292.5,Direct,Monday,2026-05,fbg_data.csv,cloudbeds
3922208650856,2026-05-31,2026-06-01,1,Great Lodge: King Room,,298.0,336.74,2026-05-14,17,298.0,Direct,Sunday,2026-05,fbg_data.csv,cloudbeds
7037661601451,2026-06-03,2026-06-07,4,Diamond,,2773.0,3133.49,2026-05-14,20,693.25,Direct,Wednesday,2026-06,fbg_data.csv,cloudbeds
9593337281570,2026-06-06,2026-06-09,3,Spyglass,,1950.0,2203.5,2026-05-14,23,650.0,Direct,Saturday,2026-06,fbg_data.csv,cloudbeds
3402302859132,2026-06-08,2026-06-10,2,Cocoon,,660.0,745.8,2026-05-14,25,330.0,Direct,Monday,2026-06,fbg_data.csv,cloudbeds
4034636189115,2026-06-10,2026-06-13,3,Diamond,,1858.0,2099.54,2026-05-14,27,619.3333333333334,Direct,Wednesday,2026-06,fbg_data.csv,cloudbeds
5658018333012,2026-06-11,2026-06-14,3,Great Lodge: King Room,,1196.52,0.0,2026-05-14,28,398.84,Expedia,Thursday,2026-06,fbg_data.csv,cloudbeds
6941749752668,2026-06-22,2026-06-26,4,Great Lodge: King Room,,1031.0,1165.03,2026-05-14,39,257.75,Direct,Monday,2026-06,fbg_data.csv,cloudbeds
3541741472184,2026-07-14,2026-07-16,2,Spyglass,,648.0,732.24,2026-05-14,61,324.0,Direct,Tuesday,2026-07,fbg_data.csv,cloudbeds
8117372671227,2026-07-31,2026-08-02,2,Live Oak Lodge,,1882.0,2339.09,2026-05-15,77,941.0,Direct,Friday,2026-07,fbg_data.csv,cloudbeds
2111127155559,2026-05-15,2026-05-16,1,Great Lodge: King Room,,406.0,458.78,2026-05-15,0,406.0,Direct,Friday,2026-05,fbg_data.csv,cloudbeds
4620817744018,2026-05-15,2026-05-17,2,Winecup,,1583.0,0.0,2026-05-15,0,791.5,Airbnb,Friday,2026-05,fbg_data.csv,cloudbeds
4678037265884,2026-05-16,2026-05-17,1,Buckeye Bungalow,,732.48,0.0,2026-05-15,1,732.48,Expedia,Saturday,2026-05,fbg_data.csv,cloudbeds
8030255566713,2026-05-16,2026-05-17,1,Bluebonnet,,462.0,522.06,2026-05-15,1,462.0,Direct,Saturday,2026-05,fbg_data.csv,cloudbeds
7287441563276,2026-05-16,2026-05-17,1,Great Lodge: King Room,,477.43,0.0,2026-05-15,1,477.43,Expedia,Saturday,2026-05,fbg_data.csv,cloudbeds
2031082201132,2026-05-17,2026-05-21,4,Great Lodge: King Room,,1192.86,1347.93,2026-05-15,2,298.215,Booking.com,Sunday,2026-05,fbg_data.csv,cloudbeds
6508877726258,2026-05-25,2026-05-27,2,Great Lodge: King Room,,389.29,0.0,2026-05-15,10,194.645,Expedia,Monday,2026-05,fbg_data.csv,cloudbeds
6472206223544,2026-06-23,2026-06-25,2,Diamond,,666.0,752.58,2026-05-15,39,333.0,Direct,Tuesday,2026-06,fbg_data.csv,cloudbeds
4396681403142,2026-06-26,2026-06-28,2,Great Lodge: King Room,,786.0,888.18,2026-05-15,42,393.0,Direct,Friday,2026-06,fbg_data.csv,cloudbeds
2326205835758,2026-06-27,2026-06-29,2,Great Lodge: King Room,,696.0,786.48,2026-05-15,43,348.0,Direct,Saturday,2026-06,fbg_data.csv,cloudbeds
3484259676816,2026-07-23,2026-07-26,3,Buckeye Bungalow,,1652.0,1866.76,2026-05-15,69,550.6666666666666,Direct,Thursday,2026-07,fbg_data.csv,cloudbeds
3917324669532,2026-09-14,2026-09-17,3,Live Oak Lodge,,1278.0,1709.95,2026-05-16,121,426.0,Direct,Monday,2026-09,fbg_data.csv,cloudbeds
6573641546566,2026-09-11,2026-09-14,3,Juniper Haus,,1268.8,1433.75,2026-05-16,118,422.93333333333334,Direct,Friday,2026-09,fbg_data.csv,cloudbeds
8097957054762,2026-07-17,2026-07-19,2,Cypress Lodge | Sleeps 2,,960.0,1084.8,2026-05-16,62,480.0,Direct,Friday,2026-07,fbg_data.csv,cloudbeds
8770480353665,2026-05-22,2026-05-23,1,Cypress Lodge | Sleeps 2,,164.0,150.32,2026-05-16,6,164.0,Direct,Friday,2026-05,fbg_data.csv,cloudbeds
1175144302878,2026-05-22,2026-05-24,2,Great Lodge: King Room,,1206.0,0.0,2026-05-16,6,603.0,Airbnb,Friday,2026-05,fbg_data.csv,cloudbeds
7612548387299,2026-05-23,2026-05-25,2,Great Lodge: King Room,,1059.0,1196.67,2026-05-16,7,529.5,Direct,Saturday,2026-05,fbg_data.csv,cloudbeds
4611586758407,2026-05-23,2026-05-25,2,Great Lodge: King Room,,1112.0,1256.56,2026-05-16,7,556.0,Direct,Saturday,2026-05,fbg_data.csv,cloudbeds
4954528656747,2026-05-23,2026-05-25,2,Great Lodge: King Room,,1112.0,1256.56,2026-05-16,7,556.0,Direct,Saturday,2026-05,fbg_data.csv,cloudbeds
6493585688180,2026-05-31,2026-06-01,1,Pecan Haus,,535.0,644.1,2026-05-16,15,535.0,Direct,Sunday,2026-05,fbg_data.csv,cloudbeds
6493585688180,2026-05-31,2026-06-01,1,Cedar Haus,,535.0,644.1,2026-05-16,15,535.0,Direct,Sunday,2026-05,fbg_data.csv,cloudbeds
7497516196542,2026-06-03,2026-06-04,1,Spiral,,225.63,0.0,2026-05-16,18,225.63,Expedia,Wednesday,2026-06,fbg_data.csv,cloudbeds
7521318840837,2026-06-08,2026-06-10,2,Diamond,,636.0,718.68,2026-05-16,23,318.0,Direct,Monday,2026-06,fbg_data.csv,cloudbeds
6826317770858,2026-07-02,2026-07-05,3,Live Oak Lodge,,3038.0,3432.94,2026-05-16,47,1012.6666666666666,Direct,Thursday,2026-07,fbg_data.csv,cloudbeds
5905908296752,2026-07-14,2026-07-16,2,Sage Safari,,566.0,852.01,2026-05-16,59,283.0,Direct,Tuesday,2026-07,fbg_data.csv,cloudbeds
6531139853090,2026-07-30,2026-08-02,3,Monarch,,2315.3,2616.29,2026-05-17,74,771.7666666666668,Direct,Thursday,2026-07,fbg_data.csv,cloudbeds
6887445645321,2026-05-17,2026-05-18,1,Great Lodge: King Room,,330.0,480.25,2026-05-17,0,330.0,Direct,Sunday,2026-05,fbg_data.csv,cloudbeds
8863728218511,2026-05-22,2026-05-23,1,Cocoon,,660.0,745.8,2026-05-17,5,660.0,Direct,Friday,2026-05,fbg_data.csv,cloudbeds
6673708450449,2026-05-21,2026-05-24,3,Monolith,,3022.0,3414.86,2026-05-17,4,1007.3333333333334,Direct,Thursday,2026-05,fbg_data.csv,cloudbeds
6933882661898,2026-05-26,2026-05-27,1,Juniper Haus,,235.0,265.55,2026-05-17,9,235.0,Direct,Tuesday,2026-05,fbg_data.csv,cloudbeds
8880390154207,2026-05-26,2026-05-28,2,Winecup,,638.0,828.29,2026-05-17,9,319.0,Direct,Tuesday,2026-05,fbg_data.csv,cloudbeds
5983426430288,2026-05-28,2026-05-29,1,Cedar Haus,,235.0,265.55,2026-05-17,11,235.0,Direct,Thursday,2026-05,fbg_data.csv,cloudbeds
2773725170271,2026-06-03,2026-06-05,2,Bluebonnet,,711.0,803.43,2026-05-17,17,355.5,Direct,Wednesday,2026-06,fbg_data.csv,cloudbeds
7748443065630,2026-06-10,2026-06-13,3,Great Lodge: King Room,,989.0,1117.57,2026-05-17,24,329.6666666666667,Direct,Wednesday,2026-06,fbg_data.csv,cloudbeds
8157878580461,2026-06-22,2026-06-24,2,Diamond,,720.0,920.95,2026-05-17,36,360.0,Direct,Monday,2026-06,fbg_data.csv,cloudbeds
2342735519934,2026-06-24,2026-06-25,1,Sage Safari,,374.0,0.0,2026-05-17,38,374.0,Airbnb,Wednesday,2026-06,fbg_data.csv,cloudbeds
1342324507733,2026-06-28,2026-06-30,2,Monolith,,827.0,1041.86,2026-05-17,42,413.5,Direct,Sunday,2026-06,fbg_data.csv,cloudbeds
8541670064962,2026-06-29,2026-07-01,2,Diamond,,693.0,783.09,2026-05-17,43,346.5,Direct,Monday,2026-06,fbg_data.csv,cloudbeds
8089466673449,2026-08-07,2026-08-09,2,Buckeye Bungalow,,946.0,1068.98,2026-05-17,82,473.0,Direct,Friday,2026-08,fbg_data.csv,cloudbeds
8354591034404,2026-08-10,2026-08-12,2,Diamond,,1038.4,1173.38,2026-05-17,85,519.2,Direct,Monday,2026-08,fbg_data.csv,cloudbeds
3563301196391,2026-07-22,2026-07-24,2,Monarch,,753.1,851.01,2026-05-18,65,376.55,Direct,Wednesday,2026-07,fbg_data.csv,cloudbeds
1341852107751,2026-05-18,2026-05-19,1,Great Lodge: King Room,,421.0,515.28,2026-05-18,0,421.0,Direct,Monday,2026-05,fbg_data.csv,cloudbeds
1341852107751,2026-05-18,2026-05-19,1,Great Lodge: King Room,,421.0,515.28,2026-05-18,0,421.0,Direct,Monday,2026-05,fbg_data.csv,cloudbeds
9956077904130,2026-05-18,2026-05-19,1,Diamond,,362.86,0.0,2026-05-18,0,362.86,Expedia,Monday,2026-05,fbg_data.csv,cloudbeds
5023455011160,2026-05-18,2026-05-20,2,Monolith,,914.0,1032.82,2026-05-18,0,457.0,Direct,Monday,2026-05,fbg_data.csv,cloudbeds
6053295419378,2026-05-20,2026-05-21,1,Great Lodge: King Room,,168.11,0.0,2026-05-18,2,168.11,Expedia,Wednesday,2026-05,fbg_data.csv,cloudbeds
3877859797738,2026-05-21,2026-05-22,1,Cypress Lodge | Sleeps 2,,274.0,309.62,2026-05-18,3,274.0,Direct,Thursday,2026-05,fbg_data.csv,cloudbeds
6839452007135,2026-05-27,2026-05-29,2,Buckeye Bungalow,,635.0,717.55,2026-05-18,9,317.5,Direct,Wednesday,2026-05,fbg_data.csv,cloudbeds
4352337684138,2026-05-28,2026-05-29,1,Diamond,,453.0,511.89,2026-05-18,10,453.0,Direct,Thursday,2026-05,fbg_data.csv,cloudbeds
1992583006191,2026-05-30,2026-06-01,2,Winecup,,1331.0,1504.03,2026-05-18,12,665.5,Direct,Saturday,2026-05,fbg_data.csv,cloudbeds
7864279952600,2026-08-02,2026-08-05,3,Winecup,,779.1,880.4,2026-05-18,76,259.7,Direct,Sunday,2026-08,fbg_data.csv,cloudbeds
1347712116650,2026-06-26,2026-06-28,2,Pecan Haus,,826.0,933.38,2026-05-18,39,413.0,Direct,Friday,2026-06,fbg_data.csv,cloudbeds
3736799503719,2026-07-02,2026-07-05,3,Walnut House,,2137.0,2753.81,2026-05-18,45,712.3333333333334,Direct,Thursday,2026-07,fbg_data.csv,cloudbeds
3457736409580,2026-07-31,2026-08-03,3,Great Lodge: King Room,,1127.0,1273.51,2026-05-19,73,375.6666666666667,Direct,Friday,2026-07,fbg_data.csv,cloudbeds
6588601482618,2026-09-30,2026-10-02,2,Monolith,,1180.55,1334.01,2026-05-19,134,590.275,Direct,Wednesday,2026-09,fbg_data.csv,cloudbeds
1601646433738,2026-09-30,2026-10-02,2,Monolith,,1180.55,1334.01,2026-05-19,134,590.275,Direct,Wednesday,2026-09,fbg_data.csv,cloudbeds
5812328641589,2026-07-15,2026-07-17,2,Monolith,,825.0,932.25,2026-05-19,57,412.5,Direct,Wednesday,2026-07,fbg_data.csv,cloudbeds
2507295826922,2026-08-19,2026-08-21,2,Cocoon,,622.0,810.21,2026-05-19,92,311.0,Direct,Wednesday,2026-08,fbg_data.csv,cloudbeds
1719147975616,2026-07-17,2026-07-19,2,Bluebonnet,,1562.0,1765.06,2026-05-19,59,781.0,Direct,Friday,2026-07,fbg_data.csv,cloudbeds
5076656438202,2026-05-24,2026-05-25,1,Diamond,,577.06,0.0,2026-05-19,5,577.06,Expedia,Sunday,2026-05,fbg_data.csv,cloudbeds
4859397840308,2026-05-24,2026-05-26,2,Monolith,,959.0,1083.67,2026-05-19,5,479.5,Direct,Sunday,2026-05,fbg_data.csv,cloudbeds
1536697601080,2026-06-04,2026-06-06,2,Diamond,,1401.0,1848.94,2026-05-19,16,700.5,Direct,Thursday,2026-06,fbg_data.csv,cloudbeds
6227705549021,2026-06-14,2026-06-16,2,Walnut House,,730.0,824.9,2026-05-19,26,365.0,Direct,Sunday,2026-06,fbg_data.csv,cloudbeds
5522902413501,2026-06-26,2026-06-28,2,Great Lodge: King Room,,789.72,0.0,2026-05-19,38,394.86,Expedia,Friday,2026-06,fbg_data.csv,cloudbeds
9712706696924,2026-06-26,2026-06-28,2,Great Lodge: King Room,,740.0,836.2,2026-05-19,38,370.0,Direct,Friday,2026-06,fbg_data.csv,cloudbeds
9712706696924,2026-06-26,2026-06-28,2,Diamond,,740.0,836.2,2026-05-19,38,370.0,Direct,Friday,2026-06,fbg_data.csv,cloudbeds
5645910831313,2026-07-10,2026-07-12,2,Walnut House,,1249.9,1412.4,2026-05-19,52,624.95,Direct,Friday,2026-07,fbg_data.csv,cloudbeds
5304397942387,2026-07-09,2026-07-12,3,Monarch,,1512.0,3417.12,2026-05-19,51,504.0,Direct,Thursday,2026-07,fbg_data.csv,cloudbeds
3568478994933,2026-07-10,2026-07-12,2,Cedar Haus,,716.0,809.08,2026-05-19,52,358.0,Direct,Friday,2026-07,fbg_data.csv,cloudbeds
4853598473992,2026-07-12,2026-07-14,2,Juniper Haus,,655.0,740.15,2026-05-19,54,327.5,Direct,Sunday,2026-07,fbg_data.csv,cloudbeds
8211602769354,2026-12-07,2026-12-09,2,Sage Safari,,548.0,619.24,2026-05-20,201,274.0,Direct,Monday,2026-12,fbg_data.csv,cloudbeds
9142041176908,2026-05-20,2026-05-21,1,Walnut House,,318.0,359.34,2026-05-20,0,318.0,Direct,Wednesday,2026-05,fbg_data.csv,cloudbeds
3015301827545,2026-05-23,2026-05-24,1,Cypress Lodge | Sleeps 4,,1192.0,1346.96,2026-05-20,3,1192.0,Direct,Saturday,2026-05,fbg_data.csv,cloudbeds
6438582466042,2026-06-02,2026-06-03,1,Walnut House,,331.0,1218.14,2026-05-20,13,331.0,Direct,Tuesday,2026-06,fbg_data.csv,cloudbeds
1690788831779,2026-06-03,2026-06-05,2,Cedar Haus,,498.0,562.74,2026-05-20,14,249.0,Direct,Wednesday,2026-06,fbg_data.csv,cloudbeds
3009771385084,2026-06-08,2026-06-11,3,Monarch,,945.0,1067.85,2026-05-20,19,315.0,Direct,Monday,2026-06,fbg_data.csv,cloudbeds
2043793283895,2026-07-07,2026-07-09,2,Post Oak,,489.4,553.02,2026-05-20,48,244.7,Direct,Tuesday,2026-07,fbg_data.csv,cloudbeds
6172821862690,2026-07-10,2026-07-12,2,Sage Safari,,1014.0,1145.82,2026-05-20,51,507.0,Direct,Friday,2026-07,fbg_data.csv,cloudbeds
3580021223580,2026-07-11,2026-07-14,3,Diamond,,1415.4,1599.41,2026-05-20,52,471.8,Direct,Saturday,2026-07,fbg_data.csv,cloudbeds
9396233100015,2026-07-13,2026-07-16,3,Monolith,,1002.75,1133.13,2026-05-20,54,334.25,Direct,Monday,2026-07,fbg_data.csv,cloudbeds
9478745427418,2026-05-21,2026-05-22,1,Cypress Lodge | Sleeps 2,,213.78,0.0,2026-05-21,0,213.78,Expedia,Thursday,2026-05,fbg_data.csv,cloudbeds
2593306296886,2026-05-21,2026-05-22,1,Post Oak,,208.0,235.04,2026-05-21,0,208.0,Direct,Thursday,2026-05,fbg_data.csv,cloudbeds
8488881289428,2026-05-21,2026-05-22,1,Monarch,,471.0,0.0,2026-05-21,0,471.0,Airbnb,Thursday,2026-05,fbg_data.csv,cloudbeds
2006884006459,2026-05-22,2026-05-23,1,Cypress Lodge | Sleeps 2,,333.0,483.64,2026-05-21,1,333.0,Direct,Friday,2026-05,fbg_data.csv,cloudbeds
2123327154460,2026-05-22,2026-05-24,2,Buckeye Bungalow,,1185.0,1339.05,2026-05-21,1,592.5,Direct,Friday,2026-05,fbg_data.csv,cloudbeds
9852758266477,2026-05-22,2026-05-23,1,Great Lodge: King Room,,131.0,374.03,2026-05-21,1,131.0,Direct,Friday,2026-05,fbg_data.csv,cloudbeds
9304240187844,2026-05-24,2026-05-25,1,Cypress Lodge | Sleeps 4,,620.0,700.6,2026-05-21,3,620.0,Direct,Sunday,2026-05,fbg_data.csv,cloudbeds
6856742390200,2026-05-24,2026-05-25,1,Winecup,,519.0,693.82,2026-05-21,3,519.0,Direct,Sunday,2026-05,fbg_data.csv,cloudbeds
9542957203022,2026-05-27,2026-05-28,1,Great Lodge: King Room,,180.98,0.0,2026-05-21,6,180.98,Expedia,Wednesday,2026-05,fbg_data.csv,cloudbeds
8923817052422,2026-05-27,2026-05-28,1,Great Lodge: King Room,,180.98,0.0,2026-05-21,6,180.98,Expedia,Wednesday,2026-05,fbg_data.csv,cloudbeds
8807642908923,2026-05-28,2026-05-29,1,Monolith,,463.0,523.19,2026-05-21,7,463.0,Direct,Thursday,2026-05,fbg_data.csv,cloudbeds
8081360763515,2026-06-07,2026-06-09,2,Monolith,,673.6,0.0,2026-05-21,17,336.8,Expedia,Sunday,2026-06,fbg_data.csv,cloudbeds
1376874095810,2026-06-08,2026-06-09,1,Winecup,,280.0,316.4,2026-05-21,18,280.0,Direct,Monday,2026-06,fbg_data.csv,cloudbeds
7348760525768,2026-06-14,2026-06-16,2,Diamond,,813.0,918.69,2026-05-21,24,406.5,Direct,Sunday,2026-06,fbg_data.csv,cloudbeds
8309778921770,2026-06-19,2026-06-21,2,Spyglass,,1978.0,2447.57,2026-05-21,29,989.0,Direct,Friday,2026-06,fbg_data.csv,cloudbeds
6833677511888,2026-06-21,2026-06-22,1,Spiral,,281.0,317.53,2026-05-21,31,281.0,Direct,Sunday,2026-06,fbg_data.csv,cloudbeds
2070871225768,2026-06-23,2026-06-25,2,Cypress Lodge | Sleeps 4,,615.06,0.0,2026-05-21,33,307.53,Expedia,Tuesday,2026-06,fbg_data.csv,cloudbeds
1408932277947,2026-07-23,2026-07-25,2,Sage Safari,,832.3,0.0,2026-05-22,62,416.15,Expedia,Thursday,2026-07,fbg_data.csv,cloudbeds
4968381945231,2026-05-22,2026-05-23,1,Great Lodge: King Room,,314.3,355.16,2026-05-22,0,314.3,Direct,Friday,2026-05,fbg_data.csv,cloudbeds
6412960436731,2026-05-22,2026-05-24,2,Winecup,,1577.0,2101.79,2026-05-22,0,788.5,Direct,Friday,2026-05,fbg_data.csv,cloudbeds
7821519863691,2026-05-24,2026-05-25,1,Great Lodge: King Room,,155.29,403.41,2026-05-22,2,155.29,Direct,Sunday,2026-05,fbg_data.csv,cloudbeds
1975773061296,2026-05-24,2026-05-25,1,Great Lodge: King Room,,357.0,403.41,2026-05-22,2,357.0,Direct,Sunday,2026-05,fbg_data.csv,cloudbeds
2588808307900,2026-05-25,2026-05-27,2,Buckeye Bungalow,,593.0,670.09,2026-05-22,3,296.5,Direct,Monday,2026-05,fbg_data.csv,cloudbeds
3824385571065,2026-05-27,2026-05-28,1,Walnut House,,292.94,0.0,2026-05-22,5,292.94,Expedia,Wednesday,2026-05,fbg_data.csv,cloudbeds
8345249635481,2026-06-07,2026-06-09,2,Great Lodge: King Room,,431.22,0.0,2026-05-22,16,215.61,Expedia,Sunday,2026-06,fbg_data.csv,cloudbeds
8979851210111,2026-06-22,2026-06-24,2,Cypress Lodge | Sleeps 2,,602.0,680.26,2026-05-22,31,301.0,Direct,Monday,2026-06,fbg_data.csv,cloudbeds
5377933296584,2026-06-23,2026-06-27,4,Diamond,,2252.55,2811.21,2026-05-22,32,563.1375,Direct,Tuesday,2026-06,fbg_data.csv,cloudbeds
7282388946003,2026-07-09,2026-07-12,3,Great Lodge: King Room,,1070.0,1209.1,2026-05-22,48,356.6666666666667,Direct,Thursday,2026-07,fbg_data.csv,cloudbeds
1210551876205,2026-08-03,2026-08-05,2,Cypress Lodge | Sleeps 4,,513.0,0.0,2026-05-22,73,256.5,Expedia,Monday,2026-08,fbg_data.csv,cloudbeds
7259016765539,2026-05-23,2026-05-24,1,Cypress Lodge | Sleeps 2,,558.26,0.0,2026-05-23,0,558.26,Expedia,Saturday,2026-05,fbg_data.csv,cloudbeds
2138661249966,2026-05-24,2026-05-25,1,Buckeye Bungalow,,339.94,0.0,2026-05-23,1,339.94,Expedia,Sunday,2026-05,fbg_data.csv,cloudbeds
3855549678613,2026-05-25,2026-05-26,1,Bluebonnet,,333.0,376.29,2026-05-23,2,333.0,Direct,Monday,2026-05,fbg_data.csv,cloudbeds
9291859629202,2026-05-24,2026-05-26,2,Great Lodge: King Room,,890.0,0.0,2026-05-23,1,445.0,Airbnb,Sunday,2026-05,fbg_data.csv,cloudbeds
2108634037325,2026-05-28,2026-05-30,2,Winecup,,1126.0,1272.38,2026-05-23,5,563.0,Direct,Thursday,2026-05,fbg_data.csv,cloudbeds
1424761738874,2026-06-03,2026-06-06,3,Great Lodge: King Room,,936.0,1057.68,2026-05-23,11,312.0,Direct,Wednesday,2026-06,fbg_data.csv,cloudbeds
5799978795454,2026-06-10,2026-06-11,1,Walnut House,,311.0,617.24,2026-05-23,18,311.0,Direct,Wednesday,2026-06,fbg_data.csv,cloudbeds
5799768768187,2026-07-19,2026-07-21,2,Buckeye Bungalow,,594.0,937.03,2026-05-23,57,297.0,Direct,Sunday,2026-07,fbg_data.csv,cloudbeds
5674784215107,2026-05-25,2026-05-26,1,Pecan Haus,,227.0,256.51,2026-05-24,1,227.0,Direct,Monday,2026-05,fbg_data.csv,cloudbeds
2132396522463,2026-05-25,2026-05-26,1,Quonset,,350.0,395.5,2026-05-24,1,350.0,Direct,Monday,2026-05,fbg_data.csv,cloudbeds
3132781739136,2026-05-25,2026-05-26,1,Great Lodge: King Room,,296.0,334.48,2026-05-24,1,296.0,Direct,Monday,2026-05,fbg_data.csv,cloudbeds
6090220067709,2026-05-25,2026-05-27,2,Great Lodge: King Room,,510.0,576.3,2026-05-24,1,255.0,Direct,Monday,2026-05,fbg_data.csv,cloudbeds
3413155688439,2026-05-28,2026-05-29,1,Spiral,,272.0,307.36,2026-05-24,4,272.0,Direct,Thursday,2026-05,fbg_data.csv,cloudbeds
7698653532052,2026-05-30,2026-05-31,1,Walnut House,,930.75,0.0,2026-05-24,6,930.75,Expedia,Saturday,2026-05,fbg_data.csv,cloudbeds
3513012203692,2026-06-08,2026-06-10,2,Bluebonnet,,624.0,705.12,2026-05-24,15,312.0,Direct,Monday,2026-06,fbg_data.csv,cloudbeds
7826987099915,2026-06-08,2026-06-10,2,Cypress Lodge | Sleeps 2,,510.0,576.3,2026-05-24,15,255.0,Direct,Monday,2026-06,fbg_data.csv,cloudbeds
3266176606508,2026-06-26,2026-06-28,2,Diamond,,1378.6,1557.82,2026-05-24,33,689.3,Direct,Friday,2026-06,fbg_data.csv,cloudbeds
3690646583599,2026-06-26,2026-06-28,2,Great Lodge: King Room,,756.0,854.28,2026-05-24,33,378.0,Direct,Friday,2026-06,fbg_data.csv,cloudbeds
8063979380117,2026-06-29,2026-06-30,1,Sage Safari,,271.0,306.23,2026-05-24,36,271.0,Direct,Monday,2026-06,fbg_data.csv,cloudbeds
2105695802786,2026-07-26,2026-07-28,2,Buckeye Bungalow,,653.05,737.94,2026-05-24,63,326.525,Direct,Sunday,2026-07,fbg_data.csv,cloudbeds
2147344309842,2026-05-26,2026-05-27,1,Great Lodge: King Room,,214.0,241.82,2026-05-25,1,214.0,Direct,Tuesday,2026-05,fbg_data.csv,cloudbeds
9114359567834,2026-05-26,2026-05-27,1,Cypress Lodge | Sleeps 2,,257.0,290.41,2026-05-25,1,257.0,Direct,Tuesday,2026-05,fbg_data.csv,cloudbeds
7137575992693,2026-05-27,2026-05-28,1,Great Lodge: King Room,,167.2,0.0,2026-05-25,2,167.2,Expedia,Wednesday,2026-05,fbg_data.csv,cloudbeds
4910710170509,2026-05-31,2026-06-01,1,Great Lodge: King Room,,692.0,861.06,2026-05-25,6,692.0,Direct,Sunday,2026-05,fbg_data.csv,cloudbeds
4910710170509,2026-05-31,2026-06-01,1,Great Lodge: King Room,,692.0,861.06,2026-05-25,6,692.0,Direct,Sunday,2026-05,fbg_data.csv,cloudbeds
4910710170509,2026-05-31,2026-06-01,1,Great Lodge: King Room,,692.0,861.06,2026-05-25,6,692.0,Direct,Sunday,2026-05,fbg_data.csv,cloudbeds
6708260780066,2026-06-04,2026-06-07,3,Great Lodge: King Room,,1168.0,1319.84,2026-05-25,10,389.3333333333333,Direct,Thursday,2026-06,fbg_data.csv,cloudbeds
6254318427336,2026-06-08,2026-06-10,2,Great Lodge: King Room,,412.0,465.56,2026-05-25,14,206.0,Direct,Monday,2026-06,fbg_data.csv,cloudbeds
1072572293921,2026-06-07,2026-06-10,3,Cedar Haus,,697.0,787.61,2026-05-25,13,232.33333333333334,Direct,Sunday,2026-06,fbg_data.csv,cloudbeds
9909156985397,2026-06-09,2026-06-11,2,Spyglass,,456.72,0.0,2026-05-25,15,228.36,Expedia,Tuesday,2026-06,fbg_data.csv,cloudbeds
2841670154707,2026-07-21,2026-07-23,2,Lantana Dome,,396.49,1089.38,2026-05-25,57,198.245,Direct,Tuesday,2026-07,fbg_data.csv,cloudbeds
3866513505064,2026-06-21,2026-06-23,2,Diamond,,718.94,893.89,2026-05-25,27,359.47,Direct,Sunday,2026-06,fbg_data.csv,cloudbeds
9379038863942,2026-06-24,2026-06-26,2,Cocoon,,826.0,933.38,2026-05-25,30,413.0,Direct,Wednesday,2026-06,fbg_data.csv,cloudbeds
5758352279538,2026-08-21,2026-08-23,2,Diamond,,1243.0,1404.59,2026-05-25,88,621.5,Direct,Friday,2026-08,fbg_data.csv,cloudbeds
1843095382649,2026-05-26,2026-05-27,1,Quonset,,306.0,345.78,2026-05-26,0,306.0,Direct,Tuesday,2026-05,fbg_data.csv,cloudbeds
4086298902433,2026-05-26,2026-05-27,1,Great Lodge: King Room,,166.29,0.0,2026-05-26,0,166.29,Expedia,Tuesday,2026-05,fbg_data.csv,cloudbeds
3412454059630,2026-05-27,2026-05-28,1,Diamond,,323.0,364.99,2026-05-26,1,323.0,Direct,Wednesday,2026-05,fbg_data.csv,cloudbeds
9106118317480,2026-05-28,2026-05-29,1,Cocoon,,324.0,366.12,2026-05-26,2,324.0,Direct,Thursday,2026-05,fbg_data.csv,cloudbeds
1856739378327,2026-05-31,2026-06-01,1,Monarch,,352.7,398.55,2026-05-26,5,352.7,Direct,Sunday,2026-05,fbg_data.csv,cloudbeds
4833943815555,2026-06-03,2026-06-05,2,Winecup,,655.0,813.6,2026-05-26,8,327.5,Direct,Wednesday,2026-06,fbg_data.csv,cloudbeds
3281856373180,2026-06-09,2026-06-10,1,Great Lodge: King Room,,205.0,231.65,2026-05-26,14,205.0,Direct,Tuesday,2026-06,fbg_data.csv,cloudbeds
4540921860766,2026-06-11,2026-06-12,1,Diamond,,502.0,567.26,2026-05-26,16,502.0,Direct,Thursday,2026-06,fbg_data.csv,cloudbeds
8639631010989,2026-06-13,2026-06-15,2,Monolith,,1707.92,0.0,2026-05-26,18,853.96,Airbnb,Saturday,2026-06,fbg_data.csv,cloudbeds
1353053824959,2026-06-15,2026-06-18,3,Diamond,,966.0,1091.58,2026-05-26,20,322.0,Direct,Monday,2026-06,fbg_data.csv,cloudbeds
5292832424261,2026-06-19,2026-06-21,2,Cypress Lodge | Sleeps 2,,813.38,0.0,2026-05-26,24,406.69,Expedia,Friday,2026-06,fbg_data.csv,cloudbeds
9696018870519,2026-06-19,2026-06-21,2,Cedar Haus,,809.4,0.0,2026-05-26,24,404.7,Expedia,Friday,2026-06,fbg_data.csv,cloudbeds
4640191817656,2026-06-22,2026-06-25,3,Great Lodge: King Room,,653.0,737.89,2026-05-26,27,217.66666666666666,Direct,Monday,2026-06,fbg_data.csv,cloudbeds
4819828437906,2026-07-03,2026-07-05,2,Pecan Haus,,970.0,1203.45,2026-05-26,38,485.0,Direct,Friday,2026-07,fbg_data.csv,cloudbeds
8881664874809,2026-07-03,2026-07-05,2,Spiral,,1542.0,1742.46,2026-05-26,38,771.0,Direct,Friday,2026-07,fbg_data.csv,cloudbeds
9516862608566,2026-09-24,2026-09-25,1,Monarch,,396.73,0.0,2026-05-27,120,396.73,Expedia,Thursday,2026-09,fbg_data.csv,cloudbeds
4593373495581,2026-05-27,2026-05-28,1,Great Lodge: King Room,,165.37,0.0,2026-05-27,0,165.37,Expedia,Wednesday,2026-05,fbg_data.csv,cloudbeds
8562164360847,2026-05-27,2026-05-29,2,Great Lodge: King Room,,415.0,468.95,2026-05-27,0,207.5,Direct,Wednesday,2026-05,fbg_data.csv,cloudbeds
2657641027293,2026-05-28,2026-05-29,1,Bluebonnet,,338.0,381.94,2026-05-27,1,338.0,Direct,Thursday,2026-05,fbg_data.csv,cloudbeds
8233851053587,2026-05-31,2026-06-01,1,Cocoon,,345.0,389.85,2026-05-27,4,345.0,Direct,Sunday,2026-05,fbg_data.csv,cloudbeds
3123618074779,2026-06-01,2026-06-02,1,Cocoon,,296.0,334.48,2026-05-27,5,296.0,Direct,Monday,2026-06,fbg_data.csv,cloudbeds
7694563562928,2026-06-01,2026-06-02,1,Monarch,,277.0,638.45,2026-05-27,5,277.0,Direct,Monday,2026-06,fbg_data.csv,cloudbeds
6931308998330,2026-05-31,2026-06-04,4,Great Lodge: King Room,,842.0,951.46,2026-05-27,4,210.5,Direct,Sunday,2026-05,fbg_data.csv,cloudbeds
5010100342912,2026-06-05,2026-06-07,2,Monolith,,1652.0,1866.76,2026-05-27,9,826.0,Direct,Friday,2026-06,fbg_data.csv,cloudbeds
3302682766659,2026-06-11,2026-06-12,1,Spyglass,,467.0,0.0,2026-05-27,15,467.0,Airbnb,Thursday,2026-06,fbg_data.csv,cloudbeds
5961539989145,2026-06-17,2026-06-19,2,Cypress Lodge | Sleeps 6,,1400.0,1582.0,2026-05-27,21,700.0,Direct,Wednesday,2026-06,fbg_data.csv,cloudbeds
4105400548492,2026-06-21,2026-06-23,2,Great Lodge: King Room,,451.86,0.0,2026-05-27,25,225.93,Expedia,Sunday,2026-06,fbg_data.csv,cloudbeds
4659284847661,2026-06-21,2026-06-23,2,Great Lodge: King Room,,451.86,0.0,2026-05-27,25,225.93,Expedia,Sunday,2026-06,fbg_data.csv,cloudbeds
2084607374709,2026-06-21,2026-06-23,2,Quonset,,664.0,750.32,2026-05-27,25,332.0,Direct,Sunday,2026-06,fbg_data.csv,cloudbeds
3784420398810,2026-06-29,2026-07-01,2,Cypress Lodge | Sleeps 4,,391.11,0.0,2026-05-27,33,195.555,Expedia,Monday,2026-06,fbg_data.csv,cloudbeds
6132615344425,2026-07-17,2026-07-19,2,Cypress Lodge | Sleeps 4,,1152.0,1301.76,2026-05-27,51,576.0,Direct,Friday,2026-07,fbg_data.csv,cloudbeds
7591328607887,2026-11-02,2026-11-06,4,Sage Safari,,1303.0,1472.39,2026-05-28,158,325.75,Direct,Monday,2026-11,fbg_data.csv,cloudbeds
8023054988623,2026-08-24,2026-08-27,3,Monolith,,1023.0,1155.99,2026-05-28,88,341.0,Direct,Monday,2026-08,fbg_data.csv,cloudbeds
3267124365181,2026-05-28,2026-05-29,1,Quonset,,210.0,237.3,2026-05-28,0,210.0,Direct,Thursday,2026-05,fbg_data.csv,cloudbeds
7819785631319,2026-05-29,2026-05-31,2,Monarch,,1301.0,1735.94,2026-05-28,1,650.5,Direct,Friday,2026-05,fbg_data.csv,cloudbeds
3149370405401,2026-06-01,2026-06-03,2,Quonset,,528.0,596.64,2026-05-28,4,264.0,Booking.com,Monday,2026-06,fbg_data.csv,cloudbeds
6169512674607,2026-06-04,2026-06-05,1,Diamond,,320.0,361.6,2026-05-28,7,320.0,Direct,Thursday,2026-06,fbg_data.csv,cloudbeds
3340607235576,2026-06-04,2026-06-06,2,Cypress Lodge | Sleeps 2,,780.0,988.75,2026-05-28,7,390.0,Direct,Thursday,2026-06,fbg_data.csv,cloudbeds
5863442524735,2026-06-08,2026-06-10,2,Winecup,,522.0,589.86,2026-05-28,11,261.0,Direct,Monday,2026-06,fbg_data.csv,cloudbeds
9484747678330,2026-06-15,2026-06-16,1,Winecup,,289.0,326.57,2026-05-28,18,289.0,Direct,Monday,2026-06,fbg_data.csv,cloudbeds
1732464737939,2026-06-21,2026-06-25,4,Walnut House,,1440.0,1893.01,2026-05-28,24,360.0,Direct,Sunday,2026-06,fbg_data.csv,cloudbeds
2350222204758,2026-06-26,2026-06-28,2,Buckeye Bungalow,,1298.0,1466.74,2026-05-28,29,649.0,Direct,Friday,2026-06,fbg_data.csv,cloudbeds
2276122005808,2026-07-22,2026-07-24,2,Spiral,,518.0,585.34,2026-05-29,54,259.0,Direct,Wednesday,2026-07,fbg_data.csv,cloudbeds
4803267038991,2026-10-22,2026-10-25,3,Spiral,,1712.0,1934.56,2026-05-29,146,570.6666666666666,Direct,Thursday,2026-10,fbg_data.csv,cloudbeds
5914551836849,2026-05-29,2026-05-30,1,Cypress Lodge | Sleeps 4,,185.0,209.05,2026-05-29,0,185.0,Direct,Friday,2026-05,fbg_data.csv,cloudbeds
5415405959981,2026-05-30,2026-05-31,1,Buckeye Bungalow,,618.0,698.34,2026-05-29,1,618.0,Direct,Saturday,2026-05,fbg_data.csv,cloudbeds
7671876525183,2026-05-29,2026-05-31,2,Monolith,,1497.0,1691.61,2026-05-29,0,748.5,Direct,Friday,2026-05,fbg_data.csv,cloudbeds
9203358018082,2026-06-01,2026-06-02,1,Walnut House,,242.83,0.0,2026-05-29,3,242.83,Expedia,Monday,2026-06,fbg_data.csv,cloudbeds
9497673206273,2026-06-02,2026-06-03,1,Spyglass,,339.0,383.07,2026-05-29,4,339.0,Direct,Tuesday,2026-06,fbg_data.csv,cloudbeds
5790257111227,2026-06-01,2026-06-06,5,Winecup,,1925.0,2387.68,2026-05-29,3,385.0,Direct,Monday,2026-06,fbg_data.csv,cloudbeds
6729463372273,2026-06-04,2026-06-06,2,Cypress Lodge | Sleeps 2,,905.0,0.0,2026-05-29,6,452.5,Airbnb,Thursday,2026-06,fbg_data.csv,cloudbeds
1292050523611,2026-06-05,2026-06-07,2,Great Lodge: King Room,,655.0,813.6,2026-05-29,7,327.5,Direct,Friday,2026-06,fbg_data.csv,cloudbeds
1392038870197,2026-06-05,2026-06-07,2,Walnut House,,1412.0,1595.56,2026-05-29,7,706.0,Direct,Friday,2026-06,fbg_data.csv,cloudbeds
7217143666385,2026-06-09,2026-06-10,1,Post Oak,,250.0,282.5,2026-05-29,11,250.0,Direct,Tuesday,2026-06,fbg_data.csv,cloudbeds
7381057650010,2026-06-12,2026-06-14,2,Sage Safari,,1414.0,1597.82,2026-05-29,14,707.0,Direct,Friday,2026-06,fbg_data.csv,cloudbeds
4746743953737,2026-06-12,2026-06-14,2,Cocoon,,1500.0,1695.0,2026-05-29,14,750.0,Direct,Friday,2026-06,fbg_data.csv,cloudbeds
7781713898115,2026-06-26,2026-06-28,2,Great Lodge: King Room,,637.04,0.0,2026-05-29,28,318.52,Expedia,Friday,2026-06,fbg_data.csv,cloudbeds
7428640447058,2026-07-06,2026-07-09,3,Spyglass,,1116.0,1261.08,2026-05-29,38,372.0,Direct,Monday,2026-07,fbg_data.csv,cloudbeds
8091623187582,2026-07-13,2026-07-16,3,Quonset,,891.6,1007.49,2026-05-29,45,297.2,Direct,Monday,2026-07,fbg_data.csv,cloudbeds
3531112603219,2026-05-30,2026-05-31,1,Cedar Haus,,392.0,442.96,2026-05-30,0,392.0,Direct,Saturday,2026-05,fbg_data.csv,cloudbeds
8162999289040,2026-06-05,2026-06-07,2,Great Lodge: King Room,,657.2,0.0,2026-05-30,6,328.6,Expedia,Friday,2026-06,fbg_data.csv,cloudbeds
7226499159494,2026-06-04,2026-06-08,4,Great Lodge: King Room,,1353.0,1636.24,2026-05-30,5,338.25,Direct,Thursday,2026-06,fbg_data.csv,cloudbeds
8194508631992,2026-06-07,2026-06-08,1,Live Oak Lodge,,563.0,0.0,2026-05-30,8,563.0,Airbnb,Sunday,2026-06,fbg_data.csv,cloudbeds
3444135491523,2026-06-08,2026-06-10,2,Cypress Lodge | Sleeps 2,,383.82,0.0,2026-05-30,9,191.91,Expedia,Monday,2026-06,fbg_data.csv,cloudbeds
9085665232195,2026-06-14,2026-06-15,1,Diamond,,373.26,0.0,2026-05-30,15,373.26,Expedia,Sunday,2026-06,fbg_data.csv,cloudbeds
7069701870935,2026-06-14,2026-06-15,1,Buckeye Bungalow,,296.0,334.48,2026-05-30,15,296.0,Direct,Sunday,2026-06,fbg_data.csv,cloudbeds
6418558506648,2026-06-14,2026-06-16,2,Quonset,,689.0,778.57,2026-05-30,15,344.5,Direct,Sunday,2026-06,fbg_data.csv,cloudbeds
9946205169114,2026-06-19,2026-06-21,2,Walnut House,,1484.88,0.0,2026-05-30,20,742.44,Expedia,Friday,2026-06,fbg_data.csv,cloudbeds
4834670483586,2026-06-20,2026-06-22,2,Quonset,,1356.85,1640.59,2026-05-30,21,678.425,Direct,Saturday,2026-06,fbg_data.csv,cloudbeds
3648507574064,2026-06-26,2026-06-28,2,Great Lodge: King Room,,685.0,774.05,2026-05-30,27,342.5,Direct,Friday,2026-06,fbg_data.csv,cloudbeds
8842008347010,2026-06-26,2026-06-28,2,Diamond,,1420.0,1604.6,2026-05-30,27,710.0,Direct,Friday,2026-06,fbg_data.csv,cloudbeds
2057392328039,2026-06-28,2026-06-29,1,Monolith,,392.0,442.96,2026-05-30,29,392.0,Direct,Sunday,2026-06,fbg_data.csv,cloudbeds
4663434625896,2026-07-25,2026-07-30,5,Monolith,,2384.0,2693.92,2026-05-30,56,476.8,Direct,Saturday,2026-07,fbg_data.csv,cloudbeds
5206161929337,2026-07-03,2026-07-05,2,Cypress Lodge | Sleeps 2,,1306.0,1475.78,2026-05-30,34,653.0,Direct,Friday,2026-07,fbg_data.csv,cloudbeds
5183120867516,2026-07-06,2026-07-08,2,Lantana Dome,,496.64,675.74,2026-05-30,37,248.32,Direct,Monday,2026-07,fbg_data.csv,cloudbeds
8466940431735,2026-07-14,2026-07-16,2,Great Lodge,,2932.0,3313.16,2026-05-30,45,1466.0,Direct,Tuesday,2026-07,fbg_data.csv,cloudbeds
4780395869338,2026-12-03,2026-12-06,3,Spyglass,,2438.86,0.0,2026-05-31,186,812.9533333333334,Booking.com,Thursday,2026-12,fbg_data.csv,cloudbeds
1747139875959,2026-10-26,2026-10-28,2,Spiral,,664.0,750.32,2026-05-31,148,332.0,Direct,Monday,2026-10,fbg_data.csv,cloudbeds
1204017653396,2026-05-31,2026-06-01,1,Juniper Haus,,275.0,310.75,2026-05-31,0,275.0,Direct,Sunday,2026-05,fbg_data.csv,cloudbeds
4722141189722,2026-05-31,2026-06-01,1,Quonset,,346.0,390.98,2026-05-31,0,346.0,Direct,Sunday,2026-05,fbg_data.csv,cloudbeds
4665322414024,2026-05-31,2026-06-01,1,Great Lodge: King Room,,246.0,277.98,2026-05-31,0,246.0,Direct,Sunday,2026-05,fbg_data.csv,cloudbeds
3671136327893,2026-06-01,2026-06-03,2,Great Lodge: King Room,,539.0,0.0,2026-05-31,1,269.5,Airbnb,Monday,2026-06,fbg_data.csv,cloudbeds
7746238210541,2026-06-03,2026-06-05,2,Great Lodge: King Room,,431.2,0.0,2026-05-31,3,215.6,Expedia,Wednesday,2026-06,fbg_data.csv,cloudbeds
4560302221274,2026-06-05,2026-06-06,1,Great Lodge: King Room,,348.0,393.24,2026-05-31,5,348.0,Direct,Friday,2026-06,fbg_data.csv,cloudbeds
3867277351388,2026-06-07,2026-06-08,1,Monolith,,347.72,0.0,2026-05-31,7,347.72,Expedia,Sunday,2026-06,fbg_data.csv,cloudbeds
4942546331861,2026-06-12,2026-06-14,2,Quonset,,1462.0,1652.06,2026-05-31,12,731.0,Direct,Friday,2026-06,fbg_data.csv,cloudbeds
6514585745675,2026-06-15,2026-06-18,3,Bluebonnet,,917.0,1036.21,2026-05-31,15,305.6666666666667,Direct,Monday,2026-06,fbg_data.csv,cloudbeds
8320393186044,2026-06-18,2026-06-19,1,Spiral,,258.0,291.54,2026-05-31,18,258.0,Direct,Thursday,2026-06,fbg_data.csv,cloudbeds
3134004452044,2026-09-25,2026-09-27,2,Juniper Haus,,826.7,934.16,2026-06-01,116,413.35,Direct,Friday,2026-09,fbg_data.csv,cloudbeds
2408697681920,2026-09-18,2026-09-21,3,Cypress Lodge | Sleeps 2,,1196.0,1351.48,2026-06-01,109,398.6666666666667,Direct,Friday,2026-09,fbg_data.csv,cloudbeds
5046015968445,2026-08-05,2026-08-08,3,Monarch,,832.81,0.0,2026-06-01,65,277.6033333333333,Expedia,Wednesday,2026-08,fbg_data.csv,cloudbeds
8403214514914,2026-08-20,2026-08-23,3,Post Oak,,882.0,996.66,2026-06-01,80,294.0,Direct,Thursday,2026-08,fbg_data.csv,cloudbeds
7069014129818,2026-10-16,2026-10-19,3,Walnut House,,2176.0,2458.88,2026-06-01,137,725.3333333333334,Direct,Friday,2026-10,fbg_data.csv,cloudbeds
2320291184668,2026-07-16,2026-07-19,3,Monolith,,1871.7,2380.82,2026-06-01,45,623.9,Direct,Thursday,2026-07,fbg_data.csv,cloudbeds
1038231778796,2026-06-04,2026-06-05,1,Great Lodge: King Room,,321.0,362.73,2026-06-01,3,321.0,Direct,Thursday,2026-06,fbg_data.csv,cloudbeds
7712358639102,2026-06-05,2026-06-07,2,Bluebonnet,,1272.0,2272.43,2026-06-01,4,636.0,Direct,Friday,2026-06,fbg_data.csv,cloudbeds
6280791584833,2026-06-09,2026-06-10,1,Monolith,,330.0,372.9,2026-06-01,8,330.0,Direct,Tuesday,2026-06,fbg_data.csv,cloudbeds
5439658477293,2026-06-09,2026-06-11,2,Pecan Haus,,408.0,461.04,2026-06-01,8,204.0,Direct,Tuesday,2026-06,fbg_data.csv,cloudbeds
5703129814362,2026-06-08,2026-06-11,3,Great Lodge: King Room,,1119.0,1383.12,2026-06-01,7,373.0,Direct,Monday,2026-06,fbg_data.csv,cloudbeds
5703129814362,2026-06-08,2026-06-11,3,Great Lodge: King Room,,1119.0,1383.12,2026-06-01,7,373.0,Direct,Monday,2026-06,fbg_data.csv,cloudbeds
1637931902171,2026-06-11,2026-06-13,2,Quonset,,1070.0,1209.1,2026-06-01,10,535.0,Direct,Thursday,2026-06,fbg_data.csv,cloudbeds
1610687447704,2026-06-12,2026-06-14,2,Great Lodge: King Room,,768.0,867.84,2026-06-01,11,384.0,Direct,Friday,2026-06,fbg_data.csv,cloudbeds
7620957112974,2026-06-17,2026-06-18,1,Diamond,,280.0,316.4,2026-06-01,16,280.0,Direct,Wednesday,2026-06,fbg_data.csv,cloudbeds
9092238799198,2026-06-17,2026-06-19,2,Live Oak Lodge,,891.0,1114.18,2026-06-01,16,445.5,Direct,Wednesday,2026-06,fbg_data.csv,cloudbeds
6626286890278,2026-07-01,2026-07-02,1,Post Oak,,281.0,424.88,2026-06-01,30,281.0,Direct,Wednesday,2026-07,fbg_data.csv,cloudbeds
5108117398195,2026-07-02,2026-07-03,1,Monolith,,375.0,423.75,2026-06-01,31,375.0,Direct,Thursday,2026-07,fbg_data.csv,cloudbeds
3989024236257,2026-07-10,2026-07-12,2,Diamond,,1022.0,1154.86,2026-06-01,39,511.0,Direct,Friday,2026-07,fbg_data.csv,cloudbeds
5383963550612,2026-11-23,2026-11-27,4,Spyglass,,1919.3,2168.81,2026-06-02,174,479.825,Direct,Monday,2026-11,fbg_data.csv,cloudbeds
4202770156140,2026-10-20,2026-10-22,2,Post Oak,,692.2,0.0,2026-06-02,140,346.1,Booking.com,Tuesday,2026-10,fbg_data.csv,cloudbeds
4436194237027,2026-10-10,2026-10-13,3,Post Oak,,1234.0,1394.42,2026-06-02,130,411.3333333333333,Direct,Saturday,2026-10,fbg_data.csv,cloudbeds
2089665325108,2026-07-31,2026-08-02,2,Post Oak,,550.0,904.0,2026-06-02,59,275.0,Direct,Friday,2026-07,fbg_data.csv,cloudbeds
6781545072267,2026-08-07,2026-08-09,2,Walnut House,,817.0,1017.0,2026-06-02,66,408.5,Direct,Friday,2026-08,fbg_data.csv,cloudbeds
9027132064390,2026-06-04,2026-06-05,1,Spiral,,260.0,293.8,2026-06-02,2,260.0,Direct,Thursday,2026-06,fbg_data.csv,cloudbeds
8570185363440,2026-06-06,2026-06-07,1,Juniper Haus,,421.74,583.91,2026-06-02,4,421.74,Booking.com,Saturday,2026-06,fbg_data.csv,cloudbeds
6553005273662,2026-06-06,2026-06-07,1,Cypress Lodge | Sleeps 2,,325.0,95.0,2026-06-02,4,325.0,Expedia,Saturday,2026-06,fbg_data.csv,cloudbeds
4829967862537,2026-06-06,2026-06-07,1,Cypress Lodge | Sleeps 2,,369.0,416.97,2026-06-02,4,369.0,Direct,Saturday,2026-06,fbg_data.csv,cloudbeds
4204797956053,2026-06-09,2026-06-11,2,Buckeye Bungalow,,460.6,520.48,2026-06-02,7,230.3,Direct,Tuesday,2026-06,fbg_data.csv,cloudbeds
2391351606031,2026-06-15,2026-06-18,3,Great Lodge: King Room,,625.0,1026.03,2026-06-02,13,208.33333333333334,Direct,Monday,2026-06,fbg_data.csv,cloudbeds
5179516106383,2026-06-24,2026-06-26,2,Spiral,,678.0,873.49,2026-06-02,22,339.0,Direct,Wednesday,2026-06,fbg_data.csv,cloudbeds
3439114573290,2026-06-26,2026-06-29,3,Cocoon,,1815.42,0.0,2026-06-02,24,605.14,Expedia,Friday,2026-06,fbg_data.csv,cloudbeds
9745905466319,2026-07-24,2026-07-26,2,Walnut House,,1414.0,1597.82,2026-06-03,51,707.0,Direct,Friday,2026-07,fbg_data.csv,cloudbeds
5858912356561,2026-06-03,2026-06-04,1,Buckeye Bungalow,,264.0,298.32,2026-06-03,0,264.0,Direct,Wednesday,2026-06,fbg_data.csv,cloudbeds
6592744121465,2026-06-03,2026-06-04,1,Quonset,,222.0,250.86,2026-06-03,0,222.0,Direct,Wednesday,2026-06,fbg_data.csv,cloudbeds
7910328901966,2026-06-04,2026-06-05,1,Walnut House,,339.95,384.15,2026-06-03,1,339.95,Direct,Thursday,2026-06,fbg_data.csv,cloudbeds
9031874235704,2026-06-06,2026-06-07,1,Cocoon,,533.0,602.29,2026-06-03,3,533.0,Direct,Saturday,2026-06,fbg_data.csv,cloudbeds
5311450081053,2026-06-06,2026-06-07,1,Great Lodge: King Room,,350.0,395.5,2026-06-03,3,350.0,Direct,Saturday,2026-06,fbg_data.csv,cloudbeds
5296547393486,2026-06-06,2026-06-08,2,Diamond,,1212.0,1369.56,2026-06-03,3,606.0,Direct,Saturday,2026-06,fbg_data.csv,cloudbeds
2185239264618,2026-06-15,2026-06-17,2,Great Lodge: King Room,,418.0,472.34,2026-06-03,12,209.0,Direct,Monday,2026-06,fbg_data.csv,cloudbeds
2170122657122,2026-07-03,2026-07-05,2,Cypress Lodge | Sleeps 4,,932.0,1053.16,2026-06-03,30,466.0,Direct,Friday,2026-07,fbg_data.csv,cloudbeds
3940002645424,2026-07-23,2026-07-26,3,Cypress Lodge | Sleeps 2,,1275.0,1440.75,2026-06-04,49,425.0,Direct,Thursday,2026-07,fbg_data.csv,cloudbeds
4290638723013,2026-07-16,2026-07-19,3,Spiral,,1302.0,1471.26,2026-06-04,42,434.0,Direct,Thursday,2026-07,fbg_data.csv,cloudbeds
4741517262782,2026-06-04,2026-06-05,1,Buckeye Bungalow,,277.28,0.0,2026-06-04,0,277.28,Expedia,Thursday,2026-06,fbg_data.csv,cloudbeds
7373349619391,2026-06-06,2026-06-07,1,Pecan Haus,,397.34,448.99,2026-06-04,2,397.34,Booking.com,Saturday,2026-06,fbg_data.csv,cloudbeds
7172826230792,2026-06-05,2026-06-07,2,Cypress Lodge | Sleeps 4,,1274.58,0.0,2026-06-04,1,637.29,Expedia,Friday,2026-06,fbg_data.csv,cloudbeds
6037690930940,2026-06-06,2026-06-07,1,Great Lodge: King Room,,302.21,0.0,2026-06-04,2,302.21,Expedia,Saturday,2026-06,fbg_data.csv,cloudbeds
5590838960299,2026-06-17,2026-06-18,1,Winecup,,254.0,552.83,2026-06-04,13,254.0,Direct,Wednesday,2026-06,fbg_data.csv,cloudbeds
9156750260874,2026-06-28,2026-06-29,1,Pecan Haus,,186.07,0.0,2026-06-04,24,186.07,Expedia,Sunday,2026-06,fbg_data.csv,cloudbeds
3483097467297,2026-06-29,2026-07-02,3,Winecup,,803.0,1014.74,2026-06-04,25,267.6666666666667,Direct,Monday,2026-06,fbg_data.csv,cloudbeds
9862782486811,2026-07-08,2026-07-10,2,Winecup,,610.69,0.0,2026-06-04,34,305.345,Expedia,Wednesday,2026-07,fbg_data.csv,cloudbeds
8945040604587,2026-07-15,2026-07-16,1,Post Oak,,173.69,0.0,2026-06-04,41,173.69,Expedia,Wednesday,2026-07,fbg_data.csv,cloudbeds
9848611387640,2026-08-10,2026-08-12,2,Sage Safari,,363.94,0.0,2026-06-05,66,181.97,Expedia,Monday,2026-08,fbg_data.csv,cloudbeds
4888971610383,2026-07-16,2026-07-18,2,Lantana Dome,,616.0,1417.01,2026-06-05,41,308.0,Direct,Thursday,2026-07,fbg_data.csv,cloudbeds
4360674276600,2026-06-06,2026-06-07,1,Sage Safari,,467.47,0.0,2026-06-05,1,467.47,Expedia,Saturday,2026-06,fbg_data.csv,cloudbeds
9927441886332,2026-06-07,2026-06-08,1,Spiral,,260.0,293.8,2026-06-05,2,260.0,Direct,Sunday,2026-06,fbg_data.csv,cloudbeds
9036640716338,2026-06-07,2026-06-09,2,Post Oak,,585.0,661.05,2026-06-05,2,292.5,Direct,Sunday,2026-06,fbg_data.csv,cloudbeds
5430418835949,2026-06-09,2026-06-10,1,Quonset,,250.0,282.5,2026-06-05,4,250.0,Direct,Tuesday,2026-06,fbg_data.csv,cloudbeds
9191304616730,2026-06-10,2026-06-11,1,Post Oak,,263.0,297.19,2026-06-05,5,263.0,Direct,Wednesday,2026-06,fbg_data.csv,cloudbeds
9772907741150,2026-06-10,2026-06-11,1,Sage Safari,,224.0,276.85,2026-06-05,5,224.0,Direct,Wednesday,2026-06,fbg_data.csv,cloudbeds
1118151124043,2026-06-11,2026-06-12,1,Buckeye Bungalow,,295.0,333.35,2026-06-05,6,295.0,Direct,Thursday,2026-06,fbg_data.csv,cloudbeds
8328269700010,2026-06-12,2026-06-13,1,Monarch,,718.0,1713.08,2026-06-05,7,718.0,Direct,Friday,2026-06,fbg_data.csv,cloudbeds
3654490444150,2026-06-12,2026-06-14,2,Great Lodge: King Room,,786.0,888.18,2026-06-05,7,393.0,Direct,Friday,2026-06,fbg_data.csv,cloudbeds
8975817749419,2026-06-12,2026-06-14,2,Great Lodge: King Room,,786.0,888.18,2026-06-05,7,393.0,Direct,Friday,2026-06,fbg_data.csv,cloudbeds
8125901900973,2026-06-19,2026-06-21,2,Diamond,,1734.0,1959.42,2026-06-05,14,867.0,Direct,Friday,2026-06,fbg_data.csv,cloudbeds
9377565812845,2026-07-23,2026-07-26,3,Monolith,,2133.0,2410.29,2026-06-05,48,711.0,Direct,Thursday,2026-07,fbg_data.csv,cloudbeds
2594891956371,2026-07-10,2026-07-11,1,Juniper Haus,,328.0,370.64,2026-06-05,35,328.0,Direct,Friday,2026-07,fbg_data.csv,cloudbeds
9458557367388,2026-06-07,2026-06-09,2,Buckeye Bungalow,,471.15,0.0,2026-06-06,1,235.575,Expedia,Sunday,2026-06,fbg_data.csv,cloudbeds
5855041142961,2026-06-08,2026-06-09,1,Quonset,,260.0,293.8,2026-06-06,2,260.0,Direct,Monday,2026-06,fbg_data.csv,cloudbeds
1738727494305,2026-06-10,2026-06-11,1,Quonset,,256.0,396.63,2026-06-06,4,256.0,Direct,Wednesday,2026-06,fbg_data.csv,cloudbeds
6901664591793,2026-06-11,2026-06-12,1,Sage Safari,,400.0,559.35,2026-06-06,5,400.0,Direct,Thursday,2026-06,fbg_data.csv,cloudbeds
2206006362312,2026-06-15,2026-06-16,1,Spyglass,,324.8,367.03,2026-06-06,9,324.8,Direct,Monday,2026-06,fbg_data.csv,cloudbeds
7598328642907,2026-06-26,2026-06-28,2,Juniper Haus,,599.38,0.0,2026-06-06,20,299.69,Expedia,Friday,2026-06,fbg_data.csv,cloudbeds
5856154991785,2026-11-22,2026-11-26,4,Walnut House,,1999.55,2259.5,2026-06-07,168,499.8875,Direct,Sunday,2026-11,fbg_data.csv,cloudbeds
1886006444473,2026-08-24,2026-08-27,3,Walnut House,,792.0,894.96,2026-06-07,78,264.0,Direct,Monday,2026-08,fbg_data.csv,cloudbeds
7647022959113,2026-06-07,2026-06-09,2,Pecan Haus,,466.0,526.58,2026-06-07,0,233.0,Direct,Sunday,2026-06,fbg_data.csv,cloudbeds
7963806462218,2026-06-26,2026-06-28,2,Cypress Lodge | Sleeps 2,,801.42,0.0,2026-06-07,19,400.71,Expedia,Friday,2026-06,fbg_data.csv,cloudbeds
6854881003663,2026-06-26,2026-06-28,2,Monarch,,1450.0,1638.5,2026-06-07,19,725.0,Direct,Friday,2026-06,fbg_data.csv,cloudbeds
3806651805190,2026-06-29,2026-07-01,2,Diamond,,618.0,698.34,2026-06-07,22,309.0,Direct,Monday,2026-06,fbg_data.csv,cloudbeds
3022433301146,2026-07-03,2026-07-05,2,Juniper Haus,,958.0,1082.54,2026-06-07,26,479.0,Direct,Friday,2026-07,fbg_data.csv,cloudbeds
7630521181250,2026-07-02,2026-07-06,4,Winecup,,2440.0,2864.55,2026-06-07,25,610.0,Direct,Thursday,2026-07,fbg_data.csv,cloudbeds
8470400563506,2026-06-09,2026-06-10,1,Walnut House,,263.0,404.54,2026-06-08,1,263.0,Direct,Tuesday,2026-06,fbg_data.csv,cloudbeds
9010136737524,2026-06-10,2026-06-12,2,Cocoon,,594.0,671.22,2026-06-08,2,297.0,Direct,Wednesday,2026-06,fbg_data.csv,cloudbeds
3874693457997,2026-06-11,2026-06-14,3,Diamond,,1659.0,1874.67,2026-06-08,3,553.0,Direct,Thursday,2026-06,fbg_data.csv,cloudbeds
2997268922266,2026-06-12,2026-06-14,2,Cedar Haus,,601.19,0.0,2026-06-08,4,300.595,Expedia,Friday,2026-06,fbg_data.csv,cloudbeds
7483005142896,2026-06-12,2026-06-15,3,Winecup,,1527.0,1832.86,2026-06-08,4,509.0,Direct,Friday,2026-06,fbg_data.csv,cloudbeds
7892729490745,2026-06-15,2026-06-17,2,Great Lodge: King Room,,408.0,461.04,2026-06-08,7,204.0,Direct,Monday,2026-06,fbg_data.csv,cloudbeds
5991991552875,2026-06-17,2026-06-19,2,Cedar Haus,,495.0,0.0,2026-06-08,9,247.5,Expedia,Wednesday,2026-06,fbg_data.csv,cloudbeds
5991991552875,2026-06-17,2026-06-19,2,Diamond,,495.0,0.0,2026-06-08,9,247.5,Expedia,Wednesday,2026-06,fbg_data.csv,cloudbeds
3415132785230,2026-06-20,2026-06-22,2,Pecan Haus,,757.0,855.41,2026-06-08,12,378.5,Direct,Saturday,2026-06,fbg_data.csv,cloudbeds
9937113976323,2026-07-02,2026-07-05,3,Bluebonnet,,1961.7,2324.06,2026-06-08,24,653.9,Direct,Thursday,2026-07,fbg_data.csv,cloudbeds
4389491037577,2026-08-18,2026-08-19,1,Cocoon,,239.0,270.07,2026-06-09,70,239.0,Direct,Tuesday,2026-08,fbg_data.csv,cloudbeds
5070675737008,2026-07-24,2026-07-26,2,Post Oak,,754.82,852.94,2026-06-09,45,377.41,Direct,Friday,2026-07,fbg_data.csv,cloudbeds
8705132411454,2026-08-11,2026-08-13,2,Live Oak Lodge,,740.0,836.2,2026-06-09,63,370.0,Direct,Tuesday,2026-08,fbg_data.csv,cloudbeds
5981490893490,2026-09-04,2026-09-07,3,Sage Safari,,1762.0,1991.06,2026-06-09,87,587.3333333333334,Direct,Friday,2026-09,fbg_data.csv,cloudbeds
9124762448166,2026-06-10,2026-06-11,1,Bluebonnet,,173.76,0.0,2026-06-09,1,173.76,Expedia,Wednesday,2026-06,fbg_data.csv,cloudbeds
9017236954755,2026-06-10,2026-06-11,1,Juniper Haus,,204.0,230.52,2026-06-09,1,204.0,Direct,Wednesday,2026-06,fbg_data.csv,cloudbeds
4520133717052,2026-06-10,2026-06-11,1,Winecup,,244.0,275.72,2026-06-09,1,244.0,Direct,Wednesday,2026-06,fbg_data.csv,cloudbeds
6527472121008,2026-06-13,2026-06-14,1,Pecan Haus,,394.0,445.22,2026-06-09,4,394.0,Direct,Saturday,2026-06,fbg_data.csv,cloudbeds
2531956521477,2026-06-12,2026-06-14,2,Bluebonnet,,1074.0,1213.62,2026-06-09,3,537.0,Direct,Friday,2026-06,fbg_data.csv,cloudbeds
9189701922176,2026-06-13,2026-06-14,1,Great Lodge: King Room,,500.0,0.0,2026-06-09,4,500.0,Airbnb,Saturday,2026-06,fbg_data.csv,cloudbeds
1584233471308,2026-06-13,2026-06-14,1,Juniper Haus,,377.0,426.01,2026-06-09,4,377.0,Direct,Saturday,2026-06,fbg_data.csv,cloudbeds
3545522889203,2026-06-13,2026-06-14,1,Diamond,,679.0,767.27,2026-06-09,4,679.0,Direct,Saturday,2026-06,fbg_data.csv,cloudbeds
5736421540327,2026-06-14,2026-06-15,1,Great Lodge: King Room,,239.32,0.0,2026-06-09,5,239.32,Expedia,Sunday,2026-06,fbg_data.csv,cloudbeds
6070094978450,2026-06-15,2026-06-17,2,Quonset,,514.6,581.5,2026-06-09,6,257.3,Direct,Monday,2026-06,fbg_data.csv,cloudbeds
8081355844357,2026-06-15,2026-06-18,3,Great Lodge: King Room,,716.0,809.08,2026-06-09,6,238.66666666666666,Direct,Monday,2026-06,fbg_data.csv,cloudbeds
8081355844357,2026-06-15,2026-06-18,3,Winecup,,716.0,809.08,2026-06-09,6,238.66666666666666,Direct,Monday,2026-06,fbg_data.csv,cloudbeds
4017898403248,2026-06-18,2026-06-19,1,Cypress Lodge | Sleeps 2,,298.0,336.74,2026-06-09,9,298.0,Direct,Thursday,2026-06,fbg_data.csv,cloudbeds
1724696453003,2026-06-22,2026-06-23,1,Cypress Lodge | Sleeps 2,,242.83,0.0,2026-06-09,13,242.83,Expedia,Monday,2026-06,fbg_data.csv,cloudbeds
5043792145949,2026-06-25,2026-06-26,1,Monarch,,427.0,0.0,2026-06-09,16,427.0,Airbnb,Thursday,2026-06,fbg_data.csv,cloudbeds
8738811200930,2026-06-26,2026-06-28,2,Spyglass,,1400.2,1582.24,2026-06-09,17,700.1,Direct,Friday,2026-06,fbg_data.csv,cloudbeds
4543394560525,2026-06-28,2026-07-01,3,Bluebonnet,,837.0,945.81,2026-06-09,19,279.0,Direct,Sunday,2026-06,fbg_data.csv,cloudbeds
2403417283478,2026-06-28,2026-07-01,3,Diamond,,930.3,1051.24,2026-06-09,19,310.09999999999997,Direct,Sunday,2026-06,fbg_data.csv,cloudbeds
9689160689539,2026-07-31,2026-08-02,2,Monolith,,1976.0,2445.31,2026-06-10,51,988.0,Direct,Friday,2026-07,fbg_data.csv,cloudbeds
6585808327577,2026-10-12,2026-10-14,2,Bluebonnet,,829.0,936.77,2026-06-10,124,414.5,Direct,Monday,2026-10,fbg_data.csv,cloudbeds
4056774323855,2026-07-17,2026-07-19,2,Cypress Lodge | Sleeps 2,,812.0,917.56,2026-06-10,37,406.0,Direct,Friday,2026-07,fbg_data.csv,cloudbeds
5927306488125,2026-07-16,2026-07-17,1,Sage Safari,,213.66,0.0,2026-06-10,36,213.66,Expedia,Thursday,2026-07,fbg_data.csv,cloudbeds
4736373659721,2026-06-10,2026-06-11,1,Live Oak Lodge,,377.9,427.02,2026-06-10,0,377.9,Direct,Wednesday,2026-06,fbg_data.csv,cloudbeds
7477916801485,2026-06-11,2026-06-12,1,Great Lodge: King Room,,207.43,0.0,2026-06-10,1,207.43,Expedia,Thursday,2026-06,fbg_data.csv,cloudbeds
3989500333174,2026-06-11,2026-06-12,1,Great Lodge: King Room,,234.0,264.42,2026-06-10,1,234.0,Direct,Thursday,2026-06,fbg_data.csv,cloudbeds
1265373703024,2026-06-11,2026-06-12,1,Great Lodge: King Room,,234.0,264.42,2026-06-10,1,234.0,Direct,Thursday,2026-06,fbg_data.csv,cloudbeds
3918073120318,2026-06-11,2026-06-12,1,Bluebonnet,,261.1,295.05,2026-06-10,1,261.1,Direct,Thursday,2026-06,fbg_data.csv,cloudbeds
5915145848707,2026-06-11,2026-06-12,1,Cypress Lodge | Sleeps 2,,236.56,0.0,2026-06-10,1,236.56,Expedia,Thursday,2026-06,fbg_data.csv,cloudbeds
9842216772819,2026-06-12,2026-06-13,1,Buckeye Bungalow,,551.0,622.63,2026-06-10,2,551.0,Direct,Friday,2026-06,fbg_data.csv,cloudbeds
4964535947474,2026-06-12,2026-06-14,2,Cypress Lodge | Sleeps 4,,1350.39,0.0,2026-06-10,2,675.195,Expedia,Friday,2026-06,fbg_data.csv,cloudbeds
5065180740833,2026-06-13,2026-06-14,1,Buckeye Bungalow,,611.0,902.86,2026-06-10,3,611.0,Direct,Saturday,2026-06,fbg_data.csv,cloudbeds
8395566849776,2026-06-13,2026-06-14,1,Great Lodge: King Room,,386.0,436.18,2026-06-10,3,386.0,Direct,Saturday,2026-06,fbg_data.csv,cloudbeds
6467458295979,2026-06-21,2026-06-22,1,Live Oak Lodge,,473.3,534.83,2026-06-10,11,473.3,Direct,Sunday,2026-06,fbg_data.csv,cloudbeds
8484202096829,2026-06-27,2026-06-30,3,Live Oak Lodge,,2093.35,2580.18,2026-06-10,17,697.7833333333333,Direct,Saturday,2026-06,fbg_data.csv,cloudbeds
3710075628560,2026-07-03,2026-07-05,2,Monarch,,1794.0,2027.22,2026-06-10,23,897.0,Direct,Friday,2026-07,fbg_data.csv,cloudbeds
7399461808248,2026-08-04,2026-08-07,3,Monolith,,1314.0,1484.82,2026-06-10,55,438.0,Direct,Tuesday,2026-08,fbg_data.csv,cloudbeds
1713704784185,2026-07-09,2026-07-12,3,Great Lodge: King Room,,875.17,0.0,2026-06-10,29,291.7233333333333,Expedia,Thursday,2026-07,fbg_data.csv,cloudbeds
2880717768635,2026-07-09,2026-07-12,3,Great Lodge: King Room,,875.17,0.0,2026-06-10,29,291.7233333333333,Expedia,Thursday,2026-07,fbg_data.csv,cloudbeds
5754750322443,2026-07-21,2026-07-23,2,Monolith,,600.7,0.0,2026-06-11,40,300.35,Expedia,Tuesday,2026-07,fbg_data.csv,cloudbeds
8983267783533,2026-09-21,2026-09-23,2,Monarch,,675.0,0.0,2026-06-11,102,337.5,Airbnb,Monday,2026-09,fbg_data.csv,cloudbeds
2517411845120,2026-06-11,2026-06-13,2,Pecan Haus,,623.0,703.99,2026-06-11,0,311.5,Direct,Thursday,2026-06,fbg_data.csv,cloudbeds
9893743592888,2026-06-12,2026-06-13,1,Diamond,,727.0,0.0,2026-06-11,1,727.0,Airbnb,Friday,2026-06,fbg_data.csv,cloudbeds
1605636127377,2026-06-14,2026-06-15,1,Monolith,,397.0,448.61,2026-06-11,3,397.0,Direct,Sunday,2026-06,fbg_data.csv,cloudbeds
8493986781381,2026-06-22,2026-06-25,3,Great Lodge: King Room,,778.99,0.0,2026-06-11,11,259.66333333333336,Airbnb,Monday,2026-06,fbg_data.csv,cloudbeds
8782562099087,2026-06-25,2026-06-26,1,Diamond,,379.0,428.27,2026-06-11,14,379.0,Direct,Thursday,2026-06,fbg_data.csv,cloudbeds
4201370146834,2026-06-24,2026-06-27,3,Cedar Haus,,907.0,1024.91,2026-06-11,13,302.3333333333333,Direct,Wednesday,2026-06,fbg_data.csv,cloudbeds
1713808434797,2026-06-26,2026-06-28,2,Great Lodge: King Room,,782.0,883.66,2026-06-11,15,391.0,Direct,Friday,2026-06,fbg_data.csv,cloudbeds
6980105943714,2026-06-26,2026-06-28,2,Sage Safari,,1286.0,1665.61,2026-06-11,15,643.0,Direct,Friday,2026-06,fbg_data.csv,cloudbeds
6379107118866,2026-06-26,2026-06-28,2,Spiral,,1124.24,0.0,2026-06-11,15,562.12,Expedia,Friday,2026-06,fbg_data.csv,cloudbeds
9202469634601,2026-07-12,2026-07-13,1,Cocoon,,204.11,0.0,2026-06-11,31,204.11,Expedia,Sunday,2026-07,fbg_data.csv,cloudbeds
7668010015425,2026-07-17,2026-07-19,2,Great Lodge: King Room,,726.0,820.38,2026-06-12,35,363.0,Direct,Friday,2026-07,fbg_data.csv,cloudbeds
8145028950614,2026-06-12,2026-06-13,1,Monolith,,627.0,708.51,2026-06-12,0,627.0,Direct,Friday,2026-06,fbg_data.csv,cloudbeds
4386791818966,2026-06-12,2026-06-13,1,Juniper Haus,,391.2,0.0,2026-06-12,0,391.2,Airbnb,Friday,2026-06,fbg_data.csv,cloudbeds
3369390033646,2026-06-12,2026-06-14,2,Cypress Lodge | Sleeps 4,,1403.0,1585.39,2026-06-12,0,701.5,Direct,Friday,2026-06,fbg_data.csv,cloudbeds
1833836974905,2026-06-13,2026-06-15,2,Quonset,,982.0,1109.66,2026-06-12,1,491.0,Direct,Saturday,2026-06,fbg_data.csv,cloudbeds
9610774045395,2026-06-14,2026-06-15,1,Sage Safari,,279.0,315.27,2026-06-12,2,279.0,Direct,Sunday,2026-06,fbg_data.csv,cloudbeds
7902166452159,2026-06-17,2026-06-18,1,Buckeye Bungalow,,238.0,268.94,2026-06-12,5,238.0,Direct,Wednesday,2026-06,fbg_data.csv,cloudbeds
9948468568924,2026-06-17,2026-06-18,1,Quonset,,244.0,275.72,2026-06-12,5,244.0,Direct,Wednesday,2026-06,fbg_data.csv,cloudbeds
3077501486842,2026-06-17,2026-06-18,1,Great Lodge: King Room,,212.61,289.28,2026-06-12,5,212.61,Direct,Wednesday,2026-06,fbg_data.csv,cloudbeds
5392136885216,2026-06-19,2026-06-21,2,Cocoon,,1309.0,1479.17,2026-06-12,7,654.5,Direct,Friday,2026-06,fbg_data.csv,cloudbeds
1501309059584,2026-06-22,2026-06-24,2,Pecan Haus,,472.0,533.36,2026-06-12,10,236.0,Direct,Monday,2026-06,fbg_data.csv,cloudbeds
4886785811456,2026-07-01,2026-07-03,2,Cocoon,,483.66,0.0,2026-06-12,19,241.83,Expedia,Wednesday,2026-07,fbg_data.csv,cloudbeds
6081652938680,2026-07-01,2026-07-03,2,Juniper Haus,,481.0,543.53,2026-06-12,19,240.5,Direct,Wednesday,2026-07,fbg_data.csv,cloudbeds
8582585052088,2026-07-06,2026-07-08,2,Diamond,,628.0,709.64,2026-06-12,24,314.0,Direct,Monday,2026-07,fbg_data.csv,cloudbeds
1267286931110,2026-07-09,2026-07-12,3,Great Lodge: King Room,,1038.51,0.0,2026-06-12,27,346.17,Expedia,Thursday,2026-07,fbg_data.csv,cloudbeds
3914318949354,2026-07-17,2026-07-20,3,Great Lodge: King Room,,983.0,1110.79,2026-06-12,35,327.6666666666667,Direct,Friday,2026-07,fbg_data.csv,cloudbeds
1303182073902,2026-07-14,2026-07-16,2,Bluebonnet,,448.0,506.24,2026-06-12,32,224.0,Direct,Tuesday,2026-07,fbg_data.csv,cloudbeds
8849755759692,2026-07-20,2026-07-22,2,Cypress Lodge | Sleeps 2,,508.0,574.04,2026-06-13,37,254.0,Direct,Monday,2026-07,fbg_data.csv,cloudbeds
8986438281791,2026-07-31,2026-08-02,2,Cocoon,,1010.66,0.0,2026-06-13,48,505.33,Expedia,Friday,2026-07,fbg_data.csv,cloudbeds
6516955727461,2026-08-21,2026-08-23,2,Monolith,,1689.2,1908.8,2026-06-13,69,844.6,Direct,Friday,2026-08,fbg_data.csv,cloudbeds
3320910624731,2026-10-29,2026-11-01,3,Cypress Lodge | Sleeps 2,,1405.65,1588.37,2026-06-13,138,468.55,Direct,Thursday,2026-10,fbg_data.csv,cloudbeds
5893093978103,2026-08-05,2026-08-07,2,Diamond,,633.0,715.29,2026-06-13,53,316.5,Direct,Wednesday,2026-08,fbg_data.csv,cloudbeds
3691019169927,2026-06-14,2026-06-15,1,Monarch,,304.0,343.52,2026-06-13,1,304.0,Direct,Sunday,2026-06,fbg_data.csv,cloudbeds
1339713844811,2026-06-14,2026-06-16,2,Cypress Lodge | Sleeps 2,,521.0,588.73,2026-06-13,1,260.5,Direct,Sunday,2026-06,fbg_data.csv,cloudbeds
4729804592830,2026-06-16,2026-06-17,1,Great Lodge: King Room,,195.55,220.97,2026-06-13,3,195.55,Direct,Tuesday,2026-06,fbg_data.csv,cloudbeds
9509116182753,2026-06-17,2026-06-19,2,Quonset,,507.52,0.0,2026-06-13,4,253.76,Expedia,Wednesday,2026-06,fbg_data.csv,cloudbeds
1971374358821,2026-06-18,2026-06-20,2,Diamond,,1156.0,1306.28,2026-06-13,5,578.0,Direct,Thursday,2026-06,fbg_data.csv,cloudbeds
8292783895558,2026-06-21,2026-06-22,1,Monolith,,384.0,433.92,2026-06-13,8,384.0,Direct,Sunday,2026-06,fbg_data.csv,cloudbeds
4020381136756,2026-10-25,2026-10-30,5,Spyglass,,3038.5,3433.52,2026-06-14,133,607.7,Direct,Sunday,2026-10,fbg_data.csv,cloudbeds
9426741983161,2026-07-31,2026-08-02,2,Great Lodge: King Room,,752.0,849.76,2026-06-14,47,376.0,Direct,Friday,2026-07,fbg_data.csv,cloudbeds
3841254371574,2026-07-16,2026-07-19,3,Quonset,,1487.0,1787.66,2026-06-14,32,495.6666666666667,Direct,Thursday,2026-07,fbg_data.csv,cloudbeds
9662419710880,2026-09-04,2026-09-07,3,Diamond,,2392.0,2702.96,2026-06-14,82,797.3333333333334,Direct,Friday,2026-09,fbg_data.csv,cloudbeds
8301559763842,2026-06-17,2026-06-18,1,Great Lodge: King Room,,204.0,230.52,2026-06-14,3,204.0,Direct,Wednesday,2026-06,fbg_data.csv,cloudbeds
9573770917810,2026-06-17,2026-06-18,1,Spiral,,244.0,275.72,2026-06-14,3,244.0,Direct,Wednesday,2026-06,fbg_data.csv,cloudbeds
9630597111739,2026-06-19,2026-06-21,2,Cypress Lodge | Sleeps 4,,1447.0,1847.54,2026-06-14,5,723.5,Direct,Friday,2026-06,fbg_data.csv,cloudbeds
1075885760581,2026-06-21,2026-06-22,1,Cypress Lodge | Sleeps 2,,243.31,21.53,2026-06-14,7,243.31,Expedia,Sunday,2026-06,fbg_data.csv,cloudbeds
1847727327390,2026-06-25,2026-06-26,1,Great Lodge: King Room,,275.0,310.75,2026-06-14,11,275.0,Direct,Thursday,2026-06,fbg_data.csv,cloudbeds
4369677431219,2026-06-26,2026-06-28,2,Walnut House,,1338.0,0.0,2026-06-14,12,669.0,Direct,Friday,2026-06,fbg_data.csv,cloudbeds
5607839890751,2026-06-30,2026-07-02,2,Monolith,,825.18,932.45,2026-06-14,16,412.59,Booking.com,Tuesday,2026-06,fbg_data.csv,cloudbeds
2320801505367,2026-07-11,2026-07-12,1,Juniper Haus,,302.08,0.0,2026-06-14,27,302.08,Expedia,Saturday,2026-07,fbg_data.csv,cloudbeds
5466909655765,2026-08-18,2026-08-20,2,Monolith,,684.0,772.92,2026-06-15,64,342.0,Direct,Tuesday,2026-08,fbg_data.csv,cloudbeds
6692223178170,2026-07-26,2026-07-27,1,Cocoon,,207.39,0.0,2026-06-15,41,207.39,Expedia,Sunday,2026-07,fbg_data.csv,cloudbeds
6278320150632,2026-11-24,2026-11-26,2,Post Oak,,490.59,0.0,2026-06-15,162,245.295,Expedia,Tuesday,2026-11,fbg_data.csv,cloudbeds
2779429550265,2026-11-09,2026-11-14,5,Lantana Dome,,1939.0,2298.42,2026-06-15,147,387.8,Direct,Monday,2026-11,fbg_data.csv,cloudbeds
6917713106505,2026-12-15,2026-12-17,2,Spyglass,,493.58,0.0,2026-06-15,183,246.79,Expedia,Tuesday,2026-12,fbg_data.csv,cloudbeds
3140062116421,2026-08-29,2026-08-31,2,Diamond,,911.0,1029.43,2026-06-15,75,455.5,Direct,Saturday,2026-08,fbg_data.csv,cloudbeds
7893797576594,2026-08-16,2026-08-18,2,Cypress Lodge | Sleeps 2,,399.32,0.0,2026-06-15,62,199.66,Expedia,Sunday,2026-08,fbg_data.csv,cloudbeds
4207005582817,2026-07-30,2026-07-31,1,Cocoon,,306.0,345.78,2026-06-15,45,306.0,Direct,Thursday,2026-07,fbg_data.csv,cloudbeds
1584176527249,2026-07-20,2026-07-22,2,Monarch,,540.0,610.2,2026-06-15,35,270.0,Direct,Monday,2026-07,fbg_data.csv,cloudbeds
3786326936399,2026-06-15,2026-06-16,1,Great Lodge: King Room,,204.0,230.52,2026-06-15,0,204.0,Direct,Monday,2026-06,fbg_data.csv,cloudbeds
3056882553172,2026-06-15,2026-06-16,1,Great Lodge: King Room,,204.0,230.52,2026-06-15,0,204.0,Direct,Monday,2026-06,fbg_data.csv,cloudbeds
2749002361582,2026-06-16,2026-06-17,1,Spyglass,,328.0,370.64,2026-06-15,1,328.0,Direct,Tuesday,2026-06,fbg_data.csv,cloudbeds
1444433473970,2026-06-16,2026-06-17,1,Spiral,,244.0,275.72,2026-06-15,1,244.0,Direct,Tuesday,2026-06,fbg_data.csv,cloudbeds
8242885359757,2026-06-16,2026-06-17,1,Walnut House,,278.0,314.14,2026-06-15,1,278.0,Direct,Tuesday,2026-06,fbg_data.csv,cloudbeds
6552658316591,2026-06-15,2026-06-17,2,Great Lodge: King Room,,345.34,0.0,2026-06-15,0,172.67,Expedia,Monday,2026-06,fbg_data.csv,cloudbeds
5578662208188,2026-06-17,2026-06-18,1,Great Lodge: King Room,,172.67,0.0,2026-06-15,2,172.67,Expedia,Wednesday,2026-06,fbg_data.csv,cloudbeds
2614855839475,2026-06-17,2026-06-18,1,Great Lodge: King Room,,172.67,0.0,2026-06-15,2,172.67,Expedia,Wednesday,2026-06,fbg_data.csv,cloudbeds
2344206344666,2026-06-16,2026-06-18,2,Great Lodge: King Room,,408.0,461.04,2026-06-15,1,204.0,Direct,Tuesday,2026-06,fbg_data.csv,cloudbeds
1759607048453,2026-06-16,2026-06-18,2,Sage Safari,,486.0,549.18,2026-06-15,1,243.0,Direct,Tuesday,2026-06,fbg_data.csv,cloudbeds
4950217298836,2026-06-18,2026-06-19,1,Monarch,,284.0,518.67,2026-06-15,3,284.0,Direct,Thursday,2026-06,fbg_data.csv,cloudbeds
8393059143253,2026-06-18,2026-06-19,1,Monolith,,350.0,395.5,2026-06-15,3,350.0,Direct,Thursday,2026-06,fbg_data.csv,cloudbeds
3959356193039,2026-06-19,2026-06-21,2,Diamond,,1521.0,1718.73,2026-06-15,4,760.5,Direct,Friday,2026-06,fbg_data.csv,cloudbeds
1208545068444,2026-06-29,2026-07-01,2,Great Lodge: King Room,,408.0,461.04,2026-06-15,14,204.0,Direct,Monday,2026-06,fbg_data.csv,cloudbeds
3376684686097,2026-07-01,2026-07-02,1,Monolith,,338.0,381.94,2026-06-15,16,338.0,Direct,Wednesday,2026-07,fbg_data.csv,cloudbeds
8832142667285,2026-07-10,2026-07-11,1,Quonset,,613.0,692.69,2026-06-15,25,613.0,Direct,Friday,2026-07,fbg_data.csv,cloudbeds
6691902133243,2026-07-10,2026-07-12,2,Diamond,,1536.0,1735.68,2026-06-15,25,768.0,Direct,Friday,2026-07,fbg_data.csv,cloudbeds
2919211436538,2026-08-10,2026-08-12,2,Cocoon,,448.0,506.24,2026-06-16,55,224.0,Direct,Monday,2026-08,fbg_data.csv,cloudbeds
4735957474959,2026-07-17,2026-07-19,2,Monolith,,1630.0,1841.9,2026-06-16,31,815.0,Direct,Friday,2026-07,fbg_data.csv,cloudbeds
5882723256914,2026-09-11,2026-09-14,3,Monolith,,2159.7,2629.8,2026-06-16,87,719.9,Direct,Friday,2026-09,fbg_data.csv,cloudbeds
4279568588445,2026-06-18,2026-06-19,1,Diamond,,305.0,344.65,2026-06-16,2,305.0,Direct,Thursday,2026-06,fbg_data.csv,cloudbeds
8633192852475,2026-06-18,2026-06-19,1,Sage Safari,,211.43,0.0,2026-06-16,2,211.43,Expedia,Thursday,2026-06,fbg_data.csv,cloudbeds
7058082136018,2026-06-18,2026-06-20,2,Post Oak,,829.0,1202.58,2026-06-16,2,414.5,Direct,Thursday,2026-06,fbg_data.csv,cloudbeds
4935893836454,2026-06-19,2026-06-21,2,Juniper Haus,,770.0,870.1,2026-06-16,3,385.0,Direct,Friday,2026-06,fbg_data.csv,cloudbeds
6394447077683,2026-06-19,2026-06-21,2,Bluebonnet,,917.0,1131.21,2026-06-16,3,458.5,Direct,Friday,2026-06,fbg_data.csv,cloudbeds
9146775417341,2026-06-22,2026-06-24,2,Cocoon,,518.0,692.69,2026-06-16,6,259.0,Direct,Monday,2026-06,fbg_data.csv,cloudbeds
8151170945253,2026-06-22,2026-06-25,3,Quonset,,873.0,1198.92,2026-06-16,6,291.0,Direct,Monday,2026-06,fbg_data.csv,cloudbeds
5759382665403,2026-06-25,2026-06-28,3,Winecup,,1609.0,1818.17,2026-06-16,9,536.3333333333334,Direct,Thursday,2026-06,fbg_data.csv,cloudbeds
2739430907024,2026-06-28,2026-06-29,1,Walnut House,,251.95,0.0,2026-06-16,12,251.95,Expedia,Sunday,2026-06,fbg_data.csv,cloudbeds
9276351015889,2026-06-28,2026-06-29,1,Spiral,,283.0,319.79,2026-06-16,12,283.0,Direct,Sunday,2026-06,fbg_data.csv,cloudbeds
3320640296342,2026-06-29,2026-06-30,1,Spiral,,254.0,287.02,2026-06-16,13,254.0,Direct,Monday,2026-06,fbg_data.csv,cloudbeds
8284263694695,2026-07-01,2026-07-03,2,Pecan Haus,,360.83,0.0,2026-06-16,15,180.415,Expedia,Wednesday,2026-07,fbg_data.csv,cloudbeds
1028644714190,2026-07-10,2026-07-12,2,Quonset,,1220.0,1591.03,2026-06-16,24,610.0,Direct,Friday,2026-07,fbg_data.csv,cloudbeds
6390050723159,2026-07-27,2026-07-30,3,Cypress Lodge | Sleeps 4,,655.0,740.15,2026-06-16,41,218.33333333333334,Direct,Monday,2026-07,fbg_data.csv,cloudbeds
4955411308945,2026-07-23,2026-07-25,2,Quonset,,944.0,1066.72,2026-06-17,36,472.0,Direct,Thursday,2026-07,fbg_data.csv,cloudbeds
1551241264779,2026-07-18,2026-07-21,3,Pecan Haus,,796.0,899.48,2026-06-17,31,265.3333333333333,Direct,Saturday,2026-07,fbg_data.csv,cloudbeds
9661921177730,2026-10-31,2026-11-02,2,Spiral,,926.0,1046.38,2026-06-17,136,463.0,Direct,Saturday,2026-10,fbg_data.csv,cloudbeds
9494347287092,2026-07-15,2026-07-18,3,Pecan Haus,,786.09,0.0,2026-06-17,28,262.03000000000003,Expedia,Wednesday,2026-07,fbg_data.csv,cloudbeds
8437551202844,2026-07-17,2026-07-18,1,Quonset,,557.0,629.41,2026-06-17,30,557.0,Direct,Friday,2026-07,fbg_data.csv,cloudbeds
1340837270090,2026-06-17,2026-06-18,1,Pecan Haus,,204.0,230.52,2026-06-17,0,204.0,Direct,Wednesday,2026-06,fbg_data.csv,cloudbeds
5286045764304,2026-06-18,2026-06-19,1,Bluebonnet,,306.07,0.0,2026-06-17,1,306.07,Expedia,Thursday,2026-06,fbg_data.csv,cloudbeds
7792737514973,2026-06-18,2026-06-19,1,Cocoon,,240.0,271.2,2026-06-17,1,240.0,Direct,Thursday,2026-06,fbg_data.csv,cloudbeds
7303713279810,2026-06-19,2026-06-20,1,Lantana Dome,,511.0,577.43,2026-06-17,2,511.0,Direct,Friday,2026-06,fbg_data.csv,cloudbeds
3148452105792,2026-06-19,2026-06-20,1,Monarch,,626.0,707.38,2026-06-17,2,626.0,Direct,Friday,2026-06,fbg_data.csv,cloudbeds
8843821803469,2026-06-24,2026-06-26,2,Diamond,,678.0,766.14,2026-06-17,7,339.0,Direct,Wednesday,2026-06,fbg_data.csv,cloudbeds
4136759554185,2026-06-27,2026-06-28,1,Bluebonnet,,484.65,1274.64,2026-06-17,10,484.65,Direct,Saturday,2026-06,fbg_data.csv,cloudbeds
4796020674896,2026-06-26,2026-06-28,2,Post Oak,,872.0,985.36,2026-06-17,9,436.0,Direct,Friday,2026-06,fbg_data.csv,cloudbeds
4754052075148,2026-07-01,2026-07-02,1,Diamond,,288.0,325.44,2026-06-17,14,288.0,Direct,Wednesday,2026-07,fbg_data.csv,cloudbeds
5902498739066,2026-06-30,2026-07-02,2,Winecup,,507.0,572.91,2026-06-17,13,253.5,Direct,Tuesday,2026-06,fbg_data.csv,cloudbeds
2584541483856,2026-07-14,2026-07-16,2,Quonset,,488.0,658.79,2026-06-17,27,244.0,Direct,Tuesday,2026-07,fbg_data.csv,cloudbeds
1104961951949,2026-08-19,2026-08-21,2,Cypress Lodge | Sleeps 2,,513.0,687.04,2026-06-17,63,256.5,Direct,Wednesday,2026-08,fbg_data.csv,cloudbeds
4166253709806,2026-09-17,2026-09-18,1,Cocoon,,344.0,388.72,2026-06-18,91,344.0,Direct,Thursday,2026-09,fbg_data.csv,cloudbeds
1602592106918,2026-11-08,2026-11-10,2,Diamond,,922.0,1041.86,2026-06-18,143,461.0,Direct,Sunday,2026-11,fbg_data.csv,cloudbeds
4717669452397,2026-08-28,2026-08-30,2,Live Oak Lodge,,1637.0,0.0,2026-06-18,71,818.5,Airbnb,Friday,2026-08,fbg_data.csv,cloudbeds
4663937698093,2026-06-18,2026-06-19,1,Quonset,,352.0,397.76,2026-06-18,0,352.0,Direct,Thursday,2026-06,fbg_data.csv,cloudbeds
7473105428152,2026-06-18,2026-06-19,1,Cedar Haus,,227.0,256.51,2026-06-18,0,227.0,Direct,Thursday,2026-06,fbg_data.csv,cloudbeds
2141539689860,2026-06-19,2026-06-20,1,Pecan Haus,,385.26,435.35,2026-06-18,1,385.26,Booking.com,Friday,2026-06,fbg_data.csv,cloudbeds
7728999389345,2026-06-21,2026-06-23,2,Great Lodge: King Room,,476.0,537.88,2026-06-18,3,238.0,Direct,Sunday,2026-06,fbg_data.csv,cloudbeds
2297601870691,2026-06-21,2026-06-23,2,Bluebonnet,,504.52,0.0,2026-06-18,3,252.26,Expedia,Sunday,2026-06,fbg_data.csv,cloudbeds
6017594829349,2026-06-28,2026-06-29,1,Great Lodge: King Room,,173.69,0.0,2026-06-18,10,173.69,Expedia,Sunday,2026-06,fbg_data.csv,cloudbeds
9997576137323,2026-06-28,2026-06-29,1,Spyglass,,475.0,0.0,2026-06-18,10,475.0,Airbnb,Sunday,2026-06,fbg_data.csv,cloudbeds
2520085130397,2026-06-29,2026-06-30,1,Quonset,,148.1,252.11,2026-06-18,11,148.1,Direct,Monday,2026-06,fbg_data.csv,cloudbeds
9897893225691,2026-07-06,2026-07-08,2,Cocoon,,472.0,533.36,2026-06-18,18,236.0,Direct,Monday,2026-07,fbg_data.csv,cloudbeds
6775281711989,2026-07-06,2026-07-08,2,Great Lodge: King Room,,332.58,0.0,2026-06-18,18,166.29,Expedia,Monday,2026-07,fbg_data.csv,cloudbeds
4323310176365,2026-07-08,2026-07-10,2,Cypress Lodge | Sleeps 2,,528.0,596.64,2026-06-18,20,264.0,Direct,Wednesday,2026-07,fbg_data.csv,cloudbeds
6916848662509,2026-08-10,2026-08-11,1,Post Oak,,204.0,230.52,2026-06-19,52,204.0,Direct,Monday,2026-08,fbg_data.csv,cloudbeds
6368989908797,2026-12-11,2026-12-13,2,Live Oak Lodge,,1608.7,1817.82,2026-06-19,175,804.35,Direct,Friday,2026-12,fbg_data.csv,cloudbeds
3304275972954,2026-07-25,2026-07-26,1,Sage Safari,,538.0,607.94,2026-06-19,36,538.0,Direct,Saturday,2026-07,fbg_data.csv,cloudbeds
1337113123830,2026-06-19,2026-06-20,1,Winecup,,613.65,693.43,2026-06-19,0,613.65,Booking.com,Friday,2026-06,fbg_data.csv,cloudbeds
6903034529275,2026-06-20,2026-06-21,1,Quonset,,710.0,909.65,2026-06-19,1,710.0,Direct,Saturday,2026-06,fbg_data.csv,cloudbeds
2697989225061,2026-06-21,2026-06-22,1,Great Lodge: King Room,,266.0,300.58,2026-06-19,2,266.0,Direct,Sunday,2026-06,fbg_data.csv,cloudbeds
3098495264229,2026-06-21,2026-06-22,1,Diamond,,530.0,0.0,2026-06-19,2,530.0,Airbnb,Sunday,2026-06,fbg_data.csv,cloudbeds
4373451179512,2026-06-23,2026-06-24,1,Cypress Lodge | Sleeps 2,,235.33,0.0,2026-06-19,4,235.33,Expedia,Tuesday,2026-06,fbg_data.csv,cloudbeds
7980599184347,2026-06-22,2026-06-24,2,Great Lodge: King Room,,416.0,470.08,2026-06-19,3,208.0,Direct,Monday,2026-06,fbg_data.csv,cloudbeds
2764227221774,2026-06-25,2026-06-26,1,Great Lodge: King Room,,209.43,0.0,2026-06-19,6,209.43,Expedia,Thursday,2026-06,fbg_data.csv,cloudbeds
6308336225241,2026-06-26,2026-06-28,2,Winecup,,1244.0,1405.72,2026-06-19,7,622.0,Direct,Friday,2026-06,fbg_data.csv,cloudbeds
1415469889618,2026-06-28,2026-06-29,1,Monarch,,284.3,321.26,2026-06-19,9,284.3,Direct,Sunday,2026-06,fbg_data.csv,cloudbeds
9843404153300,2026-07-02,2026-07-03,1,Post Oak,,289.0,326.57,2026-06-19,13,289.0,Direct,Thursday,2026-07,fbg_data.csv,cloudbeds
7376701602083,2026-07-09,2026-07-10,1,Walnut House,,276.0,524.31,2026-06-19,20,276.0,Direct,Thursday,2026-07,fbg_data.csv,cloudbeds
4502132034843,2026-07-20,2026-07-22,2,Cypress Lodge | Sleeps 2,,401.82,0.0,2026-06-20,30,200.91,Expedia,Monday,2026-07,fbg_data.csv,cloudbeds
8913275400500,2026-07-30,2026-07-31,1,Sage Safari,,254.0,287.02,2026-06-20,40,254.0,Direct,Thursday,2026-07,fbg_data.csv,cloudbeds
8553459962796,2026-07-16,2026-07-18,2,Great Lodge: King Room,,526.82,0.0,2026-06-20,26,263.41,Expedia,Thursday,2026-07,fbg_data.csv,cloudbeds
9475647540101,2026-11-07,2026-11-08,1,Diamond,,919.35,1647.59,2026-06-20,140,919.35,Direct,Saturday,2026-11,fbg_data.csv,cloudbeds
2591620360795,2026-06-21,2026-06-22,1,Winecup,,348.0,393.24,2026-06-20,1,348.0,Direct,Sunday,2026-06,fbg_data.csv,cloudbeds
9012054562430,2026-06-21,2026-06-23,2,Diamond,,734.0,829.42,2026-06-20,1,367.0,Direct,Sunday,2026-06,fbg_data.csv,cloudbeds
6809142709514,2026-06-23,2026-06-24,1,Great Lodge: King Room,,206.0,232.78,2026-06-20,3,206.0,Direct,Tuesday,2026-06,fbg_data.csv,cloudbeds
9827524579751,2026-06-24,2026-06-26,2,Cypress Lodge | Sleeps 2,,596.0,664.38,2026-06-20,4,298.0,Hotelnet (Hotel Collect Booking),Wednesday,2026-06,fbg_data.csv,cloudbeds
8827237034117,2026-06-24,2026-06-26,2,Juniper Haus,,466.0,526.58,2026-06-20,4,233.0,Direct,Wednesday,2026-06,fbg_data.csv,cloudbeds
9046038245983,2026-06-26,2026-06-28,2,Quonset,,1236.0,1396.68,2026-06-20,6,618.0,Direct,Friday,2026-06,fbg_data.csv,cloudbeds
2324539871531,2026-06-26,2026-06-28,2,Quonset,,1236.0,1396.68,2026-06-20,6,618.0,Direct,Friday,2026-06,fbg_data.csv,cloudbeds
1644613974638,2026-07-10,2026-07-12,2,Lantana Dome,,942.0,1330.27,2026-06-20,20,471.0,Direct,Friday,2026-07,fbg_data.csv,cloudbeds
8240421677468,2026-07-12,2026-07-13,1,Monolith,,410.0,675.73,2026-06-20,22,410.0,Direct,Sunday,2026-07,fbg_data.csv,cloudbeds
4949232870146,2026-07-26,2026-07-29,3,Post Oak,,542.64,0.0,2026-06-21,35,180.88,Expedia,Sunday,2026-07,fbg_data.csv,cloudbeds
5739663547629,2026-07-28,2026-07-30,2,Sage Safari,,404.59,0.0,2026-06-21,37,202.295,Expedia,Tuesday,2026-07,fbg_data.csv,cloudbeds
3190934794690,2026-07-31,2026-08-02,2,Spyglass,,1838.0,2076.94,2026-06-21,40,919.0,Direct,Friday,2026-07,fbg_data.csv,cloudbeds
5576319282934,2026-07-27,2026-07-30,3,Monarch,,659.08,0.0,2026-06-21,36,219.69333333333336,Expedia,Monday,2026-07,fbg_data.csv,cloudbeds
5301097848590,2026-09-06,2026-09-09,3,Spiral,,969.0,1094.97,2026-06-21,77,323.0,Direct,Sunday,2026-09,fbg_data.csv,cloudbeds
9751048243030,2026-08-07,2026-08-09,2,Spyglass,,1183.0,0.0,2026-06-21,47,591.5,Airbnb,Friday,2026-08,fbg_data.csv,cloudbeds
2023155693736,2026-07-22,2026-07-24,2,Walnut House,,502.0,567.26,2026-06-21,31,251.0,Direct,Wednesday,2026-07,fbg_data.csv,cloudbeds
8299102538636,2026-07-31,2026-08-02,2,Cypress Lodge | Sleeps 2,,894.0,1010.22,2026-06-21,40,447.0,Direct,Friday,2026-07,fbg_data.csv,cloudbeds
4362010581346,2026-06-22,2026-06-23,1,Post Oak,,310.0,457.65,2026-06-21,1,310.0,Direct,Monday,2026-06,fbg_data.csv,cloudbeds
8508496940252,2026-06-22,2026-06-23,1,Cypress Lodge | Sleeps 4,,297.0,335.61,2026-06-21,1,297.0,Direct,Monday,2026-06,fbg_data.csv,cloudbeds
4878104131573,2026-06-22,2026-06-23,1,Juniper Haus,,223.0,251.99,2026-06-21,1,223.0,Direct,Monday,2026-06,fbg_data.csv,cloudbeds
9123856864480,2026-06-23,2026-06-24,1,Post Oak,,310.0,350.3,2026-06-21,2,310.0,Direct,Tuesday,2026-06,fbg_data.csv,cloudbeds
3779894142314,2026-06-23,2026-06-24,1,Great Lodge: King Room,,205.0,231.65,2026-06-21,2,205.0,Direct,Tuesday,2026-06,fbg_data.csv,cloudbeds
2744207854399,2026-06-24,2026-06-25,1,Great Lodge: King Room,,205.0,231.65,2026-06-21,3,205.0,Direct,Wednesday,2026-06,fbg_data.csv,cloudbeds
4012331948177,2026-06-23,2026-06-25,2,Great Lodge: King Room,,344.83,0.0,2026-06-21,2,172.415,Expedia,Tuesday,2026-06,fbg_data.csv,cloudbeds
2381505162590,2026-06-25,2026-06-26,1,Winecup,,300.0,339.0,2026-06-21,4,300.0,Direct,Thursday,2026-06,fbg_data.csv,cloudbeds
5690193371324,2026-06-28,2026-06-29,1,Quonset,,283.0,319.79,2026-06-21,7,283.0,Direct,Sunday,2026-06,fbg_data.csv,cloudbeds
6582411832041,2026-06-28,2026-07-01,3,Great Lodge: King Room,,688.03,777.46,2026-06-21,7,229.34333333333333,Booking.com,Sunday,2026-06,fbg_data.csv,cloudbeds
7518800544941,2026-07-01,2026-07-02,1,Quonset,,254.0,287.02,2026-06-21,10,254.0,Direct,Wednesday,2026-07,fbg_data.csv,cloudbeds
4692853459078,2026-07-01,2026-07-02,1,Bluebonnet,,233.0,263.29,2026-06-21,10,233.0,Direct,Wednesday,2026-07,fbg_data.csv,cloudbeds
2392733722076,2026-07-02,2026-07-03,1,Monarch,,442.0,0.0,2026-06-21,11,442.0,Airbnb,Thursday,2026-07,fbg_data.csv,cloudbeds
5401414178108,2026-07-05,2026-07-06,1,Monolith,,399.0,450.87,2026-06-21,14,399.0,Direct,Sunday,2026-07,fbg_data.csv,cloudbeds
9675356977381,2026-07-10,2026-07-12,2,Buckeye Bungalow,,924.0,1044.12,2026-06-21,19,462.0,Direct,Friday,2026-07,fbg_data.csv,cloudbeds
7456710678142,2026-07-10,2026-07-12,2,Great Lodge: King Room,,757.34,855.8,2026-06-21,19,378.67,Booking.com,Friday,2026-07,fbg_data.csv,cloudbeds
1316523301910,2026-07-14,2026-07-16,2,Winecup,,434.78,0.0,2026-06-21,23,217.39,Expedia,Tuesday,2026-07,fbg_data.csv,cloudbeds
4227680317049,2026-07-26,2026-07-27,1,Lantana Dome,,222.78,0.0,2026-06-22,34,222.78,Expedia,Sunday,2026-07,fbg_data.csv,cloudbeds
2521329981928,2026-08-03,2026-08-05,2,Winecup,,634.0,716.42,2026-06-22,42,317.0,Direct,Monday,2026-08,fbg_data.csv,cloudbeds
5948700423933,2026-09-11,2026-09-13,2,Monarch,,1194.76,0.0,2026-06-22,81,597.38,Expedia,Friday,2026-09,fbg_data.csv,cloudbeds
7764204547397,2026-09-17,2026-09-19,2,Sage Safari,,1044.05,1179.77,2026-06-22,87,522.025,Direct,Thursday,2026-09,fbg_data.csv,cloudbeds
9867615731451,2026-12-15,2026-12-17,2,Spiral,,526.24,0.0,2026-06-22,176,263.12,Expedia,Tuesday,2026-12,fbg_data.csv,cloudbeds
2000747679878,2026-07-27,2026-07-28,1,Cedar Haus,,212.0,239.56,2026-06-22,35,212.0,Direct,Monday,2026-07,fbg_data.csv,cloudbeds
3494407230666,2026-06-24,2026-06-25,1,Great Lodge: King Room,,315.0,0.0,2026-06-22,2,315.0,Airbnb,Wednesday,2026-06,fbg_data.csv,cloudbeds
5966711214223,2026-06-25,2026-06-26,1,Sage Safari,,225.37,0.0,2026-06-22,3,225.37,Expedia,Thursday,2026-06,fbg_data.csv,cloudbeds
3510606118306,2026-06-25,2026-06-26,1,Walnut House,,318.1,359.46,2026-06-22,3,318.1,Direct,Thursday,2026-06,fbg_data.csv,cloudbeds
7021910925032,2026-06-28,2026-06-29,1,Sage Safari,,272.0,307.36,2026-06-22,6,272.0,Direct,Sunday,2026-06,fbg_data.csv,cloudbeds
8792581486359,2026-06-30,2026-07-01,1,Quonset,,221.88,0.0,2026-06-22,8,221.88,Expedia,Tuesday,2026-06,fbg_data.csv,cloudbeds
2092861261899,2026-07-01,2026-07-02,1,Diamond,,293.0,331.09,2026-06-22,9,293.0,Direct,Wednesday,2026-07,fbg_data.csv,cloudbeds
4234338611866,2026-07-02,2026-07-03,1,Quonset,,441.0,498.33,2026-06-22,10,441.0,Direct,Thursday,2026-07,fbg_data.csv,cloudbeds
9224911708714,2026-07-29,2026-07-30,1,Diamond,,311.0,351.43,2026-06-22,37,311.0,Direct,Wednesday,2026-07,fbg_data.csv,cloudbeds
2989821191457,2026-07-05,2026-07-07,2,Great Lodge: King Room,,606.0,684.78,2026-06-22,13,303.0,Direct,Sunday,2026-07,fbg_data.csv,cloudbeds
5757989376144,2026-07-05,2026-07-08,3,Walnut House,,1066.99,0.0,2026-06-22,13,355.66333333333336,Airbnb,Sunday,2026-07,fbg_data.csv,cloudbeds
3097857905818,2026-07-07,2026-07-09,2,Quonset,,532.0,601.16,2026-06-22,15,266.0,Direct,Tuesday,2026-07,fbg_data.csv,cloudbeds
9483736217008,2026-07-07,2026-07-09,2,Buckeye Bungalow,,546.0,829.41,2026-06-22,15,273.0,Direct,Tuesday,2026-07,fbg_data.csv,cloudbeds
4032185308513,2026-07-12,2026-07-14,2,Spyglass,,543.99,95.0,2026-06-22,20,271.995,Expedia,Sunday,2026-07,fbg_data.csv,cloudbeds
7673345605370,2026-09-17,2026-09-20,3,Great Lodge: King Room,,2001.0,2379.78,2026-06-23,86,667.0,Direct,Thursday,2026-09,fbg_data.csv,cloudbeds
7673345605370,2026-09-17,2026-09-20,3,Great Lodge: King Room,,2001.0,2379.78,2026-06-23,86,667.0,Direct,Thursday,2026-09,fbg_data.csv,cloudbeds
1248107376459,2026-07-22,2026-07-25,3,Cypress Lodge | Sleeps 2,,853.44,0.0,2026-06-23,29,284.48,Expedia,Wednesday,2026-07,fbg_data.csv,cloudbeds
7035683402652,2026-08-07,2026-08-09,2,Monolith,,1430.0,1615.9,2026-06-23,45,715.0,Direct,Friday,2026-08,fbg_data.csv,cloudbeds
3492577162775,2026-09-11,2026-09-13,2,Post Oak,,674.0,761.62,2026-06-23,80,337.0,Direct,Friday,2026-09,fbg_data.csv,cloudbeds
7932765888477,2026-07-19,2026-07-20,1,Spiral,,244.0,275.72,2026-06-23,26,244.0,Direct,Sunday,2026-07,fbg_data.csv,cloudbeds
6858544667911,2026-10-22,2026-10-25,3,Bluebonnet,,2276.2,2572.1,2026-06-23,121,758.7333333333332,Direct,Thursday,2026-10,fbg_data.csv,cloudbeds
6275730742930,2026-06-23,2026-06-24,1,Winecup,,256.72,285.54,2026-06-23,0,256.72,Hotelnet (Hotel Collect Booking),Tuesday,2026-06,fbg_data.csv,cloudbeds
6089222474102,2026-06-27,2026-06-28,1,Lantana Dome,,781.0,882.53,2026-06-23,4,781.0,Direct,Saturday,2026-06,fbg_data.csv,cloudbeds
7412378427217,2026-06-28,2026-06-29,1,Diamond,,430.0,593.25,2026-06-23,5,430.0,Direct,Sunday,2026-06,fbg_data.csv,cloudbeds
1928680515453,2026-06-28,2026-06-30,2,Cypress Lodge | Sleeps 2,,457.42,0.0,2026-06-23,5,228.71,Expedia,Sunday,2026-06,fbg_data.csv,cloudbeds
1425040532213,2026-06-29,2026-07-01,2,Monolith,,648.0,732.24,2026-06-23,6,324.0,Direct,Monday,2026-06,fbg_data.csv,cloudbeds
4044597795663,2026-07-01,2026-07-02,1,Diamond,,291.0,328.83,2026-06-23,8,291.0,Direct,Wednesday,2026-07,fbg_data.csv,cloudbeds
9947079550819,2026-07-05,2026-07-07,2,Post Oak,,443.0,500.59,2026-06-23,12,221.5,Direct,Sunday,2026-07,fbg_data.csv,cloudbeds
9006530091185,2026-07-12,2026-07-14,2,Sage Safari,,448.0,506.24,2026-06-23,19,224.0,Direct,Sunday,2026-07,fbg_data.csv,cloudbeds
9651066666186,2026-07-15,2026-07-17,2,Cypress Lodge | Sleeps 2,,416.78,0.0,2026-06-23,22,208.39,Expedia,Wednesday,2026-07,fbg_data.csv,cloudbeds
6432104944406,2026-07-12,2026-07-13,1,Bluebonnet,,221.88,0.0,2026-06-23,19,221.88,Expedia,Sunday,2026-07,fbg_data.csv,cloudbeds
7642518038221,2026-07-15,2026-07-17,2,Buckeye Bungalow,,500.35,565.41,2026-06-23,22,250.175,Direct,Wednesday,2026-07,fbg_data.csv,cloudbeds
8454338945278,2026-07-27,2026-07-29,2,Cypress Lodge | Sleeps 2,,421.88,0.0,2026-06-23,34,210.94,Expedia,Monday,2026-07,fbg_data.csv,cloudbeds
2271832318489,2026-07-17,2026-07-19,2,Great Lodge: King Room,,819.8,926.36,2026-06-24,23,409.9,Direct,Friday,2026-07,fbg_data.csv,cloudbeds
9852223862646,2026-07-27,2026-07-30,3,Winecup,,916.0,1718.73,2026-06-24,33,305.3333333333333,Direct,Monday,2026-07,fbg_data.csv,cloudbeds
9852223862646,2026-07-27,2026-07-30,3,Spiral,,916.0,1718.73,2026-06-24,33,305.3333333333333,Direct,Monday,2026-07,fbg_data.csv,cloudbeds
9552310747979,2026-07-31,2026-08-02,2,Lantana Dome,,1555.8,1758.04,2026-06-24,37,777.9,Direct,Friday,2026-07,fbg_data.csv,cloudbeds
6292784075106,2026-07-22,2026-07-24,2,Quonset,,493.58,0.0,2026-06-24,28,246.79,Expedia,Wednesday,2026-07,fbg_data.csv,cloudbeds
6846843843105,2026-07-27,2026-07-30,3,Diamond,,1692.0,2030.61,2026-06-24,33,564.0,Direct,Monday,2026-07,fbg_data.csv,cloudbeds
6846843843105,2026-07-27,2026-07-30,3,Spyglass,,1692.0,2030.61,2026-06-24,33,564.0,Direct,Monday,2026-07,fbg_data.csv,cloudbeds
2640200352424,2026-08-31,2026-09-02,2,Sage Safari,,1019.9,1231.58,2026-06-24,68,509.95,Direct,Monday,2026-08,fbg_data.csv,cloudbeds
2640200352424,2026-08-31,2026-09-02,2,Walnut House,,1019.9,1231.58,2026-06-24,68,509.95,Direct,Monday,2026-08,fbg_data.csv,cloudbeds
1215248576111,2026-07-27,2026-07-29,2,Bluebonnet,,422.8,477.76,2026-06-24,33,211.4,Direct,Monday,2026-07,fbg_data.csv,cloudbeds
3158048831875,2026-08-08,2026-08-10,2,Spiral,,630.7,925.13,2026-06-24,45,315.35,Direct,Saturday,2026-08,fbg_data.csv,cloudbeds
6262939679844,2026-06-24,2026-06-25,1,Winecup,,288.0,325.44,2026-06-24,0,288.0,Direct,Wednesday,2026-06,fbg_data.csv,cloudbeds
9485226687577,2026-06-24,2026-06-25,1,Great Lodge: King Room,,212.0,239.56,2026-06-24,0,212.0,Direct,Wednesday,2026-06,fbg_data.csv,cloudbeds
8759570053544,2026-06-25,2026-06-26,1,Great Lodge: King Room,,207.8,234.82,2026-06-24,1,207.8,Direct,Thursday,2026-06,fbg_data.csv,cloudbeds
1840317511191,2026-06-24,2026-06-26,2,Lantana Dome,,632.0,714.16,2026-06-24,0,316.0,Direct,Wednesday,2026-06,fbg_data.csv,cloudbeds
2113793111854,2026-06-26,2026-06-27,1,Great Lodge: King Room,,588.0,664.44,2026-06-24,2,588.0,Direct,Friday,2026-06,fbg_data.csv,cloudbeds
8212216552007,2026-06-27,2026-06-28,1,Cypress Lodge | Sleeps 4,,584.0,659.92,2026-06-24,3,584.0,Direct,Saturday,2026-06,fbg_data.csv,cloudbeds
9215730398866,2026-07-01,2026-07-03,2,Quonset,,691.0,780.83,2026-06-24,7,345.5,Direct,Wednesday,2026-07,fbg_data.csv,cloudbeds
5226437823218,2026-07-28,2026-07-30,2,Diamond,,658.8,744.45,2026-06-24,34,329.4,Direct,Tuesday,2026-07,fbg_data.csv,cloudbeds
6600352027834,2026-07-03,2026-07-05,2,Spyglass,,1914.0,2162.82,2026-06-24,9,957.0,Direct,Friday,2026-07,fbg_data.csv,cloudbeds
8132757340207,2026-07-05,2026-07-06,1,Monarch,,341.34,385.71,2026-06-24,11,341.34,Booking.com,Sunday,2026-07,fbg_data.csv,cloudbeds
8806913279102,2026-07-05,2026-07-07,2,Winecup,,716.0,1074.89,2026-06-24,11,358.0,Direct,Sunday,2026-07,fbg_data.csv,cloudbeds
8144505208081,2026-07-06,2026-07-08,2,Monolith,,674.0,974.05,2026-06-24,12,337.0,Direct,Monday,2026-07,fbg_data.csv,cloudbeds
6420209698701,2026-07-14,2026-07-17,3,Cocoon,,556.18,0.0,2026-06-24,20,185.39333333333332,Expedia,Tuesday,2026-07,fbg_data.csv,cloudbeds
4764146937453,2026-07-14,2026-07-15,1,Monolith,,309.0,349.17,2026-06-24,20,309.0,Direct,Tuesday,2026-07,fbg_data.csv,cloudbeds
4859360634534,2026-07-21,2026-07-24,3,Cypress Lodge | Sleeps 4,,804.0,908.52,2026-06-24,27,268.0,Direct,Tuesday,2026-07,fbg_data.csv,cloudbeds
6480056683282,2026-08-12,2026-08-13,1,Monolith,,312.0,352.56,2026-06-25,48,312.0,Direct,Wednesday,2026-08,fbg_data.csv,cloudbeds
8303063504498,2026-08-09,2026-08-10,1,Monarch,,293.0,331.09,2026-06-25,45,293.0,Direct,Sunday,2026-08,fbg_data.csv,cloudbeds
8425595987908,2026-07-31,2026-08-02,2,Sage Safari,,1162.0,1313.06,2026-06-25,36,581.0,Direct,Friday,2026-07,fbg_data.csv,cloudbeds
4368553541790,2026-07-16,2026-07-17,1,Quonset,,185.0,169.5,2026-06-25,21,185.0,Direct,Thursday,2026-07,fbg_data.csv,cloudbeds
6159354695763,2026-07-16,2026-07-17,1,Great Lodge: King Room,,160.64,0.0,2026-06-25,21,160.64,Expedia,Thursday,2026-07,fbg_data.csv,cloudbeds
2121045825596,2026-06-25,2026-06-26,1,Pecan Haus,,188.5,0.0,2026-06-25,0,188.5,Expedia,Thursday,2026-06,fbg_data.csv,cloudbeds
3492302053090,2026-06-25,2026-06-26,1,Quonset,,303.0,342.39,2026-06-25,0,303.0,Direct,Thursday,2026-06,fbg_data.csv,cloudbeds
9761762633096,2026-06-25,2026-06-26,1,Great Lodge: King Room,,227.0,256.51,2026-06-25,0,227.0,Direct,Thursday,2026-06,fbg_data.csv,cloudbeds
4002460120850,2026-07-01,2026-07-03,2,Cypress Lodge | Sleeps 2,,506.0,0.0,2026-06-25,6,253.0,Airbnb,Wednesday,2026-07,fbg_data.csv,cloudbeds
7224323255521,2026-07-05,2026-07-06,1,Spiral,,324.14,366.28,2026-06-25,10,324.14,Booking.com,Sunday,2026-07,fbg_data.csv,cloudbeds
5412412765661,2026-07-15,2026-07-17,2,Diamond,,607.7,686.7,2026-06-26,19,303.85,Direct,Wednesday,2026-07,fbg_data.csv,cloudbeds
1660306226531,2026-08-05,2026-08-07,2,Spyglass,,504.0,569.52,2026-06-26,40,252.0,Direct,Wednesday,2026-08,fbg_data.csv,cloudbeds
9980653367308,2026-10-02,2026-10-04,2,Cocoon,,1176.0,1328.88,2026-06-26,98,588.0,Direct,Friday,2026-10,fbg_data.csv,cloudbeds
7088355789691,2026-08-22,2026-08-26,4,Spiral,,1327.95,1500.56,2026-06-26,57,331.9875,Direct,Saturday,2026-08,fbg_data.csv,cloudbeds
1246892621871,2026-09-10,2026-09-13,3,Sage Safari,,1560.0,1762.8,2026-06-26,76,520.0,Direct,Thursday,2026-09,fbg_data.csv,cloudbeds
5065829762931,2026-11-06,2026-11-08,2,Great Lodge,,5868.0,6630.84,2026-06-26,133,2934.0,Direct,Friday,2026-11,fbg_data.csv,cloudbeds
1345115780389,2026-06-26,2026-06-27,1,Cypress Lodge | Sleeps 4,,849.0,959.37,2026-06-26,0,849.0,Direct,Friday,2026-06,fbg_data.csv,cloudbeds
6198119541823,2026-06-29,2026-06-30,1,Walnut House,,244.0,275.72,2026-06-26,3,244.0,Direct,Monday,2026-06,fbg_data.csv,cloudbeds
6843634460213,2026-07-01,2026-07-02,1,Monarch,,300.0,339.0,2026-06-26,5,300.0,Direct,Wednesday,2026-07,fbg_data.csv,cloudbeds
1349419576091,2026-06-30,2026-07-02,2,Great Lodge: King Room,,428.8,484.55,2026-06-26,4,214.4,Booking.com,Tuesday,2026-06,fbg_data.csv,cloudbeds
7656696098421,2026-07-03,2026-07-05,2,Post Oak,,928.0,1155.99,2026-06-26,7,464.0,Direct,Friday,2026-07,fbg_data.csv,cloudbeds
6435819966214,2026-07-05,2026-07-07,2,Diamond,,1027.0,1160.51,2026-06-26,9,513.5,Direct,Sunday,2026-07,fbg_data.csv,cloudbeds
1422916316415,2026-07-12,2026-07-13,1,Lantana Dome,,205.14,279.11,2026-06-26,16,205.14,Direct,Sunday,2026-07,fbg_data.csv,cloudbeds
8917199385908,2026-07-12,2026-07-13,1,Cypress Lodge | Sleeps 6,,645.79,729.75,2026-06-26,16,645.79,Booking.com,Sunday,2026-07,fbg_data.csv,cloudbeds
6050892639431,2026-07-12,2026-07-13,1,Pecan Haus,,220.0,248.6,2026-06-26,16,220.0,Direct,Sunday,2026-07,fbg_data.csv,cloudbeds
1056456313993,2026-08-12,2026-08-14,2,Monolith,,693.0,783.09,2026-06-27,46,346.5,Direct,Wednesday,2026-08,fbg_data.csv,cloudbeds
9122984570864,2026-08-09,2026-08-11,2,Live Oak Lodge,,852.0,962.76,2026-06-27,43,426.0,Direct,Sunday,2026-08,fbg_data.csv,cloudbeds
9599739402266,2026-09-04,2026-09-07,3,Walnut House,,1846.0,2085.98,2026-06-27,69,615.3333333333334,Direct,Friday,2026-09,fbg_data.csv,cloudbeds
5703399778548,2026-10-16,2026-10-18,2,Cypress Lodge | Sleeps 2,,849.24,0.0,2026-06-27,111,424.62,Expedia,Friday,2026-10,fbg_data.csv,cloudbeds
4878403869363,2026-07-17,2026-07-19,2,Cedar Haus,,652.0,844.11,2026-06-27,20,326.0,Direct,Friday,2026-07,fbg_data.csv,cloudbeds
7773732470183,2026-08-12,2026-08-13,1,Monarch,,255.0,288.15,2026-06-27,46,255.0,Direct,Wednesday,2026-08,fbg_data.csv,cloudbeds
6717754497226,2026-10-01,2026-10-04,3,Sage Safari,,1429.0,1614.77,2026-06-27,96,476.3333333333333,Direct,Thursday,2026-10,fbg_data.csv,cloudbeds
5005770525011,2026-06-28,2026-06-29,1,Great Lodge: King Room,,166.73,0.0,2026-06-27,1,166.73,Expedia,Sunday,2026-06,fbg_data.csv,cloudbeds
3519604305218,2026-06-30,2026-07-01,1,Great Lodge: King Room,,165.01,0.0,2026-06-27,3,165.01,Expedia,Tuesday,2026-06,fbg_data.csv,cloudbeds
6178817503418,2026-06-30,2026-07-01,1,Great Lodge: King Room,,165.01,0.0,2026-06-27,3,165.01,Expedia,Tuesday,2026-06,fbg_data.csv,cloudbeds
8260990754309,2026-06-29,2026-07-01,2,Great Lodge: King Room,,424.0,479.12,2026-06-27,2,212.0,Direct,Monday,2026-06,fbg_data.csv,cloudbeds
1206255163464,2026-07-03,2026-07-05,2,Quonset,,1473.0,1771.84,2026-06-27,6,736.5,Direct,Friday,2026-07,fbg_data.csv,cloudbeds
2914625074299,2026-07-12,2026-07-13,1,Quonset,,275.0,310.75,2026-06-27,15,275.0,Direct,Sunday,2026-07,fbg_data.csv,cloudbeds
8079988417848,2026-12-11,2026-12-13,2,Cedar Haus,,522.46,0.0,2026-06-28,166,261.23,Expedia,Friday,2026-12,fbg_data.csv,cloudbeds
6963006453267,2026-07-17,2026-07-19,2,Live Oak Lodge,,1602.0,1810.26,2026-06-28,19,801.0,Direct,Friday,2026-07,fbg_data.csv,cloudbeds
9704303011432,2026-06-29,2026-06-30,1,Cocoon,,224.0,360.47,2026-06-28,1,224.0,Direct,Monday,2026-06,fbg_data.csv,cloudbeds
7235347746908,2026-06-30,2026-07-01,1,Cocoon,,224.0,253.12,2026-06-28,2,224.0,Direct,Tuesday,2026-06,fbg_data.csv,cloudbeds
2123094461428,2026-06-28,2026-07-02,4,Great Lodge: King Room,,861.72,973.74,2026-06-28,0,215.43,Booking.com,Sunday,2026-06,fbg_data.csv,cloudbeds
3222709955328,2026-07-01,2026-07-02,1,Great Lodge: King Room,,241.18,272.53,2026-06-28,3,241.18,Booking.com,Wednesday,2026-07,fbg_data.csv,cloudbeds
3599098778621,2026-07-05,2026-07-07,2,Sage Safari,,595.6,739.02,2026-06-28,7,297.8,Direct,Sunday,2026-07,fbg_data.csv,cloudbeds
6663117153432,2026-07-07,2026-07-08,1,Monolith,,351.0,396.63,2026-06-28,9,351.0,Direct,Tuesday,2026-07,fbg_data.csv,cloudbeds
6008757877179,2026-07-08,2026-07-09,1,Cocoon,,224.0,253.12,2026-06-28,10,224.0,Direct,Wednesday,2026-07,fbg_data.csv,cloudbeds
2080405403522,2026-07-07,2026-07-10,3,Bluebonnet,,714.75,807.67,2026-06-28,9,238.25,Booking.com,Tuesday,2026-07,fbg_data.csv,cloudbeds
1627492261950,2026-07-12,2026-07-14,2,Monolith,,535.82,0.0,2026-06-28,14,267.91,Expedia,Sunday,2026-07,fbg_data.csv,cloudbeds
6302137231734,2026-07-12,2026-07-13,1,Diamond,,313.0,353.69,2026-06-28,14,313.0,Direct,Sunday,2026-07,fbg_data.csv,cloudbeds
4507836906057,2026-07-10,2026-07-13,3,Cypress Lodge | Sleeps 2,,1170.0,1322.1,2026-06-28,12,390.0,Direct,Friday,2026-07,fbg_data.csv,cloudbeds
4934349515890,2026-09-01,2026-09-03,2,Buckeye Bungalow,,522.0,589.86,2026-06-28,65,261.0,Direct,Tuesday,2026-09,fbg_data.csv,cloudbeds
3265918773108,2026-07-20,2026-07-21,1,Diamond,,296.0,334.48,2026-06-29,21,296.0,Direct,Monday,2026-07,fbg_data.csv,cloudbeds
7927266969172,2026-07-19,2026-07-20,1,Sage Safari,,183.6,0.0,2026-06-29,20,183.6,Expedia,Sunday,2026-07,fbg_data.csv,cloudbeds
8631985423633,2026-09-28,2026-10-01,3,Post Oak,,466.26,0.0,2026-06-29,91,155.42,Expedia,Monday,2026-09,fbg_data.csv,cloudbeds
3027458637898,2026-09-05,2026-09-07,2,Post Oak,,785.53,0.0,2026-06-29,68,392.765,Booking.com,Saturday,2026-09,fbg_data.csv,cloudbeds
1080009381796,2026-07-26,2026-07-27,1,Monarch,,285.0,322.05,2026-06-29,27,285.0,Direct,Sunday,2026-07,fbg_data.csv,cloudbeds
8819399944771,2026-08-14,2026-08-16,2,Sage Safari,,708.0,800.04,2026-06-29,46,354.0,Direct,Friday,2026-08,fbg_data.csv,cloudbeds
5779390377110,2026-08-22,2026-08-25,3,Sage Safari,,992.0,1120.96,2026-06-29,54,330.6666666666667,Direct,Saturday,2026-08,fbg_data.csv,cloudbeds
8114478021520,2026-07-21,2026-07-22,1,Spiral,,264.48,298.86,2026-06-29,22,264.48,Booking.com,Tuesday,2026-07,fbg_data.csv,cloudbeds
7294361284584,2026-07-19,2026-07-21,2,Monolith,,706.0,797.78,2026-06-29,20,353.0,Direct,Sunday,2026-07,fbg_data.csv,cloudbeds
6179292736581,2026-06-29,2026-06-30,1,Great Lodge: King Room,,204.0,230.52,2026-06-29,0,204.0,Direct,Monday,2026-06,fbg_data.csv,cloudbeds
3017775258181,2026-07-01,2026-07-02,1,Great Lodge: King Room,,307.0,0.0,2026-06-29,2,307.0,Airbnb,Wednesday,2026-07,fbg_data.csv,cloudbeds
1352118876022,2026-06-30,2026-07-02,2,Walnut House,,548.0,619.24,2026-06-29,1,274.0,Direct,Tuesday,2026-06,fbg_data.csv,cloudbeds
2425701034550,2026-07-02,2026-07-03,1,Spyglass,,285.51,0.0,2026-06-29,3,285.51,Expedia,Thursday,2026-07,fbg_data.csv,cloudbeds
9527114350296,2026-07-04,2026-07-05,1,Sage Safari,,548.0,619.24,2026-06-29,5,548.0,Direct,Saturday,2026-07,fbg_data.csv,cloudbeds
7850189826938,2026-07-02,2026-07-05,3,Winecup,,1944.0,2462.53,2026-06-29,3,648.0,Direct,Thursday,2026-07,fbg_data.csv,cloudbeds
3543932550752,2026-07-03,2026-07-05,2,Lantana Dome,,1352.0,1527.76,2026-06-29,4,676.0,Direct,Friday,2026-07,fbg_data.csv,cloudbeds
6242232770890,2026-07-05,2026-07-06,1,Bluebonnet,,278.76,315.0,2026-06-29,6,278.76,Booking.com,Sunday,2026-07,fbg_data.csv,cloudbeds
1048178300530,2026-07-05,2026-07-06,1,Spyglass,,336.0,379.68,2026-06-29,6,336.0,Direct,Sunday,2026-07,fbg_data.csv,cloudbeds
6347800532463,2026-07-06,2026-07-07,1,Spiral,,254.0,287.02,2026-06-29,7,254.0,Direct,Monday,2026-07,fbg_data.csv,cloudbeds
6433285080483,2026-07-07,2026-07-09,2,Quonset,,488.0,551.44,2026-06-29,8,244.0,Direct,Tuesday,2026-07,fbg_data.csv,cloudbeds
6961952590890,2026-07-09,2026-07-11,2,Winecup,,852.0,962.76,2026-06-29,10,426.0,Direct,Thursday,2026-07,fbg_data.csv,cloudbeds
9947086026906,2026-07-10,2026-07-12,2,Great Lodge: King Room,,711.0,803.43,2026-06-29,11,355.5,Direct,Friday,2026-07,fbg_data.csv,cloudbeds
2868645278273,2026-07-14,2026-07-16,2,Diamond,,585.0,661.05,2026-06-29,15,292.5,Direct,Tuesday,2026-07,fbg_data.csv,cloudbeds
1937463322855,2026-07-13,2026-07-16,3,Diamond,,792.0,1160.77,2026-06-29,14,264.0,Direct,Monday,2026-07,fbg_data.csv,cloudbeds
3242263842516,2026-07-13,2026-07-16,3,Cypress Lodge | Sleeps 2,,474.39,0.0,2026-06-29,14,158.13,Expedia,Monday,2026-07,fbg_data.csv,cloudbeds
6373613742549,2026-08-22,2026-08-23,1,Quonset,,594.98,0.0,2026-06-30,53,594.98,Booking.com,Saturday,2026-08,fbg_data.csv,cloudbeds
1765320135199,2026-09-08,2026-09-10,2,Lantana Dome,,757.7,856.2,2026-06-30,70,378.85,Direct,Tuesday,2026-09,fbg_data.csv,cloudbeds
4931401521382,2026-08-01,2026-08-03,2,Cypress Lodge | Sleeps 2,,474.97,0.0,2026-06-30,32,237.485,Expedia,Saturday,2026-08,fbg_data.csv,cloudbeds
4616743582831,2026-07-31,2026-08-03,3,Great Lodge: King Room,,757.77,0.0,2026-06-30,31,252.59,Expedia,Friday,2026-07,fbg_data.csv,cloudbeds
3147192544361,2026-07-01,2026-07-02,1,Great Lodge: King Room,,241.18,272.53,2026-06-30,1,241.18,Booking.com,Wednesday,2026-07,fbg_data.csv,cloudbeds
4824349730734,2026-07-01,2026-07-02,1,Cypress Lodge | Sleeps 4,,345.8,0.0,2026-06-30,1,345.8,Expedia,Wednesday,2026-07,fbg_data.csv,cloudbeds
3836050167874,2026-07-02,2026-07-03,1,Diamond,,454.68,513.79,2026-06-30,2,454.68,Booking.com,Thursday,2026-07,fbg_data.csv,cloudbeds
9534383628710,2026-07-01,2026-07-03,2,Cypress Lodge | Sleeps 4,,967.0,1092.71,2026-06-30,1,483.5,Direct,Wednesday,2026-07,fbg_data.csv,cloudbeds
2862413878975,2026-07-02,2026-07-03,1,Cypress Lodge | Sleeps 2,,304.07,0.0,2026-06-30,2,304.07,Expedia,Thursday,2026-07,fbg_data.csv,cloudbeds
1710216949159,2026-07-03,2026-07-05,2,Cocoon,,1177.0,1330.01,2026-06-30,3,588.5,Direct,Friday,2026-07,fbg_data.csv,cloudbeds
3147282682461,2026-07-02,2026-07-05,3,Diamond,,2566.99,0.0,2026-06-30,2,855.6633333333333,Airbnb,Thursday,2026-07,fbg_data.csv,cloudbeds
8547149741554,2026-07-15,2026-07-18,3,Cypress Lodge | Sleeps 4,,1607.0,2028.34,2026-06-30,15,535.6666666666666,Direct,Wednesday,2026-07,fbg_data.csv,cloudbeds
6376312123388,2026-09-05,2026-09-10,5,Monarch,,2327.0,2895.32,2026-07-01,66,465.4,Direct,Saturday,2026-09,fbg_data.csv,cloudbeds
7460168701483,2026-07-17,2026-07-19,2,Juniper Haus,,668.0,754.84,2026-07-01,16,334.0,Direct,Friday,2026-07,fbg_data.csv,cloudbeds
8281662328850,2026-12-23,2026-12-26,3,Spiral,,2000.15,0.0,2026-07-01,175,666.7166666666667,Booking.com,Wednesday,2026-12,fbg_data.csv,cloudbeds
6564095792397,2026-12-11,2026-12-13,2,Spiral,,954.62,0.0,2026-07-01,163,477.31,Expedia,Friday,2026-12,fbg_data.csv,cloudbeds
8130465401834,2026-12-28,2026-12-30,2,Spyglass,,577.3,652.36,2026-07-01,180,288.65,Direct,Monday,2026-12,fbg_data.csv,cloudbeds
8200910082249,2026-07-17,2026-07-19,2,Great Lodge: King Room,,587.75,0.0,2026-07-01,16,293.875,Expedia,Friday,2026-07,fbg_data.csv,cloudbeds
8680315627269,2026-10-02,2026-10-04,2,Diamond,,1904.0,2151.52,2026-07-01,93,952.0,Direct,Friday,2026-10,fbg_data.csv,cloudbeds
9779675618808,2026-07-17,2026-07-19,2,Great Lodge: King Room,,705.0,796.65,2026-07-01,16,352.5,Direct,Friday,2026-07,fbg_data.csv,cloudbeds
6316990279534,2026-07-01,2026-07-02,1,Great Lodge: King Room,,389.0,479.12,2026-07-01,0,389.0,Direct,Wednesday,2026-07,fbg_data.csv,cloudbeds
6316990279534,2026-07-01,2026-07-02,1,Great Lodge: King Room,,389.0,479.12,2026-07-01,0,389.0,Direct,Wednesday,2026-07,fbg_data.csv,cloudbeds
5495371144261,2026-07-26,2026-07-28,2,Monolith,,648.0,732.24,2026-07-01,25,324.0,Direct,Sunday,2026-07,fbg_data.csv,cloudbeds
4709159377013,2026-07-02,2026-07-03,1,Diamond,,292.3,0.0,2026-07-01,1,292.3,Expedia,Thursday,2026-07,fbg_data.csv,cloudbeds
4530678375108,2026-07-03,2026-07-04,1,Buckeye Bungalow,,542.0,612.46,2026-07-01,2,542.0,Direct,Friday,2026-07,fbg_data.csv,cloudbeds
3353057600032,2026-07-19,2026-07-20,1,Diamond,,252.0,284.76,2026-07-01,18,252.0,Direct,Sunday,2026-07,fbg_data.csv,cloudbeds
6099637766725,2026-07-03,2026-07-05,2,Cypress Lodge | Sleeps 6,,1913.0,2269.04,2026-07-01,2,956.5,Direct,Friday,2026-07,fbg_data.csv,cloudbeds
3542752877744,2026-07-05,2026-07-06,1,Great Lodge: King Room,,388.62,439.14,2026-07-01,4,388.62,Booking.com,Sunday,2026-07,fbg_data.csv,cloudbeds
6274472774882,2026-07-07,2026-07-08,1,Winecup,,254.0,287.02,2026-07-01,6,254.0,Direct,Tuesday,2026-07,fbg_data.csv,cloudbeds
4468274116009,2026-07-19,2026-07-20,1,Monolith,,377.0,426.01,2026-07-02,17,377.0,Direct,Sunday,2026-07,fbg_data.csv,cloudbeds
6148517640711,2026-08-14,2026-08-16,2,Lantana Dome,,876.0,1097.23,2026-07-02,43,438.0,Direct,Friday,2026-08,fbg_data.csv,cloudbeds
1086162175389,2026-08-06,2026-08-08,2,Diamond,,841.0,950.33,2026-07-02,35,420.5,Direct,Thursday,2026-08,fbg_data.csv,cloudbeds
3984695407739,2026-09-16,2026-09-18,2,Monolith,,870.0,983.1,2026-07-02,76,435.0,Direct,Wednesday,2026-09,fbg_data.csv,cloudbeds
4572394059373,2026-10-12,2026-10-14,2,Pecan Haus,,495.56,0.0,2026-07-02,102,247.78,Expedia,Monday,2026-10,fbg_data.csv,cloudbeds
9389321889255,2026-12-16,2026-12-18,2,Sage Safari,,437.79,0.0,2026-07-02,167,218.895,Expedia,Wednesday,2026-12,fbg_data.csv,cloudbeds
4653543486084,2026-07-02,2026-07-03,1,Cypress Lodge | Sleeps 4,,589.0,665.57,2026-07-02,0,589.0,Direct,Thursday,2026-07,fbg_data.csv,cloudbeds
6900821253044,2026-07-03,2026-07-05,2,Diamond,,1777.0,2008.01,2026-07-02,1,888.5,Direct,Friday,2026-07,fbg_data.csv,cloudbeds
1596984402969,2026-07-03,2026-07-05,2,Quonset,,1330.0,1610.25,2026-07-02,1,665.0,Direct,Friday,2026-07,fbg_data.csv,cloudbeds
6377832129702,2026-07-05,2026-07-06,1,Great Lodge: King Room,,216.48,244.62,2026-07-02,3,216.48,Booking.com,Sunday,2026-07,fbg_data.csv,cloudbeds
9187481441794,2026-07-03,2026-07-06,3,Diamond,,2457.88,0.0,2026-07-02,1,819.2933333333334,Airbnb,Friday,2026-07,fbg_data.csv,cloudbeds
2501196970244,2026-07-06,2026-07-08,2,Winecup,,402.32,0.0,2026-07-02,4,201.16,Expedia,Monday,2026-07,fbg_data.csv,cloudbeds
3073042941459,2026-08-05,2026-08-07,2,Buckeye Bungalow,,448.0,506.24,2026-07-02,34,224.0,Direct,Wednesday,2026-08,fbg_data.csv,cloudbeds
8827319594550,2026-07-20,2026-07-22,2,Winecup,,488.0,551.44,2026-07-03,17,244.0,Direct,Monday,2026-07,fbg_data.csv,cloudbeds
4912604486013,2026-09-15,2026-09-18,3,Walnut House,,707.28,0.0,2026-07-03,74,235.76,Expedia,Tuesday,2026-09,fbg_data.csv,cloudbeds
6605177630422,2026-07-22,2026-07-24,2,Monolith,,720.0,1133.38,2026-07-03,19,360.0,Direct,Wednesday,2026-07,fbg_data.csv,cloudbeds
4072557596308,2026-07-20,2026-07-22,2,Diamond,,443.62,0.0,2026-07-03,17,221.81,Expedia,Monday,2026-07,fbg_data.csv,cloudbeds
2963603632152,2026-07-25,2026-07-27,2,Cedar Haus,,562.0,635.06,2026-07-03,22,281.0,Direct,Saturday,2026-07,fbg_data.csv,cloudbeds
8173805481798,2026-07-16,2026-07-18,2,Diamond,,945.89,0.0,2026-07-03,13,472.945,Expedia,Thursday,2026-07,fbg_data.csv,cloudbeds
9344808968056,2026-07-24,2026-07-26,2,Monarch,,1544.48,0.0,2026-07-03,21,772.24,Expedia,Friday,2026-07,fbg_data.csv,cloudbeds
2801359904926,2026-07-26,2026-07-27,1,Diamond,,335.0,378.55,2026-07-03,23,335.0,Direct,Sunday,2026-07,fbg_data.csv,cloudbeds
9395878305461,2026-07-05,2026-07-06,1,Buckeye Bungalow,,511.0,577.43,2026-07-03,2,511.0,Direct,Sunday,2026-07,fbg_data.csv,cloudbeds
5275464737455,2026-07-07,2026-07-08,1,Diamond,,288.0,325.44,2026-07-03,4,288.0,Direct,Tuesday,2026-07,fbg_data.csv,cloudbeds
8229178933755,2026-07-09,2026-07-10,1,Post Oak,,204.0,230.52,2026-07-03,6,204.0,Direct,Thursday,2026-07,fbg_data.csv,cloudbeds
4217353938561,2026-07-10,2026-07-12,2,Cypress Lodge | Sleeps 2,,797.0,900.61,2026-07-03,7,398.5,Direct,Friday,2026-07,fbg_data.csv,cloudbeds
1620858289666,2026-07-09,2026-07-12,3,Great Lodge: King Room,,1010.0,1248.65,2026-07-03,6,336.6666666666667,Direct,Thursday,2026-07,fbg_data.csv,cloudbeds
1657835786228,2026-07-11,2026-07-12,1,Spyglass,,537.21,0.0,2026-07-03,8,537.21,Expedia,Saturday,2026-07,fbg_data.csv,cloudbeds
8305789973020,2026-07-10,2026-07-12,2,Great Lodge: King Room,,717.0,810.21,2026-07-03,7,358.5,Direct,Friday,2026-07,fbg_data.csv,cloudbeds
4283752544452,2026-07-13,2026-07-14,1,Cocoon,,224.0,253.12,2026-07-03,10,224.0,Direct,Monday,2026-07,fbg_data.csv,cloudbeds
5995139066522,2026-07-17,2026-07-19,2,Walnut House,,1298.0,1679.17,2026-07-04,13,649.0,Direct,Friday,2026-07,fbg_data.csv,cloudbeds
7457942638373,2026-07-20,2026-07-23,3,Diamond,,761.1,860.04,2026-07-04,16,253.70000000000002,Direct,Monday,2026-07,fbg_data.csv,cloudbeds
5777627435158,2027-01-16,2027-01-18,2,Spiral,,1074.0,1213.62,2026-07-04,196,537.0,Direct,Saturday,2027-01,fbg_data.csv,cloudbeds
6161707148775,2026-10-12,2026-10-15,3,Monolith,,1594.0,1801.22,2026-07-04,100,531.3333333333334,Direct,Monday,2026-10,fbg_data.csv,cloudbeds
1399489305850,2026-07-19,2026-07-21,2,Post Oak,,424.0,479.12,2026-07-04,15,212.0,Direct,Sunday,2026-07,fbg_data.csv,cloudbeds
2519157046659,2026-07-24,2026-07-25,1,Monolith,,762.0,861.06,2026-07-04,20,762.0,Direct,Friday,2026-07,fbg_data.csv,cloudbeds
8444503470654,2026-07-26,2026-07-29,3,Diamond,,862.0,1186.49,2026-07-04,22,287.3333333333333,Direct,Sunday,2026-07,fbg_data.csv,cloudbeds
7397531686282,2026-07-09,2026-07-11,2,Diamond,,892.6,1008.65,2026-07-04,5,446.3,Direct,Thursday,2026-07,fbg_data.csv,cloudbeds
3816650682220,2026-07-14,2026-07-15,1,Buckeye Bungalow,,241.0,272.33,2026-07-04,10,241.0,Direct,Tuesday,2026-07,fbg_data.csv,cloudbeds
7532104531697,2026-07-14,2026-07-15,1,Cypress Lodge | Sleeps 6,,519.0,586.47,2026-07-04,10,519.0,Direct,Tuesday,2026-07,fbg_data.csv,cloudbeds
9878897392183,2026-07-13,2026-07-15,2,Pecan Haus,,313.08,0.0,2026-07-04,9,156.54,Expedia,Monday,2026-07,fbg_data.csv,cloudbeds
9899440809388,2026-07-24,2026-07-26,2,Quonset,,1188.0,1554.87,2026-07-05,19,594.0,Direct,Friday,2026-07,fbg_data.csv,cloudbeds
1609726984251,2027-01-01,2027-01-03,2,Post Oak,,542.4,0.0,2026-07-05,180,271.2,Expedia,Friday,2027-01,fbg_data.csv,cloudbeds
9315524411025,2026-07-17,2026-07-19,2,Great Lodge: King Room,,879.0,0.0,2026-07-05,12,439.5,Airbnb,Friday,2026-07,fbg_data.csv,cloudbeds
7719611684839,2026-07-19,2026-07-20,1,Quonset,,197.04,0.0,2026-07-05,14,197.04,Expedia,Sunday,2026-07,fbg_data.csv,cloudbeds
7324353806660,2026-07-29,2026-07-30,1,Walnut House,,195.49,0.0,2026-07-05,24,195.49,Expedia,Wednesday,2026-07,fbg_data.csv,cloudbeds
5473354741227,2026-09-20,2026-09-24,4,Diamond,,1334.0,1507.42,2026-07-05,77,333.5,Direct,Sunday,2026-09,fbg_data.csv,cloudbeds
8201868226659,2026-11-13,2026-11-15,2,Spiral,,978.0,1105.14,2026-07-05,131,489.0,Direct,Friday,2026-11,fbg_data.csv,cloudbeds
2672847996742,2026-08-05,2026-08-07,2,Diamond,,561.0,633.93,2026-07-05,31,280.5,Direct,Wednesday,2026-08,fbg_data.csv,cloudbeds
4274260105561,2026-07-18,2026-07-20,2,Quonset,,751.3,848.97,2026-07-05,13,375.65,Direct,Saturday,2026-07,fbg_data.csv,cloudbeds
4794170938670,2026-07-27,2026-07-29,2,Cypress Lodge | Sleeps 2,,408.0,922.08,2026-07-05,22,204.0,Direct,Monday,2026-07,fbg_data.csv,cloudbeds
7566896861834,2026-11-14,2026-11-16,2,Post Oak,,693.24,0.0,2026-07-05,132,346.62,Booking.com,Saturday,2026-11,fbg_data.csv,cloudbeds
4883927012223,2026-10-01,2026-10-06,5,Great Lodge: King Room,,1743.0,1969.59,2026-07-05,88,348.6,Direct,Thursday,2026-10,fbg_data.csv,cloudbeds
6214543814934,2026-07-16,2026-07-23,7,Winecup,,3217.0,3631.18,2026-07-05,11,459.57142857142856,Direct,Thursday,2026-07,fbg_data.csv,cloudbeds
9340593586553,2026-08-08,2026-08-10,2,Cypress Lodge | Sleeps 2,,591.61,668.52,2026-07-05,34,295.805,Booking.com,Saturday,2026-08,fbg_data.csv,cloudbeds
1009578286362,2026-07-06,2026-07-07,1,Buckeye Bungalow,,241.0,272.33,2026-07-05,1,241.0,Direct,Monday,2026-07,fbg_data.csv,cloudbeds
1045574682879,2026-07-08,2026-07-09,1,Live Oak Lodge,,432.0,488.16,2026-07-05,3,432.0,Direct,Wednesday,2026-07,fbg_data.csv,cloudbeds
2648852367899,2026-07-12,2026-07-14,2,Quonset,,506.0,571.78,2026-07-05,7,253.0,Direct,Sunday,2026-07,fbg_data.csv,cloudbeds
1775809162616,2026-07-15,2026-07-16,1,Winecup,,244.0,275.72,2026-07-05,10,244.0,Direct,Wednesday,2026-07,fbg_data.csv,cloudbeds
6214543814934,2026-07-16,2026-07-23,7,Cypress Lodge | Sleeps 4,,3217.0,3631.18,2026-07-05,11,459.57142857142856,Direct,Thursday,2026-07,fbg_data.csv,cloudbeds
1891790525137,2026-07-28,2026-07-29,1,Quonset,,233.55,263.91,2026-07-05,23,233.55,Direct,Tuesday,2026-07,fbg_data.csv,cloudbeds
6425908314393,2026-08-14,2026-08-16,2,Live Oak Lodge,,1376.0,1554.88,2026-07-06,39,688.0,Direct,Friday,2026-08,fbg_data.csv,cloudbeds
4923259900991,2026-07-28,2026-07-30,2,Cocoon,,466.0,526.58,2026-07-06,22,233.0,Direct,Tuesday,2026-07,fbg_data.csv,cloudbeds
8481467139154,2026-08-05,2026-08-08,3,Spiral,,982.0,1322.09,2026-07-06,30,327.3333333333333,Direct,Wednesday,2026-08,fbg_data.csv,cloudbeds
1071827595080,2026-10-13,2026-10-15,2,Monolith,,1012.0,1355.99,2026-07-06,99,506.0,Direct,Tuesday,2026-10,fbg_data.csv,cloudbeds
4137028665876,2026-08-07,2026-08-09,2,Cypress Lodge | Sleeps 2,,660.0,745.8,2026-07-06,32,330.0,Direct,Friday,2026-08,fbg_data.csv,cloudbeds
6036493203247,2026-07-30,2026-08-02,3,Spiral,,1215.0,1372.95,2026-07-06,24,405.0,Direct,Thursday,2026-07,fbg_data.csv,cloudbeds
8950925386704,2026-08-10,2026-08-13,3,Spyglass,,816.0,922.08,2026-07-06,35,272.0,Direct,Monday,2026-08,fbg_data.csv,cloudbeds
3396813298717,2026-07-07,2026-07-08,1,Great Lodge: King Room,,218.55,246.96,2026-07-06,1,218.55,Booking.com,Tuesday,2026-07,fbg_data.csv,cloudbeds
3725292405370,2026-07-08,2026-07-09,1,Cypress Lodge | Sleeps 4,,308.26,0.0,2026-07-06,2,308.26,Expedia,Wednesday,2026-07,fbg_data.csv,cloudbeds
7648299655199,2026-07-07,2026-07-10,3,Great Lodge: King Room,,627.0,815.86,2026-07-06,1,209.0,Direct,Tuesday,2026-07,fbg_data.csv,cloudbeds
6640917138491,2026-07-08,2026-07-10,2,Sage Safari,,485.0,548.05,2026-07-06,2,242.5,Direct,Wednesday,2026-07,fbg_data.csv,cloudbeds
5046417344041,2026-07-09,2026-07-10,1,Quonset,,252.0,284.76,2026-07-06,3,252.0,Direct,Thursday,2026-07,fbg_data.csv,cloudbeds
7145318898817,2026-07-10,2026-07-12,2,Monolith,,1760.0,1988.8,2026-07-06,4,880.0,Direct,Friday,2026-07,fbg_data.csv,cloudbeds
3060318417539,2026-07-30,2026-08-01,2,Buckeye Bungalow,,694.02,0.0,2026-07-06,24,347.01,Expedia,Thursday,2026-07,fbg_data.csv,cloudbeds
7324509788649,2026-11-06,2026-11-08,2,Spiral,,970.0,1096.1,2026-07-07,122,485.0,Direct,Friday,2026-11,fbg_data.csv,cloudbeds
6070172637765,2026-07-22,2026-07-24,2,Cedar Haus,,408.0,461.04,2026-07-07,15,204.0,Direct,Wednesday,2026-07,fbg_data.csv,cloudbeds
7854688452551,2026-07-26,2026-07-30,4,Great Lodge: King Room,,833.0,1048.64,2026-07-07,19,208.25,Direct,Sunday,2026-07,fbg_data.csv,cloudbeds
3454561124619,2026-07-16,2026-07-19,3,Great Lodge: King Room,,1137.65,1497.98,2026-07-07,9,379.2166666666667,Direct,Thursday,2026-07,fbg_data.csv,cloudbeds
6760047040726,2026-08-07,2026-08-09,2,Live Oak Lodge,,1642.0,1855.46,2026-07-07,31,821.0,Direct,Friday,2026-08,fbg_data.csv,cloudbeds
8947965260760,2026-07-29,2026-07-31,2,Lantana Dome,,377.8,0.0,2026-07-07,22,188.9,Expedia,Wednesday,2026-07,fbg_data.csv,cloudbeds
4986926893716,2026-09-29,2026-10-01,2,Bluebonnet,,371.82,0.0,2026-07-07,84,185.91,Expedia,Tuesday,2026-09,fbg_data.csv,cloudbeds
3941787643468,2026-07-24,2026-07-26,2,Diamond,,287.24,2190.2,2026-07-07,17,143.62,Direct,Friday,2026-07,fbg_data.csv,cloudbeds
6692621052614,2026-07-07,2026-07-08,1,Sage Safari,,270.4,305.55,2026-07-07,0,270.4,Booking.com,Tuesday,2026-07,fbg_data.csv,cloudbeds
8594685282013,2026-07-07,2026-07-09,2,Great Lodge: King Room,,420.5,475.18,2026-07-07,0,210.25,Booking.com,Tuesday,2026-07,fbg_data.csv,cloudbeds
7219974992368,2026-07-09,2026-07-10,1,Lantana Dome,,234.0,264.42,2026-07-07,2,234.0,Direct,Thursday,2026-07,fbg_data.csv,cloudbeds
2600553262364,2026-07-11,2026-07-12,1,Quonset,,627.0,708.51,2026-07-07,4,627.0,Direct,Saturday,2026-07,fbg_data.csv,cloudbeds
1261800483351,2026-07-14,2026-07-16,2,Lantana Dome,,460.96,0.0,2026-07-07,7,230.48,Expedia,Tuesday,2026-07,fbg_data.csv,cloudbeds
5063439623455,2026-07-12,2026-07-13,1,Diamond,,279.0,315.27,2026-07-07,5,279.0,Direct,Sunday,2026-07,fbg_data.csv,cloudbeds
5840696484851,2026-07-12,2026-07-13,1,Buckeye Bungalow,,240.33,271.57,2026-07-07,5,240.33,Booking.com,Sunday,2026-07,fbg_data.csv,cloudbeds
9602325974444,2026-07-21,2026-07-23,2,Buckeye Bungalow,,466.0,526.58,2026-07-07,14,233.0,Direct,Tuesday,2026-07,fbg_data.csv,cloudbeds
9396639898090,2026-07-21,2026-07-23,2,Great Lodge: King Room,,408.0,461.04,2026-07-07,14,204.0,Direct,Tuesday,2026-07,fbg_data.csv,cloudbeds
9396639898090,2026-07-21,2026-07-23,2,Quonset,,408.0,461.04,2026-07-07,14,204.0,Direct,Tuesday,2026-07,fbg_data.csv,cloudbeds
9142186223039,2026-08-30,2026-08-31,1,Monolith,,484.0,546.92,2026-07-08,53,484.0,Direct,Sunday,2026-08,fbg_data.csv,cloudbeds
9070338888359,2026-08-09,2026-08-11,2,Cypress Lodge | Sleeps 2,,362.64,0.0,2026-07-08,32,181.32,Expedia,Sunday,2026-08,fbg_data.csv,cloudbeds
7912885735171,2026-08-21,2026-08-24,3,Spyglass,,1928.0,2285.99,2026-07-08,44,642.6666666666666,Direct,Friday,2026-08,fbg_data.csv,cloudbeds
5165599137281,2026-08-14,2026-08-16,2,Walnut House,,889.0,0.0,2026-07-08,37,444.5,Airbnb,Friday,2026-08,fbg_data.csv,cloudbeds
4104613141473,2026-08-10,2026-08-12,2,Monarch,,586.0,662.18,2026-07-08,33,293.0,Direct,Monday,2026-08,fbg_data.csv,cloudbeds
1433382577987,2026-08-15,2026-08-17,2,Juniper Haus,,607.0,685.91,2026-07-08,38,303.5,Direct,Saturday,2026-08,fbg_data.csv,cloudbeds
7759404357055,2026-08-29,2026-08-31,2,Post Oak,,624.0,705.12,2026-07-08,52,312.0,Direct,Saturday,2026-08,fbg_data.csv,cloudbeds
6136571983160,2026-07-23,2026-07-24,1,Winecup,,423.0,477.99,2026-07-08,15,423.0,Direct,Thursday,2026-07,fbg_data.csv,cloudbeds
1389105212311,2026-07-21,2026-07-23,2,Diamond,,544.0,614.72,2026-07-08,13,272.0,Direct,Tuesday,2026-07,fbg_data.csv,cloudbeds
1658302139734,2026-07-24,2026-07-26,2,Live Oak Lodge,,1548.0,1856.59,2026-07-08,16,774.0,Direct,Friday,2026-07,fbg_data.csv,cloudbeds
3893491305245,2026-07-22,2026-07-23,1,Great Lodge: King Room,,190.48,215.24,2026-07-08,14,190.48,Hotelnet (Hotel Collect Booking),Wednesday,2026-07,fbg_data.csv,cloudbeds
2950109565509,2026-07-21,2026-07-23,2,Juniper Haus,,408.0,461.04,2026-07-08,13,204.0,Direct,Tuesday,2026-07,fbg_data.csv,cloudbeds
1123788827382,2026-08-18,2026-08-20,2,Spyglass,,536.0,713.03,2026-07-08,41,268.0,Direct,Tuesday,2026-08,fbg_data.csv,cloudbeds
8735286776442,2026-07-29,2026-07-31,2,Post Oak,,442.64,532.23,2026-07-08,21,221.32,Direct,Wednesday,2026-07,fbg_data.csv,cloudbeds
9273266657811,2026-07-08,2026-07-09,1,Walnut House,,194.27,0.0,2026-07-08,0,194.27,Expedia,Wednesday,2026-07,fbg_data.csv,cloudbeds
6265766579843,2026-07-08,2026-07-09,1,Cypress Lodge | Sleeps 2,,181.37,0.0,2026-07-08,0,181.37,Expedia,Wednesday,2026-07,fbg_data.csv,cloudbeds
6423835274034,2026-07-10,2026-07-11,1,Cypress Lodge | Sleeps 4,,691.0,780.83,2026-07-08,2,691.0,Direct,Friday,2026-07,fbg_data.csv,cloudbeds
6139417874574,2026-07-10,2026-07-12,2,Bluebonnet,,1010.0,1248.65,2026-07-08,2,505.0,Direct,Friday,2026-07,fbg_data.csv,cloudbeds
8316631506974,2026-07-11,2026-07-12,1,Winecup,,679.0,767.27,2026-07-08,3,679.0,Direct,Saturday,2026-07,fbg_data.csv,cloudbeds
4757686336828,2026-07-10,2026-07-12,2,Pecan Haus,,624.0,705.12,2026-07-08,2,312.0,Direct,Friday,2026-07,fbg_data.csv,cloudbeds
9042085171720,2026-07-12,2026-07-14,2,Spiral,,488.0,551.44,2026-07-08,4,244.0,Direct,Sunday,2026-07,fbg_data.csv,cloudbeds
3220272353673,2026-07-13,2026-07-14,1,Buckeye Bungalow,,224.0,253.12,2026-07-08,5,224.0,Direct,Monday,2026-07,fbg_data.csv,cloudbeds
9521842033630,2026-07-13,2026-07-16,3,Cedar Haus,,599.95,677.95,2026-07-08,5,199.98333333333335,Direct,Monday,2026-07,fbg_data.csv,cloudbeds
5611459815269,2026-07-10,2026-07-12,2,Winecup,,1287.0,1454.31,2026-07-08,2,643.5,Direct,Friday,2026-07,fbg_data.csv,cloudbeds
8916879776097,2026-07-16,2026-07-17,1,Cypress Lodge | Sleeps 4,,248.0,280.24,2026-07-08,8,248.0,Direct,Thursday,2026-07,fbg_data.csv,cloudbeds
7555195028694,2026-07-23,2026-07-26,3,Cypress Lodge | Sleeps 4,,2052.0,2531.19,2026-07-08,15,684.0,Direct,Thursday,2026-07,fbg_data.csv,cloudbeds
5798544699967,2026-07-20,2026-07-22,2,Quonset,,488.0,551.44,2026-07-09,11,244.0,Direct,Monday,2026-07,fbg_data.csv,cloudbeds
9129786866504,2026-07-30,2026-07-31,1,Monolith,,286.11,0.0,2026-07-09,21,286.11,Expedia,Thursday,2026-07,fbg_data.csv,cloudbeds
3360772222523,2026-10-22,2026-10-25,3,Cypress Lodge | Sleeps 2,,1372.0,1550.36,2026-07-09,105,457.3333333333333,Direct,Thursday,2026-10,fbg_data.csv,cloudbeds
5492544289648,2026-07-24,2026-07-25,1,Cedar Haus,,235.87,0.0,2026-07-09,15,235.87,Expedia,Friday,2026-07,fbg_data.csv,cloudbeds
5239257959564,2026-09-02,2026-09-04,2,Post Oak,,521.0,588.73,2026-07-09,55,260.5,Direct,Wednesday,2026-09,fbg_data.csv,cloudbeds
4393001320403,2026-07-20,2026-07-22,2,Great Lodge: King Room,,330.74,0.0,2026-07-09,11,165.37,Expedia,Monday,2026-07,fbg_data.csv,cloudbeds
2319864730137,2026-08-19,2026-08-21,2,Juniper Haus,,508.0,574.04,2026-07-09,41,254.0,Direct,Wednesday,2026-08,fbg_data.csv,cloudbeds
1111338484825,2027-02-20,2027-02-24,4,Live Oak Lodge,,2062.4,2330.52,2026-07-09,226,515.6,Direct,Saturday,2027-02,fbg_data.csv,cloudbeds
8419487767484,2026-07-24,2026-07-26,2,Spiral,,900.0,1017.0,2026-07-09,15,450.0,Direct,Friday,2026-07,fbg_data.csv,cloudbeds
2875592069517,2026-08-08,2026-08-09,1,Monarch,,602.0,946.07,2026-07-09,30,602.0,Direct,Saturday,2026-08,fbg_data.csv,cloudbeds
7341199910703,2026-07-31,2026-08-02,2,Pecan Haus,,710.0,802.3,2026-07-09,22,355.0,Direct,Friday,2026-07,fbg_data.csv,cloudbeds
5390977506437,2026-07-09,2026-07-10,1,Diamond,,317.0,358.21,2026-07-09,0,317.0,Direct,Thursday,2026-07,fbg_data.csv,cloudbeds
9845287582282,2026-07-10,2026-07-12,2,Cypress Lodge | Sleeps 4,,1523.0,1986.8,2026-07-09,1,761.5,Direct,Friday,2026-07,fbg_data.csv,cloudbeds
1158067112394,2026-07-12,2026-07-13,1,Cedar Haus,,725.0,858.8,2026-07-09,3,725.0,Direct,Sunday,2026-07,fbg_data.csv,cloudbeds
1158067112394,2026-07-12,2026-07-13,1,Cypress Lodge | Sleeps 4,,725.0,858.8,2026-07-09,3,725.0,Direct,Sunday,2026-07,fbg_data.csv,cloudbeds
3374925327277,2026-09-04,2026-09-07,3,Buckeye Bungalow,,1849.0,2301.8,2026-07-09,57,616.3333333333334,Direct,Friday,2026-09,fbg_data.csv,cloudbeds
6004602089942,2026-07-21,2026-07-22,1,Quonset,,244.0,275.72,2026-07-09,12,244.0,Direct,Tuesday,2026-07,fbg_data.csv,cloudbeds
6107043279667,2026-07-22,2026-07-23,1,Great Lodge: King Room,,204.0,230.52,2026-07-09,13,204.0,Direct,Wednesday,2026-07,fbg_data.csv,cloudbeds
9712975016841,2026-09-11,2026-09-14,3,Live Oak Lodge,,2128.0,2404.64,2026-07-10,63,709.3333333333334,Direct,Friday,2026-09,fbg_data.csv,cloudbeds
6167609983069,2026-07-31,2026-08-02,2,Diamond,,1502.0,1697.26,2026-07-10,21,751.0,Direct,Friday,2026-07,fbg_data.csv,cloudbeds
5426173688036,2026-08-25,2026-08-26,1,Spyglass,,317.0,358.21,2026-07-10,46,317.0,Direct,Tuesday,2026-08,fbg_data.csv,cloudbeds
2389120421107,2026-11-02,2026-11-04,2,Bluebonnet,,471.4,532.68,2026-07-10,115,235.7,Direct,Monday,2026-11,fbg_data.csv,cloudbeds
6611558262864,2026-12-18,2026-12-20,2,Spyglass,,1597.2,1804.84,2026-07-10,161,798.6,Direct,Friday,2026-12,fbg_data.csv,cloudbeds
2605955253829,2026-07-28,2026-07-29,1,Lantana Dome,,224.0,253.12,2026-07-10,18,224.0,Direct,Tuesday,2026-07,fbg_data.csv,cloudbeds
5675828767017,2026-09-11,2026-09-13,2,Spiral,,1250.0,1412.5,2026-07-10,63,625.0,Direct,Friday,2026-09,fbg_data.csv,cloudbeds
6181876609043,2026-08-28,2026-08-31,3,Monolith,,2123.0,2398.99,2026-07-10,49,707.6666666666666,Direct,Friday,2026-08,fbg_data.csv,cloudbeds
8691632607894,2026-11-22,2026-11-24,2,Spiral,,815.2,921.17,2026-07-10,135,407.6,Direct,Sunday,2026-11,fbg_data.csv,cloudbeds
1447297199750,2026-07-21,2026-07-23,2,Pecan Haus,,408.0,461.04,2026-07-10,11,204.0,Direct,Tuesday,2026-07,fbg_data.csv,cloudbeds
1579187471683,2026-10-22,2026-10-25,3,Cedar Haus,,1202.78,0.0,2026-07-10,104,400.9266666666667,Airbnb,Thursday,2026-10,fbg_data.csv,cloudbeds
8010345369821,2026-11-22,2026-11-24,2,Sage Safari,,875.0,988.75,2026-07-10,135,437.5,Direct,Sunday,2026-11,fbg_data.csv,cloudbeds
3986044858254,2026-07-13,2026-07-14,1,Diamond,,297.0,335.61,2026-07-10,3,297.0,Direct,Monday,2026-07,fbg_data.csv,cloudbeds
2756358896214,2026-07-14,2026-07-16,2,Juniper Haus,,482.0,652.01,2026-07-10,4,241.0,Direct,Tuesday,2026-07,fbg_data.csv,cloudbeds
7312289248787,2026-07-12,2026-07-13,1,Winecup,,222.59,0.0,2026-07-10,2,222.59,Expedia,Sunday,2026-07,fbg_data.csv,cloudbeds
4042794648427,2026-07-27,2026-07-30,3,Quonset,,732.0,827.16,2026-07-10,17,244.0,Direct,Monday,2026-07,fbg_data.csv,cloudbeds
6139885842844,2026-07-22,2026-07-23,1,Spyglass,,256.0,289.28,2026-07-11,11,256.0,Direct,Wednesday,2026-07,fbg_data.csv,cloudbeds
1330719624020,2026-08-02,2026-08-04,2,Spyglass,,627.87,779.53,2026-07-11,22,313.935,Direct,Sunday,2026-08,fbg_data.csv,cloudbeds
9703815705765,2026-08-04,2026-08-06,2,Diamond,,708.0,800.04,2026-07-11,24,354.0,Direct,Tuesday,2026-08,fbg_data.csv,cloudbeds
6487028633321,2026-07-26,2026-07-27,1,Spyglass,,292.0,329.96,2026-07-11,15,292.0,Direct,Sunday,2026-07,fbg_data.csv,cloudbeds
3355081478880,2026-09-05,2026-09-07,2,Spyglass,,1279.88,0.0,2026-07-11,56,639.94,Expedia,Saturday,2026-09,fbg_data.csv,cloudbeds
3121399492133,2026-07-26,2026-07-28,2,Juniper Haus,,469.0,991.01,2026-07-11,15,234.5,Direct,Sunday,2026-07,fbg_data.csv,cloudbeds
8293745390568,2026-08-09,2026-08-10,1,Post Oak,,170.18,0.0,2026-07-11,29,170.18,Expedia,Sunday,2026-08,fbg_data.csv,cloudbeds
3980458159680,2026-08-28,2026-08-29,1,Post Oak,,400.0,664.43,2026-07-11,48,400.0,Direct,Friday,2026-08,fbg_data.csv,cloudbeds
2998551192177,2026-07-24,2026-07-26,2,Diamond,,1736.0,1961.68,2026-07-11,13,868.0,Direct,Friday,2026-07,fbg_data.csv,cloudbeds
2542625735002,2026-08-03,2026-08-04,1,Post Oak,,241.0,484.76,2026-07-11,23,241.0,Direct,Monday,2026-08,fbg_data.csv,cloudbeds
6397258095618,2026-07-11,2026-07-12,1,Monolith,,950.0,1073.5,2026-07-11,0,950.0,Direct,Saturday,2026-07,fbg_data.csv,cloudbeds
2573421766018,2026-07-13,2026-07-14,1,Lantana Dome,,248.0,492.67,2026-07-11,2,248.0,Direct,Monday,2026-07,fbg_data.csv,cloudbeds
6918255417707,2026-07-12,2026-07-13,1,Winecup,,304.0,609.33,2026-07-11,1,304.0,Direct,Sunday,2026-07,fbg_data.csv,cloudbeds
2555210967203,2026-07-20,2026-07-22,2,Cedar Haus,,408.0,568.39,2026-07-12,8,204.0,Direct,Monday,2026-07,fbg_data.csv,cloudbeds
7169282165986,2026-07-28,2026-08-01,4,Great Lodge: King Room,,815.71,0.0,2026-07-12,16,203.9275,Expedia,Tuesday,2026-07,fbg_data.csv,cloudbeds
3619553759395,2026-07-26,2026-07-28,2,Great Lodge: King Room,,385.0,435.05,2026-07-12,14,192.5,Direct,Sunday,2026-07,fbg_data.csv,cloudbeds
2592239468281,2026-07-19,2026-07-21,2,Great Lodge: King Room,,309.8,0.0,2026-07-12,7,154.9,Expedia,Sunday,2026-07,fbg_data.csv,cloudbeds
3646104979719,2026-09-04,2026-09-08,4,Cedar Haus,,1326.0,1498.38,2026-07-12,54,331.5,Direct,Friday,2026-09,fbg_data.csv,cloudbeds
4364726775926,2026-10-22,2026-10-25,3,Walnut House,,2576.35,2911.27,2026-07-12,102,858.7833333333333,Direct,Thursday,2026-10,fbg_data.csv,cloudbeds
4536321277320,2026-07-19,2026-07-20,1,Juniper Haus,,216.0,244.08,2026-07-12,7,216.0,Direct,Sunday,2026-07,fbg_data.csv,cloudbeds
8994287805838,2026-07-27,2026-07-29,2,Winecup,,488.0,551.44,2026-07-12,15,244.0,Direct,Monday,2026-07,fbg_data.csv,cloudbeds
7078236519823,2026-08-07,2026-08-09,2,Winecup,,1010.66,0.0,2026-07-12,26,505.33,Expedia,Friday,2026-08,fbg_data.csv,cloudbeds
2437121147226,2026-07-30,2026-08-01,2,Bluebonnet,,917.23,1036.47,2026-07-12,18,458.615,Booking.com,Thursday,2026-07,fbg_data.csv,cloudbeds
7771494032877,2026-07-19,2026-07-20,1,Cypress Lodge | Sleeps 2,,268.87,303.82,2026-07-12,7,268.87,Booking.com,Sunday,2026-07,fbg_data.csv,cloudbeds
3989454883364,2026-10-26,2026-10-28,2,Sage Safari,,708.0,800.04,2026-07-12,106,354.0,Direct,Monday,2026-10,fbg_data.csv,cloudbeds
7298206955021,2026-07-16,2026-07-17,1,Great Lodge: King Room,,242.0,273.46,2026-07-12,4,242.0,Direct,Thursday,2026-07,fbg_data.csv,cloudbeds
9722573076699,2026-10-19,2026-10-22,3,Great Lodge: King Room,,974.61,0.0,2026-07-12,99,324.87,Booking.com,Monday,2026-10,fbg_data.csv,cloudbeds
8262178298803,2026-07-26,2026-07-27,1,Spiral,,254.0,287.02,2026-07-13,13,254.0,Direct,Sunday,2026-07,fbg_data.csv,cloudbeds
7205199697357,2026-08-03,2026-08-05,2,Monolith,,828.0,935.64,2026-07-13,21,414.0,Direct,Monday,2026-08,fbg_data.csv,cloudbeds
4272728101197,2026-07-30,2026-07-31,1,Spyglass,,305.0,344.65,2026-07-13,17,305.0,Direct,Thursday,2026-07,fbg_data.csv,cloudbeds
9884838366299,2026-07-17,2026-07-19,2,Diamond,,1887.0,2344.74,2026-07-13,4,943.5,Direct,Friday,2026-07,fbg_data.csv,cloudbeds
3452852700882,2026-08-09,2026-08-10,1,Spyglass,,308.77,348.91,2026-07-13,27,308.77,Booking.com,Sunday,2026-08,fbg_data.csv,cloudbeds
3152308337422,2026-07-31,2026-08-01,1,Cypress Lodge | Sleeps 6,,1058.0,1195.54,2026-07-13,18,1058.0,Direct,Friday,2026-07,fbg_data.csv,cloudbeds
6167122637384,2026-08-09,2026-08-10,1,Cedar Haus,,269.36,304.38,2026-07-13,27,269.36,Booking.com,Sunday,2026-08,fbg_data.csv,cloudbeds
6439362921898,2026-08-07,2026-08-09,2,Monolith,,1744.0,2078.07,2026-07-13,25,872.0,Direct,Friday,2026-08,fbg_data.csv,cloudbeds
9603824759345,2026-08-09,2026-08-10,1,Great Lodge: King Room,,269.36,304.38,2026-07-13,27,269.36,Booking.com,Sunday,2026-08,fbg_data.csv,cloudbeds
3912137909472,2026-07-19,2026-07-20,1,Diamond,,265.0,299.45,2026-07-13,6,265.0,Direct,Sunday,2026-07,fbg_data.csv,cloudbeds
1319990206966,2026-08-14,2026-08-16,2,Spiral,,749.5,0.0,2026-07-14,31,374.75,Expedia,Friday,2026-08,fbg_data.csv,cloudbeds
1083404183171,2026-07-19,2026-07-21,2,Great Lodge: King Room,,323.14,0.0,2026-07-14,5,161.57,Expedia,Sunday,2026-07,fbg_data.csv,cloudbeds
9191379303731,2026-08-16,2026-08-17,1,Spyglass,,304.0,343.52,2026-07-14,33,304.0,Direct,Sunday,2026-08,fbg_data.csv,cloudbeds
2236111644332,2026-08-21,2026-08-23,2,Walnut House,,1367.0,1544.71,2026-07-14,38,683.5,Direct,Friday,2026-08,fbg_data.csv,cloudbeds
6298252781523,2026-07-31,2026-08-02,2,Diamond,,1484.0,1889.35,2026-07-14,17,742.0,Direct,Friday,2026-07,fbg_data.csv,cloudbeds
9755474336724,2026-10-19,2026-10-21,2,Monarch,,756.28,0.0,2026-07-14,97,378.14,Expedia,Monday,2026-10,fbg_data.csv,cloudbeds
7709348428923,2026-07-19,2026-07-21,2,Lantana Dome,,468.43,0.0,2026-07-15,4,234.215,Expedia,Sunday,2026-07,fbg_data.csv,cloudbeds
9343796941073,2026-10-23,2026-10-25,2,Cypress Lodge | Sleeps 2,,1116.0,1261.08,2026-07-15,100,558.0,Direct,Friday,2026-10,fbg_data.csv,cloudbeds
4639525328445,2026-08-14,2026-08-16,2,Monolith,,1514.0,1710.82,2026-07-15,30,757.0,Direct,Friday,2026-08,fbg_data.csv,cloudbeds
3640799992155,2026-07-19,2026-07-20,1,Cypress Lodge | Sleeps 2,,184.52,0.0,2026-07-15,4,184.52,Expedia,Sunday,2026-07,fbg_data.csv,cloudbeds
4844280219412,2026-08-03,2026-08-04,1,Cocoon,,260.0,293.8,2026-07-15,19,260.0,Direct,Monday,2026-08,fbg_data.csv,cloudbeds
9585770713976,2026-12-04,2026-12-06,2,Juniper Haus,,534.0,603.42,2026-07-15,142,267.0,Direct,Friday,2026-12,fbg_data.csv,cloudbeds
4509069631178,2026-09-04,2026-09-05,1,Post Oak,,360.01,0.0,2026-07-15,51,360.01,Booking.com,Friday,2026-09,fbg_data.csv,cloudbeds
5673462572043,2026-07-17,2026-07-19,2,Buckeye Bungalow,,1634.0,1846.42,2026-07-15,2,817.0,Direct,Friday,2026-07,fbg_data.csv,cloudbeds
9121380288447,2026-10-07,2026-10-10,3,Monolith,,1757.0,1985.41,2026-07-15,84,585.6666666666666,Direct,Wednesday,2026-10,fbg_data.csv,cloudbeds
9121380288447,2026-10-07,2026-10-10,3,Great Lodge: King Room,,1757.0,1985.41,2026-07-15,84,585.6666666666666,Direct,Wednesday,2026-10,fbg_data.csv,cloudbeds
9666558025932,2026-08-15,2026-08-17,2,Diamond,,921.4,1041.19,2026-07-15,31,460.7,Direct,Saturday,2026-08,fbg_data.csv,cloudbeds
5698476093819,2026-08-07,2026-08-09,2,Lantana Dome,,1231.0,1603.46,2026-07-15,23,615.5,Direct,Friday,2026-08,fbg_data.csv,cloudbeds
1852239764070,2026-08-17,2026-08-18,1,Cypress Lodge | Sleeps 2,,238.0,268.94,2026-07-15,33,238.0,Direct,Monday,2026-08,fbg_data.csv,cloudbeds
3216094405153,2026-08-10,2026-08-12,2,Walnut House,,566.0,639.58,2026-07-15,26,283.0,Direct,Monday,2026-08,fbg_data.csv,cloudbeds
7422751207634,2026-08-03,2026-08-05,2,Bluebonnet,,494.0,558.22,2026-07-15,19,247.0,Direct,Monday,2026-08,fbg_data.csv,cloudbeds
3227618898639,2026-07-16,2026-07-17,1,Cypress Lodge | Sleeps 2,,218.0,246.34,2026-07-15,1,218.0,Direct,Thursday,2026-07,fbg_data.csv,cloudbeds
6779229942673,2026-07-20,2026-07-21,1,Quonset,,254.0,287.02,2026-07-15,5,254.0,Direct,Monday,2026-07,fbg_data.csv,cloudbeds
9333573534113,2026-08-07,2026-08-09,2,Sage Safari,,900.0,1017.0,2026-07-15,23,450.0,Direct,Friday,2026-08,fbg_data.csv,cloudbeds
1089529854021,2026-11-02,2026-11-04,2,Spiral,,576.0,650.88,2026-07-15,110,288.0,Direct,Monday,2026-11,fbg_data.csv,cloudbeds
6027251827061,2026-07-31,2026-08-02,2,Great Lodge: King Room,,722.0,815.86,2026-07-15,16,361.0,Direct,Friday,2026-07,fbg_data.csv,cloudbeds
1923453848588,2026-08-14,2026-08-16,2,Diamond,,1224.0,1383.12,2026-07-16,29,612.0,Direct,Friday,2026-08,fbg_data.csv,cloudbeds
7818533788692,2026-09-20,2026-09-26,6,Monolith,,3306.0,3843.13,2026-07-16,66,551.0,Direct,Sunday,2026-09,fbg_data.csv,cloudbeds
2627681088470,2026-07-17,2026-07-19,2,Cocoon,,872.0,0.0,2026-07-16,1,436.0,Expedia,Friday,2026-07,fbg_data.csv,cloudbeds
5258305334955,2026-08-16,2026-08-20,4,Monarch,,1542.67,0.0,2026-07-16,31,385.6675,Expedia,Sunday,2026-08,fbg_data.csv,cloudbeds
6600384974226,2026-08-02,2026-08-03,1,Great Lodge: King Room,,259.0,292.67,2026-07-16,17,259.0,Direct,Sunday,2026-08,fbg_data.csv,cloudbeds
5952196638518,2026-07-31,2026-08-02,2,Great Lodge: King Room,,722.0,815.86,2026-07-16,15,361.0,Direct,Friday,2026-07,fbg_data.csv,cloudbeds
7743836174662,2026-07-31,2026-08-02,2,Great Lodge: King Room,,722.0,815.86,2026-07-16,15,361.0,Direct,Friday,2026-07,fbg_data.csv,cloudbeds
6835589661921,2026-07-31,2026-08-02,2,Great Lodge: King Room,,722.0,815.86,2026-07-16,15,361.0,Direct,Friday,2026-07,fbg_data.csv,cloudbeds
5158093337039,2026-08-22,2026-08-24,2,Cocoon,,888.0,1376.6,2026-07-16,37,444.0,Direct,Saturday,2026-08,fbg_data.csv,cloudbeds
1165499877019,2026-07-28,2026-07-30,2,Buckeye Bungalow,,385.42,0.0,2026-07-16,12,192.71,Expedia,Tuesday,2026-07,fbg_data.csv,cloudbeds
9154566943079,2026-11-16,2026-11-18,2,Buckeye Bungalow,,632.0,908.52,2026-07-16,123,316.0,Direct,Monday,2026-11,fbg_data.csv,cloudbeds
6159212323247,2026-07-18,2026-07-19,1,Diamond,,692.9,840.94,2026-07-16,2,692.9,Direct,Saturday,2026-07,fbg_data.csv,cloudbeds
9016265891917,2026-07-26,2026-07-28,2,Quonset,,668.0,754.84,2026-07-16,10,334.0,Direct,Sunday,2026-07,fbg_data.csv,cloudbeds
1280253872543,2026-07-31,2026-08-02,2,Walnut House,,1546.0,1959.41,2026-07-17,14,773.0,Direct,Friday,2026-07,fbg_data.csv,cloudbeds
6200225465530,2026-07-20,2026-07-21,1,Juniper Haus,,212.0,239.56,2026-07-17,3,212.0,Direct,Monday,2026-07,fbg_data.csv,cloudbeds
6283351859645,2026-07-19,2026-07-21,2,Great Lodge: King Room,,459.0,518.67,2026-07-17,2,229.5,Direct,Sunday,2026-07,fbg_data.csv,cloudbeds
3694733797292,2026-07-24,2026-07-26,2,Cocoon,,1348.0,1523.24,2026-07-17,7,674.0,Direct,Friday,2026-07,fbg_data.csv,cloudbeds
9345708995758,2026-07-21,2026-07-22,1,Great Lodge: King Room,,185.52,0.0,2026-07-17,4,185.52,Expedia,Tuesday,2026-07,fbg_data.csv,cloudbeds
1368389116244,2026-07-20,2026-07-21,1,Spiral,,254.0,287.02,2026-07-17,3,254.0,Direct,Monday,2026-07,fbg_data.csv,cloudbeds
7590908361177,2026-08-02,2026-08-04,2,Monolith,,919.0,1304.28,2026-07-17,16,459.5,Direct,Sunday,2026-08,fbg_data.csv,cloudbeds
2689476181707,2026-07-30,2026-08-02,3,Diamond,,2148.0,2427.24,2026-07-17,13,716.0,Direct,Thursday,2026-07,fbg_data.csv,cloudbeds
1921502995563,2026-08-20,2026-08-21,1,Live Oak Lodge,,338.0,381.94,2026-07-17,34,338.0,Direct,Thursday,2026-08,fbg_data.csv,cloudbeds
7323268100281,2026-07-19,2026-07-20,1,Spyglass,,401.69,0.0,2026-07-17,2,401.69,Expedia,Sunday,2026-07,fbg_data.csv,cloudbeds
1277709143573,2026-08-22,2026-08-23,1,Pecan Haus,,377.0,426.01,2026-07-17,36,377.0,Direct,Saturday,2026-08,fbg_data.csv,cloudbeds
4016709757528,2026-08-27,2026-08-28,1,Monolith,,584.0,925.73,2026-07-17,41,584.0,Direct,Thursday,2026-08,fbg_data.csv,cloudbeds
5573660662600,2026-07-18,2026-07-19,1,Diamond,,499.0,776.3,2026-07-17,1,499.0,Direct,Saturday,2026-07,fbg_data.csv,cloudbeds
2290029794462,2026-08-12,2026-08-13,1,Diamond,,328.47,371.17,2026-07-17,26,328.47,Booking.com,Wednesday,2026-08,fbg_data.csv,cloudbeds
7721795356202,2026-07-25,2026-07-27,2,Pecan Haus,,722.0,815.86,2026-07-18,7,361.0,Direct,Saturday,2026-07,fbg_data.csv,cloudbeds
8270953135345,2027-01-02,2027-01-04,2,Spiral,,809.0,914.17,2026-07-18,168,404.5,Direct,Saturday,2027-01,fbg_data.csv,cloudbeds
1485850196414,2026-12-04,2026-12-07,3,Walnut House,,1551.7,1753.41,2026-07-18,139,517.2333333333333,Direct,Friday,2026-12,fbg_data.csv,cloudbeds
6957121394061,2026-07-24,2026-07-26,2,Juniper Haus,,922.0,1254.29,2026-07-18,6,461.0,Direct,Friday,2026-07,fbg_data.csv,cloudbeds
4222517745649,2026-08-03,2026-08-07,4,Cypress Lodge | Sleeps 2,,1028.0,1268.99,2026-07-18,16,257.0,Direct,Monday,2026-08,fbg_data.csv,cloudbeds
7980237088746,2026-07-19,2026-07-20,1,Great Lodge: King Room,,247.0,279.11,2026-07-18,1,247.0,Direct,Sunday,2026-07,fbg_data.csv,cloudbeds
6044889122170,2026-08-04,2026-08-06,2,Lantana Dome,,520.0,587.6,2026-07-18,17,260.0,Direct,Tuesday,2026-08,fbg_data.csv,cloudbeds
5235654717941,2026-08-27,2026-08-30,3,Cocoon,,1322.0,1493.86,2026-07-18,40,440.6666666666667,Direct,Thursday,2026-08,fbg_data.csv,cloudbeds
4990372280371,2026-07-19,2026-07-22,3,Great Lodge: King Room,,671.0,758.23,2026-07-18,1,223.66666666666666,Direct,Sunday,2026-07,fbg_data.csv,cloudbeds
8213904478364,2026-07-21,2026-07-22,1,Great Lodge: King Room,,212.0,239.56,2026-07-18,3,212.0,Direct,Tuesday,2026-07,fbg_data.csv,cloudbeds
1800783829063,2026-08-14,2026-08-17,3,Quonset,,1477.0,1669.01,2026-07-18,27,492.3333333333333,Direct,Friday,2026-08,fbg_data.csv,cloudbeds
2192087939297,2026-07-20,2026-07-21,1,Great Lodge: King Room,,212.0,239.56,2026-07-18,2,212.0,Direct,Monday,2026-07,fbg_data.csv,cloudbeds
2549941207812,2026-08-26,2026-08-28,2,Spyglass,,776.0,1089.31,2026-07-18,39,388.0,Direct,Wednesday,2026-08,fbg_data.csv,cloudbeds
4357204546777,2026-08-13,2026-08-15,2,Diamond,,1022.2,1367.53,2026-07-19,25,511.1,Direct,Thursday,2026-08,fbg_data.csv,cloudbeds
9341731255160,2026-10-12,2026-10-15,3,Diamond,,1322.85,1494.82,2026-07-19,85,440.95,Direct,Monday,2026-10,fbg_data.csv,cloudbeds
5301085095839,2026-08-19,2026-08-20,1,Sage Safari,,260.0,293.8,2026-07-19,31,260.0,Direct,Wednesday,2026-08,fbg_data.csv,cloudbeds
8907670484477,2026-08-28,2026-08-31,3,Pecan Haus,,922.2,1042.1,2026-07-19,40,307.40000000000003,Direct,Friday,2026-08,fbg_data.csv,cloudbeds
7613663285563,2026-07-20,2026-07-21,1,Great Lodge: King Room,,149.79,0.0,2026-07-19,1,149.79,Expedia,Monday,2026-07,fbg_data.csv,cloudbeds
9675432173527,2026-07-24,2026-07-26,2,Bluebonnet,,1348.0,1523.24,2026-07-19,5,674.0,Direct,Friday,2026-07,fbg_data.csv,cloudbeds
2728796478300,2026-07-20,2026-07-21,1,Great Lodge: King Room,,212.0,451.99,2026-07-19,1,212.0,Direct,Monday,2026-07,fbg_data.csv,cloudbeds
4109031606766,2026-09-06,2026-09-08,2,Live Oak Lodge,,1265.0,0.0,2026-07-19,49,632.5,Airbnb,Sunday,2026-09,fbg_data.csv,cloudbeds
9459875784335,2026-07-19,2026-07-20,1,Great Lodge: King Room,,247.0,279.11,2026-07-19,0,247.0,Direct,Sunday,2026-07,fbg_data.csv,cloudbeds
7407501971551,2026-08-05,2026-08-06,1,Quonset,,237.37,0.0,2026-07-19,17,237.37,Expedia,Wednesday,2026-08,fbg_data.csv,cloudbeds
7760917918657,2026-08-13,2026-08-16,3,Cocoon,,1322.0,1706.29,2026-07-19,25,440.6666666666667,Direct,Thursday,2026-08,fbg_data.csv,cloudbeds
6731449316673,2026-07-22,2026-07-23,1,Diamond,,506.0,0.0,2026-07-19,3,506.0,Airbnb,Wednesday,2026-07,fbg_data.csv,cloudbeds
6577543862451,2026-07-22,2026-07-24,2,Live Oak Lodge,,856.0,969.9,2026-07-19,3,428.0,Direct,Wednesday,2026-07,fbg_data.csv,cloudbeds
7175322901201,2026-09-14,2026-09-18,4,Bluebonnet,,1095.56,0.0,2026-07-19,57,273.89,Expedia,Monday,2026-09,fbg_data.csv,cloudbeds
4790830411802,2026-07-23,2026-07-24,1,Pecan Haus,,269.36,304.38,2026-07-19,4,269.36,Booking.com,Thursday,2026-07,fbg_data.csv,cloudbeds
3761776465534,2026-07-21,2026-07-22,1,Great Lodge: King Room,,212.0,239.56,2026-07-20,1,212.0,Direct,Tuesday,2026-07,fbg_data.csv,cloudbeds
6349227826471,2026-08-14,2026-08-16,2,Monolith,,2076.0,2345.88,2026-07-20,25,1038.0,Direct,Friday,2026-08,fbg_data.csv,cloudbeds
6395650076758,2026-08-03,2026-08-04,1,Lantana Dome,,260.0,293.8,2026-07-20,14,260.0,Direct,Monday,2026-08,fbg_data.csv,cloudbeds
7056031511255,2026-08-28,2026-08-30,2,Spyglass,,1783.5,2015.36,2026-07-20,39,891.75,Direct,Friday,2026-08,fbg_data.csv,cloudbeds
7811657252749,2026-07-24,2026-07-25,1,Diamond,,934.0,1055.42,2026-07-20,4,934.0,Direct,Friday,2026-07,fbg_data.csv,cloudbeds
1596175507271,2026-08-20,2026-08-23,3,Lantana Dome,,1832.81,0.0,2026-07-20,31,610.9366666666666,Expedia,Thursday,2026-08,fbg_data.csv,cloudbeds
9737904875356,2026-08-03,2026-08-05,2,Diamond,,796.8,900.38,2026-07-20,14,398.4,Direct,Monday,2026-08,fbg_data.csv,cloudbeds
9824222647190,2026-08-08,2026-08-10,2,Cypress Lodge | Sleeps 4,,1444.0,1631.72,2026-07-20,19,722.0,Direct,Saturday,2026-08,fbg_data.csv,cloudbeds
5999451285286,2026-07-27,2026-07-28,1,Great Lodge: King Room,,212.0,239.56,2026-07-20,7,212.0,Direct,Monday,2026-07,fbg_data.csv,cloudbeds
1001312162529,2026-08-03,2026-08-05,2,Quonset,,566.0,639.58,2026-07-20,14,283.0,Direct,Monday,2026-08,fbg_data.csv,cloudbeds
9927791986597,2026-07-21,2026-07-22,1,Great Lodge: King Room,,212.0,239.56,2026-07-20,1,212.0,Direct,Tuesday,2026-07,fbg_data.csv,cloudbeds
7438384031036,2026-08-08,2026-08-10,2,Diamond,,1162.79,0.0,2026-07-20,19,581.395,Expedia,Saturday,2026-08,fbg_data.csv,cloudbeds
3817000586235,2026-11-07,2026-11-10,3,Monolith,,2613.5,0.0,2026-07-21,109,871.1666666666666,Booking.com,Saturday,2026-11,fbg_data.csv,cloudbeds
6371561674137,2026-07-23,2026-07-24,1,Diamond,,429.0,484.77,2026-07-21,2,429.0,Direct,Thursday,2026-07,fbg_data.csv,cloudbeds
5661858240271,2026-07-25,2026-07-27,2,Quonset,,1078.0,1218.14,2026-07-21,4,539.0,Direct,Saturday,2026-07,fbg_data.csv,cloudbeds
3044444941469,2026-09-09,2026-09-11,2,Live Oak Lodge,,672.0,759.36,2026-07-21,50,336.0,Direct,Wednesday,2026-09,fbg_data.csv,cloudbeds
9575650476864,2026-08-10,2026-08-11,1,Lantana Dome,,260.0,293.8,2026-07-21,20,260.0,Direct,Monday,2026-08,fbg_data.csv,cloudbeds
8328207915115,2027-04-16,2027-04-18,2,Quonset,,1137.4,1419.28,2026-07-21,269,568.7,Direct,Friday,2027-04,fbg_data.csv,cloudbeds
8405903122228,2026-07-21,2026-07-22,1,Great Lodge: King Room,,212.0,239.56,2026-07-21,0,212.0,Direct,Tuesday,2026-07,fbg_data.csv,cloudbeds
5591968346847,2026-08-10,2026-08-11,1,Great Lodge: King Room,,169.93,0.0,2026-07-21,20,169.93,Expedia,Monday,2026-08,fbg_data.csv,cloudbeds
6973574739327,2026-07-24,2026-07-26,2,Lantana Dome,,1228.0,1653.45,2026-07-21,3,614.0,Direct,Friday,2026-07,fbg_data.csv,cloudbeds
6010895963872,2026-07-22,2026-07-23,1,Winecup,,254.0,287.02,2026-07-21,1,254.0,Direct,Wednesday,2026-07,fbg_data.csv,cloudbeds
5100662344645,2026-07-26,2026-07-28,2,Great Lodge: King Room,,459.0,626.02,2026-07-21,5,229.5,Direct,Sunday,2026-07,fbg_data.csv,cloudbeds
4883887378326,2026-07-27,2026-07-29,2,Great Lodge: King Room,,424.0,479.12,2026-07-22,5,212.0,Direct,Monday,2026-07,fbg_data.csv,cloudbeds
9891637132546,2026-07-28,2026-07-30,2,Great Lodge: King Room,,424.0,479.12,2026-07-22,6,212.0,Direct,Tuesday,2026-07,fbg_data.csv,cloudbeds
9241651814986,2026-07-28,2026-07-30,2,Great Lodge: King Room,,424.0,479.12,2026-07-22,6,212.0,Direct,Tuesday,2026-07,fbg_data.csv,cloudbeds
9457070012033,2026-07-22,2026-07-23,1,Cypress Lodge | Sleeps 2,,218.0,246.34,2026-07-22,0,218.0,Direct,Wednesday,2026-07,fbg_data.csv,cloudbeds
6867148681490,2026-08-07,2026-08-09,2,Diamond,,1514.0,1710.82,2026-07-22,16,757.0,Direct,Friday,2026-08,fbg_data.csv,cloudbeds
6647013740795,2026-08-10,2026-08-11,1,Diamond,,289.7,327.36,2026-07-22,19,289.7,Direct,Monday,2026-08,fbg_data.csv,cloudbeds
1658216007750,2026-07-23,2026-07-24,1,Juniper Haus,,179.96,0.0,2026-07-22,1,179.96,Expedia,Thursday,2026-07,fbg_data.csv,cloudbeds
1527664021441,2026-08-16,2026-08-17,1,Great Lodge: King Room,,267.29,0.0,2026-07-22,25,267.29,Booking.com,Sunday,2026-08,fbg_data.csv,cloudbeds
7811473465792,2026-09-11,2026-09-13,2,Diamond,,1381.0,1560.54,2026-07-22,51,690.5,Direct,Friday,2026-09,fbg_data.csv,cloudbeds
2105524357463,2026-09-04,2026-09-06,2,Great Lodge: King Room,,966.0,1091.58,2026-07-22,44,483.0,Direct,Friday,2026-09,fbg_data.csv,cloudbeds
6411354051128,2026-10-09,2026-10-11,2,Walnut House,,1894.0,2140.22,2026-07-22,79,947.0,Direct,Friday,2026-10,fbg_data.csv,cloudbeds
1403191586678,2026-07-26,2026-07-28,2,Cypress Lodge | Sleeps 4,,773.8,874.39,2026-07-22,4,386.9,Direct,Sunday,2026-07,fbg_data.csv,cloudbeds
1785076297398,2026-10-26,2026-10-29,3,Great Lodge: King Room,,920.07,0.0,2026-07-22,96,306.69,Booking.com,Monday,2026-10,fbg_data.csv,cloudbeds
7889283342903,2026-08-03,2026-08-06,3,Quonset,,614.31,0.0,2026-07-22,12,204.76999999999998,Expedia,Monday,2026-08,fbg_data.csv,cloudbeds
9868621500319,2027-01-01,2027-01-04,3,Cypress Lodge | Sleeps 2,,1042.44,0.0,2026-07-22,163,347.48,Booking.com,Friday,2027-01,fbg_data.csv,cloudbeds
4514613912616,2026-12-06,2026-12-08,2,Spyglass,,594.0,883.65,2026-07-23,136,297.0,Direct,Sunday,2026-12,fbg_data.csv,cloudbeds
6511652418687,2026-09-03,2026-09-04,1,Sage Safari,,297.0,335.61,2026-07-23,42,297.0,Direct,Thursday,2026-09,fbg_data.csv,cloudbeds
5421100983550,2026-08-04,2026-08-06,2,Cocoon,,520.0,587.6,2026-07-23,12,260.0,Direct,Tuesday,2026-08,fbg_data.csv,cloudbeds
1036539054972,2026-07-25,2026-07-26,1,Winecup,,619.38,699.9,2026-07-23,2,619.38,Booking.com,Saturday,2026-07,fbg_data.csv,cloudbeds
2428392993264,2026-09-12,2026-09-14,2,Pecan Haus,,706.0,797.78,2026-07-23,51,353.0,Direct,Saturday,2026-09,fbg_data.csv,cloudbeds
8116644640216,2026-07-30,2026-07-31,1,Monolith,,412.0,465.56,2026-07-23,7,412.0,Direct,Thursday,2026-07,fbg_data.csv,cloudbeds
6750386640599,2026-08-04,2026-08-05,1,Spyglass,,283.0,319.79,2026-07-23,12,283.0,Direct,Tuesday,2026-08,fbg_data.csv,cloudbeds
9872748018208,2026-07-24,2026-07-25,1,Pecan Haus,,449.8,508.28,2026-07-23,1,449.8,Booking.com,Friday,2026-07,fbg_data.csv,cloudbeds
9498837962555,2026-09-02,2026-09-04,2,Walnut House,,435.03,0.0,2026-07-23,41,217.515,Expedia,Wednesday,2026-09,fbg_data.csv,cloudbeds
3039000125339,2026-07-23,2026-07-24,1,Diamond,,429.0,484.77,2026-07-23,0,429.0,Direct,Thursday,2026-07,fbg_data.csv,cloudbeds
6242363328453,2026-08-23,2026-08-25,2,Diamond,,689.4,1044.83,2026-07-23,31,344.7,Direct,Sunday,2026-08,fbg_data.csv,cloudbeds
3139081449491,2026-07-26,2026-07-27,1,Great Lodge: King Room,,226.0,255.38,2026-07-23,3,226.0,Direct,Sunday,2026-07,fbg_data.csv,cloudbeds
7473413460390,2026-08-07,2026-08-09,2,Diamond,,1514.0,1976.63,2026-07-24,14,757.0,Direct,Friday,2026-08,fbg_data.csv,cloudbeds
7044811935026,2026-08-29,2026-08-31,2,Sage Safari,,939.0,1061.07,2026-07-24,36,469.5,Direct,Saturday,2026-08,fbg_data.csv,cloudbeds
2287825698739,2026-09-03,2026-09-05,2,Live Oak Lodge,,1469.0,1659.97,2026-07-24,41,734.5,Direct,Thursday,2026-09,fbg_data.csv,cloudbeds
6198121917764,2026-07-25,2026-07-26,1,Winecup,,514.0,580.82,2026-07-24,1,514.0,Direct,Saturday,2026-07,fbg_data.csv,cloudbeds
7819502648531,2026-09-30,2026-10-04,4,Cedar Haus,,1318.45,0.0,2026-07-24,68,329.6125,Airbnb,Wednesday,2026-09,fbg_data.csv,cloudbeds
4504672853503,2026-11-01,2026-11-04,3,Cypress Lodge | Sleeps 2,,863.0,1251.67,2026-07-24,100,287.6666666666667,Direct,Sunday,2026-11,fbg_data.csv,cloudbeds
6618031919514,2026-08-30,2026-09-04,5,Cocoon,,1572.24,1952.08,2026-07-24,37,314.448,Direct,Sunday,2026-08,fbg_data.csv,cloudbeds
4609031706010,2026-07-25,2026-07-26,1,Cypress Lodge | Sleeps 2,,414.0,467.82,2026-07-24,1,414.0,Direct,Saturday,2026-07,fbg_data.csv,cloudbeds
2029808940722,2026-07-28,2026-07-30,2,Great Lodge: King Room,,424.0,479.12,2026-07-24,4,212.0,Direct,Tuesday,2026-07,fbg_data.csv,cloudbeds
9804252039548,2026-08-03,2026-08-05,2,Great Lodge: King Room,,961.56,1165.64,2026-07-24,10,480.78,Booking.com,Monday,2026-08,fbg_data.csv,cloudbeds
9804252039548,2026-08-03,2026-08-05,2,Great Lodge: King Room,,961.56,1165.64,2026-07-24,10,480.78,Booking.com,Monday,2026-08,fbg_data.csv,cloudbeds
6796617449180,2026-07-31,2026-08-02,2,Juniper Haus,,918.0,1037.34,2026-07-25,6,459.0,Direct,Friday,2026-07,fbg_data.csv,cloudbeds
9688406349347,2026-11-21,2026-11-24,3,Post Oak,,1261.9,1425.94,2026-07-25,119,420.6333333333334,Direct,Saturday,2026-11,fbg_data.csv,cloudbeds
2429786936221,2026-09-10,2026-09-12,2,Spyglass,,1339.0,1513.07,2026-07-25,47,669.5,Direct,Thursday,2026-09,fbg_data.csv,cloudbeds
5274756342872,2026-09-18,2026-09-20,2,Post Oak,,922.0,1041.86,2026-07-25,55,461.0,Direct,Friday,2026-09,fbg_data.csv,cloudbeds
2472951850497,2027-04-04,2027-04-08,4,Sage Safari,,1452.0,1640.76,2026-07-25,253,363.0,Direct,Sunday,2027-04,fbg_data.csv,cloudbeds
8982545869990,2026-09-25,2026-09-28,3,Live Oak Lodge,,2209.0,2496.17,2026-07-25,62,736.3333333333334,Direct,Friday,2026-09,fbg_data.csv,cloudbeds
2376267449395,2026-07-26,2026-07-27,1,Great Lodge: King Room,,268.02,302.86,2026-07-25,1,268.02,Booking.com,Sunday,2026-07,fbg_data.csv,cloudbeds
2422090741138,2026-08-09,2026-08-10,1,Sage Safari,,205.75,0.0,2026-07-25,15,205.75,Expedia,Sunday,2026-08,fbg_data.csv,cloudbeds
4006894432193,2026-07-27,2026-07-29,2,Pecan Haus,,299.58,107.35,2026-07-25,2,149.79,Expedia,Monday,2026-07,fbg_data.csv,cloudbeds
6919853804088,2026-08-24,2026-08-25,1,Diamond,,318.0,359.34,2026-07-25,30,318.0,Direct,Monday,2026-08,fbg_data.csv,cloudbeds
5235759573349,2026-08-11,2026-08-13,2,Spiral,,566.0,639.58,2026-07-26,16,283.0,Direct,Tuesday,2026-08,fbg_data.csv,cloudbeds
8946839070403,2026-09-18,2026-09-21,3,Cypress Lodge | Sleeps 2,,1491.0,1684.83,2026-07-26,54,497.0,Direct,Friday,2026-09,fbg_data.csv,cloudbeds
9177214165842,2026-11-16,2026-11-18,2,Diamond,,734.2,829.66,2026-07-26,113,367.1,Direct,Monday,2026-11,fbg_data.csv,cloudbeds
9206256178225,2026-08-21,2026-08-23,2,Cedar Haus,,754.0,852.02,2026-07-26,26,377.0,Direct,Friday,2026-08,fbg_data.csv,cloudbeds
7651255160596,2026-07-30,2026-08-01,2,Quonset,,162.31,603.1,2026-07-26,4,81.155,Direct,Thursday,2026-07,fbg_data.csv,cloudbeds
5652559694564,2026-08-18,2026-08-20,2,Live Oak Lodge,,628.0,709.64,2026-07-26,23,314.0,Direct,Tuesday,2026-08,fbg_data.csv,cloudbeds
6581731461631,2026-08-16,2026-08-17,1,Live Oak Lodge,,368.0,415.84,2026-07-26,21,368.0,Direct,Sunday,2026-08,fbg_data.csv,cloudbeds
5570275531551,2026-08-07,2026-08-08,1,Cypress Lodge | Sleeps 2,,482.0,544.66,2026-07-26,12,482.0,Direct,Friday,2026-08,fbg_data.csv,cloudbeds
1771259143288,2026-08-14,2026-08-16,2,Great Lodge: King Room,,692.64,0.0,2026-07-26,19,346.32,Expedia,Friday,2026-08,fbg_data.csv,cloudbeds
3099471287034,2026-07-29,2026-07-31,2,Quonset,,608.2,687.28,2026-07-26,3,304.1,Hotelnet (Hotel Collect Booking),Wednesday,2026-07,fbg_data.csv,cloudbeds
7998934397984,2026-08-24,2026-08-28,4,Diamond,,1358.0,1641.89,2026-07-26,29,339.5,Direct,Monday,2026-08,fbg_data.csv,cloudbeds
1343158648425,2026-12-11,2026-12-13,2,Sage Safari,,817.38,0.0,2026-07-26,138,408.69,Expedia,Friday,2026-12,fbg_data.csv,cloudbeds
1618739195929,2026-08-18,2026-08-20,2,Bluebonnet,,520.0,587.6,2026-07-26,23,260.0,Direct,Tuesday,2026-08,fbg_data.csv,cloudbeds
5307923285792,2026-10-25,2026-10-27,2,Walnut House,,907.0,1024.91,2026-07-26,91,453.5,Direct,Sunday,2026-10,fbg_data.csv,cloudbeds
8352035042718,2026-07-26,2026-07-27,1,Bluebonnet,,232.0,262.16,2026-07-26,0,232.0,Direct,Sunday,2026-07,fbg_data.csv,cloudbeds
3941695278560,2026-08-07,2026-08-09,2,Cedar Haus,,926.0,1153.73,2026-07-27,11,463.0,Direct,Friday,2026-08,fbg_data.csv,cloudbeds
6767826922130,2026-08-01,2026-08-02,1,Bluebonnet,,414.0,467.82,2026-07-27,5,414.0,Direct,Saturday,2026-08,fbg_data.csv,cloudbeds
1373898488102,2026-10-05,2026-10-08,3,Live Oak Lodge,,1271.1,1436.34,2026-07-27,70,423.7,Direct,Monday,2026-10,fbg_data.csv,cloudbeds
4990772084104,2026-07-30,2026-07-31,1,Diamond,,335.0,590.98,2026-07-27,3,335.0,Direct,Thursday,2026-07,fbg_data.csv,cloudbeds
6319433804197,2026-08-09,2026-08-12,3,Monolith,,1375.0,1553.75,2026-07-27,13,458.3333333333333,Direct,Sunday,2026-08,fbg_data.csv,cloudbeds
6614587517317,2026-12-11,2026-12-13,2,Monolith,,2042.0,2307.46,2026-07-27,137,1021.0,Direct,Friday,2026-12,fbg_data.csv,cloudbeds
1922224515274,2026-09-06,2026-09-08,2,Pecan Haus,,753.9,0.0,2026-07-27,41,376.95,Expedia,Sunday,2026-09,fbg_data.csv,cloudbeds
4449475871196,2026-07-29,2026-07-31,2,Juniper Haus,,441.0,498.33,2026-07-27,2,220.5,Direct,Wednesday,2026-07,fbg_data.csv,cloudbeds
2556325755429,2026-08-22,2026-08-25,3,Great Lodge: King Room,,890.0,1005.7,2026-07-27,26,296.6666666666667,Direct,Saturday,2026-08,fbg_data.csv,cloudbeds
1198517996893,2026-09-25,2026-09-27,2,Sage Safari,,1353.4,1529.34,2026-07-27,60,676.7,Direct,Friday,2026-09,fbg_data.csv,cloudbeds
7347608299435,2026-08-23,2026-08-24,1,Post Oak,,254.79,0.0,2026-07-27,27,254.79,Expedia,Sunday,2026-08,fbg_data.csv,cloudbeds
4245873710810,2026-08-09,2026-08-11,2,Winecup,,434.33,0.0,2026-07-27,13,217.165,Expedia,Sunday,2026-08,fbg_data.csv,cloudbeds
4019770052802,2026-07-30,2026-08-02,3,Cedar Haus,,1297.42,1466.08,2026-07-27,3,432.47333333333336,Booking.com,Thursday,2026-07,fbg_data.csv,cloudbeds
4962025300503,2026-08-02,2026-08-03,1,Post Oak,,259.0,292.67,2026-07-28,5,259.0,Direct,Sunday,2026-08,fbg_data.csv,cloudbeds
8630841506996,2026-07-31,2026-08-02,2,Winecup,,1028.0,1161.64,2026-07-28,3,514.0,Direct,Friday,2026-07,fbg_data.csv,cloudbeds
6973525003968,2026-08-16,2026-08-18,2,Winecup,,462.22,0.0,2026-07-28,19,231.11,Expedia,Sunday,2026-08,fbg_data.csv,cloudbeds
1704923979459,2026-10-22,2026-10-25,3,Great Lodge: King Room,,1621.0,1831.73,2026-07-28,86,540.3333333333334,Direct,Thursday,2026-10,fbg_data.csv,cloudbeds
9236498167239,2026-07-30,2026-07-31,1,Pecan Haus,,218.0,246.34,2026-07-28,2,218.0,Direct,Thursday,2026-07,fbg_data.csv,cloudbeds
8555036347911,2026-07-28,2026-07-29,1,Walnut House,,254.0,287.02,2026-07-28,0,254.0,Direct,Tuesday,2026-07,fbg_data.csv,cloudbeds
1517477911642,2026-11-06,2026-11-09,3,Cypress Lodge | Sleeps 2,,1720.0,1943.6,2026-07-28,101,573.3333333333334,Direct,Friday,2026-11,fbg_data.csv,cloudbeds
1543391008370,2026-08-06,2026-08-07,1,Winecup,,229.56,0.0,2026-07-28,9,229.56,Expedia,Thursday,2026-08,fbg_data.csv,cloudbeds
3433489643991,2026-07-29,2026-07-30,1,Cypress Lodge | Sleeps 2,,166.73,0.0,2026-07-28,1,166.73,Expedia,Wednesday,2026-07,fbg_data.csv,cloudbeds
4102131505436,2026-08-28,2026-08-29,1,Sage Safari,,503.24,0.0,2026-07-28,31,503.24,Expedia,Friday,2026-08,fbg_data.csv,cloudbeds
9349897891899,2026-08-06,2026-08-07,1,Cypress Lodge | Sleeps 2,,185.42,0.0,2026-07-28,9,185.42,Expedia,Thursday,2026-08,fbg_data.csv,cloudbeds
1571974600149,2026-11-02,2026-11-04,2,Monolith,,1121.1,1266.84,2026-07-28,97,560.55,Direct,Monday,2026-11,fbg_data.csv,cloudbeds
7130065475557,2026-07-31,2026-08-02,2,Winecup,,972.78,0.0,2026-07-28,3,486.39,Expedia,Friday,2026-07,fbg_data.csv,cloudbeds
4674545661610,2026-08-21,2026-08-23,2,Juniper Haus,,754.0,852.02,2026-07-28,24,377.0,Direct,Friday,2026-08,fbg_data.csv,cloudbeds
5264942087741,2026-08-03,2026-08-05,2,Great Lodge: King Room,,476.0,537.88,2026-07-28,6,238.0,Direct,Monday,2026-08,fbg_data.csv,cloudbeds
3157962512572,2026-07-30,2026-07-31,1,Diamond,,268.57,0.0,2026-07-29,1,268.57,Expedia,Thursday,2026-07,fbg_data.csv,cloudbeds
7517542151978,2026-07-31,2026-08-02,2,Quonset,,972.78,0.0,2026-07-29,2,486.39,Expedia,Friday,2026-07,fbg_data.csv,cloudbeds
4709652772338,2026-08-16,2026-08-18,2,Lantana Dome,,408.02,0.0,2026-07-29,18,204.01,Expedia,Sunday,2026-08,fbg_data.csv,cloudbeds
9199132256708,2026-08-06,2026-08-07,1,Lantana Dome,,282.0,318.66,2026-07-29,8,282.0,Direct,Thursday,2026-08,fbg_data.csv,cloudbeds
7519829499480,2026-08-03,2026-08-06,3,Cypress Lodge | Sleeps 4,,1150.29,1299.84,2026-07-29,5,383.43,Booking.com,Monday,2026-08,fbg_data.csv,cloudbeds
1748716338499,2026-08-15,2026-08-17,2,Diamond,,1197.0,1352.61,2026-07-29,17,598.5,Direct,Saturday,2026-08,fbg_data.csv,cloudbeds
9106734568739,2026-08-21,2026-08-22,1,Sage Safari,,670.41,0.0,2026-07-29,23,670.41,Airbnb,Friday,2026-08,fbg_data.csv,cloudbeds
3291218362878,2026-08-05,2026-08-07,2,Post Oak,,410.94,0.0,2026-07-29,7,205.47,Expedia,Wednesday,2026-08,fbg_data.csv,cloudbeds
1814116949606,2026-09-06,2026-09-08,2,Great Lodge: King Room,,740.0,836.2,2026-07-29,39,370.0,Direct,Sunday,2026-09,fbg_data.csv,cloudbeds
3029236830922,2026-08-14,2026-08-16,2,Quonset,,1232.0,1487.16,2026-07-29,16,616.0,Direct,Friday,2026-08,fbg_data.csv,cloudbeds
5596385004924,2026-07-29,2026-07-30,1,Winecup,,262.1,296.18,2026-07-29,0,262.1,Booking.com,Wednesday,2026-07,fbg_data.csv,cloudbeds
9817871883161,2026-08-17,2026-08-18,1,Diamond,,318.0,359.34,2026-07-29,19,318.0,Direct,Monday,2026-08,fbg_data.csv,cloudbeds
8178950712359,2026-11-27,2026-11-29,2,Live Oak Lodge,,1506.0,1809.13,2026-07-29,121,753.0,Direct,Friday,2026-11,fbg_data.csv,cloudbeds
9665389598452,2026-07-29,2026-07-30,1,Cypress Lodge | Sleeps 2,,214.0,241.82,2026-07-29,0,214.0,Direct,Wednesday,2026-07,fbg_data.csv,cloudbeds
1840614966178,2026-08-03,2026-08-05,2,Great Lodge: King Room,,476.0,537.88,2026-07-29,5,238.0,Direct,Monday,2026-08,fbg_data.csv,cloudbeds
9679474969998,2026-09-18,2026-09-20,2,Quonset,,1339.28,0.0,2026-07-29,51,669.64,Booking.com,Friday,2026-09,fbg_data.csv,cloudbeds
5318874563205,2027-01-29,2027-01-31,2,Sage Safari,,796.0,899.48,2026-07-30,183,398.0,Direct,Friday,2027-01,fbg_data.csv,cloudbeds
7944067485767,2026-08-19,2026-08-21,2,Walnut House,,590.0,666.7,2026-07-30,20,295.0,Direct,Wednesday,2026-08,fbg_data.csv,cloudbeds
9089793618709,2026-09-25,2026-09-27,2,Pecan Haus,,685.52,0.0,2026-07-30,57,342.76,Expedia,Friday,2026-09,fbg_data.csv,cloudbeds
5274955301439,2026-08-01,2026-08-02,1,Quonset,,514.0,580.82,2026-07-30,2,514.0,Direct,Saturday,2026-08,fbg_data.csv,cloudbeds
6884937646330,2026-08-01,2026-08-02,1,Buckeye Bungalow,,323.1,0.0,2026-07-30,2,323.1,Expedia,Saturday,2026-08,fbg_data.csv,cloudbeds
9229703421786,2026-08-14,2026-08-15,1,Juniper Haus,,411.0,464.43,2026-07-30,15,411.0,Direct,Friday,2026-08,fbg_data.csv,cloudbeds
3013921971136,2027-06-13,2027-06-17,4,Walnut House,,1405.87,0.0,2026-07-30,318,351.4675,Expedia,Sunday,2027-06,fbg_data.csv,cloudbeds
5391562330085,2026-09-25,2026-09-27,2,Spiral,,1008.66,0.0,2026-07-30,57,504.33,Expedia,Friday,2026-09,fbg_data.csv,cloudbeds
1100506701890,2026-08-06,2026-08-09,3,Winecup,,1626.0,1837.38,2026-07-30,7,542.0,Direct,Thursday,2026-08,fbg_data.csv,cloudbeds
3993054269440,2026-07-30,2026-07-31,1,Winecup,,219.23,0.0,2026-07-30,0,219.23,Expedia,Thursday,2026-07,fbg_data.csv,cloudbeds
1680335521791,2026-07-30,2026-07-31,1,Great Lodge: King Room,,229.0,258.77,2026-07-30,0,229.0,Direct,Thursday,2026-07,fbg_data.csv,cloudbeds
5818452825423,2026-08-02,2026-08-03,1,Monolith,,264.28,0.0,2026-07-30,3,264.28,Expedia,Sunday,2026-08,fbg_data.csv,cloudbeds
1210221510921,2026-08-02,2026-08-03,1,Lantana Dome,,304.0,343.52,2026-07-30,3,304.0,Direct,Sunday,2026-08,fbg_data.csv,cloudbeds
6249078614455,2026-09-18,2026-09-20,2,Great Lodge: King Room,,902.0,1019.26,2026-07-30,50,451.0,Direct,Friday,2026-09,fbg_data.csv,cloudbeds
3943299667572,2026-08-26,2026-08-27,1,Spiral,,226.12,0.0,2026-07-31,26,226.12,Expedia,Wednesday,2026-08,fbg_data.csv,cloudbeds
6156834338920,2026-10-21,2026-10-23,2,Sage Safari,,1031.0,1165.03,2026-07-31,82,515.5,Direct,Wednesday,2026-10,fbg_data.csv,cloudbeds
3586081415021,2026-08-12,2026-08-15,3,Diamond,,1515.0,1711.95,2026-07-31,12,505.0,Direct,Wednesday,2026-08,fbg_data.csv,cloudbeds
2492951791922,2026-08-07,2026-08-09,2,Pecan Haus,,858.0,1076.89,2026-07-31,7,429.0,Direct,Friday,2026-08,fbg_data.csv,cloudbeds
8453436688036,2026-08-13,2026-08-15,2,Pecan Haus,,670.0,757.1,2026-07-31,13,335.0,Direct,Thursday,2026-08,fbg_data.csv,cloudbeds
3309263453114,2026-08-16,2026-08-18,2,Pecan Haus,,497.0,561.61,2026-07-31,16,248.5,Direct,Sunday,2026-08,fbg_data.csv,cloudbeds
2762172865037,2026-08-16,2026-08-17,1,Spiral,,315.0,355.95,2026-07-31,16,315.0,Direct,Sunday,2026-08,fbg_data.csv,cloudbeds
7389616800184,2026-08-01,2026-08-02,1,Cypress Lodge | Sleeps 4,,564.0,637.32,2026-07-31,1,564.0,Direct,Saturday,2026-08,fbg_data.csv,cloudbeds
1643870305204,2026-08-01,2026-08-02,1,Cypress Lodge | Sleeps 4,,564.0,637.32,2026-07-31,1,564.0,Direct,Saturday,2026-08,fbg_data.csv,cloudbeds
7980408299531,2026-08-02,2026-08-03,1,Great Lodge: King Room,,275.0,310.75,2026-07-31,2,275.0,Direct,Sunday,2026-08,fbg_data.csv,cloudbeds
4658523405097,2026-09-05,2026-09-07,2,Great Lodge: King Room,,890.0,1005.7,2026-08-01,35,445.0,Direct,Saturday,2026-09,fbg_data.csv,cloudbeds
1549728364184,2026-08-09,2026-08-10,1,Diamond,,374.0,422.62,2026-08-01,8,374.0,Direct,Sunday,2026-08,fbg_data.csv,cloudbeds
6570202200346,2026-08-14,2026-08-16,2,Buckeye Bungalow,,1102.0,1511.07,2026-08-01,13,551.0,Direct,Friday,2026-08,fbg_data.csv,cloudbeds
2220875827963,2026-08-06,2026-08-09,3,Quonset,,1626.0,1837.38,2026-08-01,5,542.0,Direct,Thursday,2026-08,fbg_data.csv,cloudbeds
5719508047765,2026-08-10,2026-08-11,1,Monolith,,432.0,488.16,2026-08-01,9,432.0,Direct,Monday,2026-08,fbg_data.csv,cloudbeds
4771180617510,2026-08-31,2026-09-02,2,Quonset,,520.0,587.6,2026-08-01,30,260.0,Direct,Monday,2026-08,fbg_data.csv,cloudbeds
3415430175628,2026-08-15,2026-08-17,2,Bluebonnet,,964.87,0.0,2026-08-01,14,482.435,Booking.com,Saturday,2026-08,fbg_data.csv,cloudbeds
6850506547713,2026-09-22,2026-09-25,3,Live Oak Lodge,,1084.0,1224.92,2026-08-01,52,361.3333333333333,Direct,Tuesday,2026-09,fbg_data.csv,cloudbeds
8139897059005,2026-08-05,2026-08-06,1,Cypress Lodge | Sleeps 2,,238.0,376.29,2026-08-01,4,238.0,Direct,Wednesday,2026-08,fbg_data.csv,cloudbeds
9248000275871,2026-08-01,2026-08-02,1,Great Lodge: King Room,,320.17,0.0,2026-08-01,0,320.17,Expedia,Saturday,2026-08,fbg_data.csv,cloudbeds
1367763936128,2026-08-16,2026-08-17,1,Walnut House,,318.0,359.34,2026-08-01,15,318.0,Direct,Sunday,2026-08,fbg_data.csv,cloudbeds
5826986385829,2026-08-02,2026-08-03,1,Pecan Haus,,254.0,287.02,2026-08-01,1,254.0,Direct,Sunday,2026-08,fbg_data.csv,cloudbeds
2866474163118,2026-11-03,2026-11-05,2,Diamond,,764.0,863.32,2026-08-01,94,382.0,Direct,Tuesday,2026-11,fbg_data.csv,cloudbeds
9193247433675,2026-09-04,2026-09-05,1,Cypress Lodge | Sleeps 6,,1365.0,1542.45,2026-08-01,34,1365.0,Direct,Friday,2026-09,fbg_data.csv,cloudbeds
3027657838851,2026-08-28,2026-08-31,3,Diamond,,1628.0,1839.64,2026-08-02,26,542.6666666666666,Direct,Friday,2026-08,fbg_data.csv,cloudbeds
9397671404599,2026-08-04,2026-08-07,3,Pecan Haus,,695.0,785.35,2026-08-02,2,231.66666666666666,Direct,Tuesday,2026-08,fbg_data.csv,cloudbeds
2407075710753,2026-08-28,2026-08-30,2,Spiral,,1016.0,1148.08,2026-08-02,26,508.0,Direct,Friday,2026-08,fbg_data.csv,cloudbeds
1489170404344,2026-10-16,2026-10-18,2,Winecup,,1006.1,0.0,2026-08-02,75,503.05,Expedia,Friday,2026-10,fbg_data.csv,cloudbeds
7382434486020,2026-08-26,2026-08-27,1,Live Oak Lodge,,344.0,388.72,2026-08-02,24,344.0,Direct,Wednesday,2026-08,fbg_data.csv,cloudbeds
2223681812670,2026-09-22,2026-09-25,3,Spyglass,,982.0,1375.47,2026-08-02,51,327.3333333333333,Direct,Tuesday,2026-09,fbg_data.csv,cloudbeds
2155633376630,2026-08-07,2026-08-09,2,Bluebonnet,,958.0,1082.54,2026-08-02,5,479.0,Direct,Friday,2026-08,fbg_data.csv,cloudbeds
9251660995324,2026-08-03,2026-08-04,1,Diamond,,351.0,396.63,2026-08-02,1,351.0,Direct,Monday,2026-08,fbg_data.csv,cloudbeds
2696001941521,2026-08-10,2026-08-11,1,Great Lodge: King Room,,235.6,266.23,2026-08-02,8,235.6,Booking.com,Monday,2026-08,fbg_data.csv,cloudbeds
1081073232135,2026-09-23,2026-09-27,4,Cedar Haus,,1530.74,0.0,2026-08-02,52,382.685,Expedia,Wednesday,2026-09,fbg_data.csv,cloudbeds
8699358764624,2026-08-13,2026-08-16,3,Cedar Haus,,1081.0,1221.53,2026-08-02,11,360.3333333333333,Direct,Thursday,2026-08,fbg_data.csv,cloudbeds
3374956832441,2026-09-07,2026-09-09,2,Spyglass,,731.0,826.03,2026-08-02,36,365.5,Direct,Monday,2026-09,fbg_data.csv,cloudbeds
6372431362210,2026-08-02,2026-08-03,1,Cedar Haus,,251.42,379.11,2026-08-02,0,251.42,Booking.com,Sunday,2026-08,fbg_data.csv,cloudbeds
5922440822882,2027-01-04,2027-01-06,2,Spyglass,,812.0,398.9,2026-08-02,155,406.0,Direct,Monday,2027-01,fbg_data.csv,cloudbeds
7065162659890,2026-08-03,2026-08-04,1,Great Lodge: King Room,,196.36,0.0,2026-08-02,1,196.36,Expedia,Monday,2026-08,fbg_data.csv,cloudbeds
7079646006439,2026-08-02,2026-08-03,1,Walnut House,,300.0,339.0,2026-08-02,0,300.0,Direct,Sunday,2026-08,fbg_data.csv,cloudbeds
8831065319588,2026-08-10,2026-08-12,2,Cypress Lodge | Sleeps 4,,476.0,537.88,2026-08-02,8,238.0,Direct,Monday,2026-08,fbg_data.csv,cloudbeds
1371828577440,2026-08-11,2026-08-13,2,Diamond,,636.0,718.68,2026-08-03,8,318.0,Direct,Tuesday,2026-08,fbg_data.csv,cloudbeds
8717384883972,2026-08-11,2026-08-13,2,Buckeye Bungalow,,520.0,587.6,2026-08-03,8,260.0,Direct,Tuesday,2026-08,fbg_data.csv,cloudbeds
5556188361095,2026-08-08,2026-08-10,2,Juniper Haus,,743.0,839.59,2026-08-03,5,371.5,Direct,Saturday,2026-08,fbg_data.csv,cloudbeds
4049605676591,2026-08-21,2026-08-23,2,Great Lodge: King Room,,788.0,890.44,2026-08-03,18,394.0,Direct,Friday,2026-08,fbg_data.csv,cloudbeds
1263325728304,2026-12-18,2026-12-22,4,Post Oak,,1378.53,0.0,2026-08-03,137,344.6325,Booking.com,Friday,2026-12,fbg_data.csv,cloudbeds
3126565110249,2026-08-24,2026-08-26,2,Buckeye Bungalow,,520.0,587.6,2026-08-03,21,260.0,Direct,Monday,2026-08,fbg_data.csv,cloudbeds
5271536618467,2026-08-15,2026-08-16,1,Pecan Haus,,313.15,0.0,2026-08-03,12,313.15,Expedia,Saturday,2026-08,fbg_data.csv,cloudbeds
6689849507555,2026-10-01,2026-10-03,2,Post Oak,,768.0,867.84,2026-08-03,59,384.0,Direct,Thursday,2026-10,fbg_data.csv,cloudbeds
9344057796063,2026-08-18,2026-08-21,3,Spiral,,741.26,0.0,2026-08-03,15,247.08666666666667,Expedia,Tuesday,2026-08,fbg_data.csv,cloudbeds
6245081348034,2026-08-06,2026-08-07,1,Cedar Haus,,236.0,266.68,2026-08-03,3,236.0,Direct,Thursday,2026-08,fbg_data.csv,cloudbeds
6062307022878,2026-08-07,2026-08-09,2,Cypress Lodge | Sleeps 4,,1621.0,1831.73,2026-08-03,4,810.5,Direct,Friday,2026-08,fbg_data.csv,cloudbeds
9317940567768,2026-08-17,2026-08-19,2,Monolith,,864.0,976.32,2026-08-03,14,432.0,Direct,Monday,2026-08,fbg_data.csv,cloudbeds
3391491614366,2026-08-07,2026-08-08,1,Cocoon,,436.58,0.0,2026-08-03,4,436.58,Expedia,Friday,2026-08,fbg_data.csv,cloudbeds
2502117797589,2027-01-08,2027-01-10,2,Cypress Lodge | Sleeps 6,,1038.0,1172.94,2026-08-03,158,519.0,Direct,Friday,2027-01,fbg_data.csv,cloudbeds
6034815884100,2026-08-05,2026-08-06,1,Winecup,,258.0,291.54,2026-08-03,2,258.0,Direct,Wednesday,2026-08,fbg_data.csv,cloudbeds
3964504746115,2026-08-09,2026-08-10,1,Great Lodge: King Room,,259.0,292.67,2026-08-03,6,259.0,Direct,Sunday,2026-08,fbg_data.csv,cloudbeds
7352714684260,2026-08-06,2026-08-08,2,Quonset,,896.0,1012.48,2026-08-03,3,448.0,Direct,Thursday,2026-08,fbg_data.csv,cloudbeds
6691915206340,2026-08-27,2026-08-28,1,Spiral,,307.0,346.91,2026-08-04,23,307.0,Direct,Thursday,2026-08,fbg_data.csv,cloudbeds
7323400927175,2026-08-21,2026-08-23,2,Diamond,,1283.0,1449.79,2026-08-04,17,641.5,Direct,Friday,2026-08,fbg_data.csv,cloudbeds
2954912929143,2026-09-26,2026-09-28,2,Monarch,,1350.77,0.0,2026-08-04,53,675.385,Expedia,Saturday,2026-09,fbg_data.csv,cloudbeds
7542320350397,2026-08-12,2026-08-13,1,Cocoon,,216.41,0.0,2026-08-04,8,216.41,Expedia,Wednesday,2026-08,fbg_data.csv,cloudbeds
8069054404366,2026-08-21,2026-08-23,2,Diamond,,1401.88,0.0,2026-08-04,17,700.94,Booking.com,Friday,2026-08,fbg_data.csv,cloudbeds
7854115377044,2026-10-16,2026-10-18,2,Great Lodge: King Room,,786.0,888.18,2026-08-04,73,393.0,Direct,Friday,2026-10,fbg_data.csv,cloudbeds
6717524346659,2026-08-05,2026-08-06,1,Cedar Haus,,191.49,0.0,2026-08-04,1,191.49,Expedia,Wednesday,2026-08,fbg_data.csv,cloudbeds
8186724715391,2026-09-09,2026-09-13,4,Quonset,,2118.0,2500.69,2026-08-04,36,529.5,Direct,Wednesday,2026-09,fbg_data.csv,cloudbeds
4704651066247,2026-08-27,2026-08-30,3,Walnut House,,1710.0,1932.3,2026-08-04,23,570.0,Direct,Thursday,2026-08,fbg_data.csv,cloudbeds
6457436572023,2026-09-15,2026-09-17,2,Diamond,,764.6,864.0,2026-08-04,42,382.3,Direct,Tuesday,2026-09,fbg_data.csv,cloudbeds
5172535467553,2026-09-25,2026-09-27,2,Cocoon,,1104.0,1247.52,2026-08-04,52,552.0,Direct,Friday,2026-09,fbg_data.csv,cloudbeds
1205771481686,2026-12-04,2026-12-06,2,Sage Safari,,822.86,0.0,2026-08-04,122,411.43,Booking.com,Friday,2026-12,fbg_data.csv,cloudbeds
3650186141709,2026-09-04,2026-09-05,1,Spyglass,,976.0,1102.88,2026-08-04,31,976.0,Direct,Friday,2026-09,fbg_data.csv,cloudbeds
6290248028763,2026-08-13,2026-08-14,1,Diamond,,330.45,373.41,2026-08-04,9,330.45,Direct,Thursday,2026-08,fbg_data.csv,cloudbeds
2213282016179,2026-10-12,2026-10-15,3,Diamond,,4217.0,5121.16,2026-08-04,69,1405.6666666666667,Direct,Monday,2026-10,fbg_data.csv,cloudbeds
2213282016179,2026-10-12,2026-10-15,3,Quonset,,4217.0,5121.16,2026-08-04,69,1405.6666666666667,Direct,Monday,2026-10,fbg_data.csv,cloudbeds
2213282016179,2026-10-12,2026-10-15,3,Spyglass,,4217.0,5121.16,2026-08-04,69,1405.6666666666667,Direct,Monday,2026-10,fbg_data.csv,cloudbeds
2213282016179,2026-10-12,2026-10-15,3,Walnut House,,4217.0,5121.16,2026-08-04,69,1405.6666666666667,Direct,Monday,2026-10,fbg_data.csv,cloudbeds
4346635845653,2026-08-06,2026-08-08,2,Great Lodge: King Room,,588.0,664.44,2026-08-04,2,294.0,Direct,Thursday,2026-08,fbg_data.csv,cloudbeds
7726553065992,2026-08-13,2026-08-14,1,Spiral,,277.0,313.01,2026-08-04,9,277.0,Direct,Thursday,2026-08,fbg_data.csv,cloudbeds
6135514568736,2026-08-17,2026-08-19,2,Walnut House,,429.52,0.0,2026-08-05,12,214.76,Expedia,Monday,2026-08,fbg_data.csv,cloudbeds
4417577214729,2026-11-15,2026-11-17,2,Sage Safari,,784.0,885.92,2026-08-05,102,392.0,Direct,Sunday,2026-11,fbg_data.csv,cloudbeds
4113466148307,2026-08-12,2026-08-13,1,Walnut House,,237.37,0.0,2026-08-05,7,237.37,Expedia,Wednesday,2026-08,fbg_data.csv,cloudbeds
8068901290913,2026-08-20,2026-08-21,1,Spyglass,,274.0,309.62,2026-08-05,15,274.0,Direct,Thursday,2026-08,fbg_data.csv,cloudbeds
3907896827063,2026-08-11,2026-08-12,1,Diamond,,231.89,0.0,2026-08-05,6,231.89,Expedia,Tuesday,2026-08,fbg_data.csv,cloudbeds
8012759779627,2026-08-20,2026-08-22,2,Cypress Lodge | Sleeps 2,,718.0,811.34,2026-08-05,15,359.0,Direct,Thursday,2026-08,fbg_data.csv,cloudbeds
4695882449019,2026-08-07,2026-08-09,2,Great Lodge: King Room,,733.0,935.64,2026-08-05,2,366.5,Direct,Friday,2026-08,fbg_data.csv,cloudbeds
4260286773462,2026-08-14,2026-08-16,2,Great Lodge: King Room,,822.0,928.86,2026-08-05,9,411.0,Direct,Friday,2026-08,fbg_data.csv,cloudbeds
4250065750345,2026-08-11,2026-08-13,2,Cypress Lodge | Sleeps 2,,476.0,537.88,2026-08-05,6,238.0,Direct,Tuesday,2026-08,fbg_data.csv,cloudbeds
5623627079083,2026-08-09,2026-08-10,1,Great Lodge: King Room,,215.49,0.0,2026-08-05,4,215.49,Expedia,Sunday,2026-08,fbg_data.csv,cloudbeds
3710556261470,2026-08-05,2026-08-06,1,Great Lodge: King Room,,238.0,268.94,2026-08-05,0,238.0,Direct,Wednesday,2026-08,fbg_data.csv,cloudbeds
7849406446501,2026-08-05,2026-08-07,2,Bluebonnet,,471.0,532.23,2026-08-05,0,235.5,Direct,Wednesday,2026-08,fbg_data.csv,cloudbeds
1234687085190,2026-08-09,2026-08-11,2,Bluebonnet,,565.0,638.45,2026-08-05,4,282.5,Direct,Sunday,2026-08,fbg_data.csv,cloudbeds
7446806581801,2026-08-05,2026-08-06,1,Juniper Haus,,205.79,232.55,2026-08-05,0,205.79,Booking.com,Wednesday,2026-08,fbg_data.csv,cloudbeds
9512724485760,2026-08-31,2026-09-01,1,Post Oak,,217.0,245.21,2026-08-05,26,217.0,Direct,Monday,2026-08,fbg_data.csv,cloudbeds
3336409115313,2026-09-04,2026-09-07,3,Diamond,,2797.0,3160.61,2026-08-06,29,932.3333333333334,Direct,Friday,2026-09,fbg_data.csv,cloudbeds
7938686308620,2026-11-19,2026-11-22,3,Sage Safari,,1575.0,1779.75,2026-08-06,105,525.0,Direct,Thursday,2026-11,fbg_data.csv,cloudbeds
3654145042191,2026-08-07,2026-08-08,1,Cypress Lodge | Sleeps 4,,603.0,681.39,2026-08-06,1,603.0,Direct,Friday,2026-08,fbg_data.csv,cloudbeds
6441771987085,2026-08-08,2026-08-09,1,Great Lodge: King Room,,385.0,435.05,2026-08-06,2,385.0,Direct,Saturday,2026-08,fbg_data.csv,cloudbeds
5428426231200,2026-08-23,2026-08-24,1,Walnut House,,204.77,0.0,2026-08-06,17,204.77,Expedia,Sunday,2026-08,fbg_data.csv,cloudbeds
4029118558609,2026-08-07,2026-08-08,1,Juniper Haus,,273.19,0.0,2026-08-06,1,273.19,Expedia,Friday,2026-08,fbg_data.csv,cloudbeds
7184731447640,2026-08-23,2026-08-24,1,Lantana Dome,,233.01,0.0,2026-08-06,17,233.01,Expedia,Sunday,2026-08,fbg_data.csv,cloudbeds
5440790717625,2026-08-06,2026-08-07,1,Cypress Lodge | Sleeps 4,,253.39,286.33,2026-08-06,0,253.39,Booking.com,Thursday,2026-08,fbg_data.csv,cloudbeds
7537403310103,2026-09-04,2026-09-06,2,Diamond,,2183.7,2467.58,2026-08-06,29,1091.85,Direct,Friday,2026-09,fbg_data.csv,cloudbeds
7702796908345,2026-08-21,2026-08-23,2,Great Lodge: King Room,,570.69,0.0,2026-08-06,15,285.345,Expedia,Friday,2026-08,fbg_data.csv,cloudbeds
1961848925954,2026-08-07,2026-08-09,2,Great Lodge: King Room,,699.0,789.87,2026-08-06,1,349.5,Direct,Friday,2026-08,fbg_data.csv,cloudbeds
4242305787263,2026-08-09,2026-08-10,1,Pecan Haus,,97.0,279.11,2026-08-06,3,97.0,Direct,Sunday,2026-08,fbg_data.csv,cloudbeds
8172276104718,2026-09-08,2026-09-10,2,Great Lodge,,3300.0,3729.0,2026-08-06,33,1650.0,Direct,Tuesday,2026-09,fbg_data.csv,cloudbeds
6054225103282,2026-08-16,2026-08-17,1,Buckeye Bungalow,,291.0,328.83,2026-08-06,10,291.0,Direct,Sunday,2026-08,fbg_data.csv,cloudbeds
6526307483007,2026-09-18,2026-09-20,2,Cedar Haus,,988.62,0.0,2026-08-07,42,494.31,Expedia,Friday,2026-09,fbg_data.csv,cloudbeds
2131610298119,2026-09-13,2026-09-14,1,Cypress Lodge | Sleeps 2,,256.8,0.0,2026-08-07,37,256.8,Booking.com,Sunday,2026-09,fbg_data.csv,cloudbeds
7421331405109,2026-08-14,2026-08-16,2,Great Lodge: King Room,,692.64,0.0,2026-08-07,7,346.32,Expedia,Friday,2026-08,fbg_data.csv,cloudbeds
3390233935862,2026-09-13,2026-09-15,2,Spyglass,,1015.3,1147.29,2026-08-07,37,507.65,Direct,Sunday,2026-09,fbg_data.csv,cloudbeds
1581695817903,2026-08-08,2026-08-09,1,Cocoon,,614.0,693.82,2026-08-07,1,614.0,Direct,Saturday,2026-08,fbg_data.csv,cloudbeds
7831971258258,2026-08-09,2026-08-10,1,Walnut House,,269.26,0.0,2026-08-07,2,269.26,Expedia,Sunday,2026-08,fbg_data.csv,cloudbeds
3646673829652,2026-09-25,2026-09-27,2,Great Lodge: King Room,,714.14,0.0,2026-08-07,49,357.07,Expedia,Friday,2026-09,fbg_data.csv,cloudbeds
7475957065978,2026-08-08,2026-08-09,1,Great Lodge: King Room,,300.0,339.0,2026-08-07,1,300.0,Direct,Saturday,2026-08,fbg_data.csv,cloudbeds
8817684596131,2026-08-08,2026-08-10,2,Great Lodge: King Room,,465.43,0.0,2026-08-07,1,232.715,Expedia,Saturday,2026-08,fbg_data.csv,cloudbeds
5655707635265,2026-08-09,2026-08-10,1,Lantana Dome,,210.98,0.0,2026-08-07,2,210.98,Expedia,Sunday,2026-08,fbg_data.csv,cloudbeds
2691570617978,2026-08-17,2026-08-18,1,Live Oak Lodge,,314.0,354.82,2026-08-07,10,314.0,Direct,Monday,2026-08,fbg_data.csv,cloudbeds
7820625341206,2026-08-08,2026-08-10,2,Great Lodge: King Room,,559.0,844.1,2026-08-07,1,279.5,Direct,Saturday,2026-08,fbg_data.csv,cloudbeds
5023921148201,2026-08-10,2026-08-11,1,Diamond,,243.47,0.0,2026-08-07,3,243.47,Expedia,Monday,2026-08,fbg_data.csv,cloudbeds
7213300675706,2026-09-04,2026-09-06,2,Winecup,,1804.0,2250.95,2026-08-07,28,902.0,Direct,Friday,2026-09,fbg_data.csv,cloudbeds
5039904906056,2026-10-16,2026-10-18,2,Live Oak Lodge,,1823.2,2280.34,2026-08-07,70,911.6,Direct,Friday,2026-10,fbg_data.csv,cloudbeds
2340854637778,2026-08-14,2026-08-16,2,Cypress Lodge | Sleeps 2,,1049.0,1185.37,2026-08-08,6,524.5,Direct,Friday,2026-08,fbg_data.csv,cloudbeds
3489350039352,2026-10-05,2026-10-07,2,Diamond,,812.0,917.56,2026-08-08,58,406.0,Direct,Monday,2026-10,fbg_data.csv,cloudbeds
2638710984086,2026-09-07,2026-09-08,1,Buckeye Bungalow,,344.0,388.72,2026-08-08,30,344.0,Direct,Monday,2026-09,fbg_data.csv,cloudbeds
8694365815443,2026-10-23,2026-10-26,3,Great Lodge: King Room,,1690.93,0.0,2026-08-08,76,563.6433333333333,Airbnb,Friday,2026-10,fbg_data.csv,cloudbeds
6459247920626,2026-10-09,2026-10-12,3,Cedar Haus,,1293.0,1461.09,2026-08-08,62,431.0,Direct,Friday,2026-10,fbg_data.csv,cloudbeds
8811290005189,2026-10-09,2026-10-13,4,Spiral,,2366.0,2673.58,2026-08-08,62,591.5,Direct,Friday,2026-10,fbg_data.csv,cloudbeds
2334382036785,2026-08-09,2026-08-10,1,Monolith,,534.0,603.42,2026-08-08,1,534.0,Direct,Sunday,2026-08,fbg_data.csv,cloudbeds
5499663282936,2026-08-12,2026-08-13,1,Lantana Dome,,282.0,318.66,2026-08-08,4,282.0,Direct,Wednesday,2026-08,fbg_data.csv,cloudbeds
7445166659554,2026-10-10,2026-10-12,2,Cocoon,,1295.0,1463.35,2026-08-09,62,647.5,Direct,Saturday,2026-10,fbg_data.csv,cloudbeds
5641808584898,2026-08-12,2026-08-14,2,Winecup,,558.96,0.0,2026-08-09,3,279.48,Expedia,Wednesday,2026-08,fbg_data.csv,cloudbeds
7114557327659,2026-08-12,2026-08-14,2,Post Oak,,449.22,95.0,2026-08-09,3,224.61,Expedia,Wednesday,2026-08,fbg_data.csv,cloudbeds
6009882380010,2026-08-14,2026-08-17,3,Cypress Lodge | Sleeps 2,,1395.0,1775.35,2026-08-09,5,465.0,Direct,Friday,2026-08,fbg_data.csv,cloudbeds
6669312969641,2026-08-13,2026-08-14,1,Monolith,,262.87,0.0,2026-08-09,4,262.87,Expedia,Thursday,2026-08,fbg_data.csv,cloudbeds
3200263714222,2026-08-13,2026-08-14,1,Spyglass,,224.15,0.0,2026-08-09,4,224.15,Expedia,Thursday,2026-08,fbg_data.csv,cloudbeds
8150418621952,2026-09-20,2026-09-22,2,Spyglass,,753.0,850.89,2026-08-09,42,376.5,Direct,Sunday,2026-09,fbg_data.csv,cloudbeds
7786895501109,2026-08-13,2026-08-14,1,Sage Safari,,257.41,0.0,2026-08-09,4,257.41,Expedia,Thursday,2026-08,fbg_data.csv,cloudbeds
3397823196172,2026-08-25,2026-08-28,3,Diamond,,834.32,0.0,2026-08-09,16,278.1066666666667,Expedia,Tuesday,2026-08,fbg_data.csv,cloudbeds
9750226744530,2026-08-23,2026-08-26,3,Quonset,,998.0,1127.74,2026-08-09,14,332.6666666666667,Direct,Sunday,2026-08,fbg_data.csv,cloudbeds
8840361980250,2026-09-02,2026-09-04,2,Spyglass,,713.0,805.69,2026-08-09,24,356.5,Direct,Wednesday,2026-09,fbg_data.csv,cloudbeds
7658565938272,2026-08-09,2026-08-13,4,Winecup,,1072.49,0.0,2026-08-09,0,268.1225,Expedia,Sunday,2026-08,fbg_data.csv,cloudbeds
8727572417640,2026-09-08,2026-09-10,2,Diamond,,734.0,829.42,2026-08-09,30,367.0,Direct,Tuesday,2026-09,fbg_data.csv,cloudbeds
6775231733757,2026-10-04,2026-10-07,3,Spyglass,,1436.0,1622.68,2026-08-09,56,478.6666666666667,Direct,Sunday,2026-10,fbg_data.csv,cloudbeds
1068854277593,2026-08-10,2026-08-11,1,Great Lodge: King Room,,258.0,291.54,2026-08-10,0,258.0,Direct,Monday,2026-08,fbg_data.csv,cloudbeds
7777500947695,2026-08-11,2026-08-12,1,Post Oak,,231.93,262.09,2026-08-10,1,231.93,Booking.com,Tuesday,2026-08,fbg_data.csv,cloudbeds
7494014908600,2026-08-15,2026-08-16,1,Great Lodge: King Room,,633.0,754.84,2026-08-10,5,633.0,Direct,Saturday,2026-08,fbg_data.csv,cloudbeds
7494014908600,2026-08-15,2026-08-16,1,Great Lodge: King Room,,633.0,754.84,2026-08-10,5,633.0,Direct,Saturday,2026-08,fbg_data.csv,cloudbeds
2174893638941,2026-08-13,2026-08-14,1,Live Oak Lodge,,413.1,506.35,2026-08-10,3,413.1,Direct,Thursday,2026-08,fbg_data.csv,cloudbeds
2174893638941,2026-08-13,2026-08-14,1,Lantana Dome,,413.1,506.35,2026-08-10,3,413.1,Direct,Thursday,2026-08,fbg_data.csv,cloudbeds
7383048352268,2026-08-12,2026-08-13,1,Sage Safari,,214.08,0.0,2026-08-10,2,214.08,Expedia,Wednesday,2026-08,fbg_data.csv,cloudbeds
7117160601577,2026-08-12,2026-08-14,2,Quonset,,538.0,715.29,2026-08-10,2,269.0,Direct,Wednesday,2026-08,fbg_data.csv,cloudbeds
9652586866319,2026-08-13,2026-08-14,1,Great Lodge: King Room,,202.01,228.27,2026-08-10,3,202.01,Booking.com,Thursday,2026-08,fbg_data.csv,cloudbeds
5936151859746,2026-08-15,2026-08-16,1,Great Lodge: King Room,,334.0,377.42,2026-08-10,5,334.0,Direct,Saturday,2026-08,fbg_data.csv,cloudbeds
3178071898226,2026-08-14,2026-08-16,2,Great Lodge: King Room,,668.0,754.84,2026-08-10,4,334.0,Direct,Friday,2026-08,fbg_data.csv,cloudbeds
5970619601208,2026-09-11,2026-09-13,2,Cypress Lodge | Sleeps 2,,826.68,0.0,2026-08-10,32,413.34,Expedia,Friday,2026-09,fbg_data.csv,cloudbeds
3092702721395,2026-11-06,2026-11-07,1,Monarch,,1161.0,1311.93,2026-08-10,88,1161.0,Direct,Friday,2026-11,fbg_data.csv,cloudbeds
4110006918679,2026-08-10,2026-08-13,3,Quonset,,882.0,996.66,2026-08-10,0,294.0,Direct,Monday,2026-08,fbg_data.csv,cloudbeds
2158106596661,2026-08-22,2026-08-24,2,Monolith,,1501.0,1696.13,2026-08-10,12,750.5,Direct,Saturday,2026-08,fbg_data.csv,cloudbeds
1696546679927,2026-08-15,2026-08-16,1,Cypress Lodge | Sleeps 4,,614.0,693.82,2026-08-10,5,614.0,Direct,Saturday,2026-08,fbg_data.csv,cloudbeds
6295338497782,2026-08-21,2026-08-23,2,Great Lodge: King Room,,681.0,769.53,2026-08-10,11,340.5,Direct,Friday,2026-08,fbg_data.csv,cloudbeds
9367780524905,2026-08-14,2026-08-15,1,Great Lodge: King Room,,307.06,0.0,2026-08-11,3,307.06,Expedia,Friday,2026-08,fbg_data.csv,cloudbeds
3254780492200,2026-08-21,2026-08-23,2,Cypress Lodge | Sleeps 2,,837.0,945.81,2026-08-11,10,418.5,Direct,Friday,2026-08,fbg_data.csv,cloudbeds
2644511098519,2026-12-19,2026-12-22,3,Live Oak Lodge,,1524.65,0.0,2026-08-11,130,508.2166666666667,Booking.com,Saturday,2026-12,fbg_data.csv,cloudbeds
1878507820409,2026-10-19,2026-10-22,3,Spiral,,1155.0,1517.58,2026-08-11,69,385.0,Direct,Monday,2026-10,fbg_data.csv,cloudbeds
9692226440085,2026-09-25,2026-09-27,2,Post Oak,,702.0,793.26,2026-08-11,45,351.0,Direct,Friday,2026-09,fbg_data.csv,cloudbeds
5969532878812,2026-10-09,2026-10-11,2,Sage Safari,,1769.82,0.0,2026-08-11,59,884.91,Expedia,Friday,2026-10,fbg_data.csv,cloudbeds
2778091426410,2026-08-12,2026-08-15,3,Bluebonnet,,684.57,0.0,2026-08-11,1,228.19000000000003,Expedia,Wednesday,2026-08,fbg_data.csv,cloudbeds
4909001820888,2026-08-22,2026-08-24,2,Quonset,,946.0,1442.14,2026-08-11,11,473.0,Direct,Saturday,2026-08,fbg_data.csv,cloudbeds
9012500522826,2026-12-19,2026-12-22,3,Monarch,,1688.5,0.0,2026-08-11,130,562.8333333333334,Booking.com,Saturday,2026-12,fbg_data.csv,cloudbeds
6285629431280,2026-09-09,2026-09-11,2,Buckeye Bungalow,,578.0,653.14,2026-08-11,29,289.0,Direct,Wednesday,2026-09,fbg_data.csv,cloudbeds
9068921171515,2026-08-13,2026-08-14,1,Walnut House,,233.55,263.91,2026-08-11,2,233.55,Direct,Thursday,2026-08,fbg_data.csv,cloudbeds
2415772560085,2026-08-29,2026-08-31,2,Great Lodge: King Room,,502.71,0.0,2026-08-11,18,251.355,Expedia,Saturday,2026-08,fbg_data.csv,cloudbeds
2748817031051,2026-08-14,2026-08-16,2,Cypress Lodge | Sleeps 4,,1151.0,1300.63,2026-08-11,3,575.5,Direct,Friday,2026-08,fbg_data.csv,cloudbeds
4004011370338,2026-08-28,2026-08-30,2,Cedar Haus,,776.0,876.88,2026-08-11,17,388.0,Direct,Friday,2026-08,fbg_data.csv,cloudbeds
7233688998266,2026-08-16,2026-08-17,1,Sage Safari,,224.0,360.47,2026-08-11,5,224.0,Direct,Sunday,2026-08,fbg_data.csv,cloudbeds
3753127526044,2026-08-14,2026-08-16,2,Great Lodge: King Room,,583.9,0.0,2026-08-11,3,291.95,Expedia,Friday,2026-08,fbg_data.csv,cloudbeds
4929062754201,2026-08-16,2026-08-17,1,Quonset,,244.0,275.72,2026-08-11,5,244.0,Direct,Sunday,2026-08,fbg_data.csv,cloudbeds
3400398398182,2026-08-12,2026-08-13,1,Cypress Lodge | Sleeps 2,,219.39,0.0,2026-08-11,1,219.39,Expedia,Wednesday,2026-08,fbg_data.csv,cloudbeds
5660117762444,2026-08-22,2026-08-23,1,Great Lodge: King Room,,346.0,390.98,2026-08-11,11,346.0,Direct,Saturday,2026-08,fbg_data.csv,cloudbeds
4772708027777,2026-08-21,2026-08-23,2,Bluebonnet,,906.0,1236.21,2026-08-11,10,453.0,Direct,Friday,2026-08,fbg_data.csv,cloudbeds
3801866191920,2026-08-12,2026-08-13,1,Great Lodge: King Room,,246.0,277.98,2026-08-11,1,246.0,Direct,Wednesday,2026-08,fbg_data.csv,cloudbeds
6625307473852,2026-08-12,2026-08-15,3,Cypress Lodge | Sleeps 4,,1114.35,0.0,2026-08-12,0,371.45,Expedia,Wednesday,2026-08,fbg_data.csv,cloudbeds
2519145333094,2026-08-14,2026-08-15,1,Great Lodge: King Room,,348.0,393.24,2026-08-12,2,348.0,Direct,Friday,2026-08,fbg_data.csv,cloudbeds
3238185992608,2026-08-13,2026-08-14,1,Winecup,,244.0,275.72,2026-08-12,1,244.0,Direct,Thursday,2026-08,fbg_data.csv,cloudbeds
5482891945129,2026-09-18,2026-09-20,2,Juniper Haus,,1045.2,1288.43,2026-08-12,37,522.6,Direct,Friday,2026-09,fbg_data.csv,cloudbeds
1416545812051,2026-08-30,2026-08-31,1,Spyglass,,383.0,432.79,2026-08-12,18,383.0,Direct,Sunday,2026-08,fbg_data.csv,cloudbeds
2083900423293,2026-08-12,2026-08-13,1,Great Lodge: King Room,,194.28,0.0,2026-08-12,0,194.28,Expedia,Wednesday,2026-08,fbg_data.csv,cloudbeds
5203290975555,2026-10-02,2026-10-04,2,Spiral,,1280.0,1446.4,2026-08-12,51,640.0,Direct,Friday,2026-10,fbg_data.csv,cloudbeds
5261547491706,2026-08-12,2026-08-14,2,Great Lodge: King Room,,450.0,508.5,2026-08-12,0,225.0,Direct,Wednesday,2026-08,fbg_data.csv,cloudbeds
2544356044142,2026-08-16,2026-08-18,2,Monolith,,828.0,935.64,2026-08-13,3,414.0,Direct,Sunday,2026-08,fbg_data.csv,cloudbeds
5561211303661,2026-08-14,2026-08-15,1,Winecup,,504.0,569.52,2026-08-13,1,504.0,Direct,Friday,2026-08,fbg_data.csv,cloudbeds
4403292326537,2026-08-13,2026-08-14,1,Great Lodge: King Room,,204.0,230.52,2026-08-13,0,204.0,Direct,Thursday,2026-08,fbg_data.csv,cloudbeds
2725546545896,2026-09-09,2026-09-11,2,Walnut House,,642.4,0.0,2026-08-13,27,321.2,Expedia,Wednesday,2026-09,fbg_data.csv,cloudbeds
5474721561725,2026-09-25,2026-09-27,2,Quonset,,1278.0,1709.95,2026-08-13,43,639.0,Direct,Friday,2026-09,fbg_data.csv,cloudbeds
3721144427702,2026-10-16,2026-10-18,2,Lantana Dome,,1831.8,2069.92,2026-08-13,64,915.9,Direct,Friday,2026-10,fbg_data.csv,cloudbeds
4664743840754,2026-09-21,2026-09-22,1,Diamond,,349.03,0.0,2026-08-13,39,349.03,Booking.com,Monday,2026-09,fbg_data.csv,cloudbeds
6926473588101,2026-08-21,2026-08-23,2,Great Lodge: King Room,,605.0,683.65,2026-08-13,8,302.5,Direct,Friday,2026-08,fbg_data.csv,cloudbeds
3932163786569,2026-09-27,2026-09-30,3,Spyglass,,1127.4,1273.97,2026-08-13,45,375.8,Direct,Sunday,2026-09,fbg_data.csv,cloudbeds
5705857471772,2026-08-21,2026-08-23,2,Great Lodge: King Room,,605.0,683.65,2026-08-13,8,302.5,Direct,Friday,2026-08,fbg_data.csv,cloudbeds
4896524007865,2026-08-13,2026-08-14,1,Great Lodge: King Room,,158.13,0.0,2026-08-13,0,158.13,Expedia,Thursday,2026-08,fbg_data.csv,cloudbeds
5266216425702,2026-11-19,2026-11-21,2,Cocoon,,1026.0,1159.38,2026-08-13,98,513.0,Direct,Thursday,2026-11,fbg_data.csv,cloudbeds
6852207948521,2026-09-15,2026-09-16,1,Post Oak,,302.9,342.27,2026-08-13,33,302.9,Direct,Tuesday,2026-09,fbg_data.csv,cloudbeds
2246523305486,2026-10-27,2026-10-29,2,Diamond,,879.6,993.96,2026-08-14,74,439.8,Direct,Tuesday,2026-10,fbg_data.csv,cloudbeds
